TRADE,22/01/2010 01:00:00,1.67450,22/01/2010 10:00:00,1.66310,@BP,-1,1,712.50,0.0012,793.7500,-456.2500,
TRADE,29/01/2010 01:00:00,1.66500,29/01/2010 10:00:00,1.65810,@BP,-1,1,431.25,0.0021,506.2500,-393.7500,
TRADE,05/02/2010 01:00:00,1.62600,05/02/2010 10:00:00,1.61720,@BP,-1,1,550.00,0.0023,687.5000,-137.5000,
TRADE,12/02/2010 01:00:00,1.62330,12/02/2010 10:00:00,1.61790,@BP,-1,1,337.50,0.0014,737.5000,-287.5000,
TRADE,19/02/2010 01:00:00,1.59500,19/02/2010 10:00:00,1.59540,@BP,-1,1,-25.00,0.0030,468.7500,-93.7500,
TRADE,26/02/2010 01:00:00,1.58190,26/02/2010 10:00:00,1.57080,@BP,-1,1,693.75,0.0019,743.7500,-243.7500,
TRADE,05/03/2010 01:00:00,1.55760,05/03/2010 10:00:00,1.55660,@BP,-1,1,62.50,0.0006,281.2500,-118.7500,
TRADE,12/03/2010 01:00:00,1.55910,12/03/2010 04:00:00,1.56790,@BP,-1,1,-550.00,0.0008,206.2500,-525.0000,
TRADE,26/03/2010 01:00:00,1.54170,26/03/2010 10:00:00,1.53970,@BP,-1,1,125.00,0.0015,450.0000,-62.5000,
TRADE,02/04/2010 01:00:00,1.57940,02/04/2010 10:00:00,1.57330,@BP,-1,1,381.25,0.0009,481.2500,-143.7500,
TRADE,09/04/2010 01:00:00,1.58060,09/04/2010 03:00:00,1.58940,@BP,-1,1,-550.00,0.0012,12.5000,-475.0000,
TRADE,16/04/2010 01:00:00,1.59680,16/04/2010 10:00:00,1.59570,@BP,-1,1,68.75,0.0012,406.2500,-275.0000,
TRADE,30/04/2010 01:00:00,1.58710,30/04/2010 10:00:00,1.58130,@BP,-1,1,362.50,0.0022,412.5000,-368.7500,
TRADE,07/05/2010 01:00:00,1.52990,07/05/2010 05:00:00,1.51230,@BP,-1,1,1100.00,0.0188,1012.5000,-37.5000,
TRADE,14/05/2010 01:00:00,1.51620,14/05/2010 10:00:00,1.51150,@BP,-1,1,293.75,0.0018,787.5000,-100.0000,
TRADE,21/05/2010 01:00:00,1.49530,21/05/2010 10:00:00,1.49580,@BP,-1,1,-31.25,0.0074,593.7500,-400.0000,
TRADE,28/05/2010 01:00:00,1.50870,28/05/2010 10:00:00,1.50700,@BP,-1,1,106.25,0.0020,343.7500,-418.7500,
TRADE,04/06/2010 01:00:00,1.51750,04/06/2010 10:00:00,1.51040,@BP,-1,1,443.75,0.0014,587.5000,-300.0000,
TRADE,11/06/2010 01:00:00,1.52530,11/06/2010 09:00:00,1.50770,@BP,-1,1,1100.00,0.0017,987.5000,-312.5000,
TRADE,18/06/2010 01:00:00,1.53690,18/06/2010 10:00:00,1.53470,@BP,-1,1,137.50,0.0024,250.0000,-375.0000,
TRADE,25/06/2010 01:00:00,1.54850,25/06/2010 10:00:00,1.54800,@BP,-1,1,31.25,0.0022,568.7500,-181.2500,
TRADE,02/07/2010 01:00:00,1.57140,02/07/2010 10:00:00,1.57300,@BP,-1,1,-100.00,0.0009,162.5000,-337.5000,
TRADE,09/07/2010 01:00:00,1.56890,09/07/2010 10:00:00,1.56480,@BP,-1,1,256.25,0.0014,468.7500,-331.2500,
TRADE,16/07/2010 01:00:00,1.59540,16/07/2010 10:00:00,1.58950,@BP,-1,1,368.75,0.0020,418.7500,-187.5000,
TRADE,23/07/2010 01:00:00,1.58220,23/07/2010 04:00:00,1.59100,@BP,-1,1,-550.00,0.0007,175.0000,-450.0000,
TRADE,30/07/2010 01:00:00,1.61660,30/07/2010 10:00:00,1.61480,@BP,-1,1,112.50,0.0024,493.7500,-175.0000,
TRADE,06/08/2010 01:00:00,1.64150,06/08/2010 09:00:00,1.65030,@BP,-1,1,-550.00,0.0009,256.2500,-512.5000,
TRADE,13/08/2010 01:00:00,1.61570,13/08/2010 10:00:00,1.61460,@BP,-1,1,68.75,0.0015,293.7500,-387.5000,
TRADE,20/08/2010 01:00:00,1.61100,20/08/2010 10:00:00,1.60420,@BP,-1,1,425.00,0.0017,693.7500,-100.0000,
TRADE,27/08/2010 01:00:00,1.60610,27/08/2010 10:00:00,1.60180,@BP,-1,1,268.75,0.0005,350.0000,-156.2500,
TRADE,03/09/2010 01:00:00,1.59550,03/09/2010 10:00:00,1.59710,@BP,-1,1,-100.00,0.0013,162.5000,-331.2500,
TRADE,10/09/2010 01:00:00,1.59620,10/09/2010 10:00:00,1.59440,@BP,-1,1,112.50,0.0022,318.7500,-331.2500,
TRADE,17/09/2010 01:00:00,1.62230,17/09/2010 10:00:00,1.62110,@BP,-1,1,75.00,0.0044,375.0000,-337.5000,
TRADE,24/09/2010 01:00:00,1.62240,24/09/2010 08:00:00,1.63120,@BP,-1,1,-550.00,0.0030,218.7500,-481.2500,
TRADE,01/10/2010 01:00:00,1.62960,01/10/2010 05:00:00,1.63840,@BP,-1,1,-550.00,0.0022,268.7500,-462.5000,
TRADE,08/10/2010 01:00:00,1.64440,08/10/2010 10:00:00,1.64940,@BP,-1,1,-312.50,0.0018,443.7500,-318.7500,
TRADE,15/10/2010 01:00:00,1.65650,15/10/2010 08:00:00,1.66530,@BP,-1,1,-550.00,0.0028,62.5000,-531.2500,
TRADE,22/10/2010 01:00:00,1.62790,22/10/2010 10:00:00,1.62340,@BP,-1,1,281.25,0.0028,468.7500,-143.7500,
TRADE,29/10/2010 01:00:00,1.64870,29/10/2010 10:00:00,1.65250,@BP,-1,1,-237.50,0.0016,368.7500,-356.2500,
TRADE,05/11/2010 01:00:00,1.68120,05/11/2010 10:00:00,1.67960,@BP,-1,1,100.00,0.0007,587.5000,-31.2500,
TRADE,12/11/2010 01:00:00,1.66120,12/11/2010 09:00:00,1.67000,@BP,-1,1,-550.00,0.0033,456.2500,-531.2500,
TRADE,19/11/2010 01:00:00,1.65910,19/11/2010 10:00:00,1.65030,@BP,-1,1,550.00,0.0020,587.5000,-368.7500,
TRADE,26/11/2010 01:00:00,1.62840,26/11/2010 10:00:00,1.61870,@BP,-1,1,606.25,0.0026,750.0000,-87.5000,
TRADE,03/12/2010 01:00:00,1.61760,03/12/2010 10:00:00,1.62400,@BP,-1,1,-400.00,0.0028,106.2500,-537.5000,
TRADE,10/12/2010 01:00:00,1.63500,10/12/2010 10:00:00,1.63550,@BP,-1,1,-31.25,0.0010,18.7500,-518.7500,
TRADE,17/12/2010 01:00:00,1.61890,17/12/2010 10:00:00,1.60900,@BP,-1,1,618.75,0.0025,681.2500,-162.5000,
TRADE,31/12/2010 01:00:00,1.60130,31/12/2010 05:00:00,1.61010,@BP,-1,1,-550.00,0.0009,18.7500,-531.2500,
TRADE,07/01/2011 01:00:00,1.60110,07/01/2011 09:00:00,1.60990,@BP,-1,1,-550.00,0.0010,212.5000,-543.7500,
TRADE,21/01/2011 01:00:00,1.64750,21/01/2011 08:00:00,1.65630,@BP,-1,1,-550.00,0.0021,212.5000,-481.2500,
TRADE,04/02/2011 01:00:00,1.67120,04/02/2011 10:00:00,1.66330,@BP,-1,1,493.75,0.0015,512.5000,-231.2500,
TRADE,11/02/2011 01:00:00,1.66300,11/02/2011 10:00:00,1.65730,@BP,-1,1,356.25,0.0013,568.7500,-106.2500,
TRADE,18/02/2011 01:00:00,1.67530,18/02/2011 10:00:00,1.68080,@BP,-1,1,-343.75,0.0006,168.7500,-450.0000,
TRADE,25/02/2011 01:00:00,1.67270,25/02/2011 10:00:00,1.66190,@BP,-1,1,675.00,0.0015,681.2500,-56.2500,
TRADE,04/03/2011 01:00:00,1.68630,04/03/2011 10:00:00,1.68750,@BP,-1,1,-75.00,0.0008,393.7500,-293.7500,
TRADE,11/03/2011 01:00:00,1.66430,11/03/2011 10:00:00,1.66060,@BP,-1,1,231.25,0.0014,543.7500,-18.7500,
TRADE,18/03/2011 01:00:00,1.67390,18/03/2011 10:00:00,1.67570,@BP,-1,1,-112.50,0.0022,618.7500,-200.0000,
TRADE,25/03/2011 01:00:00,1.67010,25/03/2011 10:00:00,1.66570,@BP,-1,1,275.00,0.0006,368.7500,-143.7500,
TRADE,01/04/2011 01:00:00,1.66270,01/04/2011 10:00:00,1.65590,@BP,-1,1,425.00,0.0014,475.0000,-237.5000,
TRADE,08/04/2011 01:00:00,1.69640,08/04/2011 10:00:00,1.69730,@BP,-1,1,-56.25,0.0019,218.7500,-293.7500,
TRADE,15/04/2011 01:00:00,1.69230,15/04/2011 10:00:00,1.69210,@BP,-1,1,12.50,0.0013,125.0000,-212.5000,
TRADE,29/04/2011 01:00:00,1.72450,29/04/2011 10:00:00,1.72180,@BP,-1,1,168.75,0.0011,175.0000,-212.5000,
TRADE,06/05/2011 01:00:00,1.69780,06/05/2011 10:00:00,1.70230,@BP,-1,1,-281.25,0.0010,212.5000,-468.7500,
TRADE,13/05/2011 01:00:00,1.68450,13/05/2011 10:00:00,1.68280,@BP,-1,1,106.25,0.0013,150.0000,-337.5000,
TRADE,20/05/2011 01:00:00,1.68270,20/05/2011 10:00:00,1.67840,@BP,-1,1,268.75,0.0011,300.0000,-262.5000,
TRADE,27/05/2011 01:00:00,1.70390,27/05/2011 10:00:00,1.70170,@BP,-1,1,137.50,0.0008,256.2500,-137.5000,
TRADE,03/06/2011 01:00:00,1.69390,03/06/2011 10:00:00,1.69330,@BP,-1,1,37.50,0.0009,381.2500,-100.0000,
TRADE,10/06/2011 01:00:00,1.69080,10/06/2011 10:00:00,1.68320,@BP,-1,1,475.00,0.0040,637.5000,-100.0000,
TRADE,17/06/2011 01:00:00,1.67120,17/06/2011 10:00:00,1.67870,@BP,-1,1,-468.75,0.0025,118.7500,-487.5000,
TRADE,24/06/2011 01:00:00,1.66130,24/06/2011 10:00:00,1.66130,@BP,-1,1,0.00,0.0016,375.0000,-218.7500,
TRADE,01/07/2011 01:00:00,1.66610,01/07/2011 10:00:00,1.66260,@BP,-1,1,218.75,0.0024,443.7500,-237.5000,
TRADE,08/07/2011 01:00:00,1.65500,08/07/2011 08:00:00,1.66380,@BP,-1,1,-550.00,0.0008,93.7500,-393.7500,
TRADE,15/07/2011 01:00:00,1.67620,15/07/2011 10:00:00,1.67160,@BP,-1,1,287.50,0.0012,500.0000,-50.0000,
TRADE,22/07/2011 01:00:00,1.69140,22/07/2011 10:00:00,1.68860,@BP,-1,1,175.00,0.0011,268.7500,-131.2500,
TRADE,29/07/2011 01:00:00,1.69580,29/07/2011 10:00:00,1.70270,@BP,-1,1,-431.25,0.0011,556.2500,-443.7500,
TRADE,05/08/2011 01:00:00,1.68730,05/08/2011 09:00:00,1.69610,@BP,-1,1,-550.00,0.0023,100.0000,-468.7500,
TRADE,12/08/2011 01:00:00,1.68080,12/08/2011 05:00:00,1.68960,@BP,-1,1,-550.00,0.0016,187.5000,-512.5000,
TRADE,19/08/2011 01:00:00,1.70950,19/08/2011 08:00:00,1.71830,@BP,-1,1,-550.00,0.0014,231.2500,-500.0000,
TRADE,26/08/2011 01:00:00,1.69250,26/08/2011 10:00:00,1.69110,@BP,-1,1,87.50,0.0009,375.0000,-193.7500,
TRADE,02/09/2011 01:00:00,1.68120,02/09/2011 10:00:00,1.68290,@BP,-1,1,-106.25,0.0016,156.2500,-362.5000,
TRADE,09/09/2011 01:00:00,1.65910,09/09/2011 10:00:00,1.65110,@BP,-1,1,500.00,0.0011,575.0000,-87.5000,
TRADE,16/09/2011 01:00:00,1.64120,16/09/2011 10:00:00,1.64230,@BP,-1,1,-68.75,0.0009,362.5000,-168.7500,
TRADE,23/09/2011 01:00:00,1.60090,23/09/2011 10:00:00,1.60750,@BP,-1,1,-412.50,0.0021,131.2500,-531.2500,
TRADE,30/09/2011 01:00:00,1.62170,30/09/2011 10:00:00,1.61740,@BP,-1,1,268.75,0.0019,443.7500,-162.5000,
TRADE,07/10/2011 01:00:00,1.60720,07/10/2011 03:00:00,1.61600,@BP,-1,1,-550.00,0.0017,150.0000,-518.7500,
TRADE,14/10/2011 01:00:00,1.63670,14/10/2011 09:00:00,1.64550,@BP,-1,1,-550.00,0.0016,68.7500,-387.5000,
TRADE,21/10/2011 01:00:00,1.64120,21/10/2011 07:00:00,1.65000,@BP,-1,1,-550.00,0.0010,262.5000,-525.0000,
TRADE,28/10/2011 01:00:00,1.66970,28/10/2011 10:00:00,1.67200,@BP,-1,1,-143.75,0.0012,62.5000,-281.2500,
TRADE,04/11/2011 01:00:00,1.66350,04/11/2011 10:00:00,1.66220,@BP,-1,1,81.25,0.0014,231.2500,-175.0000,
TRADE,11/11/2011 01:00:00,1.65500,11/11/2011 10:00:00,1.66050,@BP,-1,1,-343.75,0.0014,218.7500,-443.7500,
TRADE,18/11/2011 01:00:00,1.63820,18/11/2011 04:00:00,1.64700,@BP,-1,1,-550.00,0.0026,37.5000,-512.5000,
TRADE,25/11/2011 01:00:00,1.60760,25/11/2011 10:00:00,1.61140,@BP,-1,1,-237.50,0.0009,193.7500,-312.5000,
TRADE,02/12/2011 01:00:00,1.63010,02/12/2011 10:00:00,1.62930,@BP,-1,1,50.00,0.0006,150.0000,-318.7500,
TRADE,09/12/2011 01:00:00,1.62340,09/12/2011 06:00:00,1.63220,@BP,-1,1,-550.00,0.0014,156.2500,-418.7500,
TRADE,16/12/2011 01:00:00,1.61690,16/12/2011 10:00:00,1.61500,@BP,-1,1,118.75,0.0011,218.7500,-187.5000,
TRADE,23/12/2011 01:00:00,1.63230,23/12/2011 10:00:00,1.63070,@BP,-1,1,100.00,0.0006,206.2500,-168.7500,
TRADE,30/12/2011 01:00:00,1.60590,30/12/2011 08:00:00,1.61470,@BP,-1,1,-550.00,0.0008,75.0000,-531.2500,
TRADE,06/01/2012 01:00:00,1.61250,06/01/2012 10:00:00,1.60560,@BP,-1,1,431.25,0.0018,468.7500,-275.0000,
TRADE,13/01/2012 01:00:00,1.59970,13/01/2012 10:00:00,1.59370,@BP,-1,1,375.00,0.0010,406.2500,-356.2500,
TRADE,20/01/2012 01:00:00,1.61340,20/01/2012 10:00:00,1.61690,@BP,-1,1,-218.75,0.0008,231.2500,-318.7500,
TRADE,27/01/2012 01:00:00,1.63190,27/01/2012 10:00:00,1.63600,@BP,-1,1,-256.25,0.0009,6.2500,-362.5000,
TRADE,03/02/2012 01:00:00,1.64670,03/02/2012 10:00:00,1.64350,@BP,-1,1,200.00,0.0014,425.0000,-262.5000,
TRADE,10/02/2012 01:00:00,1.64390,10/02/2012 10:00:00,1.64080,@BP,-1,1,193.75,0.0015,243.7500,-375.0000,
TRADE,17/02/2012 01:00:00,1.64550,17/02/2012 10:00:00,1.64660,@BP,-1,1,-68.75,0.0005,93.7500,-368.7500,
TRADE,24/02/2012 01:00:00,1.63880,24/02/2012 08:00:00,1.64760,@BP,-1,1,-550.00,0.0012,100.0000,-543.7500,
TRADE,02/03/2012 01:00:00,1.65940,02/03/2012 10:00:00,1.64990,@BP,-1,1,593.75,0.0008,631.2500,-31.2500,
TRADE,09/03/2012 01:00:00,1.64670,09/03/2012 10:00:00,1.63580,@BP,-1,1,681.25,0.0016,700.0000,-50.0000,
TRADE,23/03/2012 01:00:00,1.64730,23/03/2012 05:00:00,1.65610,@BP,-1,1,-550.00,0.0006,68.7500,-418.7500,
TRADE,30/03/2012 01:00:00,1.66410,30/03/2012 10:00:00,1.66380,@BP,-1,1,18.75,0.0019,125.0000,-331.2500,
TRADE,13/04/2012 01:00:00,1.66020,13/04/2012 10:00:00,1.65760,@BP,-1,1,162.50,0.0009,225.0000,-137.5000,
TRADE,20/04/2012 01:00:00,1.67190,20/04/2012 10:00:00,1.67740,@BP,-1,1,-343.75,0.0009,25.0000,-387.5000,
TRADE,27/04/2012 01:00:00,1.68320,27/04/2012 10:00:00,1.69020,@BP,-1,1,-437.50,0.0020,118.7500,-537.5000,
TRADE,04/05/2012 01:00:00,1.68440,04/05/2012 10:00:00,1.68480,@BP,-1,1,-25.00,0.0006,187.5000,-112.5000,
TRADE,11/05/2012 01:00:00,1.67810,11/05/2012 10:00:00,1.67510,@BP,-1,1,187.50,0.0011,375.0000,-56.2500,
TRADE,18/05/2012 01:00:00,1.64140,18/05/2012 10:00:00,1.64820,@BP,-1,1,-425.00,0.0017,125.0000,-531.2500,
TRADE,25/05/2012 01:00:00,1.63140,25/05/2012 10:00:00,1.63440,@BP,-1,1,-187.50,0.0008,31.2500,-300.0000,
TRADE,01/06/2012 01:00:00,1.60320,01/06/2012 10:00:00,1.60610,@BP,-1,1,-181.25,0.0013,631.2500,-443.7500,
TRADE,08/06/2012 01:00:00,1.61530,08/06/2012 10:00:00,1.60820,@BP,-1,1,443.75,0.0006,531.2500,0.0000,
TRADE,15/06/2012 01:00:00,1.62340,15/06/2012 09:00:00,1.63220,@BP,-1,1,-550.00,0.0017,418.7500,-512.5000,
TRADE,22/06/2012 01:00:00,1.63040,22/06/2012 10:00:00,1.62950,@BP,-1,1,56.25,0.0009,237.5000,-143.7500,
TRADE,29/06/2012 01:00:00,1.63010,29/06/2012 08:00:00,1.63890,@BP,-1,1,-550.00,0.0017,206.2500,-456.2500,
TRADE,13/07/2012 01:00:00,1.61290,13/07/2012 09:00:00,1.62170,@BP,-1,1,-550.00,0.0007,131.2500,-500.0000,
TRADE,20/07/2012 01:00:00,1.64020,20/07/2012 10:00:00,1.63350,@BP,-1,1,418.75,0.0005,525.0000,-56.2500,
TRADE,27/07/2012 01:00:00,1.63750,27/07/2012 10:00:00,1.64410,@BP,-1,1,-412.50,0.0005,50.0000,-425.0000,
TRADE,03/08/2012 01:00:00,1.62100,03/08/2012 10:00:00,1.62800,@BP,-1,1,-437.50,0.0007,31.2500,-543.7500,
TRADE,10/08/2012 01:00:00,1.63190,10/08/2012 10:00:00,1.63050,@BP,-1,1,87.50,0.0006,293.7500,-12.5000,
TRADE,17/08/2012 01:00:00,1.63990,17/08/2012 10:00:00,1.64090,@BP,-1,1,-62.50,0.0028,100.0000,-168.7500,
TRADE,24/08/2012 01:00:00,1.65550,24/08/2012 10:00:00,1.65130,@BP,-1,1,262.50,0.0007,287.5000,-75.0000,
TRADE,07/09/2012 01:00:00,1.66300,07/09/2012 10:00:00,1.66930,@BP,-1,1,-393.75,0.0007,68.7500,-412.5000,
TRADE,14/09/2012 01:00:00,1.68930,14/09/2012 10:00:00,1.69160,@BP,-1,1,-143.75,0.0018,87.5000,-325.0000,
TRADE,21/09/2012 01:00:00,1.69480,21/09/2012 10:00:00,1.69880,@BP,-1,1,-250.00,0.0020,156.2500,-343.7500,
TRADE,28/09/2012 01:00:00,1.69550,28/09/2012 10:00:00,1.68400,@BP,-1,1,718.75,0.0012,743.7500,-81.2500,
TRADE,05/10/2012 01:00:00,1.68880,05/10/2012 10:00:00,1.68970,@BP,-1,1,-56.25,0.0003,125.0000,-150.0000,
TRADE,12/10/2012 01:00:00,1.67210,12/10/2012 10:00:00,1.67760,@BP,-1,1,-343.75,0.0004,50.0000,-443.7500,
TRADE,26/10/2012 01:00:00,1.68070,26/10/2012 10:00:00,1.68070,@BP,-1,1,0.00,0.0013,112.5000,-112.5000,
TRADE,02/11/2012 01:00:00,1.68080,02/11/2012 10:00:00,1.67390,@BP,-1,1,431.25,0.0008,537.5000,-18.7500,
TRADE,09/11/2012 01:00:00,1.66980,09/11/2012 10:00:00,1.66210,@BP,-1,1,481.25,0.0020,606.2500,-50.0000,
TRADE,16/11/2012 01:00:00,1.65560,16/11/2012 10:00:00,1.65660,@BP,-1,1,-62.50,0.0005,75.0000,-218.7500,
TRADE,23/11/2012 01:00:00,1.66480,23/11/2012 10:00:00,1.66810,@BP,-1,1,-206.25,0.0006,143.7500,-237.5000,
TRADE,30/11/2012 01:00:00,1.67430,30/11/2012 10:00:00,1.66960,@BP,-1,1,293.75,0.0005,350.0000,-106.2500,
TRADE,07/12/2012 01:00:00,1.67520,07/12/2012 10:00:00,1.67060,@BP,-1,1,287.50,0.0004,318.7500,-50.0000,
TRADE,14/12/2012 01:00:00,1.68280,14/12/2012 10:00:00,1.68180,@BP,-1,1,62.50,0.0014,112.5000,-93.7500,
TRADE,21/12/2012 01:00:00,1.69480,21/12/2012 10:00:00,1.69040,@BP,-1,1,275.00,0.0004,325.0000,-75.0000,
TRADE,04/01/2013 01:00:00,1.67770,04/01/2013 10:00:00,1.67590,@BP,-1,1,112.50,0.0008,431.2500,0.0000,
TRADE,11/01/2013 01:00:00,1.68450,11/01/2013 10:00:00,1.68100,@BP,-1,1,218.75,0.0004,281.2500,-150.0000,
TRADE,18/01/2013 01:00:00,1.66850,18/01/2013 10:00:00,1.66050,@BP,-1,1,500.00,0.0005,543.7500,-62.5000,
TRADE,25/01/2013 01:00:00,1.64670,25/01/2013 10:00:00,1.65180,@BP,-1,1,-318.75,0.0009,143.7500,-368.7500,
TRADE,01/02/2013 01:00:00,1.65680,01/02/2013 10:00:00,1.64680,@BP,-1,1,625.00,0.0010,662.5000,-56.2500,
TRADE,08/02/2013 01:00:00,1.64280,08/02/2013 08:00:00,1.65160,@BP,-1,1,-550.00,0.0013,81.2500,-475.0000,
TRADE,15/02/2013 01:00:00,1.62100,15/02/2013 10:00:00,1.62070,@BP,-1,1,18.75,0.0009,300.0000,-256.2500,
TRADE,22/02/2013 01:00:00,1.59890,22/02/2013 10:00:00,1.59690,@BP,-1,1,125.00,0.0013,243.7500,-175.0000,
TRADE,01/03/2013 01:00:00,1.58830,01/03/2013 09:00:00,1.57070,@BP,-1,1,1100.00,0.0016,1093.7500,-31.2500,
TRADE,08/03/2013 01:00:00,1.56840,08/03/2013 10:00:00,1.56390,@BP,-1,1,281.25,0.0016,606.2500,-406.2500,
TRADE,15/03/2013 01:00:00,1.57900,15/03/2013 08:00:00,1.58780,@BP,-1,1,-550.00,0.0013,125.0000,-512.5000,
TRADE,05/04/2013 01:00:00,1.59320,05/04/2013 08:00:00,1.60200,@BP,-1,1,-550.00,0.0017,175.0000,-131.2500,
TRADE,12/04/2013 01:00:00,1.60990,12/04/2013 10:00:00,1.60670,@BP,-1,1,200.00,0.0011,318.7500,-18.7500,
TRADE,19/04/2013 01:00:00,1.59990,19/04/2013 10:00:00,1.60170,@BP,-1,1,-112.50,0.0005,31.2500,-468.7500,
TRADE,26/04/2013 01:00:00,1.61620,26/04/2013 10:00:00,1.61900,@BP,-1,1,-175.00,0.0014,237.5000,-268.7500,
TRADE,03/05/2013 01:00:00,1.62310,03/05/2013 10:00:00,1.62720,@BP,-1,1,-256.25,0.0005,287.5000,-375.0000,
TRADE,10/05/2013 01:00:00,1.61510,10/05/2013 10:00:00,1.60960,@BP,-1,1,343.75,0.0006,431.2500,-50.0000,
TRADE,17/05/2013 01:00:00,1.59560,17/05/2013 10:00:00,1.58910,@BP,-1,1,406.25,0.0013,550.0000,-87.5000,
TRADE,24/05/2013 01:00:00,1.58090,24/05/2013 10:00:00,1.58300,@BP,-1,1,-131.25,0.0037,181.2500,-218.7500,
TRADE,31/05/2013 01:00:00,1.59270,31/05/2013 10:00:00,1.58770,@BP,-1,1,312.50,0.0008,325.0000,-137.5000,
TRADE,07/06/2013 01:00:00,1.63140,07/06/2013 10:00:00,1.62050,@BP,-1,1,681.25,0.0025,731.2500,-25.0000,
TRADE,14/06/2013 01:00:00,1.64050,14/06/2013 10:00:00,1.63800,@BP,-1,1,156.25,0.0010,506.2500,-100.0000,
TRADE,21/06/2013 01:00:00,1.62070,21/06/2013 10:00:00,1.61320,@BP,-1,1,468.75,0.0017,518.7500,-200.0000,
TRADE,28/06/2013 01:00:00,1.59750,28/06/2013 10:00:00,1.59230,@BP,-1,1,325.00,0.0009,368.7500,-75.0000,
TRADE,05/07/2013 01:00:00,1.57530,05/07/2013 08:00:00,1.55770,@BP,-1,1,1100.00,0.0009,731.2500,-43.7500,
TRADE,12/07/2013 01:00:00,1.58830,12/07/2013 10:00:00,1.58190,@BP,-1,1,400.00,0.0006,612.5000,-18.7500,
TRADE,19/07/2013 01:00:00,1.59440,19/07/2013 10:00:00,1.59670,@BP,-1,1,-143.75,0.0008,118.7500,-300.0000,
TRADE,26/07/2013 01:00:00,1.61000,26/07/2013 10:00:00,1.61050,@BP,-1,1,-31.25,0.0009,87.5000,-175.0000,
TRADE,02/08/2013 01:00:00,1.58290,02/08/2013 08:00:00,1.59170,@BP,-1,1,-550.00,0.0017,68.7500,-375.0000,
TRADE,09/08/2013 01:00:00,1.62550,09/08/2013 10:00:00,1.62310,@BP,-1,1,150.00,0.0007,287.5000,-93.7500,
TRADE,16/08/2013 01:00:00,1.63390,16/08/2013 10:00:00,1.63510,@BP,-1,1,-75.00,0.0008,50.0000,-200.0000,
TRADE,23/08/2013 01:00:00,1.62950,23/08/2013 10:00:00,1.62590,@BP,-1,1,225.00,0.0005,262.5000,-481.2500,
TRADE,30/08/2013 01:00:00,1.62270,30/08/2013 10:00:00,1.61900,@BP,-1,1,231.25,0.0008,237.5000,-100.0000,
TRADE,06/09/2013 01:00:00,1.63210,06/09/2013 10:00:00,1.63520,@BP,-1,1,-193.75,0.0012,256.2500,-481.2500,
TRADE,13/09/2013 01:00:00,1.64990,13/09/2013 10:00:00,1.65620,@BP,-1,1,-393.75,0.0006,81.2500,-518.7500,
TRADE,27/09/2013 01:00:00,1.67630,27/09/2013 10:00:00,1.68300,@BP,-1,1,-418.75,0.0011,12.5000,-525.0000,
TRADE,04/10/2013 01:00:00,1.68840,04/10/2013 10:00:00,1.67660,@BP,-1,1,737.50,0.0010,875.0000,-6.2500,
TRADE,11/10/2013 01:00:00,1.66920,11/10/2013 10:00:00,1.66670,@BP,-1,1,156.25,0.0008,212.5000,-137.5000,
TRADE,18/10/2013 01:00:00,1.68600,18/10/2013 10:00:00,1.68920,@BP,-1,1,-200.00,0.0004,6.2500,-487.5000,
TRADE,25/10/2013 01:00:00,1.69450,25/10/2013 10:00:00,1.68980,@BP,-1,1,293.75,0.0033,406.2500,-56.2500,
TRADE,01/11/2013 01:00:00,1.67460,01/11/2013 10:00:00,1.66710,@BP,-1,1,468.75,0.0005,500.0000,-50.0000,
TRADE,08/11/2013 01:00:00,1.68100,08/11/2013 10:00:00,1.67100,@BP,-1,1,625.00,0.0007,775.0000,-75.0000,
TRADE,15/11/2013 01:00:00,1.67840,15/11/2013 10:00:00,1.68380,@BP,-1,1,-337.50,0.0007,137.5000,-425.0000,
TRADE,22/11/2013 01:00:00,1.69140,22/11/2013 10:00:00,1.69270,@BP,-1,1,-81.25,0.0017,56.2500,-125.0000,
TRADE,29/11/2013 01:00:00,1.70750,29/11/2013 10:00:00,1.70470,@BP,-1,1,175.00,0.0017,268.7500,-18.7500,
TRADE,06/12/2013 01:00:00,1.70430,06/12/2013 10:00:00,1.70760,@BP,-1,1,-206.25,0.0012,193.7500,-443.7500,
TRADE,13/12/2013 01:00:00,1.70570,13/12/2013 10:00:00,1.69840,@BP,-1,1,456.25,0.0009,493.7500,-50.0000,
TRADE,20/12/2013 01:00:00,1.70780,20/12/2013 10:00:00,1.70730,@BP,-1,1,31.25,0.0010,293.7500,-68.7500,
TRADE,03/01/2014 01:00:00,1.71540,03/01/2014 10:00:00,1.71310,@BP,-1,1,143.75,0.0015,256.2500,-237.5000,
TRADE,10/01/2014 01:00:00,1.71970,10/01/2014 10:00:00,1.72190,@BP,-1,1,-137.50,0.0005,631.2500,-193.7500,
TRADE,17/01/2014 01:00:00,1.70530,17/01/2014 04:00:00,1.71410,@BP,-1,1,-550.00,0.0004,162.5000,-112.5000,
TRADE,24/01/2014 01:00:00,1.73530,24/01/2014 10:00:00,1.72180,@BP,-1,1,843.75,0.0007,912.5000,-218.7500,
TRADE,31/01/2014 01:00:00,1.72030,31/01/2014 10:00:00,1.71870,@BP,-1,1,100.00,0.0014,262.5000,-25.0000,
TRADE,14/02/2014 01:00:00,1.73720,14/02/2014 10:00:00,1.74380,@BP,-1,1,-412.50,0.0009,31.2500,-468.7500,
TRADE,21/02/2014 01:00:00,1.73660,21/02/2014 10:00:00,1.74240,@BP,-1,1,-362.50,0.0012,200.0000,-393.7500,
TRADE,28/02/2014 01:00:00,1.74060,28/02/2014 10:00:00,1.74270,@BP,-1,1,-131.25,0.0008,0.0000,-543.7500,
TRADE,07/03/2014 01:00:00,1.74680,07/03/2014 10:00:00,1.74630,@BP,-1,1,31.25,0.0007,137.5000,-262.5000,
TRADE,14/03/2014 01:00:00,1.73430,14/03/2014 10:00:00,1.73320,@BP,-1,1,68.75,0.0009,206.2500,-56.2500,
TRADE,21/03/2014 01:00:00,1.72300,21/03/2014 10:00:00,1.72230,@BP,-1,1,43.75,0.0004,193.7500,-62.5000,
TRADE,28/03/2014 01:00:00,1.73450,28/03/2014 10:00:00,1.73480,@BP,-1,1,-18.75,0.0006,131.2500,-143.7500,
TRADE,11/04/2014 01:00:00,1.74960,11/04/2014 10:00:00,1.74570,@BP,-1,1,243.75,0.0005,325.0000,-106.2500,
TRADE,25/04/2014 01:00:00,1.75360,25/04/2014 10:00:00,1.75470,@BP,-1,1,-68.75,0.0005,118.7500,-162.5000,
TRADE,09/05/2014 01:00:00,1.76540,09/05/2014 10:00:00,1.75850,@BP,-1,1,431.25,0.0003,556.2500,-87.5000,
TRADE,16/05/2014 01:00:00,1.75210,16/05/2014 10:00:00,1.75610,@BP,-1,1,-250.00,0.0003,37.5000,-331.2500,
TRADE,23/05/2014 01:00:00,1.76040,23/05/2014 10:00:00,1.75670,@BP,-1,1,231.25,0.0007,268.7500,-18.7500,
TRADE,30/05/2014 01:00:00,1.74690,30/05/2014 10:00:00,1.74770,@BP,-1,1,-50.00,0.0006,62.5000,-156.2500,
TRADE,06/06/2014 01:00:00,1.75440,06/06/2014 10:00:00,1.75250,@BP,-1,1,118.75,0.0003,150.0000,-231.2500,
TRADE,13/06/2014 01:00:00,1.76960,13/06/2014 10:00:00,1.76870,@BP,-1,1,56.25,0.0014,100.0000,-181.2500,
TRADE,27/06/2014 01:00:00,1.77730,27/06/2014 10:00:00,1.77470,@BP,-1,1,162.50,0.0008,175.0000,-18.7500,
TRADE,04/07/2014 01:00:00,1.79060,04/07/2014 10:00:00,1.78870,@BP,-1,1,118.75,0.0011,237.5000,-62.5000,
TRADE,11/07/2014 01:00:00,1.78650,11/07/2014 10:00:00,1.78540,@BP,-1,1,68.75,0.0007,131.2500,-143.7500,
TRADE,18/07/2014 01:00:00,1.78420,18/07/2014 10:00:00,1.77950,@BP,-1,1,293.75,0.0011,425.0000,-87.5000,
TRADE,25/07/2014 01:00:00,1.77320,25/07/2014 10:00:00,1.77340,@BP,-1,1,-12.50,0.0006,200.0000,-31.2500,
TRADE,01/08/2014 01:00:00,1.76130,01/08/2014 10:00:00,1.75740,@BP,-1,1,243.75,0.0009,387.5000,-93.7500,
TRADE,08/08/2014 01:00:00,1.75550,08/08/2014 10:00:00,1.75340,@BP,-1,1,131.25,0.0010,168.7500,-100.0000,
TRADE,29/08/2014 01:00:00,1.73270,29/08/2014 10:00:00,1.73270,@BP,-1,1,0.00,0.0003,43.7500,-156.2500,
TRADE,05/09/2014 01:00:00,1.70570,05/09/2014 10:00:00,1.70730,@BP,-1,1,-100.00,0.0007,225.0000,-143.7500,
TRADE,12/09/2014 01:00:00,1.69820,12/09/2014 10:00:00,1.69670,@BP,-1,1,93.75,0.0012,200.0000,-168.7500,
TRADE,19/09/2014 01:00:00,1.72210,19/09/2014 10:00:00,1.70810,@BP,-1,1,875.00,0.0065,956.2500,-37.5000,
TRADE,26/09/2014 01:00:00,1.70540,26/09/2014 10:00:00,1.70140,@BP,-1,1,250.00,0.0009,300.0000,-150.0000,
TRADE,03/10/2014 01:00:00,1.68820,03/10/2014 10:00:00,1.67260,@BP,-1,1,975.00,0.0006,981.2500,-43.7500,
TRADE,10/10/2014 01:00:00,1.68700,10/10/2014 10:00:00,1.67810,@BP,-1,1,556.25,0.0008,618.7500,-68.7500,
TRADE,17/10/2014 01:00:00,1.68270,17/10/2014 10:00:00,1.68120,@BP,-1,1,93.75,0.0009,300.0000,-312.5000,
TRADE,24/10/2014 01:00:00,1.67980,24/10/2014 10:00:00,1.68340,@BP,-1,1,-225.00,0.0012,225.0000,-281.2500,
TRADE,31/10/2014 01:00:00,1.67380,31/10/2014 10:00:00,1.67150,@BP,-1,1,143.75,0.0023,275.0000,-162.5000,
TRADE,07/11/2014 01:00:00,1.65820,07/11/2014 10:00:00,1.65960,@BP,-1,1,-87.50,0.0011,237.5000,-206.2500,
TRADE,14/11/2014 01:00:00,1.64150,14/11/2014 10:00:00,1.63550,@BP,-1,1,375.00,0.0014,425.0000,-225.0000,
TRADE,21/11/2014 01:00:00,1.64440,21/11/2014 10:00:00,1.64050,@BP,-1,1,243.75,0.0016,387.5000,-43.7500,
TRADE,28/11/2014 01:00:00,1.64680,28/11/2014 10:00:00,1.64290,@BP,-1,1,243.75,0.0005,281.2500,-81.2500,
TRADE,05/12/2014 01:00:00,1.63830,05/12/2014 10:00:00,1.63380,@BP,-1,1,281.25,0.0016,350.0000,-431.2500,
TRADE,12/12/2014 01:00:00,1.64820,12/12/2014 10:00:00,1.64810,@BP,-1,1,6.25,0.0007,193.7500,-125.0000,
TRADE,19/12/2014 01:00:00,1.64110,19/12/2014 10:00:00,1.64040,@BP,-1,1,43.75,0.0006,231.2500,-181.2500,
TRADE,26/12/2014 01:00:00,1.63110,26/12/2014 10:00:00,1.63110,@BP,-1,1,0.00,0.0006,100.0000,-87.5000,
TRADE,02/01/2015 01:00:00,1.63040,02/01/2015 10:00:00,1.61550,@BP,-1,1,931.25,0.0007,987.5000,-31.2500,
TRADE,09/01/2015 01:00:00,1.58570,09/01/2015 10:00:00,1.58760,@BP,-1,1,-118.75,0.0010,56.2500,-487.5000,
TRADE,16/01/2015 01:00:00,1.59340,16/01/2015 10:00:00,1.59080,@BP,-1,1,162.50,0.0012,243.7500,-381.2500,
TRADE,23/01/2015 01:00:00,1.57600,23/01/2015 10:00:00,1.57660,@BP,-1,1,-37.50,0.0019,293.7500,-131.2500,
TRADE,30/01/2015 01:00:00,1.58430,30/01/2015 10:00:00,1.57910,@BP,-1,1,325.00,0.0011,356.2500,-118.7500,
TRADE,06/02/2015 01:00:00,1.61000,06/02/2015 10:00:00,1.60250,@BP,-1,1,468.75,0.0011,612.5000,-100.0000,
TRADE,13/02/2015 01:00:00,1.61800,13/02/2015 10:00:00,1.61660,@BP,-1,1,87.50,0.0009,281.2500,-6.2500,
TRADE,20/02/2015 01:00:00,1.61930,20/02/2015 10:00:00,1.61220,@BP,-1,1,443.75,0.0004,531.2500,-31.2500,
TRADE,27/02/2015 01:00:00,1.62120,27/02/2015 10:00:00,1.61790,@BP,-1,1,206.25,0.0011,393.7500,-43.7500,
TRADE,06/03/2015 01:00:00,1.60100,06/03/2015 09:00:00,1.58340,@BP,-1,1,1100.00,0.0006,1087.5000,-6.2500,
TRADE,13/03/2015 01:00:00,1.56130,13/03/2015 10:00:00,1.54730,@BP,-1,1,875.00,0.0012,950.0000,-200.0000,
TRADE,20/03/2015 01:00:00,1.55140,20/03/2015 09:00:00,1.56020,@BP,-1,1,-550.00,0.0011,243.7500,-518.7500,
TRADE,27/03/2015 01:00:00,1.56120,27/03/2015 10:00:00,1.56550,@BP,-1,1,-268.75,0.0012,387.5000,-393.7500,
TRADE,03/04/2015 01:00:00,1.55820,03/04/2015 08:00:00,1.56700,@BP,-1,1,-550.00,0.0005,112.5000,-250.0000,
TRADE,10/04/2015 01:00:00,1.54680,10/04/2015 10:00:00,1.53860,@BP,-1,1,512.50,0.0009,787.5000,-43.7500,
TRADE,17/04/2015 01:00:00,1.56880,17/04/2015 04:00:00,1.57760,@BP,-1,1,-550.00,0.0010,100.0000,-525.0000,
TRADE,01/05/2015 01:00:00,1.61040,01/05/2015 10:00:00,1.59590,@BP,-1,1,906.25,0.0008,950.0000,-312.5000,
TRADE,08/05/2015 01:00:00,1.62700,08/05/2015 10:00:00,1.61720,@BP,-1,1,612.50,0.0067,993.7500,-43.7500,
TRADE,15/05/2015 01:00:00,1.65300,15/05/2015 10:00:00,1.65040,@BP,-1,1,162.50,0.0007,437.5000,-75.0000,
TRADE,22/05/2015 01:00:00,1.64280,22/05/2015 10:00:00,1.62690,@BP,-1,1,993.75,0.0014,1087.5000,-131.2500,
TRADE,29/05/2015 01:00:00,1.60910,29/05/2015 10:00:00,1.60550,@BP,-1,1,225.00,0.0010,593.7500,-62.5000,
TRADE,05/06/2015 01:00:00,1.61240,05/06/2015 10:00:00,1.59740,@BP,-1,1,937.50,0.0010,1081.2500,-87.5000,
TRADE,12/06/2015 01:00:00,1.62680,12/06/2015 10:00:00,1.62630,@BP,-1,1,31.25,0.0022,250.0000,-106.2500,
TRADE,19/06/2015 01:00:00,1.66400,19/06/2015 10:00:00,1.66470,@BP,-1,1,-43.75,0.0011,268.7500,-112.5000,
TRADE,26/06/2015 01:00:00,1.65020,26/06/2015 10:00:00,1.65050,@BP,-1,1,-18.75,0.0011,193.7500,-168.7500,
TRADE,03/07/2015 01:00:00,1.63750,03/07/2015 10:00:00,1.63730,@BP,-1,1,12.50,0.0012,56.2500,-212.5000,
TRADE,17/07/2015 01:00:00,1.63980,17/07/2015 10:00:00,1.63370,@BP,-1,1,381.25,0.0011,500.0000,-256.2500,
TRADE,31/07/2015 01:00:00,1.63800,31/07/2015 10:00:00,1.64260,@BP,-1,1,-287.50,0.0006,406.2500,-406.2500,
TRADE,21/08/2015 01:00:00,1.64650,21/08/2015 10:00:00,1.64620,@BP,-1,1,18.75,0.0009,237.5000,-168.7500,
TRADE,28/08/2015 01:00:00,1.62020,28/08/2015 10:00:00,1.61520,@BP,-1,1,312.50,0.0009,543.7500,-68.7500,
TRADE,04/09/2015 01:00:00,1.60040,04/09/2015 10:00:00,1.59710,@BP,-1,1,206.25,0.0008,275.0000,-281.2500,
TRADE,11/09/2015 01:00:00,1.62290,11/09/2015 10:00:00,1.61950,@BP,-1,1,212.50,0.0014,337.5000,-25.0000,
TRADE,18/09/2015 01:00:00,1.63410,18/09/2015 10:00:00,1.63900,@BP,-1,1,-306.25,0.0014,43.7500,-543.7500,
TRADE,25/09/2015 01:00:00,1.59970,25/09/2015 10:00:00,1.59750,@BP,-1,1,137.50,0.0014,462.5000,-225.0000,
TRADE,02/10/2015 01:00:00,1.59170,02/10/2015 08:00:00,1.60050,@BP,-1,1,-550.00,0.0006,43.7500,-531.2500,
TRADE,09/10/2015 01:00:00,1.61420,09/10/2015 10:00:00,1.60960,@BP,-1,1,287.50,0.0007,362.5000,-87.5000,
TRADE,16/10/2015 01:00:00,1.62420,16/10/2015 10:00:00,1.62340,@BP,-1,1,50.00,0.0011,218.7500,-112.5000,
TRADE,23/10/2015 01:00:00,1.61780,23/10/2015 10:00:00,1.61200,@BP,-1,1,362.50,0.0010,393.7500,-87.5000,
TRADE,30/10/2015 01:00:00,1.60850,30/10/2015 10:00:00,1.61400,@BP,-1,1,-343.75,0.0009,0.0000,-356.2500,
TRADE,06/11/2015 01:00:00,1.59810,06/11/2015 08:00:00,1.58050,@BP,-1,1,1100.00,0.0007,1062.5000,0.0000,
TRADE,13/11/2015 01:00:00,1.59820,13/11/2015 10:00:00,1.59940,@BP,-1,1,-75.00,0.0002,50.0000,-400.0000,
TRADE,20/11/2015 01:00:00,1.60630,20/11/2015 10:00:00,1.60250,@BP,-1,1,237.50,0.0007,331.2500,-137.5000,
TRADE,27/11/2015 01:00:00,1.58660,27/11/2015 10:00:00,1.58340,@BP,-1,1,200.00,0.0008,362.5000,-131.2500,
TRADE,04/12/2015 01:00:00,1.59020,04/12/2015 10:00:00,1.59110,@BP,-1,1,-56.25,0.0008,287.5000,-212.5000,
TRADE,11/12/2015 01:00:00,1.59110,11/12/2015 09:00:00,1.59990,@BP,-1,1,-550.00,0.0011,43.7500,-412.5000,
TRADE,18/12/2015 01:00:00,1.57070,18/12/2015 10:00:00,1.56840,@BP,-1,1,143.75,0.0013,243.7500,-143.7500,
TRADE,08/01/2016 01:00:00,1.53910,08/01/2016 10:00:00,1.53470,@BP,-1,1,275.00,0.0022,425.0000,-112.5000,
TRADE,22/01/2016 01:00:00,1.50020,22/01/2016 07:00:00,1.50900,@BP,-1,1,-550.00,0.0018,43.7500,-512.5000,
TRADE,29/01/2016 01:00:00,1.51730,29/01/2016 10:00:00,1.50320,@BP,-1,1,881.25,0.0045,937.5000,-118.7500,
TRADE,05/02/2016 01:00:00,1.53340,05/02/2016 10:00:00,1.52800,@BP,-1,1,337.50,0.0015,643.7500,-231.2500,
TRADE,12/02/2016 01:00:00,1.52400,12/02/2016 04:00:00,1.53280,@BP,-1,1,-550.00,0.0008,6.2500,-425.0000,
TRADE,19/02/2016 01:00:00,1.51120,19/02/2016 10:00:00,1.50450,@BP,-1,1,418.75,0.0011,543.7500,-75.0000,
TRADE,26/02/2016 01:00:00,1.47400,26/02/2016 10:00:00,1.46900,@BP,-1,1,312.50,0.0049,337.5000,-506.2500,
TRADE,04/03/2016 01:00:00,1.49370,04/03/2016 10:00:00,1.49950,@BP,-1,1,-362.50,0.0007,318.7500,-487.5000,
TRADE,11/03/2016 01:00:00,1.50540,11/03/2016 10:00:00,1.51190,@BP,-1,1,-406.25,0.0006,137.5000,-425.0000,
TRADE,18/03/2016 01:00:00,1.52390,18/03/2016 10:00:00,1.52700,@BP,-1,1,-193.75,0.0009,318.7500,-275.0000,
TRADE,01/04/2016 01:00:00,1.51080,01/04/2016 10:00:00,1.49680,@BP,-1,1,875.00,0.0007,937.5000,-237.5000,
TRADE,08/04/2016 01:00:00,1.48460,08/04/2016 10:00:00,1.48630,@BP,-1,1,-106.25,0.0012,193.7500,-437.5000,
TRADE,15/04/2016 01:00:00,1.49280,15/04/2016 10:00:00,1.49410,@BP,-1,1,-81.25,0.0008,106.2500,-318.7500,
TRADE,22/04/2016 01:00:00,1.51230,22/04/2016 10:00:00,1.51830,@BP,-1,1,-375.00,0.0015,187.5000,-425.0000,
TRADE,29/04/2016 01:00:00,1.54260,29/04/2016 10:00:00,1.54130,@BP,-1,1,81.25,0.0012,468.7500,-87.5000,
TRADE,06/05/2016 01:00:00,1.52560,06/05/2016 10:00:00,1.52450,@BP,-1,1,68.75,0.0006,375.0000,-443.7500,
TRADE,20/05/2016 01:00:00,1.53680,20/05/2016 10:00:00,1.53100,@BP,-1,1,362.50,0.0003,412.5000,-118.7500,
TRADE,27/05/2016 01:00:00,1.54420,27/05/2016 10:00:00,1.54160,@BP,-1,1,162.50,0.0008,343.7500,-131.2500,
TRADE,03/06/2016 01:00:00,1.51830,03/06/2016 08:00:00,1.52710,@BP,-1,1,-550.00,0.0016,62.5000,-237.5000,
TRADE,10/06/2016 01:00:00,1.52190,10/06/2016 10:00:00,1.51140,@BP,-1,1,656.25,0.0008,787.5000,-156.2500,
TRADE,17/06/2016 01:00:00,1.50140,17/06/2016 10:00:00,1.50520,@BP,-1,1,-237.50,0.0032,125.0000,-431.2500,
TRADE,24/06/2016 01:00:00,1.41680,24/06/2016 01:00:00,1.42560,@BP,-1,1,-550.00,0.0325,200.0000,-543.7500,
TRADE,01/07/2016 01:00:00,1.41050,01/07/2016 10:00:00,1.40990,@BP,-1,1,37.50,0.0023,506.2500,-56.2500,
TRADE,08/07/2016 01:00:00,1.37200,08/07/2016 10:00:00,1.37340,@BP,-1,1,-87.50,0.0015,243.7500,-456.2500,
TRADE,15/07/2016 01:00:00,1.41970,15/07/2016 10:00:00,1.40680,@BP,-1,1,806.25,0.0081,887.5000,-137.5000,
TRADE,22/07/2016 01:00:00,1.39980,22/07/2016 10:00:00,1.38570,@BP,-1,1,881.25,0.0010,912.5000,-406.2500,
TRADE,29/07/2016 01:00:00,1.39550,29/07/2016 10:00:00,1.39650,@BP,-1,1,-62.50,0.0024,187.5000,-437.5000,
TRADE,05/08/2016 01:00:00,1.39060,05/08/2016 10:00:00,1.38120,@BP,-1,1,587.50,0.0005,718.7500,-256.2500,
TRADE,12/08/2016 01:00:00,1.37390,12/08/2016 10:00:00,1.37440,@BP,-1,1,-31.25,0.0008,187.5000,-418.7500,
TRADE,19/08/2016 01:00:00,1.39120,19/08/2016 10:00:00,1.38100,@BP,-1,1,637.50,0.0005,750.0000,-118.7500,
TRADE,02/09/2016 01:00:00,1.40470,02/09/2016 10:00:00,1.41060,@BP,-1,1,-368.75,0.0005,187.5000,-450.0000,
TRADE,09/09/2016 01:00:00,1.40890,09/09/2016 10:00:00,1.40100,@BP,-1,1,493.75,0.0015,493.7500,-37.5000,
TRADE,16/09/2016 01:00:00,1.39970,16/09/2016 10:00:00,1.38700,@BP,-1,1,793.75,0.0004,831.2500,-31.2500,
TRADE,23/09/2016 01:00:00,1.38030,23/09/2016 10:00:00,1.37070,@BP,-1,1,600.00,0.0010,806.2500,-37.5000,
TRADE,30/09/2016 01:00:00,1.37270,30/09/2016 10:00:00,1.37450,@BP,-1,1,-112.50,0.0006,193.7500,-218.7500,
TRADE,07/10/2016 01:00:00,1.31910,07/10/2016 06:00:00,1.30150,@BP,-1,1,1100.00,0.0017,1068.7500,-262.5000,
TRADE,14/10/2016 01:00:00,1.29530,14/10/2016 10:00:00,1.29570,@BP,-1,1,-25.00,0.0030,187.5000,-400.0000,
TRADE,21/10/2016 01:00:00,1.29920,21/10/2016 10:00:00,1.29450,@BP,-1,1,293.75,0.0011,425.0000,-112.5000,
TRADE,28/10/2016 01:00:00,1.29290,28/10/2016 10:00:00,1.29280,@BP,-1,1,6.25,0.0011,387.5000,-68.7500,
TRADE,04/11/2016 01:00:00,1.32150,04/11/2016 10:00:00,1.32520,@BP,-1,1,-231.25,0.0010,93.7500,-293.7500,
TRADE,11/11/2016 01:00:00,1.33180,11/11/2016 04:00:00,1.34060,@BP,-1,1,-550.00,0.0010,93.7500,-475.0000,
TRADE,18/11/2016 01:00:00,1.31380,18/11/2016 10:00:00,1.30930,@BP,-1,1,281.25,0.0015,500.0000,-293.7500,
TRADE,25/11/2016 01:00:00,1.31940,25/11/2016 10:00:00,1.31850,@BP,-1,1,56.25,0.0008,206.2500,-162.5000,
TRADE,02/12/2016 01:00:00,1.33660,02/12/2016 10:00:00,1.33940,@BP,-1,1,-175.00,0.0016,181.2500,-237.5000,
TRADE,09/12/2016 01:00:00,1.33370,09/12/2016 10:00:00,1.33250,@BP,-1,1,75.00,0.0012,243.7500,-168.7500,
TRADE,23/12/2016 01:00:00,1.30410,23/12/2016 10:00:00,1.29860,@BP,-1,1,343.75,0.0014,437.5000,-6.2500,
TRADE,30/12/2016 01:00:00,1.30210,30/12/2016 09:00:00,1.31090,@BP,-1,1,-550.00,0.0012,106.2500,-506.2500,
TRADE,06/01/2017 01:00:00,1.31120,06/01/2017 10:00:00,1.30550,@BP,-1,1,356.25,0.0008,387.5000,-106.2500,
TRADE,13/01/2017 01:00:00,1.28880,13/01/2017 10:00:00,1.28650,@BP,-1,1,143.75,0.0010,187.5000,-475.0000,
TRADE,20/01/2017 01:00:00,1.30780,20/01/2017 10:00:00,1.30330,@BP,-1,1,281.25,0.0010,556.2500,-112.5000,
TRADE,27/01/2017 01:00:00,1.32830,27/01/2017 10:00:00,1.32900,@BP,-1,1,-43.75,0.0015,250.0000,-168.7500,
TRADE,03/02/2017 01:00:00,1.32430,03/02/2017 10:00:00,1.32080,@BP,-1,1,218.75,0.0007,418.7500,-118.7500,
TRADE,10/02/2017 01:00:00,1.32220,10/02/2017 10:00:00,1.31800,@BP,-1,1,262.50,0.0014,381.2500,-137.5000,
TRADE,17/02/2017 01:00:00,1.32210,17/02/2017 10:00:00,1.31440,@BP,-1,1,481.25,0.0008,706.2500,-25.0000,
TRADE,24/02/2017 01:00:00,1.32740,24/02/2017 10:00:00,1.32330,@BP,-1,1,256.25,0.0008,362.5000,-100.0000,
TRADE,03/03/2017 01:00:00,1.29770,03/03/2017 10:00:00,1.29600,@BP,-1,1,106.25,0.0014,287.5000,-68.7500,
TRADE,10/03/2017 01:00:00,1.28720,10/03/2017 10:00:00,1.28800,@BP,-1,1,-50.00,0.0005,118.7500,-193.7500,
TRADE,17/03/2017 01:00:00,1.30690,17/03/2017 10:00:00,1.30800,@BP,-1,1,-68.75,0.0006,193.7500,-275.0000,
TRADE,24/03/2017 01:00:00,1.31920,24/03/2017 10:00:00,1.31850,@BP,-1,1,43.75,0.0017,62.5000,-181.2500,
TRADE,31/03/2017 01:00:00,1.31860,31/03/2017 10:00:00,1.31740,@BP,-1,1,75.00,0.0016,287.5000,-162.5000,
TRADE,07/04/2017 01:00:00,1.31760,07/04/2017 10:00:00,1.31000,@BP,-1,1,475.00,0.0010,537.5000,-50.0000,
TRADE,21/04/2017 01:00:00,1.34990,21/04/2017 10:00:00,1.34960,@BP,-1,1,18.75,0.0004,237.5000,-250.0000,
TRADE,05/05/2017 01:00:00,1.36170,05/05/2017 10:00:00,1.36480,@BP,-1,1,-193.75,0.0010,31.2500,-262.5000,
TRADE,12/05/2017 01:00:00,1.35880,12/05/2017 10:00:00,1.35880,@BP,-1,1,0.00,0.0009,287.5000,-25.0000,
TRADE,19/05/2017 01:00:00,1.36500,19/05/2017 10:00:00,1.37210,@BP,-1,1,-443.75,0.0005,62.5000,-468.7500,
TRADE,26/05/2017 01:00:00,1.35730,26/05/2017 10:00:00,1.34910,@BP,-1,1,512.50,0.0011,531.2500,-56.2500,
TRADE,02/06/2017 01:00:00,1.35660,02/06/2017 10:00:00,1.35560,@BP,-1,1,62.50,0.0008,187.5000,-175.0000,
TRADE,09/06/2017 01:00:00,1.34500,09/06/2017 10:00:00,1.34170,@BP,-1,1,206.25,0.0035,793.7500,-118.7500,
TRADE,16/06/2017 01:00:00,1.34550,16/06/2017 10:00:00,1.34610,@BP,-1,1,-37.50,0.0011,68.7500,-175.0000,
TRADE,23/06/2017 01:00:00,1.33830,23/06/2017 10:00:00,1.34060,@BP,-1,1,-143.75,0.0008,31.2500,-275.0000,
TRADE,30/06/2017 01:00:00,1.37030,30/06/2017 10:00:00,1.36550,@BP,-1,1,300.00,0.0010,406.2500,0.0000,
TRADE,07/07/2017 01:00:00,1.36460,07/07/2017 10:00:00,1.35580,@BP,-1,1,550.00,0.0006,625.0000,-25.0000,
TRADE,14/07/2017 01:00:00,1.36280,14/07/2017 09:00:00,1.37160,@BP,-1,1,-550.00,0.0004,31.2500,-437.5000,
TRADE,21/07/2017 01:00:00,1.36430,21/07/2017 10:00:00,1.36450,@BP,-1,1,-12.50,0.0006,6.2500,-312.5000,
TRADE,28/07/2017 01:00:00,1.37450,28/07/2017 10:00:00,1.37610,@BP,-1,1,-100.00,0.0009,37.5000,-275.0000,
TRADE,04/08/2017 01:00:00,1.38100,04/08/2017 10:00:00,1.37210,@BP,-1,1,556.25,0.0017,556.2500,-137.5000,
TRADE,11/08/2017 01:00:00,1.36520,11/08/2017 10:00:00,1.36340,@BP,-1,1,112.50,0.0011,306.2500,-137.5000,
TRADE,18/08/2017 01:00:00,1.35530,18/08/2017 10:00:00,1.35470,@BP,-1,1,37.50,0.0007,125.0000,-168.7500,
TRADE,25/08/2017 01:00:00,1.34670,25/08/2017 10:00:00,1.34760,@BP,-1,1,-56.25,0.0004,93.7500,-206.2500,
TRADE,01/09/2017 01:00:00,1.35780,01/09/2017 10:00:00,1.36110,@BP,-1,1,-206.25,0.0016,112.5000,-456.2500,
TRADE,08/09/2017 01:00:00,1.37860,08/09/2017 08:00:00,1.38740,@BP,-1,1,-550.00,0.0010,62.5000,-525.0000,
TRADE,15/09/2017 01:00:00,1.40510,15/09/2017 04:00:00,1.41390,@BP,-1,1,-550.00,0.0010,37.5000,-331.2500,
TRADE,22/09/2017 01:00:00,1.42270,22/09/2017 10:00:00,1.41490,@BP,-1,1,487.50,0.0006,581.2500,-93.7500,
TRADE,29/09/2017 01:00:00,1.40570,29/09/2017 10:00:00,1.40090,@BP,-1,1,300.00,0.0007,381.2500,-68.7500,
TRADE,06/10/2017 01:00:00,1.37270,06/10/2017 10:00:00,1.36750,@BP,-1,1,325.00,0.0019,418.7500,-87.5000,
TRADE,13/10/2017 01:00:00,1.39100,13/10/2017 10:00:00,1.39560,@BP,-1,1,-287.50,0.0008,162.5000,-406.2500,
TRADE,20/10/2017 01:00:00,1.37370,20/10/2017 10:00:00,1.37990,@BP,-1,1,-387.50,0.0009,112.5000,-537.5000,
TRADE,27/10/2017 01:00:00,1.37600,27/10/2017 10:00:00,1.37150,@BP,-1,1,281.25,0.0011,375.0000,-37.5000,
TRADE,03/11/2017 01:00:00,1.37010,03/11/2017 10:00:00,1.37310,@BP,-1,1,-187.50,0.0009,225.0000,-381.2500,
TRADE,10/11/2017 01:00:00,1.37690,10/11/2017 10:00:00,1.38370,@BP,-1,1,-425.00,0.0007,200.0000,-443.7500,
TRADE,17/11/2017 01:00:00,1.38510,17/11/2017 10:00:00,1.38160,@BP,-1,1,218.75,0.0007,381.2500,-200.0000,
TRADE,24/11/2017 01:00:00,1.39100,24/11/2017 10:00:00,1.39720,@BP,-1,1,-387.50,0.0006,81.2500,-425.0000,
TRADE,01/12/2017 01:00:00,1.41510,01/12/2017 10:00:00,1.40820,@BP,-1,1,431.25,0.0009,481.2500,-62.5000,
TRADE,08/12/2017 01:00:00,1.41270,08/12/2017 10:00:00,1.40350,@BP,-1,1,575.00,0.0034,700.0000,-56.2500,
TRADE,15/12/2017 01:00:00,1.40620,15/12/2017 10:00:00,1.39560,@BP,-1,1,662.50,0.0006,712.5000,-31.2500,
TRADE,22/12/2017 01:00:00,1.39990,22/12/2017 10:00:00,1.39890,@BP,-1,1,62.50,0.0005,143.7500,-106.2500,
TRADE,29/12/2017 01:00:00,1.40580,29/12/2017 10:00:00,1.41170,@BP,-1,1,-368.75,0.0011,0.0000,-431.2500,
TRADE,19/01/2018 01:00:00,1.44980,19/01/2018 10:00:00,1.44690,@BP,-1,1,181.25,0.0013,356.2500,-237.5000,
TRADE,26/01/2018 01:00:00,1.47700,26/01/2018 04:00:00,1.48580,@BP,-1,1,-550.00,0.0017,18.7500,-525.0000,
TRADE,02/02/2018 01:00:00,1.48450,02/02/2018 10:00:00,1.47270,@BP,-1,1,737.50,0.0009,756.2500,-100.0000,
TRADE,09/02/2018 01:00:00,1.45270,09/02/2018 10:00:00,1.43990,@BP,-1,1,800.00,0.0027,956.2500,-275.0000,
TRADE,16/02/2018 01:00:00,1.47120,16/02/2018 10:00:00,1.46190,@BP,-1,1,581.25,0.0012,800.0000,-56.2500,
TRADE,23/02/2018 01:00:00,1.45200,23/02/2018 10:00:00,1.45580,@BP,-1,1,-237.50,0.0011,250.0000,-356.2500,
TRADE,02/03/2018 01:00:00,1.43620,02/03/2018 10:00:00,1.43430,@BP,-1,1,118.75,0.0015,218.7500,-168.7500,
TRADE,09/03/2018 01:00:00,1.43750,09/03/2018 10:00:00,1.44290,@BP,-1,1,-337.50,0.0007,62.5000,-350.0000,
TRADE,16/03/2018 01:00:00,1.44980,16/03/2018 10:00:00,1.44980,@BP,-1,1,0.00,0.0008,31.2500,-312.5000,
TRADE,23/03/2018 01:00:00,1.46750,23/03/2018 10:00:00,1.47090,@BP,-1,1,-212.50,0.0005,175.0000,-237.5000,
TRADE,06/04/2018 01:00:00,1.45460,06/04/2018 10:00:00,1.46220,@BP,-1,1,-475.00,0.0009,87.5000,-512.5000,
TRADE,13/04/2018 01:00:00,1.47790,13/04/2018 10:00:00,1.48050,@BP,-1,1,-162.50,0.0006,75.0000,-400.0000,
TRADE,27/04/2018 01:00:00,1.44650,27/04/2018 08:00:00,1.42890,@BP,-1,1,1100.00,0.0008,1087.5000,-37.5000,
TRADE,04/05/2018 01:00:00,1.41100,04/05/2018 10:00:00,1.40370,@BP,-1,1,456.25,0.0007,568.7500,-31.2500,
TRADE,11/05/2018 01:00:00,1.40570,11/05/2018 10:00:00,1.40950,@BP,-1,1,-237.50,0.0005,168.7500,-425.0000,
TRADE,18/05/2018 01:00:00,1.40330,18/05/2018 10:00:00,1.39860,@BP,-1,1,293.75,0.0005,318.7500,-125.0000,
TRADE,25/05/2018 01:00:00,1.38890,25/05/2018 10:00:00,1.38360,@BP,-1,1,331.25,0.0005,375.0000,-56.2500,
TRADE,01/06/2018 01:00:00,1.37790,01/06/2018 10:00:00,1.38360,@BP,-1,1,-356.25,0.0004,62.5000,-468.7500,
TRADE,08/06/2018 01:00:00,1.39380,08/06/2018 10:00:00,1.38940,@BP,-1,1,275.00,0.0011,443.7500,-87.5000,
TRADE,15/06/2018 01:00:00,1.37580,15/06/2018 10:00:00,1.37670,@BP,-1,1,-56.25,0.0005,262.5000,-250.0000,
TRADE,22/06/2018 01:00:00,1.37620,22/06/2018 10:00:00,1.37770,@BP,-1,1,-93.75,0.0007,0.0000,-337.5000,
TRADE,29/06/2018 01:00:00,1.36120,29/06/2018 10:00:00,1.36530,@BP,-1,1,-256.25,0.0018,100.0000,-418.7500,
TRADE,06/07/2018 01:00:00,1.37060,06/07/2018 10:00:00,1.37610,@BP,-1,1,-343.75,0.0015,6.2500,-381.2500,
TRADE,13/07/2018 01:00:00,1.36560,13/07/2018 10:00:00,1.36540,@BP,-1,1,12.50,0.0011,431.2500,-50.0000,
TRADE,20/07/2018 01:00:00,1.35090,20/07/2018 10:00:00,1.35820,@BP,-1,1,-456.25,0.0014,193.7500,-506.2500,
TRADE,27/07/2018 01:00:00,1.35840,27/07/2018 10:00:00,1.35930,@BP,-1,1,-56.25,0.0006,156.2500,-100.0000,
TRADE,03/08/2018 01:00:00,1.34920,03/08/2018 10:00:00,1.34730,@BP,-1,1,118.75,0.0003,281.2500,-137.5000,
TRADE,10/08/2018 01:00:00,1.32910,10/08/2018 10:00:00,1.32080,@BP,-1,1,518.75,0.0012,631.2500,-18.7500,
TRADE,17/08/2018 01:00:00,1.31860,17/08/2018 10:00:00,1.31910,@BP,-1,1,-31.25,0.0009,156.2500,-162.5000,
TRADE,24/08/2018 01:00:00,1.32820,24/08/2018 10:00:00,1.33050,@BP,-1,1,-143.75,0.0012,81.2500,-243.7500,
TRADE,31/08/2018 01:00:00,1.34710,31/08/2018 10:00:00,1.34250,@BP,-1,1,287.50,0.0009,337.5000,-93.7500,
TRADE,07/09/2018 01:00:00,1.33850,07/09/2018 06:00:00,1.34730,@BP,-1,1,-550.00,0.0008,112.5000,-543.7500,
TRADE,14/09/2018 01:00:00,1.35700,14/09/2018 10:00:00,1.35380,@BP,-1,1,200.00,0.0006,237.5000,-212.5000,
TRADE,21/09/2018 01:00:00,1.37190,21/09/2018 09:00:00,1.35430,@BP,-1,1,1100.00,0.0010,850.0000,-18.7500,
TRADE,28/09/2018 01:00:00,1.35280,28/09/2018 10:00:00,1.34550,@BP,-1,1,456.25,0.0009,506.2500,-37.5000,
TRADE,05/10/2018 01:00:00,1.34490,05/10/2018 09:00:00,1.35370,@BP,-1,1,-550.00,0.0007,37.5000,-493.7500,
TRADE,12/10/2018 01:00:00,1.36740,12/10/2018 10:00:00,1.36150,@BP,-1,1,368.75,0.0007,418.7500,-125.0000,
TRADE,19/10/2018 01:00:00,1.34510,19/10/2018 10:00:00,1.34850,@BP,-1,1,-212.50,0.0005,56.2500,-250.0000,
TRADE,26/10/2018 01:00:00,1.32440,26/10/2018 10:00:00,1.32340,@BP,-1,1,62.50,0.0011,256.2500,-50.0000,
TRADE,02/11/2018 01:00:00,1.34200,02/11/2018 10:00:00,1.34190,@BP,-1,1,6.25,0.0016,93.7500,-268.7500,
TRADE,09/11/2018 01:00:00,1.34680,09/11/2018 10:00:00,1.34550,@BP,-1,1,81.25,0.0009,393.7500,0.0000,
TRADE,16/11/2018 01:00:00,1.32120,16/11/2018 10:00:00,1.32860,@BP,-1,1,-462.50,0.0011,137.5000,-506.2500,
TRADE,23/11/2018 01:00:00,1.32820,23/11/2018 10:00:00,1.32420,@BP,-1,1,250.00,0.0012,443.7500,-56.2500,
TRADE,30/11/2018 01:00:00,1.31880,30/11/2018 10:00:00,1.31490,@BP,-1,1,243.75,0.0009,300.0000,-175.0000,
TRADE,07/12/2018 01:00:00,1.31680,07/12/2018 10:00:00,1.31580,@BP,-1,1,62.50,0.0012,193.7500,-150.0000,
TRADE,14/12/2018 01:00:00,1.30280,14/12/2018 10:00:00,1.29450,@BP,-1,1,518.75,0.0005,637.5000,-6.2500,
TRADE,21/12/2018 01:00:00,1.30410,21/12/2018 10:00:00,1.30380,@BP,-1,1,18.75,0.0008,118.7500,-300.0000,
TRADE,28/12/2018 01:00:00,1.30490,28/12/2018 10:00:00,1.30720,@BP,-1,1,-143.75,0.0006,181.2500,-212.5000,
TRADE,04/01/2019 01:00:00,1.30150,04/01/2019 10:00:00,1.30110,@BP,-1,1,25.00,0.0008,93.7500,-381.2500,
TRADE,25/01/2019 01:00:00,1.34980,25/01/2019 10:00:00,1.35000,@BP,-1,1,-12.50,0.0024,425.0000,-56.2500,
TRADE,01/02/2019 01:00:00,1.34650,01/02/2019 10:00:00,1.34470,@BP,-1,1,112.50,0.0007,356.2500,-93.7500,
TRADE,08/02/2019 01:00:00,1.33100,08/02/2019 10:00:00,1.33030,@BP,-1,1,43.75,0.0004,181.2500,-168.7500,
TRADE,22/02/2019 01:00:00,1.33860,22/02/2019 10:00:00,1.33730,@BP,-1,1,81.25,0.0009,412.5000,-100.0000,
TRADE,08/03/2019 01:00:00,1.34320,08/03/2019 10:00:00,1.34020,@BP,-1,1,187.50,0.0012,250.0000,-112.5000,
TRADE,15/03/2019 01:00:00,1.35830,15/03/2019 10:00:00,1.36130,@BP,-1,1,-187.50,0.0006,262.5000,-206.2500,
TRADE,22/03/2019 01:00:00,1.34680,22/03/2019 10:00:00,1.35170,@BP,-1,1,-306.25,0.0010,331.2500,-437.5000,
TRADE,29/03/2019 01:00:00,1.33990,29/03/2019 10:00:00,1.34100,@BP,-1,1,-68.75,0.0010,431.2500,-412.5000,
TRADE,12/04/2019 01:00:00,1.33930,12/04/2019 10:00:00,1.34380,@BP,-1,1,-281.25,0.0004,143.7500,-375.0000,
TRADE,26/04/2019 01:00:00,1.32130,26/04/2019 10:00:00,1.32330,@BP,-1,1,-125.00,0.0005,162.5000,-168.7500,
TRADE,03/05/2019 01:00:00,1.33400,03/05/2019 10:00:00,1.33480,@BP,-1,1,-50.00,0.0007,293.7500,-68.7500,
TRADE,10/05/2019 01:00:00,1.33070,10/05/2019 10:00:00,1.33360,@BP,-1,1,-181.25,0.0012,93.7500,-187.5000,
TRADE,17/05/2019 01:00:00,1.30880,17/05/2019 10:00:00,1.30490,@BP,-1,1,243.75,0.0007,343.7500,-12.5000,
TRADE,24/05/2019 01:00:00,1.29510,24/05/2019 10:00:00,1.29600,@BP,-1,1,-56.25,0.0004,75.0000,-362.5000,
TRADE,31/05/2019 01:00:00,1.28950,31/05/2019 10:00:00,1.28760,@BP,-1,1,118.75,0.0007,306.2500,-131.2500,
TRADE,07/06/2019 01:00:00,1.29790,07/06/2019 10:00:00,1.30220,@BP,-1,1,-268.75,0.0003,18.7500,-387.5000,
TRADE,14/06/2019 01:00:00,1.29520,14/06/2019 10:00:00,1.29010,@BP,-1,1,318.75,0.0003,362.5000,-43.7500,
TRADE,21/06/2019 01:00:00,1.29750,21/06/2019 10:00:00,1.29510,@BP,-1,1,150.00,0.0014,375.0000,-56.2500,
TRADE,28/06/2019 01:00:00,1.29410,28/06/2019 10:00:00,1.29820,@BP,-1,1,-256.25,0.0007,43.7500,-275.0000,
TRADE,05/07/2019 01:00:00,1.28470,05/07/2019 10:00:00,1.27660,@BP,-1,1,506.25,0.0004,531.2500,-37.5000,
TRADE,19/07/2019 01:00:00,1.27970,19/07/2019 10:00:00,1.27920,@BP,-1,1,31.25,0.0012,200.0000,-43.7500,
TRADE,26/07/2019 01:00:00,1.27030,26/07/2019 10:00:00,1.26630,@BP,-1,1,250.00,0.0003,262.5000,0.0000,
TRADE,02/08/2019 01:00:00,1.23590,02/08/2019 10:00:00,1.23870,@BP,-1,1,-175.00,0.0018,56.2500,-225.0000,
TRADE,09/08/2019 01:00:00,1.23790,09/08/2019 10:00:00,1.23110,@BP,-1,1,425.00,0.0004,493.7500,-81.2500,
TRADE,23/08/2019 01:00:00,1.24670,23/08/2019 10:00:00,1.24680,@BP,-1,1,-6.25,0.0012,218.7500,-118.7500,
TRADE,30/08/2019 01:00:00,1.24170,30/08/2019 10:00:00,1.24440,@BP,-1,1,-168.75,0.0009,156.2500,-193.7500,
TRADE,06/09/2019 01:00:00,1.25590,06/09/2019 10:00:00,1.25470,@BP,-1,1,75.00,0.0005,262.5000,-93.7500,
TRADE,13/09/2019 01:00:00,1.25750,13/09/2019 04:00:00,1.26630,@BP,-1,1,-550.00,0.0013,25.0000,-543.7500,
TRADE,20/09/2019 01:00:00,1.27820,20/09/2019 10:00:00,1.26980,@BP,-1,1,525.00,0.0012,625.0000,-156.2500,
TRADE,27/09/2019 01:00:00,1.25460,27/09/2019 10:00:00,1.25420,@BP,-1,1,25.00,0.0006,356.2500,-56.2500,
TRADE,04/10/2019 01:00:00,1.25490,04/10/2019 10:00:00,1.25030,@BP,-1,1,287.50,0.0011,368.7500,-112.5000,
TRADE,11/10/2019 01:00:00,1.26590,11/10/2019 05:00:00,1.27470,@BP,-1,1,-550.00,0.0021,256.2500,-475.0000,
TRADE,18/10/2019 01:00:00,1.30520,18/10/2019 10:00:00,1.30940,@BP,-1,1,-262.50,0.0014,43.7500,-468.7500,
TRADE,25/10/2019 01:00:00,1.30450,25/10/2019 10:00:00,1.30200,@BP,-1,1,156.25,0.0003,231.2500,-137.5000,
TRADE,01/11/2019 01:00:00,1.31610,01/11/2019 10:00:00,1.31520,@BP,-1,1,56.25,0.0006,168.7500,-75.0000,
TRADE,08/11/2019 01:00:00,1.30090,08/11/2019 10:00:00,1.30150,@BP,-1,1,-37.50,0.0006,112.5000,-62.5000,
TRADE,15/11/2019 01:00:00,1.30700,15/11/2019 10:00:00,1.30990,@BP,-1,1,-181.25,0.0006,56.2500,-262.5000,
TRADE,22/11/2019 01:00:00,1.31120,22/11/2019 10:00:00,1.30370,@BP,-1,1,468.75,0.0007,506.2500,-50.0000,
TRADE,29/11/2019 01:00:00,1.31060,29/11/2019 10:00:00,1.30910,@BP,-1,1,93.75,0.0006,243.7500,-31.2500,
TRADE,06/12/2019 01:00:00,1.33410,06/12/2019 10:00:00,1.33110,@BP,-1,1,187.50,0.0004,275.0000,-75.0000,
TRADE,13/12/2019 01:00:00,1.36580,13/12/2019 10:00:00,1.35140,@BP,-1,1,900.00,0.0022,1050.0000,-31.2500,
TRADE,20/12/2019 01:00:00,1.32000,20/12/2019 10:00:00,1.32180,@BP,-1,1,-112.50,0.0005,56.2500,-237.5000,
TRADE,27/12/2019 01:00:00,1.31750,27/12/2019 07:00:00,1.32630,@BP,-1,1,-550.00,0.0013,18.7500,-518.7500,
TRADE,03/01/2020 01:00:00,1.32920,03/01/2020 10:00:00,1.32420,@BP,-1,1,312.50,0.0013,425.0000,-18.7500,
TRADE,10/01/2020 01:00:00,1.32520,10/01/2020 10:00:00,1.32340,@BP,-1,1,112.50,0.0011,218.7500,-87.5000,
TRADE,17/01/2020 01:00:00,1.32420,17/01/2020 10:00:00,1.32010,@BP,-1,1,256.25,0.0005,306.2500,-275.0000,
TRADE,24/01/2020 01:00:00,1.32890,24/01/2020 10:00:00,1.32650,@BP,-1,1,150.00,0.0006,281.2500,-337.5000,
TRADE,07/02/2020 01:00:00,1.30980,07/02/2020 10:00:00,1.31100,@BP,-1,1,-75.00,0.0006,118.7500,-112.5000,
TRADE,14/02/2020 01:00:00,1.32000,14/02/2020 10:00:00,1.31780,@BP,-1,1,137.50,0.0005,275.0000,-118.7500,
TRADE,21/02/2020 01:00:00,1.30480,21/02/2020 10:00:00,1.30980,@BP,-1,1,-312.50,0.0006,68.7500,-406.2500,
TRADE,28/02/2020 01:00:00,1.30370,28/02/2020 10:00:00,1.29730,@BP,-1,1,400.00,0.0009,412.5000,-212.5000,
TRADE,06/03/2020 01:00:00,1.31000,06/03/2020 10:00:00,1.31770,@BP,-1,1,-481.25,0.0008,18.7500,-493.7500,
TRADE,13/03/2020 01:00:00,1.27050,13/03/2020 10:00:00,1.26620,@BP,-1,1,268.75,0.0022,612.5000,-450.0000,
TRADE,20/03/2020 01:00:00,1.18230,20/03/2020 02:00:00,1.19110,@BP,-1,1,-550.00,0.0062,143.7500,-475.0000,
TRADE,27/03/2020 01:00:00,1.24020,27/03/2020 10:00:00,1.23950,@BP,-1,1,43.75,0.0046,662.5000,-287.5000,
TRADE,03/04/2020 01:00:00,1.25240,03/04/2020 10:00:00,1.24040,@BP,-1,1,750.00,0.0015,875.0000,-81.2500,
TRADE,17/04/2020 01:00:00,1.26350,17/04/2020 10:00:00,1.26430,@BP,-1,1,-50.00,0.0015,568.7500,-93.7500,
TRADE,24/04/2020 01:00:00,1.24870,24/04/2020 10:00:00,1.24680,@BP,-1,1,118.75,0.0011,343.7500,-162.5000,
TRADE,01/05/2020 01:00:00,1.27040,01/05/2020 10:00:00,1.26560,@BP,-1,1,300.00,0.0011,350.0000,-75.0000,
TRADE,08/05/2020 01:00:00,1.25220,08/05/2020 10:00:00,1.25090,@BP,-1,1,81.25,0.0013,187.5000,-93.7500,
TRADE,15/05/2020 01:00:00,1.23520,15/05/2020 10:00:00,1.22920,@BP,-1,1,375.00,0.0010,425.0000,-56.2500,
TRADE,22/05/2020 01:00:00,1.23430,22/05/2020 10:00:00,1.23130,@BP,-1,1,187.50,0.0008,306.2500,-75.0000,
TRADE,29/05/2020 01:00:00,1.24780,29/05/2020 10:00:00,1.24860,@BP,-1,1,-50.00,0.0016,343.7500,-156.2500,
TRADE,05/06/2020 01:00:00,1.27470,05/06/2020 09:00:00,1.28350,@BP,-1,1,-550.00,0.0028,43.7500,-525.0000,
TRADE,12/06/2020 01:00:00,1.27070,12/06/2020 10:00:00,1.27230,@BP,-1,1,-100.00,0.0010,12.5000,-500.0000,
TRADE,19/06/2020 01:00:00,1.25600,19/06/2020 10:00:00,1.25110,@BP,-1,1,306.25,0.0007,418.7500,-181.2500,
TRADE,26/06/2020 01:00:00,1.25620,26/06/2020 10:00:00,1.24910,@BP,-1,1,443.75,0.0013,456.2500,-31.2500,
TRADE,03/07/2020 01:00:00,1.25920,03/07/2020 10:00:00,1.25950,@BP,-1,1,-18.75,0.0010,143.7500,-162.5000,
TRADE,10/07/2020 01:00:00,1.27170,10/07/2020 10:00:00,1.27700,@BP,-1,1,-331.25,0.0006,118.7500,-431.2500,
TRADE,24/07/2020 01:00:00,1.28630,24/07/2020 10:00:00,1.28940,@BP,-1,1,-193.75,0.0017,100.0000,-243.7500,
TRADE,31/07/2020 01:00:00,1.32610,31/07/2020 10:00:00,1.32920,@BP,-1,1,-193.75,0.0013,156.2500,-200.0000,
TRADE,07/08/2020 01:00:00,1.32460,07/08/2020 10:00:00,1.31690,@BP,-1,1,481.25,0.0022,543.7500,-100.0000,
TRADE,14/08/2020 01:00:00,1.31880,14/08/2020 10:00:00,1.32530,@BP,-1,1,-406.25,0.0009,43.7500,-525.0000,
TRADE,21/08/2020 01:00:00,1.33710,21/08/2020 10:00:00,1.32230,@BP,-1,1,925.00,0.0012,1087.5000,-75.0000,
TRADE,04/09/2020 01:00:00,1.34080,04/09/2020 10:00:00,1.33270,@BP,-1,1,506.25,0.0009,537.5000,-237.5000,
TRADE,18/09/2020 01:00:00,1.30860,18/09/2020 10:00:00,1.30710,@BP,-1,1,93.75,0.0009,137.5000,-250.0000,
TRADE,25/09/2020 01:00:00,1.28840,25/09/2020 10:00:00,1.28420,@BP,-1,1,262.50,0.0014,400.0000,-300.0000,
TRADE,02/10/2020 01:00:00,1.29690,02/10/2020 03:00:00,1.30570,@BP,-1,1,-550.00,0.0031,43.7500,-256.2500,
TRADE,09/10/2020 01:00:00,1.30790,09/10/2020 10:00:00,1.30950,@BP,-1,1,-100.00,0.0005,212.5000,-143.7500,
TRADE,16/10/2020 01:00:00,1.30160,16/10/2020 10:00:00,1.30320,@BP,-1,1,-100.00,0.0005,243.7500,-437.5000,
TRADE,23/10/2020 01:00:00,1.31860,23/10/2020 10:00:00,1.31910,@BP,-1,1,-31.25,0.0010,75.0000,-381.2500,
TRADE,30/10/2020 01:00:00,1.30420,30/10/2020 10:00:00,1.30910,@BP,-1,1,-306.25,0.0017,125.0000,-443.7500,
TRADE,06/11/2020 01:00:00,1.32460,06/11/2020 10:00:00,1.32370,@BP,-1,1,56.25,0.0015,187.5000,-212.5000,
TRADE,13/11/2020 01:00:00,1.32490,13/11/2020 10:00:00,1.32840,@BP,-1,1,-218.75,0.0011,25.0000,-387.5000,
TRADE,20/11/2020 01:00:00,1.34010,20/11/2020 10:00:00,1.34050,@BP,-1,1,-25.00,0.0013,181.2500,-87.5000,
TRADE,27/11/2020 01:00:00,1.34970,27/11/2020 10:00:00,1.34680,@BP,-1,1,181.25,0.0007,400.0000,-50.0000,
TRADE,04/12/2020 01:00:00,1.35700,04/12/2020 09:00:00,1.36580,@BP,-1,1,-550.00,0.0009,250.0000,-531.2500,
TRADE,11/12/2020 01:00:00,1.34350,11/12/2020 08:00:00,1.32590,@BP,-1,1,1100.00,0.0006,1093.7500,-68.7500,
TRADE,18/12/2020 01:00:00,1.36480,18/12/2020 10:00:00,1.36130,@BP,-1,1,218.75,0.0009,293.7500,-200.0000,
TRADE,08/01/2021 01:00:00,1.36760,08/01/2021 10:00:00,1.36990,@BP,-1,1,-143.75,0.0011,25.0000,-475.0000,
TRADE,15/01/2021 01:00:00,1.37880,15/01/2021 10:00:00,1.37140,@BP,-1,1,462.50,0.0017,500.0000,-43.7500,
TRADE,22/01/2021 01:00:00,1.38200,22/01/2021 10:00:00,1.37740,@BP,-1,1,287.50,0.0009,450.0000,0.0000,
TRADE,29/01/2021 01:00:00,1.38170,29/01/2021 10:00:00,1.38370,@BP,-1,1,-125.00,0.0009,293.7500,-300.0000,
TRADE,05/02/2021 01:00:00,1.37940,05/02/2021 10:00:00,1.38330,@BP,-1,1,-243.75,0.0009,62.5000,-287.5000,
TRADE,12/02/2021 01:00:00,1.39120,12/02/2021 10:00:00,1.39310,@BP,-1,1,-118.75,0.0009,162.5000,-181.2500,
TRADE,26/02/2021 01:00:00,1.40610,26/02/2021 10:00:00,1.40470,@BP,-1,1,87.50,0.0021,393.7500,-181.2500,
TRADE,05/03/2021 01:00:00,1.39950,05/03/2021 10:00:00,1.39260,@BP,-1,1,431.25,0.0013,662.5000,-31.2500,
TRADE,12/03/2021 01:00:00,1.40840,12/03/2021 10:00:00,1.40000,@BP,-1,1,525.00,0.0009,700.0000,-12.5000,
TRADE,19/03/2021 01:00:00,1.40300,19/03/2021 10:00:00,1.39490,@BP,-1,1,506.25,0.0011,550.0000,-237.5000,
TRADE,26/03/2021 01:00:00,1.38670,26/03/2021 10:00:00,1.39020,@BP,-1,1,-218.75,0.0006,100.0000,-256.2500,
TRADE,02/04/2021 01:00:00,1.39540,02/04/2021 10:00:00,1.39380,@BP,-1,1,100.00,0.0006,237.5000,-43.7500,
TRADE,09/04/2021 01:00:00,1.38410,09/04/2021 10:00:00,1.38390,@BP,-1,1,12.50,0.0004,406.2500,-75.0000,
TRADE,16/04/2021 01:00:00,1.38720,16/04/2021 10:00:00,1.39010,@BP,-1,1,-181.25,0.0011,306.2500,-318.7500,
TRADE,23/04/2021 01:00:00,1.39700,23/04/2021 10:00:00,1.39680,@BP,-1,1,12.50,0.0009,75.0000,-206.2500,
TRADE,30/04/2021 01:00:00,1.40510,30/04/2021 10:00:00,1.39820,@BP,-1,1,431.25,0.0006,518.7500,-12.5000,
TRADE,07/05/2021 01:00:00,1.40150,07/05/2021 10:00:00,1.40480,@BP,-1,1,-206.25,0.0004,112.5000,-406.2500,
TRADE,21/05/2021 01:00:00,1.42870,21/05/2021 10:00:00,1.42760,@BP,-1,1,68.75,0.0009,100.0000,-331.2500,
TRADE,28/05/2021 01:00:00,1.43010,28/05/2021 10:00:00,1.42580,@BP,-1,1,268.75,0.0007,375.0000,-62.5000,
TRADE,04/06/2021 01:00:00,1.42000,04/06/2021 08:00:00,1.42880,@BP,-1,1,-550.00,0.0008,87.5000,-525.0000,
TRADE,11/06/2021 01:00:00,1.42870,11/06/2021 10:00:00,1.42280,@BP,-1,1,368.75,0.0007,381.2500,-25.0000,
TRADE,18/06/2021 01:00:00,1.40170,18/06/2021 10:00:00,1.39460,@BP,-1,1,443.75,0.0018,500.0000,-6.2500,
TRADE,25/06/2021 01:00:00,1.40300,25/06/2021 10:00:00,1.40340,@BP,-1,1,-25.00,0.0010,206.2500,-50.0000,
TRADE,02/07/2021 01:00:00,1.38770,02/07/2021 10:00:00,1.38840,@BP,-1,1,-43.75,0.0009,250.0000,-125.0000,
TRADE,16/07/2021 01:00:00,1.39430,16/07/2021 10:00:00,1.39090,@BP,-1,1,212.50,0.0008,293.7500,-156.2500,
TRADE,23/07/2021 01:00:00,1.38630,23/07/2021 10:00:00,1.38560,@BP,-1,1,43.75,0.0005,237.5000,-93.7500,
TRADE,30/07/2021 01:00:00,1.40540,30/07/2021 10:00:00,1.40580,@BP,-1,1,-25.00,0.0009,87.5000,-218.7500,
TRADE,06/08/2021 01:00:00,1.40260,06/08/2021 10:00:00,1.39930,@BP,-1,1,206.25,0.0004,237.5000,-75.0000,
TRADE,13/08/2021 01:00:00,1.39180,13/08/2021 10:00:00,1.39440,@BP,-1,1,-162.50,0.0003,143.7500,-181.2500,
TRADE,20/08/2021 01:00:00,1.37370,20/08/2021 10:00:00,1.37340,@BP,-1,1,18.75,0.0006,193.7500,-18.7500,
TRADE,27/08/2021 01:00:00,1.38050,27/08/2021 10:00:00,1.38450,@BP,-1,1,-250.00,0.0007,43.7500,-293.7500,
TRADE,03/09/2021 01:00:00,1.39370,03/09/2021 10:00:00,1.39560,@BP,-1,1,-118.75,0.0005,93.7500,-218.7500,
TRADE,17/09/2021 01:00:00,1.39100,17/09/2021 10:00:00,1.38780,@BP,-1,1,200.00,0.0011,218.7500,-37.5000,
TRADE,24/09/2021 01:00:00,1.38270,24/09/2021 10:00:00,1.37920,@BP,-1,1,218.75,0.0005,412.5000,-18.7500,
TRADE,01/10/2021 01:00:00,1.35600,01/10/2021 08:00:00,1.36480,@BP,-1,1,-550.00,0.0009,150.0000,-525.0000,
TRADE,08/10/2021 01:00:00,1.37060,08/10/2021 10:00:00,1.37300,@BP,-1,1,-150.00,0.0011,125.0000,-400.0000,
TRADE,15/10/2021 01:00:00,1.37890,15/10/2021 10:00:00,1.38580,@BP,-1,1,-431.25,0.0004,81.2500,-462.5000,
TRADE,22/10/2021 01:00:00,1.38990,22/10/2021 10:00:00,1.38890,@BP,-1,1,62.50,0.0006,162.5000,-118.7500,
TRADE,29/10/2021 01:00:00,1.38900,29/10/2021 10:00:00,1.38560,@BP,-1,1,212.50,0.0010,243.7500,-81.2500,
TRADE,05/11/2021 01:00:00,1.35980,05/11/2021 10:00:00,1.35610,@BP,-1,1,231.25,0.0009,450.0000,-81.2500,
TRADE,19/11/2021 01:00:00,1.35900,19/11/2021 10:00:00,1.35540,@BP,-1,1,225.00,0.0010,506.2500,-137.5000,
TRADE,26/11/2021 01:00:00,1.34070,26/11/2021 10:00:00,1.34390,@BP,-1,1,-200.00,0.0005,175.0000,-281.2500,
TRADE,03/12/2021 01:00:00,1.33980,03/12/2021 10:00:00,1.33510,@BP,-1,1,293.75,0.0010,343.7500,-100.0000,
TRADE,10/12/2021 01:00:00,1.33210,10/12/2021 10:00:00,1.33100,@BP,-1,1,68.75,0.0007,206.2500,-143.7500,
TRADE,31/12/2021 01:00:00,1.35880,31/12/2021 10:00:00,1.36070,@BP,-1,1,-118.75,0.0009,187.5000,-200.0000,
TRADE,07/01/2022 01:00:00,1.36370,07/01/2022 10:00:00,1.36560,@BP,-1,1,-118.75,0.0005,112.5000,-181.2500,
TRADE,14/01/2022 01:00:00,1.38250,14/01/2022 10:00:00,1.37840,@BP,-1,1,256.25,0.0010,300.0000,-68.7500,
TRADE,21/01/2022 01:00:00,1.36850,21/01/2022 10:00:00,1.36600,@BP,-1,1,156.25,0.0006,256.2500,-6.2500,
TRADE,28/01/2022 01:00:00,1.35040,28/01/2022 10:00:00,1.35120,@BP,-1,1,-50.00,0.0011,300.0000,-125.0000,
TRADE,04/02/2022 01:00:00,1.36890,04/02/2022 10:00:00,1.36230,@BP,-1,1,412.50,0.0010,575.0000,-6.2500,
TRADE,11/02/2022 01:00:00,1.36270,11/02/2022 10:00:00,1.36640,@BP,-1,1,-231.25,0.0009,118.7500,-418.7500,
TRADE,18/02/2022 01:00:00,1.37030,18/02/2022 10:00:00,1.37010,@BP,-1,1,12.50,0.0007,106.2500,-206.2500,
TRADE,25/02/2022 01:00:00,1.35310,25/02/2022 10:00:00,1.34670,@BP,-1,1,400.00,0.0013,437.5000,-6.2500,
TRADE,04/03/2022 01:00:00,1.34330,04/03/2022 10:00:00,1.33150,@BP,-1,1,737.50,0.0014,800.0000,-50.0000,
TRADE,11/03/2022 01:00:00,1.31670,11/03/2022 10:00:00,1.31760,@BP,-1,1,-56.25,0.0018,137.5000,-325.0000,
TRADE,18/03/2022 01:00:00,1.32470,18/03/2022 10:00:00,1.32250,@BP,-1,1,137.50,0.0007,256.2500,-118.7500,
TRADE,25/03/2022 01:00:00,1.33180,25/03/2022 10:00:00,1.32830,@BP,-1,1,218.75,0.0020,387.5000,-12.5000,
TRADE,01/04/2022 01:00:00,1.32270,01/04/2022 10:00:00,1.31970,@BP,-1,1,187.50,0.0007,256.2500,-93.7500,
TRADE,08/04/2022 01:00:00,1.31580,08/04/2022 10:00:00,1.30810,@BP,-1,1,481.25,0.0010,493.7500,-87.5000,
TRADE,22/04/2022 01:00:00,1.31240,22/04/2022 10:00:00,1.29690,@BP,-1,1,968.75,0.0011,1062.5000,-37.5000,
TRADE,29/04/2022 01:00:00,1.25940,29/04/2022 07:00:00,1.26820,@BP,-1,1,-550.00,0.0019,0.0000,-537.5000,
TRADE,06/05/2022 01:00:00,1.24680,06/05/2022 10:00:00,1.24240,@BP,-1,1,275.00,0.0010,575.0000,-68.7500,
TRADE,13/05/2022 01:00:00,1.23230,13/05/2022 10:00:00,1.22740,@BP,-1,1,306.25,0.0012,418.7500,-50.0000,
TRADE,20/05/2022 01:00:00,1.25540,20/05/2022 10:00:00,1.25890,@BP,-1,1,-218.75,0.0015,43.7500,-293.7500,
TRADE,27/05/2022 01:00:00,1.27520,27/05/2022 10:00:00,1.27480,@BP,-1,1,25.00,0.0010,412.5000,-12.5000,
TRADE,03/06/2022 01:00:00,1.26700,03/06/2022 10:00:00,1.26690,@BP,-1,1,6.25,0.0008,312.5000,-81.2500,
TRADE,10/06/2022 01:00:00,1.25950,10/06/2022 10:00:00,1.24680,@BP,-1,1,793.75,0.0005,837.5000,-131.2500,
TRADE,17/06/2022 01:00:00,1.24140,17/06/2022 10:00:00,1.23360,@BP,-1,1,487.50,0.0021,525.0000,-243.7500,
TRADE,24/06/2022 01:00:00,1.23890,24/06/2022 10:00:00,1.23830,@BP,-1,1,37.50,0.0009,225.0000,-187.5000,
TRADE,01/07/2022 01:00:00,1.22250,01/07/2022 10:00:00,1.21160,@BP,-1,1,681.25,0.0014,775.0000,-125.0000,
TRADE,08/07/2022 01:00:00,1.21200,08/07/2022 10:00:00,1.20890,@BP,-1,1,193.75,0.0027,587.5000,-100.0000,
TRADE,15/07/2022 01:00:00,1.19370,15/07/2022 10:00:00,1.19340,@BP,-1,1,18.75,0.0008,162.5000,-243.7500,
TRADE,22/07/2022 01:00:00,1.20610,22/07/2022 09:00:00,1.21490,@BP,-1,1,-550.00,0.0013,250.0000,-531.2500,
TRADE,29/07/2022 01:00:00,1.22910,29/07/2022 10:00:00,1.21860,@BP,-1,1,656.25,0.0018,781.2500,-362.5000,
TRADE,05/08/2022 01:00:00,1.22400,05/08/2022 10:00:00,1.21490,@BP,-1,1,568.75,0.0010,862.5000,-175.0000,
TRADE,12/08/2022 01:00:00,1.22870,12/08/2022 10:00:00,1.22360,@BP,-1,1,318.75,0.0009,512.5000,-187.5000,
TRADE,19/08/2022 01:00:00,1.19980,19/08/2022 10:00:00,1.19210,@BP,-1,1,481.25,0.0023,543.7500,-156.2500,
TRADE,26/08/2022 01:00:00,1.19030,26/08/2022 10:00:00,1.19630,@BP,-1,1,-375.00,0.0018,212.5000,-468.7500,
TRADE,02/09/2022 01:00:00,1.16410,02/09/2022 10:00:00,1.16240,@BP,-1,1,106.25,0.0014,143.7500,-268.7500,
TRADE,09/09/2022 01:00:00,1.16780,09/09/2022 10:00:00,1.16720,@BP,-1,1,37.50,0.0017,225.0000,-381.2500,
TRADE,16/09/2022 01:00:00,1.15600,16/09/2022 10:00:00,1.14920,@BP,-1,1,425.00,0.0009,718.7500,0.0000,
TRADE,23/09/2022 01:00:00,1.13270,23/09/2022 06:00:00,1.11510,@BP,-1,1,1100.00,0.0013,1006.2500,-81.2500,
TRADE,30/09/2022 01:00:00,1.11830,30/09/2022 04:00:00,1.12710,@BP,-1,1,-550.00,0.0030,75.0000,-512.5000,
TRADE,07/10/2022 01:00:00,1.12390,07/10/2022 10:00:00,1.12000,@BP,-1,1,243.75,0.0021,393.7500,-437.5000,
TRADE,14/10/2022 01:00:00,1.14060,14/10/2022 10:00:00,1.12730,@BP,-1,1,831.25,0.0018,968.7500,-87.5000,
TRADE,21/10/2022 01:00:00,1.12810,21/10/2022 10:00:00,1.12710,@BP,-1,1,62.50,0.0015,850.0000,-168.7500,
TRADE,28/10/2022 01:00:00,1.16570,28/10/2022 10:00:00,1.16480,@BP,-1,1,56.25,0.0014,425.0000,-81.2500,
TRADE,04/11/2022 01:00:00,1.13180,04/11/2022 10:00:00,1.13550,@BP,-1,1,-231.25,0.0032,568.7500,-393.7500,
TRADE,11/11/2022 01:00:00,1.17900,11/11/2022 08:00:00,1.18780,@BP,-1,1,-550.00,0.0042,93.7500,-512.5000,
TRADE,18/11/2022 01:00:00,1.19830,18/11/2022 10:00:00,1.19660,@BP,-1,1,106.25,0.0015,137.5000,-300.0000,
TRADE,25/11/2022 01:00:00,1.21780,25/11/2022 10:00:00,1.21620,@BP,-1,1,100.00,0.0028,262.5000,-156.2500,
TRADE,02/12/2022 01:00:00,1.23050,02/12/2022 10:00:00,1.22870,@BP,-1,1,112.50,0.0022,593.7500,-425.0000,
TRADE,09/12/2022 01:00:00,1.23330,09/12/2022 10:00:00,1.23380,@BP,-1,1,-31.25,0.0018,375.0000,-237.5000,
TRADE,16/12/2022 01:00:00,1.22780,16/12/2022 10:00:00,1.22900,@BP,-1,1,-75.00,0.0018,531.2500,-106.2500,
TRADE,23/12/2022 01:00:00,1.21020,23/12/2022 10:00:00,1.21060,@BP,-1,1,-25.00,0.0009,81.2500,-350.0000,
TRADE,30/12/2022 01:00:00,1.21060,30/12/2022 10:00:00,1.21400,@BP,-1,1,-212.50,0.0012,206.2500,-406.2500,
TRADE,06/01/2023 01:00:00,1.19670,06/01/2023 10:00:00,1.19590,@BP,-1,1,50.00,0.0027,393.7500,-175.0000,
TRADE,13/01/2023 01:00:00,1.22410,13/01/2023 10:00:00,1.22590,@BP,-1,1,-112.50,0.0017,193.7500,-437.5000,
TRADE,20/01/2023 01:00:00,1.24360,20/01/2023 10:00:00,1.24180,@BP,-1,1,112.50,0.0014,275.0000,-25.0000,
TRADE,27/01/2023 01:00:00,1.24360,27/01/2023 10:00:00,1.24400,@BP,-1,1,-25.00,0.0005,212.5000,-100.0000,
TRADE,03/02/2023 01:00:00,1.22660,03/02/2023 10:00:00,1.21840,@BP,-1,1,512.50,0.0012,712.5000,-312.5000,
TRADE,10/02/2023 01:00:00,1.21500,10/02/2023 10:00:00,1.21610,@BP,-1,1,-68.75,0.0012,131.2500,-243.7500,
TRADE,17/02/2023 01:00:00,1.19950,17/02/2023 10:00:00,1.20180,@BP,-1,1,-143.75,0.0007,200.0000,-293.7500,
TRADE,24/02/2023 01:00:00,1.20690,24/02/2023 10:00:00,1.19950,@BP,-1,1,462.50,0.0005,618.7500,-118.7500,
TRADE,10/03/2023 01:00:00,1.19690,10/03/2023 04:00:00,1.20570,@BP,-1,1,-550.00,0.0011,25.0000,-456.2500,
TRADE,17/03/2023 01:00:00,1.21890,17/03/2023 10:00:00,1.21870,@BP,-1,1,12.50,0.0010,218.7500,-181.2500,
TRADE,24/03/2023 01:00:00,1.23190,24/03/2023 10:00:00,1.22460,@BP,-1,1,456.25,0.0007,581.2500,-31.2500,
TRADE,31/03/2023 01:00:00,1.24300,31/03/2023 10:00:00,1.24240,@BP,-1,1,37.50,0.0009,262.5000,-25.0000,
TRADE,07/04/2023 01:00:00,1.24810,07/04/2023 10:00:00,1.24460,@BP,-1,1,218.75,0.0004,362.5000,-56.2500,
TRADE,14/04/2023 01:00:00,1.25740,14/04/2023 10:00:00,1.25020,@BP,-1,1,450.00,0.0006,506.2500,-6.2500,
TRADE,21/04/2023 01:00:00,1.24620,21/04/2023 10:00:00,1.24100,@BP,-1,1,325.00,0.0007,375.0000,-12.5000,
TRADE,28/04/2023 01:00:00,1.25110,28/04/2023 10:00:00,1.25400,@BP,-1,1,-181.25,0.0019,225.0000,-237.5000,
TRADE,05/05/2023 01:00:00,1.26350,05/05/2023 10:00:00,1.26250,@BP,-1,1,62.50,0.0006,537.5000,-175.0000,
TRADE,12/05/2023 01:00:00,1.25490,12/05/2023 10:00:00,1.25350,@BP,-1,1,87.50,0.0005,200.0000,-100.0000,
TRADE,19/05/2023 01:00:00,1.24190,19/05/2023 10:00:00,1.24620,@BP,-1,1,-268.75,0.0008,6.2500,-450.0000,
TRADE,26/05/2023 01:00:00,1.23580,26/05/2023 10:00:00,1.23700,@BP,-1,1,-75.00,0.0007,31.2500,-362.5000,
TRADE,02/06/2023 01:00:00,1.25480,02/06/2023 10:00:00,1.25400,@BP,-1,1,50.00,0.0012,225.0000,-93.7500,
TRADE,09/06/2023 01:00:00,1.25630,09/06/2023 10:00:00,1.25940,@BP,-1,1,-193.75,0.0005,68.7500,-262.5000,
TRADE,16/06/2023 01:00:00,1.27940,16/06/2023 10:00:00,1.28480,@BP,-1,1,-337.50,0.0009,6.2500,-431.2500,
TRADE,23/06/2023 01:00:00,1.27130,23/06/2023 10:00:00,1.27110,@BP,-1,1,12.50,0.0015,156.2500,-175.0000,
TRADE,30/06/2023 01:00:00,1.26270,30/06/2023 10:00:00,1.27010,@BP,-1,1,-462.50,0.0007,150.0000,-537.5000,
