TRADE,18/10/2010 17:30:00,1.64410,19/10/2010 05:30:00,1.63210,@BP,1,1,-750.00,0.0049,331.2500,-743.7500,
TRADE,25/10/2010 06:30:00,1.62930,26/10/2010 02:00:00,1.63220,@BP,1,1,181.25,0.0011,187.5000,-337.5000,
TRADE,01/11/2010 17:30:00,1.65890,02/11/2010 12:00:00,1.65730,@BP,1,1,-100.00,0.0012,262.5000,-468.7500,
TRADE,08/11/2010 18:00:00,1.66930,09/11/2010 07:30:00,1.67250,@BP,-1,1,-200.00,0.0007,481.2500,-275.0000,
TRADE,15/11/2010 06:30:00,1.66090,16/11/2010 02:00:00,1.65770,@BP,1,1,-200.00,0.0031,425.0000,-250.0000,
TRADE,22/11/2010 17:30:00,1.65120,23/11/2010 10:30:00,1.63920,@BP,1,1,-750.00,0.0011,25.0000,-706.2500,
TRADE,29/11/2010 06:30:00,1.61440,30/11/2010 02:00:00,1.61110,@BP,1,1,-206.25,0.0027,56.2500,-406.2500,
TRADE,06/12/2010 18:00:00,1.62820,07/12/2010 08:00:00,1.63620,@BP,-1,1,-500.00,0.0004,43.7500,-681.2500,
TRADE,13/12/2010 06:30:00,1.63270,14/12/2010 02:00:00,1.64440,@BP,1,1,731.25,0.0028,875.0000,-237.5000,
TRADE,20/12/2010 18:00:00,1.60820,21/12/2010 07:30:00,1.60350,@BP,-1,1,293.75,0.0013,375.0000,-362.5000,
TRADE,27/12/2010 18:00:00,1.59970,28/12/2010 07:30:00,1.60440,@BP,-1,1,-293.75,0.0007,93.7500,-550.0000,
TRADE,03/01/2011 18:00:00,1.60530,04/01/2011 03:30:00,1.61730,@BP,-1,1,-750.00,0.0019,162.5000,-587.5000,
TRADE,10/01/2011 06:30:00,1.60900,11/01/2011 02:00:00,1.61390,@BP,1,1,306.25,0.0022,531.2500,-137.5000,
TRADE,17/01/2011 18:00:00,1.64640,18/01/2011 04:00:00,1.65840,@BP,-1,1,-750.00,0.0013,12.5000,-593.7500,
TRADE,24/01/2011 18:00:00,1.65580,25/01/2011 07:30:00,1.63340,@BP,-1,1,1400.00,0.0012,1456.2500,-218.7500,
TRADE,31/01/2011 18:00:00,1.65890,01/02/2011 04:00:00,1.67090,@BP,-1,1,-750.00,0.0008,18.7500,-562.5000,
TRADE,07/02/2011 18:00:00,1.67000,08/02/2011 07:30:00,1.66700,@BP,-1,1,187.50,0.0019,262.5000,-237.5000,
TRADE,14/02/2011 06:30:00,1.65780,15/02/2011 02:00:00,1.65920,@BP,1,1,87.50,0.0016,393.7500,-125.0000,
TRADE,21/02/2011 18:00:00,1.68050,22/02/2011 11:30:00,1.66850,@BP,1,1,-750.00,0.0016,18.7500,-725.0000,
TRADE,28/02/2011 06:30:00,1.68110,01/03/2011 02:00:00,1.68430,@BP,1,1,200.00,0.0024,425.0000,-93.7500,
TRADE,07/03/2011 06:30:00,1.69160,07/03/2011 10:00:00,1.67960,@BP,1,1,-750.00,0.0021,31.2500,-712.5000,
TRADE,14/03/2011 06:30:00,1.66900,15/03/2011 02:00:00,1.66990,@BP,1,1,56.25,0.0027,568.7500,-106.2500,
TRADE,21/03/2011 17:30:00,1.68800,22/03/2011 12:00:00,1.69650,@BP,1,1,531.25,0.0008,637.5000,-37.5000,
TRADE,28/03/2011 06:30:00,1.65580,29/03/2011 02:00:00,1.66130,@BP,1,1,343.75,0.0021,412.5000,-31.2500,
TRADE,04/04/2011 06:30:00,1.67250,05/04/2011 02:00:00,1.66880,@BP,1,1,-231.25,0.0018,212.5000,-331.2500,
TRADE,11/04/2011 06:30:00,1.69410,12/04/2011 02:00:00,1.68890,@BP,1,1,-325.00,0.0009,431.2500,-500.0000,
TRADE,18/04/2011 06:30:00,1.68590,19/04/2011 02:00:00,1.68260,@BP,1,1,-206.25,0.0015,350.0000,-681.2500,
TRADE,25/04/2011 17:30:00,1.70780,26/04/2011 12:00:00,1.70600,@BP,1,1,-112.50,0.0005,262.5000,-375.0000,
TRADE,02/05/2011 18:00:00,1.72460,03/05/2011 07:30:00,1.70700,@BP,-1,1,1100.00,0.0012,1206.2500,-25.0000,
TRADE,09/05/2011 06:30:00,1.69580,10/05/2011 02:00:00,1.69560,@BP,1,1,-12.50,0.0022,337.5000,-618.7500,
TRADE,16/05/2011 06:30:00,1.67640,17/05/2011 02:00:00,1.68150,@BP,1,1,318.75,0.0020,512.5000,-81.2500,
TRADE,23/05/2011 17:30:00,1.67170,24/05/2011 12:00:00,1.67750,@BP,1,1,362.50,0.0008,537.5000,-418.7500,
TRADE,30/05/2011 18:00:00,1.70710,31/05/2011 12:30:00,1.70270,@BP,1,1,-275.00,0.0016,450.0000,-331.2500,
TRADE,06/06/2011 06:30:00,1.70040,07/06/2011 03:00:00,1.69950,@BP,1,1,-56.25,0.0012,18.7500,-518.7500,
TRADE,13/06/2011 06:30:00,1.68830,14/06/2011 02:00:00,1.70070,@BP,1,1,775.00,0.0013,875.0000,-18.7500,
TRADE,20/06/2011 06:30:00,1.67690,21/06/2011 02:00:00,1.68310,@BP,1,1,387.50,0.0022,531.2500,-62.5000,
TRADE,27/06/2011 18:00:00,1.65850,28/06/2011 07:30:00,1.65620,@BP,-1,1,143.75,0.0014,456.2500,-118.7500,
TRADE,04/07/2011 18:00:00,1.66940,05/07/2011 07:30:00,1.67220,@BP,-1,1,-175.00,0.0012,631.2500,-237.5000,
TRADE,18/07/2011 17:30:00,1.66590,19/07/2011 12:00:00,1.67490,@BP,1,1,562.50,0.0010,793.7500,-31.2500,
TRADE,25/07/2011 06:30:00,1.68850,26/07/2011 02:00:00,1.69450,@BP,1,1,375.00,0.0014,581.2500,-68.7500,
TRADE,01/08/2011 18:00:00,1.69120,02/08/2011 07:30:00,1.68810,@BP,-1,1,193.75,0.0013,268.7500,-168.7500,
TRADE,08/08/2011 18:00:00,1.69340,09/08/2011 07:30:00,1.69440,@BP,-1,1,-62.50,0.0017,331.2500,-562.5000,
TRADE,15/08/2011 18:00:00,1.69970,16/08/2011 07:30:00,1.69810,@BP,-1,1,100.00,0.0016,387.5000,-62.5000,
TRADE,22/08/2011 18:00:00,1.70740,23/08/2011 07:30:00,1.71210,@BP,-1,1,-293.75,0.0011,43.7500,-712.5000,
TRADE,29/08/2011 18:00:00,1.70330,30/08/2011 07:30:00,1.69230,@BP,-1,1,687.50,0.0011,881.2500,-6.2500,
TRADE,12/09/2011 18:00:00,1.64670,13/09/2011 07:30:00,1.64220,@BP,-1,1,281.25,0.0014,575.0000,-93.7500,
TRADE,19/09/2011 18:00:00,1.62780,20/09/2011 07:30:00,1.63230,@BP,-1,1,-281.25,0.0040,75.0000,-425.0000,
TRADE,26/09/2011 18:00:00,1.61610,27/09/2011 07:30:00,1.62370,@BP,-1,1,-475.00,0.0012,143.7500,-518.7500,
TRADE,10/10/2011 18:00:00,1.62680,11/10/2011 07:30:00,1.62390,@BP,-1,1,181.25,0.0016,262.5000,-62.5000,
TRADE,17/10/2011 18:00:00,1.63590,18/10/2011 07:30:00,1.63360,@BP,-1,1,143.75,0.0007,300.0000,-487.5000,
TRADE,24/10/2011 18:00:00,1.66060,25/10/2011 07:30:00,1.66250,@BP,-1,1,-118.75,0.0019,168.7500,-206.2500,
TRADE,31/10/2011 06:30:00,1.66390,01/11/2011 02:00:00,1.66710,@BP,1,1,200.00,0.0018,900.0000,-81.2500,
TRADE,07/11/2011 06:30:00,1.66710,08/11/2011 02:00:00,1.66690,@BP,1,1,-12.50,0.0035,93.7500,-293.7500,
TRADE,14/11/2011 17:30:00,1.65200,15/11/2011 12:00:00,1.64480,@BP,1,1,-450.00,0.0019,200.0000,-637.5000,
TRADE,21/11/2011 17:30:00,1.62670,22/11/2011 12:00:00,1.62770,@BP,1,1,62.50,0.0008,287.5000,-406.2500,
TRADE,28/11/2011 18:00:00,1.61270,29/11/2011 04:30:00,1.62470,@BP,-1,1,-750.00,0.0008,218.7500,-718.7500,
TRADE,05/12/2011 06:30:00,1.62580,06/12/2011 02:00:00,1.62400,@BP,1,1,-112.50,0.0010,550.0000,-193.7500,
TRADE,12/12/2011 06:30:00,1.62480,13/12/2011 02:00:00,1.62350,@BP,1,1,-81.25,0.0018,312.5000,-225.0000,
TRADE,19/12/2011 17:30:00,1.61370,20/12/2011 12:00:00,1.63050,@BP,1,1,1050.00,0.0012,1281.2500,-37.5000,
TRADE,09/01/2012 06:30:00,1.60860,10/01/2012 02:00:00,1.61170,@BP,1,1,193.75,0.0020,281.2500,-131.2500,
TRADE,16/01/2012 06:30:00,1.59560,17/01/2012 06:00:00,1.60260,@BP,1,1,437.50,0.0020,543.7500,-50.0000,
TRADE,23/01/2012 17:30:00,1.62110,24/01/2012 12:00:00,1.62500,@BP,1,1,243.75,0.0016,318.7500,-200.0000,
TRADE,30/01/2012 17:30:00,1.63550,31/01/2012 12:00:00,1.64050,@BP,1,1,312.50,0.0012,581.2500,-62.5000,
TRADE,06/02/2012 18:00:00,1.64640,07/02/2012 07:30:00,1.64530,@BP,-1,1,68.75,0.0012,143.7500,-143.7500,
TRADE,13/02/2012 18:00:00,1.63770,14/02/2012 07:30:00,1.63700,@BP,-1,1,43.75,0.0051,256.2500,-281.2500,
TRADE,27/02/2012 17:30:00,1.64720,28/02/2012 12:00:00,1.65310,@BP,1,1,368.75,0.0008,506.2500,-125.0000,
TRADE,05/03/2012 06:30:00,1.64690,06/03/2012 02:00:00,1.65060,@BP,1,1,231.25,0.0024,418.7500,-12.5000,
TRADE,12/03/2012 06:30:00,1.62740,13/03/2012 02:00:00,1.63040,@BP,1,1,187.50,0.0053,250.0000,-118.7500,
TRADE,26/03/2012 06:30:00,1.65280,27/03/2012 02:00:00,1.66170,@BP,1,1,556.25,0.0026,631.2500,-18.7500,
TRADE,09/04/2012 06:30:00,1.65280,10/04/2012 02:00:00,1.65800,@BP,1,1,325.00,0.0010,381.2500,-137.5000,
TRADE,16/04/2012 06:30:00,1.64950,17/04/2012 02:00:00,1.65260,@BP,1,1,193.75,0.0016,468.7500,-100.0000,
TRADE,23/04/2012 17:30:00,1.67860,24/04/2012 12:00:00,1.67930,@BP,1,1,43.75,0.0013,225.0000,-112.5000,
TRADE,30/04/2012 18:00:00,1.68960,01/05/2012 07:30:00,1.68860,@BP,-1,1,62.50,0.0008,281.2500,-12.5000,
TRADE,07/05/2012 18:00:00,1.68570,08/05/2012 07:30:00,1.68190,@BP,-1,1,237.50,0.0012,468.7500,0.0000,
TRADE,14/05/2012 06:30:00,1.67220,15/05/2012 02:00:00,1.67670,@BP,1,1,281.25,0.0013,393.7500,-12.5000,
TRADE,21/05/2012 18:00:00,1.64880,22/05/2012 07:30:00,1.64360,@BP,-1,1,325.00,0.0011,393.7500,-143.7500,
TRADE,28/05/2012 18:00:00,1.63430,29/05/2012 07:30:00,1.63350,@BP,-1,1,50.00,0.0010,162.5000,-218.7500,
TRADE,04/06/2012 18:00:00,1.60410,05/06/2012 07:30:00,1.60080,@BP,-1,1,206.25,0.0005,356.2500,-187.5000,
TRADE,11/06/2012 18:00:00,1.61620,12/06/2012 07:30:00,1.62280,@BP,-1,1,-412.50,0.0025,106.2500,-456.2500,
TRADE,18/06/2012 18:00:00,1.63660,19/06/2012 07:30:00,1.63730,@BP,-1,1,-43.75,0.0012,368.7500,-137.5000,
TRADE,25/06/2012 18:00:00,1.62590,26/06/2012 07:30:00,1.63140,@BP,-1,1,-343.75,0.0006,12.5000,-531.2500,
TRADE,02/07/2012 17:30:00,1.63870,03/07/2012 12:00:00,1.63900,@BP,1,1,18.75,0.0008,131.2500,-206.2500,
TRADE,09/07/2012 06:30:00,1.61840,10/07/2012 02:00:00,1.62040,@BP,1,1,125.00,0.0008,306.2500,-56.2500,
TRADE,16/07/2012 06:30:00,1.62250,17/07/2012 02:00:00,1.63430,@BP,1,1,737.50,0.0015,925.0000,-62.5000,
TRADE,23/07/2012 06:30:00,1.62370,24/07/2012 02:00:00,1.62040,@BP,1,1,-206.25,0.0015,0.0000,-362.5000,
TRADE,30/07/2012 17:30:00,1.64020,31/07/2012 12:00:00,1.63690,@BP,1,1,-206.25,0.0004,150.0000,-500.0000,
TRADE,06/08/2012 06:30:00,1.62470,07/08/2012 02:00:00,1.62630,@BP,1,1,100.00,0.0011,575.0000,-31.2500,
TRADE,13/08/2012 06:30:00,1.64000,14/08/2012 02:00:00,1.63930,@BP,1,1,-43.75,0.0024,81.2500,-187.5000,
TRADE,20/08/2012 06:30:00,1.63880,21/08/2012 02:00:00,1.64280,@BP,1,1,250.00,0.0013,275.0000,-68.7500,
TRADE,27/08/2012 06:30:00,1.65090,28/08/2012 02:00:00,1.64800,@BP,1,1,-181.25,0.0007,25.0000,-375.0000,
TRADE,03/09/2012 06:30:00,1.65920,04/09/2012 06:00:00,1.65750,@BP,1,1,-106.25,0.0011,81.2500,-137.5000,
TRADE,10/09/2012 17:30:00,1.66850,11/09/2012 12:00:00,1.67700,@BP,1,1,531.25,0.0004,568.7500,-18.7500,
TRADE,17/09/2012 18:00:00,1.69400,18/09/2012 07:30:00,1.69430,@BP,-1,1,-18.75,0.0005,168.7500,-87.5000,
TRADE,24/09/2012 18:00:00,1.69150,25/09/2012 07:30:00,1.69280,@BP,-1,1,-81.25,0.0010,31.2500,-293.7500,
TRADE,01/10/2012 18:00:00,1.68260,02/10/2012 07:30:00,1.68420,@BP,-1,1,-100.00,0.0004,31.2500,-250.0000,
TRADE,15/10/2012 17:30:00,1.67680,16/10/2012 12:00:00,1.68140,@BP,1,1,287.50,0.0005,375.0000,-75.0000,
TRADE,22/10/2012 06:30:00,1.67380,23/10/2012 02:00:00,1.67080,@BP,1,1,-187.50,0.0015,50.0000,-275.0000,
TRADE,29/10/2012 06:30:00,1.67600,30/10/2012 02:00:00,1.67350,@BP,1,1,-156.25,0.0010,0.0000,-356.2500,
TRADE,05/11/2012 06:30:00,1.66720,06/11/2012 02:00:00,1.66850,@BP,1,1,81.25,0.0011,143.7500,-112.5000,
TRADE,12/11/2012 06:30:00,1.65730,13/11/2012 02:00:00,1.65670,@BP,1,1,-37.50,0.0014,62.5000,-112.5000,
TRADE,19/11/2012 06:30:00,1.66010,20/11/2012 02:00:00,1.66090,@BP,1,1,50.00,0.0009,100.0000,-106.2500,
TRADE,26/11/2012 17:30:00,1.67300,27/11/2012 12:00:00,1.67240,@BP,1,1,-37.50,0.0007,162.5000,-118.7500,
TRADE,10/12/2012 06:30:00,1.67550,11/12/2012 02:00:00,1.67710,@BP,1,1,100.00,0.0014,250.0000,-18.7500,
TRADE,17/12/2012 06:30:00,1.69030,18/12/2012 02:00:00,1.69060,@BP,1,1,18.75,0.0009,87.5000,-68.7500,
TRADE,31/12/2012 06:30:00,1.68670,02/01/2013 14:00:00,1.69380,@BP,1,1,443.75,0.0012,937.5000,-68.7500,
TRADE,07/01/2013 06:30:00,1.67560,08/01/2013 02:00:00,1.67870,@BP,1,1,193.75,0.0009,437.5000,0.0000,
TRADE,14/01/2013 06:30:00,1.67780,15/01/2013 02:00:00,1.67830,@BP,1,1,31.25,0.0030,100.0000,-306.2500,
TRADE,21/01/2013 06:30:00,1.65800,22/01/2013 06:00:00,1.65640,@BP,1,1,-100.00,0.0011,37.5000,-475.0000,
TRADE,04/02/2013 18:00:00,1.64560,05/02/2013 07:30:00,1.64330,@BP,-1,1,143.75,0.0014,181.2500,-306.2500,
TRADE,18/02/2013 18:00:00,1.61770,19/02/2013 07:30:00,1.61550,@BP,-1,1,137.50,0.0007,137.5000,-181.2500,
TRADE,25/02/2013 18:00:00,1.58650,26/02/2013 07:30:00,1.58590,@BP,-1,1,37.50,0.0014,225.0000,-350.0000,
TRADE,04/03/2013 18:00:00,1.58190,05/03/2013 07:30:00,1.58520,@BP,-1,1,-206.25,0.0006,68.7500,-518.7500,
TRADE,11/03/2013 18:00:00,1.56130,12/03/2013 07:30:00,1.55800,@BP,-1,1,206.25,0.0009,500.0000,-31.2500,
TRADE,18/03/2013 18:00:00,1.58040,19/03/2013 07:30:00,1.58170,@BP,-1,1,-81.25,0.0012,175.0000,-218.7500,
TRADE,25/03/2013 18:00:00,1.58760,26/03/2013 07:30:00,1.58480,@BP,-1,1,175.00,0.0006,181.2500,-218.7500,
TRADE,01/04/2013 18:00:00,1.59280,02/04/2013 07:30:00,1.58740,@BP,-1,1,337.50,0.0013,381.2500,-218.7500,
TRADE,08/04/2013 18:00:00,1.59630,09/04/2013 07:30:00,1.60060,@BP,-1,1,-268.75,0.0011,56.2500,-406.2500,
TRADE,15/04/2013 18:00:00,1.59960,16/04/2013 07:30:00,1.60100,@BP,-1,1,-87.50,0.0010,125.0000,-175.0000,
TRADE,22/04/2013 17:30:00,1.59930,23/04/2013 12:00:00,1.59720,@BP,1,1,-131.25,0.0009,62.5000,-568.7500,
TRADE,06/05/2013 18:00:00,1.62460,07/05/2013 07:30:00,1.62340,@BP,-1,1,75.00,0.0006,106.2500,-81.2500,
TRADE,13/05/2013 18:00:00,1.60040,14/05/2013 07:30:00,1.59990,@BP,-1,1,31.25,0.0007,181.2500,-206.2500,
TRADE,20/05/2013 18:00:00,1.59720,21/05/2013 07:30:00,1.58520,@BP,-1,1,750.00,0.0014,787.5000,-75.0000,
TRADE,27/05/2013 18:00:00,1.58150,28/05/2013 07:30:00,1.58210,@BP,-1,1,-37.50,0.0007,268.7500,-175.0000,
TRADE,03/06/2013 18:00:00,1.60290,04/06/2013 07:30:00,1.60120,@BP,-1,1,106.25,0.0008,231.2500,-143.7500,
TRADE,10/06/2013 18:00:00,1.62810,11/06/2013 07:30:00,1.62500,@BP,-1,1,193.75,0.0007,250.0000,-168.7500,
TRADE,17/06/2013 18:00:00,1.64250,18/06/2013 07:30:00,1.63390,@BP,-1,1,537.50,0.0007,737.5000,-31.2500,
TRADE,24/06/2013 18:00:00,1.61470,25/06/2013 07:30:00,1.61740,@BP,-1,1,-168.75,0.0005,81.2500,-218.7500,
TRADE,01/07/2013 18:00:00,1.59220,02/07/2013 07:30:00,1.58870,@BP,-1,1,218.75,0.0005,356.2500,-150.0000,
TRADE,08/07/2013 18:00:00,1.56580,09/07/2013 07:30:00,1.55760,@BP,-1,1,512.50,0.0006,731.2500,-200.0000,
TRADE,15/07/2013 18:00:00,1.58140,16/07/2013 07:30:00,1.57960,@BP,-1,1,112.50,0.0009,381.2500,-243.7500,
TRADE,22/07/2013 18:00:00,1.60700,23/07/2013 07:30:00,1.60440,@BP,-1,1,162.50,0.0007,187.5000,-131.2500,
TRADE,29/07/2013 17:30:00,1.60540,30/07/2013 12:00:00,1.59540,@BP,1,1,-625.00,0.0008,75.0000,-643.7500,
TRADE,05/08/2013 06:30:00,1.60590,06/08/2013 02:00:00,1.60450,@BP,1,1,-87.50,0.0012,131.2500,-168.7500,
TRADE,12/08/2013 06:30:00,1.61920,13/08/2013 02:00:00,1.61780,@BP,1,1,-87.50,0.0010,68.7500,-200.0000,
TRADE,19/08/2013 17:30:00,1.63610,20/08/2013 12:00:00,1.63900,@BP,1,1,181.25,0.0008,312.5000,-125.0000,
TRADE,26/08/2013 18:00:00,1.62910,27/08/2013 07:30:00,1.62200,@BP,-1,1,443.75,0.0003,487.5000,-93.7500,
TRADE,02/09/2013 06:30:00,1.62980,03/09/2013 06:00:00,1.62870,@BP,1,1,-68.75,0.0006,137.5000,-350.0000,
TRADE,09/09/2013 06:30:00,1.63820,10/09/2013 02:00:00,1.64110,@BP,1,1,181.25,0.0010,381.2500,0.0000,
TRADE,16/09/2013 18:00:00,1.66080,17/09/2013 07:30:00,1.66220,@BP,-1,1,-87.50,0.0008,75.0000,-250.0000,
TRADE,23/09/2013 18:00:00,1.67530,24/09/2013 07:30:00,1.66950,@BP,-1,1,362.50,0.0006,450.0000,-6.2500,
TRADE,30/09/2013 18:00:00,1.68990,01/10/2013 07:30:00,1.69410,@BP,-1,1,-262.50,0.0007,37.5000,-456.2500,
TRADE,07/10/2013 18:00:00,1.68030,08/10/2013 07:30:00,1.68200,@BP,-1,1,-106.25,0.0009,456.2500,-150.0000,
TRADE,14/10/2013 18:00:00,1.66950,15/10/2013 07:30:00,1.66470,@BP,-1,1,300.00,0.0007,418.7500,-293.7500,
TRADE,21/10/2013 18:00:00,1.68590,22/10/2013 07:30:00,1.68500,@BP,-1,1,56.25,0.0005,193.7500,-12.5000,
TRADE,28/10/2013 18:00:00,1.68510,29/10/2013 07:30:00,1.67820,@BP,-1,1,431.25,0.0006,456.2500,-37.5000,
TRADE,04/11/2013 18:00:00,1.66830,05/11/2013 07:30:00,1.67770,@BP,-1,1,-587.50,0.0006,118.7500,-593.7500,
TRADE,11/11/2013 06:30:00,1.67080,12/11/2013 02:00:00,1.66830,@BP,1,1,-156.25,0.0006,37.5000,-256.2500,
TRADE,18/11/2013 06:30:00,1.68150,19/11/2013 02:00:00,1.68230,@BP,1,1,50.00,0.0022,200.0000,-100.0000,
TRADE,25/11/2013 06:30:00,1.69220,26/11/2013 02:00:00,1.68800,@BP,1,1,-262.50,0.0012,0.0000,-443.7500,
TRADE,09/12/2013 18:00:00,1.71410,10/12/2013 07:30:00,1.71610,@BP,-1,1,-125.00,0.0006,31.2500,-256.2500,
TRADE,16/12/2013 17:30:00,1.70140,17/12/2013 12:00:00,1.69740,@BP,1,1,-250.00,0.0009,237.5000,-531.2500,
TRADE,23/12/2013 06:30:00,1.70740,24/12/2013 02:00:00,1.70700,@BP,1,1,-25.00,0.0007,100.0000,-168.7500,
TRADE,30/12/2013 17:30:00,1.72110,31/12/2013 12:00:00,1.72830,@BP,1,1,450.00,0.0010,531.2500,-125.0000,
TRADE,06/01/2014 18:00:00,1.71230,07/01/2014 07:30:00,1.71310,@BP,-1,1,-50.00,0.0011,181.2500,-212.5000,
TRADE,13/01/2014 17:30:00,1.71040,14/01/2014 12:00:00,1.71660,@BP,1,1,387.50,0.0006,500.0000,-118.7500,
TRADE,20/01/2014 18:00:00,1.71430,21/01/2014 12:30:00,1.71950,@BP,1,1,325.00,0.0010,393.7500,-156.2500,
TRADE,27/01/2014 17:30:00,1.73000,28/01/2014 12:00:00,1.72960,@BP,1,1,-25.00,0.0012,281.2500,-268.7500,
TRADE,03/02/2014 06:30:00,1.70530,04/02/2014 02:00:00,1.70050,@BP,1,1,-300.00,0.0021,212.5000,-468.7500,
TRADE,10/02/2014 17:30:00,1.71270,11/02/2014 12:00:00,1.71850,@BP,1,1,362.50,0.0008,518.7500,-87.5000,
TRADE,24/02/2014 18:00:00,1.73790,25/02/2014 07:30:00,1.74170,@BP,-1,1,-237.50,0.0007,56.2500,-325.0000,
TRADE,03/03/2014 18:00:00,1.73910,04/03/2014 07:30:00,1.74220,@BP,-1,1,-193.75,0.0006,168.7500,-312.5000,
TRADE,10/03/2014 18:00:00,1.73670,11/03/2014 07:30:00,1.73310,@BP,-1,1,225.00,0.0007,300.0000,-50.0000,
TRADE,17/03/2014 18:00:00,1.73590,18/03/2014 07:30:00,1.73450,@BP,-1,1,87.50,0.0005,293.7500,-75.0000,
TRADE,24/03/2014 06:30:00,1.72190,25/03/2014 02:00:00,1.72170,@BP,1,1,-12.50,0.0015,262.5000,-143.7500,
TRADE,31/03/2014 06:30:00,1.73670,01/04/2014 02:00:00,1.73880,@BP,1,1,131.25,0.0013,262.5000,-187.5000,
TRADE,07/04/2014 06:30:00,1.73060,08/04/2014 02:00:00,1.73380,@BP,1,1,200.00,0.0014,268.7500,-18.7500,
TRADE,14/04/2014 18:00:00,1.74520,15/04/2014 07:30:00,1.74440,@BP,-1,1,50.00,0.0003,487.5000,-37.5000,
TRADE,21/04/2014 18:00:00,1.75210,22/04/2014 07:30:00,1.75510,@BP,-1,1,-187.50,0.0004,50.0000,-262.5000,
TRADE,28/04/2014 18:00:00,1.75360,29/04/2014 07:30:00,1.75370,@BP,-1,1,-6.25,0.0002,93.7500,-243.7500,
TRADE,05/05/2014 18:00:00,1.75960,06/05/2014 07:30:00,1.77000,@BP,-1,1,-650.00,0.0003,6.2500,-700.0000,
TRADE,12/05/2014 18:00:00,1.75980,13/05/2014 07:30:00,1.75680,@BP,-1,1,187.50,0.0003,275.0000,-93.7500,
TRADE,19/05/2014 18:00:00,1.75450,20/05/2014 07:30:00,1.75570,@BP,-1,1,-75.00,0.0005,75.0000,-331.2500,
TRADE,26/05/2014 06:30:00,1.75760,27/05/2014 06:00:00,1.75580,@BP,1,1,-112.50,0.0006,237.5000,-200.0000,
TRADE,02/06/2014 17:30:00,1.74790,03/06/2014 12:00:00,1.74880,@BP,1,1,56.25,0.0005,231.2500,-100.0000,
TRADE,09/06/2014 17:30:00,1.75360,10/06/2014 12:00:00,1.74890,@BP,1,1,-293.75,0.0004,100.0000,-337.5000,
TRADE,23/06/2014 06:30:00,1.77580,24/06/2014 02:00:00,1.77590,@BP,1,1,6.25,0.0010,50.0000,-137.5000,
TRADE,30/06/2014 06:30:00,1.77710,01/07/2014 02:00:00,1.78370,@BP,1,1,412.50,0.0026,500.0000,-6.2500,
TRADE,07/07/2014 18:00:00,1.78720,08/07/2014 07:30:00,1.78550,@BP,-1,1,106.25,0.0009,312.5000,-81.2500,
TRADE,14/07/2014 18:00:00,1.78240,15/07/2014 07:30:00,1.78970,@BP,-1,1,-456.25,0.0005,175.0000,-500.0000,
TRADE,21/07/2014 06:30:00,1.78170,22/07/2014 02:00:00,1.78180,@BP,1,1,6.25,0.0015,31.2500,-143.7500,
TRADE,28/07/2014 06:30:00,1.77250,29/07/2014 02:00:00,1.77150,@BP,1,1,-62.50,0.0008,100.0000,-112.5000,
TRADE,04/08/2014 18:00:00,1.76020,05/08/2014 07:30:00,1.76020,@BP,-1,1,0.00,0.0004,100.0000,-168.7500,
TRADE,11/08/2014 18:00:00,1.75300,12/08/2014 07:30:00,1.75130,@BP,-1,1,106.25,0.0002,200.0000,0.0000,
TRADE,18/08/2014 18:00:00,1.74690,19/08/2014 07:30:00,1.73810,@BP,-1,1,550.00,0.0005,581.2500,0.0000,
TRADE,25/08/2014 18:00:00,1.73150,26/08/2014 07:30:00,1.73140,@BP,-1,1,6.25,0.0011,31.2500,-150.0000,
TRADE,01/09/2014 18:00:00,1.73550,02/09/2014 07:30:00,1.72760,@BP,-1,1,493.75,0.0007,581.2500,-31.2500,
TRADE,15/09/2014 18:00:00,1.69760,16/09/2014 07:30:00,1.69410,@BP,-1,1,218.75,0.0011,425.0000,-125.0000,
TRADE,22/09/2014 18:00:00,1.71100,23/09/2014 07:30:00,1.71560,@BP,-1,1,-287.50,0.0005,381.2500,-325.0000,
TRADE,29/09/2014 18:00:00,1.69890,30/09/2014 07:30:00,1.69310,@BP,-1,1,362.50,0.0003,475.0000,-287.5000,
TRADE,06/10/2014 18:00:00,1.68260,07/10/2014 07:30:00,1.68250,@BP,-1,1,6.25,0.0008,318.7500,-243.7500,
TRADE,13/10/2014 18:00:00,1.68210,14/10/2014 07:30:00,1.66650,@BP,-1,1,975.00,0.0016,987.5000,-56.2500,
TRADE,20/10/2014 18:00:00,1.69150,21/10/2014 07:30:00,1.69070,@BP,-1,1,50.00,0.0007,143.7500,-131.2500,
TRADE,27/10/2014 18:00:00,1.68670,28/10/2014 07:30:00,1.68650,@BP,-1,1,12.50,0.0006,168.7500,-100.0000,
TRADE,03/11/2014 18:00:00,1.67290,04/11/2014 07:30:00,1.67570,@BP,-1,1,-175.00,0.0007,68.7500,-200.0000,
TRADE,10/11/2014 18:00:00,1.66020,11/11/2014 07:30:00,1.66100,@BP,-1,1,-50.00,0.0007,81.2500,-156.2500,
TRADE,17/11/2014 18:00:00,1.63900,18/11/2014 07:30:00,1.64010,@BP,-1,1,-68.75,0.0008,18.7500,-231.2500,
TRADE,24/11/2014 18:00:00,1.64600,25/11/2014 07:30:00,1.64200,@BP,-1,1,250.00,0.0011,343.7500,0.0000,
TRADE,01/12/2014 18:00:00,1.64890,02/12/2014 07:30:00,1.64160,@BP,-1,1,456.25,0.0008,475.0000,-68.7500,
TRADE,08/12/2014 18:00:00,1.64070,09/12/2014 07:30:00,1.64120,@BP,-1,1,-31.25,0.0008,150.0000,-262.5000,
TRADE,22/12/2014 18:00:00,1.63320,23/12/2014 07:30:00,1.62850,@BP,-1,1,293.75,0.0018,331.2500,-212.5000,
TRADE,05/01/2015 18:00:00,1.60160,06/01/2015 07:30:00,1.59510,@BP,-1,1,406.25,0.0011,506.2500,-100.0000,
TRADE,12/01/2015 18:00:00,1.59270,13/01/2015 07:30:00,1.59330,@BP,-1,1,-37.50,0.0008,562.5000,-156.2500,
TRADE,19/01/2015 18:00:00,1.58590,20/01/2015 07:30:00,1.59280,@BP,-1,1,-431.25,0.0026,256.2500,-506.2500,
TRADE,26/01/2015 18:00:00,1.58480,27/01/2015 07:30:00,1.58820,@BP,-1,1,-212.50,0.0006,162.5000,-300.0000,
TRADE,02/02/2015 18:00:00,1.57960,03/02/2015 07:30:00,1.58350,@BP,-1,1,-243.75,0.0018,287.5000,-300.0000,
TRADE,09/02/2015 18:00:00,1.59900,10/02/2015 07:30:00,1.59880,@BP,-1,1,12.50,0.0016,187.5000,-150.0000,
TRADE,23/02/2015 18:00:00,1.62210,24/02/2015 07:30:00,1.62010,@BP,-1,1,125.00,0.0006,168.7500,-68.7500,
TRADE,09/03/2015 18:00:00,1.58740,10/03/2015 07:30:00,1.57940,@BP,-1,1,500.00,0.0004,593.7500,-6.2500,
TRADE,16/03/2015 18:00:00,1.55750,17/03/2015 07:30:00,1.55020,@BP,-1,1,456.25,0.0008,462.5000,-137.5000,
TRADE,23/03/2015 18:00:00,1.57150,24/03/2015 07:30:00,1.56640,@BP,-1,1,318.75,0.0014,425.0000,-75.0000,
TRADE,30/03/2015 18:00:00,1.55610,31/03/2015 07:30:00,1.55310,@BP,-1,1,187.50,0.0013,325.0000,-62.5000,
TRADE,13/04/2015 06:30:00,1.53530,14/04/2015 02:00:00,1.54180,@BP,1,1,406.25,0.0023,587.5000,-18.7500,
TRADE,20/04/2015 17:30:00,1.56570,21/04/2015 12:00:00,1.57230,@BP,1,1,412.50,0.0012,437.5000,-281.2500,
TRADE,04/05/2015 18:00:00,1.58760,05/05/2015 07:30:00,1.58740,@BP,-1,1,12.50,0.0007,218.7500,-206.2500,
TRADE,11/05/2015 18:00:00,1.63380,12/05/2015 06:00:00,1.64580,@BP,-1,1,-750.00,0.0010,150.0000,-700.0000,
TRADE,18/05/2015 18:00:00,1.64150,19/05/2015 07:30:00,1.62550,@BP,-1,1,1000.00,0.0005,1081.2500,-81.2500,
TRADE,25/05/2015 18:00:00,1.62320,26/05/2015 07:30:00,1.61720,@BP,-1,1,375.00,0.0007,556.2500,-18.7500,
TRADE,01/06/2015 18:00:00,1.59600,02/06/2015 07:30:00,1.59890,@BP,-1,1,-181.25,0.0009,125.0000,-431.2500,
TRADE,08/06/2015 06:30:00,1.59970,09/06/2015 02:00:00,1.61110,@BP,1,1,712.50,0.0009,850.0000,-12.5000,
TRADE,15/06/2015 06:30:00,1.62580,16/06/2015 02:00:00,1.63540,@BP,1,1,600.00,0.0014,737.5000,-37.5000,
TRADE,22/06/2015 18:00:00,1.65870,23/06/2015 07:30:00,1.65350,@BP,-1,1,325.00,0.0004,387.5000,-37.5000,
TRADE,29/06/2015 18:00:00,1.64920,30/06/2015 07:30:00,1.64670,@BP,-1,1,156.25,0.0009,225.0000,-143.7500,
TRADE,06/07/2015 06:30:00,1.63210,07/07/2015 02:00:00,1.63450,@BP,1,1,150.00,0.0013,450.0000,-87.5000,
TRADE,20/07/2015 06:30:00,1.63280,21/07/2015 02:00:00,1.63360,@BP,1,1,50.00,0.0012,281.2500,-131.2500,
TRADE,27/07/2015 06:30:00,1.62780,28/07/2015 02:00:00,1.63370,@BP,1,1,368.75,0.0012,518.7500,-62.5000,
TRADE,03/08/2015 06:30:00,1.63650,04/08/2015 02:00:00,1.63810,@BP,1,1,100.00,0.0016,156.2500,-212.5000,
TRADE,10/08/2015 06:30:00,1.62380,11/08/2015 02:00:00,1.63540,@BP,1,1,725.00,0.0012,850.0000,-31.2500,
TRADE,17/08/2015 06:30:00,1.63990,18/08/2015 02:00:00,1.63500,@BP,1,1,-306.25,0.0014,75.0000,-368.7500,
TRADE,24/08/2015 06:30:00,1.64860,25/08/2015 02:00:00,1.65310,@BP,1,1,281.25,0.0021,543.7500,-25.0000,
TRADE,31/08/2015 06:30:00,1.61890,01/09/2015 02:00:00,1.61700,@BP,1,1,-118.75,0.0016,18.7500,-500.0000,
TRADE,07/09/2015 18:00:00,1.60420,08/09/2015 04:30:00,1.61630,@BP,-1,1,-756.25,0.0015,0.0000,-756.2500,
TRADE,14/09/2015 18:00:00,1.61950,15/09/2015 07:30:00,1.61850,@BP,-1,1,62.50,0.0005,131.2500,-212.5000,
TRADE,21/09/2015 17:30:00,1.62790,22/09/2015 09:30:00,1.61590,@BP,1,1,-750.00,0.0005,131.2500,-725.0000,
TRADE,28/09/2015 06:30:00,1.59730,29/09/2015 02:00:00,1.59550,@BP,1,1,-112.50,0.0016,68.7500,-281.2500,
TRADE,05/10/2015 18:00:00,1.59200,06/10/2015 07:30:00,1.59430,@BP,-1,1,-143.75,0.0004,56.2500,-200.0000,
TRADE,12/10/2015 06:30:00,1.61170,13/10/2015 02:00:00,1.61380,@BP,1,1,131.25,0.0013,187.5000,-275.0000,
TRADE,19/10/2015 06:30:00,1.62670,20/10/2015 02:00:00,1.62440,@BP,1,1,-143.75,0.0024,12.5000,-212.5000,
TRADE,26/10/2015 06:30:00,1.61130,27/10/2015 02:00:00,1.61250,@BP,1,1,75.00,0.0017,268.7500,-93.7500,
TRADE,09/11/2015 06:30:00,1.58770,10/11/2015 02:00:00,1.58810,@BP,1,1,25.00,0.0025,156.2500,-168.7500,
TRADE,16/11/2015 06:30:00,1.59690,17/11/2015 02:00:00,1.59540,@BP,1,1,-93.75,0.0012,156.2500,-168.7500,
TRADE,23/11/2015 06:30:00,1.59020,24/11/2015 02:00:00,1.59250,@BP,1,1,143.75,0.0016,400.0000,-112.5000,
TRADE,30/11/2015 06:30:00,1.57830,01/12/2015 02:00:00,1.58720,@BP,1,1,556.25,0.0014,606.2500,-81.2500,
TRADE,07/12/2015 06:30:00,1.58410,08/12/2015 02:00:00,1.58290,@BP,1,1,-75.00,0.0026,118.7500,-162.5000,
TRADE,14/12/2015 06:30:00,1.58980,15/12/2015 02:00:00,1.59450,@BP,1,1,293.75,0.0035,362.5000,-75.0000,
TRADE,21/12/2015 18:00:00,1.56680,22/12/2015 07:30:00,1.56560,@BP,-1,1,75.00,0.0004,131.2500,-131.2500,
TRADE,28/12/2015 18:00:00,1.56660,29/12/2015 07:30:00,1.56030,@BP,-1,1,393.75,0.0009,468.7500,-181.2500,
TRADE,04/01/2016 18:00:00,1.54870,05/01/2016 07:30:00,1.54600,@BP,-1,1,168.75,0.0011,306.2500,-112.5000,
TRADE,11/01/2016 18:00:00,1.53150,12/01/2016 07:30:00,1.52070,@BP,-1,1,675.00,0.0015,762.5000,-143.7500,
TRADE,18/01/2016 18:00:00,1.50320,19/01/2016 07:30:00,1.49980,@BP,-1,1,212.50,0.0014,287.5000,-543.7500,
TRADE,25/01/2016 18:00:00,1.50240,26/01/2016 07:30:00,1.50270,@BP,-1,1,-18.75,0.0013,456.2500,-131.2500,
TRADE,01/02/2016 18:00:00,1.52040,02/02/2016 07:30:00,1.51840,@BP,-1,1,125.00,0.0018,618.7500,-131.2500,
TRADE,08/02/2016 18:00:00,1.52090,09/02/2016 07:30:00,1.51880,@BP,-1,1,131.25,0.0013,256.2500,-343.7500,
TRADE,15/02/2016 18:00:00,1.52210,16/02/2016 07:30:00,1.51910,@BP,-1,1,187.50,0.0008,237.5000,-462.5000,
TRADE,29/02/2016 18:00:00,1.47070,01/03/2016 07:30:00,1.47630,@BP,-1,1,-350.00,0.0018,125.0000,-575.0000,
TRADE,07/03/2016 18:00:00,1.50350,08/03/2016 08:00:00,1.49760,@BP,-1,1,368.75,0.0006,387.5000,-118.7500,
TRADE,14/03/2016 18:00:00,1.50810,15/03/2016 07:30:00,1.49360,@BP,-1,1,906.25,0.0008,987.5000,-6.2500,
TRADE,21/03/2016 18:00:00,1.51520,22/03/2016 07:30:00,1.50690,@BP,-1,1,518.75,0.0008,762.5000,-143.7500,
TRADE,28/03/2016 06:30:00,1.49380,29/03/2016 02:00:00,1.50080,@BP,1,1,437.50,0.0011,762.5000,-18.7500,
TRADE,04/04/2016 06:30:00,1.50040,05/04/2016 02:00:00,1.50180,@BP,1,1,87.50,0.0014,581.2500,-31.2500,
TRADE,11/04/2016 06:30:00,1.50090,12/04/2016 02:00:00,1.50170,@BP,1,1,50.00,0.0023,331.2500,-87.5000,
TRADE,18/04/2016 06:30:00,1.49690,19/04/2016 02:00:00,1.51060,@BP,1,1,856.25,0.0011,881.2500,-181.2500,
TRADE,25/04/2016 06:30:00,1.52280,26/04/2016 02:00:00,1.52670,@BP,1,1,243.75,0.0015,437.5000,-25.0000,
TRADE,02/05/2016 17:30:00,1.54440,03/05/2016 10:00:00,1.53240,@BP,1,1,-750.00,0.0004,625.0000,-737.5000,
TRADE,09/05/2016 06:30:00,1.52180,10/05/2016 02:00:00,1.51880,@BP,1,1,-187.50,0.0013,68.7500,-375.0000,
TRADE,16/05/2016 06:30:00,1.51250,17/05/2016 02:00:00,1.52660,@BP,1,1,881.25,0.0017,893.7500,-25.0000,
TRADE,23/05/2016 06:30:00,1.52430,24/05/2016 02:00:00,1.52590,@BP,1,1,100.00,0.0012,193.7500,-175.0000,
TRADE,30/05/2016 18:00:00,1.54040,31/05/2016 07:30:00,1.54170,@BP,-1,1,-81.25,0.0011,393.7500,-612.5000,
TRADE,06/06/2016 17:30:00,1.52290,07/06/2016 12:00:00,1.53310,@BP,1,1,637.50,0.0019,1325.0000,-43.7500,
TRADE,13/06/2016 06:30:00,1.49310,14/06/2016 02:00:00,1.49320,@BP,1,1,6.25,0.0021,1075.0000,-81.2500,
TRADE,20/06/2016 06:30:00,1.53950,21/06/2016 02:00:00,1.54750,@BP,1,1,500.00,0.0031,662.5000,-256.2500,
TRADE,27/06/2016 18:00:00,1.39940,28/06/2016 03:00:00,1.41140,@BP,-1,1,-750.00,0.0017,18.7500,-743.7500,
TRADE,04/07/2016 18:00:00,1.40530,05/07/2016 07:30:00,1.38900,@BP,-1,1,1018.75,0.0019,1106.2500,-43.7500,
TRADE,11/07/2016 18:00:00,1.37610,12/07/2016 02:30:00,1.38810,@BP,-1,1,-750.00,0.0020,93.7500,-656.2500,
TRADE,18/07/2016 18:00:00,1.40370,19/07/2016 07:30:00,1.39080,@BP,-1,1,806.25,0.0026,868.7500,-56.2500,
TRADE,25/07/2016 18:00:00,1.39080,26/07/2016 07:30:00,1.39010,@BP,-1,1,43.75,0.0011,487.5000,-112.5000,
TRADE,01/08/2016 18:00:00,1.39570,02/08/2016 07:30:00,1.40180,@BP,-1,1,-381.25,0.0012,81.2500,-450.0000,
TRADE,08/08/2016 18:00:00,1.38100,09/08/2016 07:30:00,1.37480,@BP,-1,1,387.50,0.0008,462.5000,-31.2500,
TRADE,15/08/2016 18:00:00,1.36560,16/08/2016 07:30:00,1.37330,@BP,-1,1,-481.25,0.0008,43.7500,-687.5000,
TRADE,22/08/2016 17:30:00,1.39060,23/08/2016 12:00:00,1.39510,@BP,1,1,281.25,0.0005,468.7500,-50.0000,
TRADE,29/08/2016 06:30:00,1.38570,30/08/2016 02:00:00,1.38380,@BP,1,1,-118.75,0.0013,200.0000,-181.2500,
TRADE,05/09/2016 18:00:00,1.40720,06/09/2016 12:30:00,1.41870,@BP,1,1,718.75,0.0010,862.5000,-62.5000,
TRADE,12/09/2016 06:30:00,1.40290,13/09/2016 02:00:00,1.40890,@BP,1,1,375.00,0.0017,518.7500,-37.5000,
TRADE,19/09/2016 06:30:00,1.38140,20/09/2016 02:00:00,1.38000,@BP,1,1,-87.50,0.0012,256.2500,-193.7500,
TRADE,26/09/2016 06:30:00,1.36870,27/09/2016 02:00:00,1.37630,@BP,1,1,475.00,0.0023,481.2500,-31.2500,
TRADE,03/10/2016 06:30:00,1.36430,04/10/2016 02:00:00,1.35810,@BP,1,1,-387.50,0.0014,0.0000,-425.0000,
TRADE,10/10/2016 18:00:00,1.31190,11/10/2016 07:30:00,1.30260,@BP,-1,1,581.25,0.0007,731.2500,0.0000,
TRADE,17/10/2016 18:00:00,1.29380,18/10/2016 06:00:00,1.30580,@BP,-1,1,-750.00,0.0004,12.5000,-743.7500,
TRADE,24/10/2016 18:00:00,1.29700,25/10/2016 07:30:00,1.29790,@BP,-1,1,-56.25,0.0029,43.7500,-168.7500,
TRADE,31/10/2016 18:00:00,1.29920,01/11/2016 07:30:00,1.29850,@BP,-1,1,43.75,0.0006,187.5000,-256.2500,
TRADE,14/11/2016 18:00:00,1.32630,15/11/2016 07:30:00,1.31800,@BP,-1,1,518.75,0.0026,756.2500,-93.7500,
TRADE,21/11/2016 18:00:00,1.32390,22/11/2016 07:30:00,1.31800,@BP,-1,1,368.75,0.0016,431.2500,-143.7500,
TRADE,28/11/2016 06:30:00,1.31480,29/11/2016 02:00:00,1.31510,@BP,1,1,18.75,0.0024,212.5000,-100.0000,
TRADE,05/12/2016 17:30:00,1.34780,06/12/2016 12:00:00,1.34170,@BP,1,1,-381.25,0.0008,256.2500,-431.2500,
TRADE,12/12/2016 18:00:00,1.34220,13/12/2016 07:30:00,1.34480,@BP,-1,1,-162.50,0.0008,106.2500,-287.5000,
TRADE,19/12/2016 06:30:00,1.31550,20/12/2016 02:00:00,1.31210,@BP,1,1,-212.50,0.0023,100.0000,-350.0000,
TRADE,26/12/2016 18:00:00,1.30210,27/12/2016 07:30:00,1.29870,@BP,-1,1,212.50,0.0019,237.5000,-56.2500,
TRADE,02/01/2017 18:00:00,1.30160,03/01/2017 07:30:00,1.30040,@BP,-1,1,75.00,0.0080,212.5000,-156.2500,
TRADE,09/01/2017 06:30:00,1.28990,10/01/2017 02:00:00,1.28750,@BP,1,1,-150.00,0.0015,87.5000,-262.5000,
TRADE,16/01/2017 06:30:00,1.27880,17/01/2017 06:00:00,1.28970,@BP,1,1,681.25,0.0029,831.2500,-231.2500,
TRADE,30/01/2017 18:00:00,1.32210,31/01/2017 07:30:00,1.32140,@BP,-1,1,43.75,0.0015,525.0000,-150.0000,
TRADE,06/02/2017 18:00:00,1.31930,07/02/2017 07:30:00,1.30950,@BP,-1,1,612.50,0.0010,775.0000,-118.7500,
TRADE,13/02/2017 06:30:00,1.32500,14/02/2017 02:00:00,1.32560,@BP,1,1,37.50,0.0011,131.2500,-293.7500,
TRADE,20/02/2017 06:30:00,1.31920,21/02/2017 06:00:00,1.31360,@BP,1,1,-350.00,0.0008,68.7500,-406.2500,
TRADE,27/02/2017 06:30:00,1.31360,28/02/2017 02:00:00,1.31470,@BP,1,1,68.75,0.0017,381.2500,-93.7500,
TRADE,06/03/2017 06:30:00,1.29760,07/03/2017 02:00:00,1.29520,@BP,1,1,-150.00,0.0008,118.7500,-237.5000,
TRADE,13/03/2017 18:00:00,1.29310,14/03/2017 07:30:00,1.28430,@BP,-1,1,550.00,0.0010,675.0000,-12.5000,
TRADE,20/03/2017 18:00:00,1.30720,21/03/2017 07:30:00,1.31770,@BP,-1,1,-656.25,0.0007,100.0000,-731.2500,
TRADE,27/03/2017 18:00:00,1.32720,28/03/2017 07:30:00,1.32630,@BP,-1,1,56.25,0.0006,143.7500,-212.5000,
TRADE,03/04/2017 18:00:00,1.31920,04/04/2017 07:30:00,1.31420,@BP,-1,1,312.50,0.0008,412.5000,-68.7500,
TRADE,10/04/2017 06:30:00,1.31120,11/04/2017 02:00:00,1.31250,@BP,1,1,81.25,0.0014,175.0000,-87.5000,
TRADE,17/04/2017 17:30:00,1.32700,18/04/2017 12:00:00,1.34680,@BP,1,1,1237.50,0.0005,1300.0000,-325.0000,
TRADE,24/04/2017 18:00:00,1.34940,25/04/2017 07:30:00,1.35280,@BP,-1,1,-212.50,0.0005,100.0000,-250.0000,
TRADE,01/05/2017 18:00:00,1.35910,02/05/2017 07:30:00,1.36130,@BP,-1,1,-137.50,0.0007,150.0000,-243.7500,
TRADE,08/05/2017 18:00:00,1.36390,09/05/2017 07:30:00,1.36160,@BP,-1,1,143.75,0.0006,175.0000,-137.5000,
TRADE,15/05/2017 18:00:00,1.35970,16/05/2017 07:30:00,1.35720,@BP,-1,1,156.25,0.0007,218.7500,-368.7500,
TRADE,22/05/2017 18:00:00,1.36890,23/05/2017 07:30:00,1.36650,@BP,-1,1,150.00,0.0011,262.5000,-75.0000,
TRADE,29/05/2017 18:00:00,1.35190,30/05/2017 07:30:00,1.35570,@BP,-1,1,-237.50,0.0016,206.2500,-331.2500,
TRADE,05/06/2017 18:00:00,1.35950,06/06/2017 07:30:00,1.35940,@BP,-1,1,6.25,0.0010,50.0000,-281.2500,
TRADE,12/06/2017 18:00:00,1.33590,13/06/2017 07:30:00,1.34190,@BP,-1,1,-375.00,0.0014,187.5000,-400.0000,
TRADE,19/06/2017 18:00:00,1.34240,20/06/2017 07:30:00,1.33570,@BP,-1,1,418.75,0.0007,487.5000,-125.0000,
TRADE,26/06/2017 18:00:00,1.34020,27/06/2017 07:30:00,1.34380,@BP,-1,1,-225.00,0.0004,25.0000,-343.7500,
TRADE,10/07/2017 17:30:00,1.35550,11/07/2017 12:00:00,1.35110,@BP,1,1,-275.00,0.0007,306.2500,-293.7500,
TRADE,17/07/2017 17:30:00,1.37330,18/07/2017 12:00:00,1.37240,@BP,1,1,-56.25,0.0009,431.2500,-331.2500,
TRADE,24/07/2017 06:30:00,1.37070,25/07/2017 02:00:00,1.37080,@BP,1,1,6.25,0.0010,150.0000,-137.5000,
TRADE,31/07/2017 06:30:00,1.37950,01/08/2017 02:00:00,1.38770,@BP,1,1,512.50,0.0016,693.7500,-87.5000,
TRADE,07/08/2017 06:30:00,1.37210,08/08/2017 02:00:00,1.37090,@BP,1,1,-75.00,0.0007,18.7500,-250.0000,
TRADE,14/08/2017 06:30:00,1.36350,15/08/2017 02:00:00,1.36260,@BP,1,1,-56.25,0.0011,118.7500,-112.5000,
TRADE,21/08/2017 18:00:00,1.35580,22/08/2017 07:30:00,1.34870,@BP,-1,1,443.75,0.0006,543.7500,-68.7500,
TRADE,28/08/2017 18:00:00,1.35820,29/08/2017 07:30:00,1.36130,@BP,-1,1,-193.75,0.0033,6.2500,-343.7500,
TRADE,04/09/2017 06:30:00,1.36070,05/09/2017 06:00:00,1.36120,@BP,1,1,31.25,0.0018,81.2500,-281.2500,
TRADE,11/09/2017 18:00:00,1.38250,12/09/2017 07:30:00,1.39230,@BP,-1,1,-612.50,0.0016,75.0000,-718.7500,
TRADE,18/09/2017 18:00:00,1.41580,19/09/2017 07:30:00,1.41420,@BP,-1,1,100.00,0.0019,250.0000,-262.5000,
TRADE,25/09/2017 18:00:00,1.41210,26/09/2017 07:30:00,1.40670,@BP,-1,1,337.50,0.0013,387.5000,-250.0000,
TRADE,09/10/2017 18:00:00,1.37750,10/10/2017 07:30:00,1.38350,@BP,-1,1,-375.00,0.0009,31.2500,-418.7500,
TRADE,16/10/2017 18:00:00,1.38870,17/10/2017 07:30:00,1.38220,@BP,-1,1,406.25,0.0007,443.7500,-231.2500,
TRADE,23/10/2017 18:00:00,1.38340,24/10/2017 07:30:00,1.37950,@BP,-1,1,243.75,0.0005,275.0000,-162.5000,
TRADE,30/10/2017 18:00:00,1.38330,31/10/2017 07:30:00,1.38510,@BP,-1,1,-112.50,0.0006,75.0000,-125.0000,
TRADE,06/11/2017 18:00:00,1.37980,07/11/2017 07:30:00,1.37580,@BP,-1,1,250.00,0.0003,300.0000,-37.5000,
TRADE,13/11/2017 17:30:00,1.37360,14/11/2017 12:00:00,1.37660,@BP,1,1,187.50,0.0005,262.5000,-237.5000,
TRADE,20/11/2017 17:30:00,1.38600,21/11/2017 12:00:00,1.38560,@BP,1,1,-25.00,0.0007,181.2500,-187.5000,
TRADE,27/11/2017 06:30:00,1.39690,28/11/2017 02:00:00,1.39390,@BP,1,1,-187.50,0.0013,212.5000,-256.2500,
TRADE,04/12/2017 06:30:00,1.41220,05/12/2017 02:00:00,1.40490,@BP,1,1,-456.25,0.0024,218.7500,-568.7500,
TRADE,11/12/2017 06:30:00,1.39880,12/12/2017 02:00:00,1.39610,@BP,1,1,-168.75,0.0019,6.2500,-268.7500,
TRADE,18/12/2017 06:30:00,1.39900,19/12/2017 02:00:00,1.40080,@BP,1,1,112.50,0.0020,337.5000,-37.5000,
TRADE,25/12/2017 18:00:00,1.39910,26/12/2017 12:30:00,1.40010,@BP,1,1,62.50,0.0020,75.0000,-168.7500,
TRADE,08/01/2018 18:00:00,1.41650,09/01/2018 07:30:00,1.41180,@BP,-1,1,293.75,0.0003,356.2500,-81.2500,
TRADE,15/01/2018 18:00:00,1.43920,16/01/2018 07:30:00,1.43560,@BP,-1,1,225.00,0.0016,356.2500,-37.5000,
TRADE,22/01/2018 18:00:00,1.45740,23/01/2018 07:30:00,1.45430,@BP,-1,1,193.75,0.0007,418.7500,-125.0000,
TRADE,29/01/2018 18:00:00,1.46650,30/01/2018 07:30:00,1.47060,@BP,-1,1,-256.25,0.0006,600.0000,-387.5000,
TRADE,05/02/2018 18:00:00,1.45490,06/02/2018 07:30:00,1.44530,@BP,-1,1,600.00,0.0014,625.0000,-231.2500,
TRADE,12/02/2018 18:00:00,1.44280,13/02/2018 07:30:00,1.44790,@BP,-1,1,-318.75,0.0011,81.2500,-493.7500,
TRADE,19/02/2018 18:00:00,1.45750,20/02/2018 07:30:00,1.45720,@BP,-1,1,18.75,0.0020,406.2500,-118.7500,
TRADE,26/02/2018 18:00:00,1.45360,27/02/2018 07:30:00,1.45120,@BP,-1,1,150.00,0.0005,162.5000,-218.7500,
TRADE,12/03/2018 06:30:00,1.44290,13/03/2018 02:30:00,1.44510,@BP,1,1,137.50,0.0004,350.0000,-125.0000,
TRADE,19/03/2018 06:30:00,1.45890,20/03/2018 02:00:00,1.46010,@BP,1,1,75.00,0.0025,406.2500,-81.2500,
TRADE,26/03/2018 06:30:00,1.47820,27/03/2018 02:00:00,1.47900,@BP,1,1,50.00,0.0010,125.0000,-206.2500,
TRADE,02/04/2018 18:00:00,1.45980,03/04/2018 07:30:00,1.46000,@BP,-1,1,-12.50,0.0008,162.5000,-256.2500,
TRADE,09/04/2018 06:30:00,1.46500,10/04/2018 02:00:00,1.46730,@BP,1,1,143.75,0.0015,387.5000,-37.5000,
TRADE,16/04/2018 18:00:00,1.48840,17/04/2018 07:30:00,1.48800,@BP,-1,1,25.00,0.0009,212.5000,-231.2500,
TRADE,23/04/2018 18:00:00,1.44800,24/04/2018 07:30:00,1.45080,@BP,-1,1,-175.00,0.0006,131.2500,-175.0000,
TRADE,30/04/2018 18:00:00,1.43080,01/05/2018 07:30:00,1.42140,@BP,-1,1,587.50,0.0008,656.2500,-18.7500,
TRADE,07/05/2018 18:00:00,1.40910,08/05/2018 07:30:00,1.40370,@BP,-1,1,337.50,0.0007,406.2500,-206.2500,
TRADE,14/05/2018 18:00:00,1.40890,15/05/2018 07:30:00,1.40430,@BP,-1,1,287.50,0.0009,306.2500,-62.5000,
TRADE,21/05/2018 18:00:00,1.39570,22/05/2018 07:30:00,1.39790,@BP,-1,1,-137.50,0.0013,131.2500,-362.5000,
TRADE,28/05/2018 18:00:00,1.38300,29/05/2018 07:30:00,1.37710,@BP,-1,1,368.75,0.0005,668.7500,-93.7500,
TRADE,04/06/2018 18:00:00,1.38300,05/06/2018 07:30:00,1.38730,@BP,-1,1,-268.75,0.0003,75.0000,-487.5000,
TRADE,11/06/2018 18:00:00,1.38870,12/06/2018 07:30:00,1.38930,@BP,-1,1,-37.50,0.0003,218.7500,-256.2500,
TRADE,18/06/2018 18:00:00,1.37500,19/06/2018 07:30:00,1.36650,@BP,-1,1,531.25,0.0007,600.0000,-181.2500,
TRADE,25/06/2018 18:00:00,1.37810,26/06/2018 07:30:00,1.37430,@BP,-1,1,237.50,0.0002,475.0000,-68.7500,
TRADE,02/07/2018 18:00:00,1.36330,03/07/2018 07:30:00,1.36890,@BP,-1,1,-350.00,0.0006,156.2500,-368.7500,
TRADE,09/07/2018 18:00:00,1.37410,10/07/2018 07:30:00,1.37370,@BP,-1,1,25.00,0.0005,181.2500,-312.5000,
TRADE,16/07/2018 18:00:00,1.37200,17/07/2018 07:30:00,1.36800,@BP,-1,1,250.00,0.0003,262.5000,-212.5000,
TRADE,23/07/2018 18:00:00,1.35820,24/07/2018 07:30:00,1.36120,@BP,-1,1,-187.50,0.0005,193.7500,-231.2500,
TRADE,30/07/2018 18:00:00,1.36110,31/07/2018 07:30:00,1.36360,@BP,-1,1,-156.25,0.0004,137.5000,-243.7500,
TRADE,06/08/2018 18:00:00,1.34130,07/08/2018 07:30:00,1.34350,@BP,-1,1,-137.50,0.0003,37.5000,-187.5000,
TRADE,13/08/2018 18:00:00,1.32310,14/08/2018 07:30:00,1.32350,@BP,-1,1,-25.00,0.0007,62.5000,-393.7500,
TRADE,20/08/2018 18:00:00,1.32580,21/08/2018 07:30:00,1.32890,@BP,-1,1,-193.75,0.0004,12.5000,-318.7500,
TRADE,27/08/2018 18:00:00,1.33560,28/08/2018 07:30:00,1.33760,@BP,-1,1,-125.00,0.0005,212.5000,-143.7500,
TRADE,03/09/2018 18:00:00,1.33270,04/09/2018 07:30:00,1.32900,@BP,-1,1,231.25,0.0012,356.2500,-37.5000,
TRADE,10/09/2018 17:30:00,1.34830,11/09/2018 12:00:00,1.34660,@BP,1,1,-106.25,0.0004,362.5000,-418.7500,
TRADE,17/09/2018 18:00:00,1.36090,18/09/2018 07:30:00,1.35980,@BP,-1,1,68.75,0.0004,256.2500,-68.7500,
TRADE,24/09/2018 18:00:00,1.35600,25/09/2018 07:30:00,1.36100,@BP,-1,1,-312.50,0.0006,118.7500,-375.0000,
TRADE,01/10/2018 18:00:00,1.34820,02/10/2018 07:30:00,1.33990,@BP,-1,1,518.75,0.0007,625.0000,-56.2500,
TRADE,08/10/2018 17:30:00,1.35330,09/10/2018 12:00:00,1.35760,@BP,1,1,268.75,0.0009,356.2500,-387.5000,
TRADE,15/10/2018 06:30:00,1.36110,16/10/2018 02:00:00,1.35950,@BP,1,1,-100.00,0.0031,37.5000,-293.7500,
TRADE,22/10/2018 06:30:00,1.34590,23/10/2018 02:00:00,1.33830,@BP,1,1,-475.00,0.0019,12.5000,-581.2500,
TRADE,29/10/2018 06:30:00,1.32600,30/10/2018 02:00:00,1.32240,@BP,1,1,-225.00,0.0008,118.7500,-268.7500,
TRADE,05/11/2018 17:30:00,1.34790,06/11/2018 12:00:00,1.35070,@BP,1,1,175.00,0.0009,243.7500,-231.2500,
TRADE,12/11/2018 06:30:00,1.32860,13/11/2018 02:00:00,1.32860,@BP,1,1,0.00,0.0012,425.0000,-162.5000,
TRADE,19/11/2018 06:30:00,1.32200,20/11/2018 02:00:00,1.32640,@BP,1,1,275.00,0.0085,418.7500,-31.2500,
TRADE,26/11/2018 06:30:00,1.32670,27/11/2018 02:00:00,1.31720,@BP,1,1,-593.75,0.0012,43.7500,-618.7500,
TRADE,03/12/2018 06:30:00,1.31290,04/12/2018 02:00:00,1.31440,@BP,1,1,93.75,0.0010,187.5000,-156.2500,
TRADE,10/12/2018 06:30:00,1.30600,10/12/2018 10:00:00,1.29400,@BP,1,1,-750.00,0.0067,125.0000,-593.7500,
TRADE,17/12/2018 18:00:00,1.30110,18/12/2018 07:30:00,1.30830,@BP,-1,1,-450.00,0.0007,31.2500,-556.2500,
TRADE,14/01/2019 06:30:00,1.32520,15/01/2019 02:00:00,1.32750,@BP,1,1,143.75,0.0030,350.0000,-218.7500,
TRADE,21/01/2019 06:30:00,1.32460,22/01/2019 06:00:00,1.32830,@BP,1,1,231.25,0.0009,343.7500,-162.5000,
TRADE,28/01/2019 17:30:00,1.35210,29/01/2019 12:00:00,1.35010,@BP,1,1,-125.00,0.0006,306.2500,-175.0000,
TRADE,04/02/2019 06:30:00,1.34280,05/02/2019 02:00:00,1.34090,@BP,1,1,-118.75,0.0015,256.2500,-231.2500,
TRADE,11/02/2019 06:30:00,1.32760,12/02/2019 02:00:00,1.32290,@BP,1,1,-293.75,0.0021,0.0000,-450.0000,
TRADE,18/02/2019 06:30:00,1.32890,19/02/2019 06:00:00,1.32670,@BP,1,1,-137.50,0.0006,12.5000,-237.5000,
TRADE,25/02/2019 06:30:00,1.34370,26/02/2019 02:00:00,1.34910,@BP,1,1,337.50,0.0020,468.7500,-225.0000,
TRADE,04/03/2019 06:30:00,1.35410,05/03/2019 02:00:00,1.34990,@BP,1,1,-262.50,0.0024,181.2500,-287.5000,
TRADE,11/03/2019 06:30:00,1.33300,12/03/2019 02:00:00,1.35450,@BP,1,1,1343.75,0.0026,1887.5000,-37.5000,
TRADE,18/03/2019 06:30:00,1.35910,19/03/2019 02:00:00,1.36090,@BP,1,1,112.50,0.0026,162.5000,-437.5000,
TRADE,25/03/2019 06:30:00,1.35110,26/03/2019 02:00:00,1.35200,@BP,1,1,56.25,0.0014,437.5000,-81.2500,
TRADE,01/04/2019 06:30:00,1.34330,02/04/2019 02:00:00,1.33810,@BP,1,1,-325.00,0.0019,281.2500,-400.0000,
TRADE,08/04/2019 18:00:00,1.33890,09/04/2019 07:30:00,1.33820,@BP,-1,1,43.75,0.0004,68.7500,-350.0000,
TRADE,15/04/2019 18:00:00,1.34170,16/04/2019 07:30:00,1.34130,@BP,-1,1,25.00,0.0005,156.2500,-18.7500,
TRADE,22/04/2019 18:00:00,1.32950,23/04/2019 07:30:00,1.33200,@BP,-1,1,-156.25,0.0004,37.5000,-243.7500,
TRADE,29/04/2019 18:00:00,1.32420,30/04/2019 07:30:00,1.33170,@BP,-1,1,-468.75,0.0004,31.2500,-550.0000,
TRADE,06/05/2019 18:00:00,1.34010,07/05/2019 07:30:00,1.33680,@BP,-1,1,206.25,0.0007,225.0000,-231.2500,
TRADE,13/05/2019 06:30:00,1.33260,14/05/2019 02:00:00,1.32510,@BP,1,1,-468.75,0.0010,100.0000,-525.0000,
TRADE,20/05/2019 18:00:00,1.30200,21/05/2019 07:30:00,1.29970,@BP,-1,1,143.75,0.0005,250.0000,-43.7500,
TRADE,27/05/2019 18:00:00,1.29720,28/05/2019 07:30:00,1.29600,@BP,-1,1,75.00,0.0003,168.7500,-125.0000,
TRADE,03/06/2019 18:00:00,1.29520,04/06/2019 07:30:00,1.29670,@BP,-1,1,-93.75,0.0004,156.2500,-175.0000,
TRADE,10/06/2019 18:00:00,1.29690,11/06/2019 08:00:00,1.29810,@BP,-1,1,-75.00,0.0003,100.0000,-262.5000,
TRADE,17/06/2019 18:00:00,1.28180,18/06/2019 07:30:00,1.27960,@BP,-1,1,137.50,0.0007,175.0000,-31.2500,
TRADE,24/06/2019 18:00:00,1.30080,25/06/2019 07:30:00,1.30010,@BP,-1,1,43.75,0.0010,62.5000,-300.0000,
TRADE,01/07/2019 06:30:00,1.29060,02/07/2019 02:00:00,1.29110,@BP,1,1,31.25,0.0013,218.7500,-68.7500,
TRADE,08/07/2019 06:30:00,1.27910,09/07/2019 02:00:00,1.27550,@BP,1,1,-225.00,0.0008,31.2500,-231.2500,
TRADE,15/07/2019 18:00:00,1.27810,16/07/2019 07:30:00,1.26910,@BP,-1,1,562.50,0.0005,693.7500,-6.2500,
TRADE,22/07/2019 18:00:00,1.27340,23/07/2019 07:30:00,1.27160,@BP,-1,1,112.50,0.0005,375.0000,-37.5000,
TRADE,05/08/2019 18:00:00,1.23930,06/08/2019 07:30:00,1.24240,@BP,-1,1,-193.75,0.0010,25.0000,-406.2500,
TRADE,12/08/2019 18:00:00,1.23210,13/08/2019 07:30:00,1.23300,@BP,-1,1,-56.25,0.0006,218.7500,-75.0000,
TRADE,19/08/2019 18:00:00,1.23670,20/08/2019 07:30:00,1.23240,@BP,-1,1,268.75,0.0005,393.7500,-75.0000,
TRADE,26/08/2019 18:00:00,1.24580,27/08/2019 07:30:00,1.25070,@BP,-1,1,-306.25,0.0005,81.2500,-350.0000,
TRADE,02/09/2019 18:00:00,1.22960,03/09/2019 07:30:00,1.22570,@BP,-1,1,243.75,0.0019,656.2500,-150.0000,
TRADE,09/09/2019 18:00:00,1.25770,10/09/2019 07:30:00,1.25750,@BP,-1,1,12.50,0.0006,250.0000,-200.0000,
TRADE,16/09/2019 17:30:00,1.26500,17/09/2019 12:00:00,1.27240,@BP,1,1,462.50,0.0009,481.2500,-187.5000,
TRADE,23/09/2019 06:30:00,1.26420,24/09/2019 02:00:00,1.26560,@BP,1,1,87.50,0.0026,206.2500,-50.0000,
TRADE,30/09/2019 06:30:00,1.25200,01/10/2019 02:00:00,1.24950,@BP,1,1,-156.25,0.0012,281.2500,-187.5000,
TRADE,07/10/2019 06:30:00,1.25440,08/10/2019 02:00:00,1.25110,@BP,1,1,-206.25,0.0021,12.5000,-293.7500,
TRADE,14/10/2019 17:30:00,1.28380,15/10/2019 12:00:00,1.29460,@BP,1,1,675.00,0.0056,1106.2500,-218.7500,
TRADE,21/10/2019 18:00:00,1.31730,22/10/2019 07:30:00,1.31400,@BP,-1,1,206.25,0.0013,281.2500,-131.2500,
TRADE,28/10/2019 18:00:00,1.30610,29/10/2019 07:30:00,1.30560,@BP,-1,1,31.25,0.0004,325.0000,-93.7500,
TRADE,11/11/2019 18:00:00,1.30490,12/11/2019 07:30:00,1.30300,@BP,-1,1,118.75,0.0005,243.7500,-81.2500,
TRADE,18/11/2019 18:00:00,1.31460,19/11/2019 07:30:00,1.31300,@BP,-1,1,100.00,0.0005,168.7500,-106.2500,
TRADE,25/11/2019 18:00:00,1.30900,26/11/2019 07:30:00,1.30480,@BP,-1,1,262.50,0.0006,312.5000,-25.0000,
TRADE,02/12/2019 18:00:00,1.31270,03/12/2019 07:30:00,1.31950,@BP,-1,1,-425.00,0.0006,56.2500,-431.2500,
TRADE,09/12/2019 18:00:00,1.33300,10/12/2019 07:30:00,1.33650,@BP,-1,1,-218.75,0.0003,62.5000,-300.0000,
TRADE,16/12/2019 18:00:00,1.34500,17/12/2019 07:30:00,1.33660,@BP,-1,1,525.00,0.0069,687.5000,-218.7500,
TRADE,23/12/2019 18:00:00,1.31220,24/12/2019 07:30:00,1.31350,@BP,-1,1,-81.25,0.0010,118.7500,-131.2500,
TRADE,30/12/2019 18:00:00,1.32900,31/12/2019 07:30:00,1.33670,@BP,-1,1,-481.25,0.0008,81.2500,-587.5000,
TRADE,06/01/2020 18:00:00,1.33400,07/01/2020 07:30:00,1.32900,@BP,-1,1,312.50,0.0006,381.2500,-268.7500,
TRADE,13/01/2020 17:30:00,1.31580,14/01/2020 12:00:00,1.31910,@BP,1,1,206.25,0.0006,206.2500,-218.7500,
TRADE,20/01/2020 18:00:00,1.31720,21/01/2020 12:30:00,1.32130,@BP,1,1,256.25,0.0006,487.5000,-62.5000,
TRADE,27/01/2020 06:30:00,1.32510,28/01/2020 02:00:00,1.31940,@BP,1,1,-356.25,0.0010,0.0000,-362.5000,
TRADE,03/02/2020 17:30:00,1.31560,04/02/2020 12:00:00,1.31940,@BP,1,1,237.50,0.0005,318.7500,-350.0000,
TRADE,10/02/2020 06:30:00,1.30810,11/02/2020 02:00:00,1.30630,@BP,1,1,-112.50,0.0014,137.5000,-168.7500,
TRADE,17/02/2020 06:30:00,1.31710,18/02/2020 06:00:00,1.31950,@BP,1,1,150.00,0.0009,150.0000,-287.5000,
TRADE,24/02/2020 06:30:00,1.30570,25/02/2020 02:00:00,1.30880,@BP,1,1,193.75,0.0009,237.5000,-112.5000,
TRADE,02/03/2020 06:30:00,1.29340,03/03/2020 02:00:00,1.29320,@BP,1,1,-12.50,0.0046,262.5000,-275.0000,
TRADE,16/03/2020 06:30:00,1.24410,17/03/2020 02:00:00,1.23920,@BP,1,1,-306.25,0.0056,281.2500,-518.7500,
TRADE,23/03/2020 18:00:00,1.16990,24/03/2020 02:00:00,1.18190,@BP,-1,1,-750.00,0.0078,18.7500,-712.5000,
TRADE,30/03/2020 18:00:00,1.25570,31/03/2020 07:30:00,1.25020,@BP,-1,1,343.75,0.0051,1025.0000,-6.2500,
TRADE,06/04/2020 17:30:00,1.23700,07/04/2020 12:00:00,1.24800,@BP,1,1,687.50,0.0018,987.5000,-393.7500,
TRADE,20/04/2020 06:30:00,1.26020,21/04/2020 02:00:00,1.25500,@BP,1,1,-325.00,0.0016,143.7500,-468.7500,
TRADE,27/04/2020 06:30:00,1.25810,28/04/2020 02:00:00,1.25430,@BP,1,1,-237.50,0.0020,31.2500,-281.2500,
TRADE,04/05/2020 06:30:00,1.25420,05/05/2020 02:00:00,1.26000,@BP,1,1,362.50,0.0018,425.0000,-12.5000,
TRADE,11/05/2020 06:30:00,1.24580,12/05/2020 02:00:00,1.24590,@BP,1,1,6.25,0.0010,243.7500,-262.5000,
TRADE,18/05/2020 06:30:00,1.22590,19/05/2020 02:00:00,1.23830,@BP,1,1,775.00,0.0015,781.2500,-50.0000,
TRADE,25/05/2020 06:30:00,1.23170,26/05/2020 06:00:00,1.24380,@BP,1,1,756.25,0.0006,900.0000,-56.2500,
TRADE,08/06/2020 17:30:00,1.28560,09/06/2020 12:00:00,1.28770,@BP,1,1,131.25,0.0004,206.2500,-650.0000,
TRADE,15/06/2020 17:30:00,1.27470,16/06/2020 12:00:00,1.27240,@BP,1,1,-143.75,0.0010,462.5000,-387.5000,
TRADE,22/06/2020 06:30:00,1.25140,23/06/2020 02:00:00,1.25900,@BP,1,1,475.00,0.0022,787.5000,-6.2500,
TRADE,29/06/2020 06:30:00,1.24530,30/06/2020 02:00:00,1.24110,@BP,1,1,-262.50,0.0019,56.2500,-437.5000,
TRADE,06/07/2020 06:30:00,1.26260,07/07/2020 02:00:00,1.26210,@BP,1,1,-31.25,0.0012,168.7500,-81.2500,
TRADE,13/07/2020 06:30:00,1.27380,14/07/2020 02:00:00,1.26790,@BP,1,1,-368.75,0.0021,206.2500,-431.2500,
TRADE,20/07/2020 06:30:00,1.27340,21/07/2020 02:00:00,1.28220,@BP,1,1,550.00,0.0013,562.5000,0.0000,
TRADE,27/07/2020 06:30:00,1.30010,28/07/2020 02:00:00,1.29910,@BP,1,1,-62.50,0.0011,212.5000,-187.5000,
TRADE,03/08/2020 18:00:00,1.32060,04/08/2020 07:30:00,1.31550,@BP,-1,1,318.75,0.0004,375.0000,-200.0000,
TRADE,10/08/2020 18:00:00,1.32030,11/08/2020 07:30:00,1.32460,@BP,-1,1,-268.75,0.0004,118.7500,-362.5000,
TRADE,17/08/2020 18:00:00,1.32310,18/08/2020 07:30:00,1.33070,@BP,-1,1,-475.00,0.0005,0.0000,-500.0000,
TRADE,24/08/2020 18:00:00,1.31960,25/08/2020 07:30:00,1.32630,@BP,-1,1,-418.75,0.0006,56.2500,-462.5000,
TRADE,31/08/2020 18:00:00,1.34950,01/09/2020 07:30:00,1.35980,@BP,-1,1,-643.75,0.0007,62.5000,-718.7500,
TRADE,07/09/2020 18:00:00,1.32960,08/09/2020 07:30:00,1.31640,@BP,-1,1,825.00,0.0019,912.5000,0.0000,
TRADE,14/09/2020 18:00:00,1.29780,15/09/2020 07:30:00,1.30380,@BP,-1,1,-375.00,0.0009,225.0000,-468.7500,
TRADE,28/09/2020 18:00:00,1.29660,29/09/2020 07:30:00,1.29900,@BP,-1,1,-150.00,0.0009,37.5000,-300.0000,
TRADE,05/10/2020 17:30:00,1.31060,06/10/2020 12:00:00,1.30710,@BP,1,1,-218.75,0.0006,168.7500,-425.0000,
TRADE,19/10/2020 06:30:00,1.31210,20/10/2020 02:00:00,1.30770,@BP,1,1,-275.00,0.0027,175.0000,-387.5000,
TRADE,26/10/2020 06:30:00,1.31890,27/10/2020 02:00:00,1.31640,@BP,1,1,-156.25,0.0019,12.5000,-437.5000,
TRADE,02/11/2020 06:30:00,1.30340,03/11/2020 02:00:00,1.30560,@BP,1,1,137.50,0.0019,212.5000,-118.7500,
TRADE,09/11/2020 17:30:00,1.32850,10/11/2020 12:00:00,1.33630,@BP,1,1,487.50,0.0008,737.5000,-25.0000,
TRADE,16/11/2020 06:30:00,1.33210,17/11/2020 02:00:00,1.33380,@BP,1,1,106.25,0.0028,231.2500,-193.7500,
TRADE,23/11/2020 18:00:00,1.34530,24/11/2020 07:30:00,1.34460,@BP,-1,1,43.75,0.0012,93.7500,-318.7500,
TRADE,30/11/2020 18:00:00,1.34510,01/12/2020 07:30:00,1.34520,@BP,-1,1,-6.25,0.0013,87.5000,-500.0000,
TRADE,07/12/2020 18:00:00,1.34780,08/12/2020 07:30:00,1.34250,@BP,-1,1,331.25,0.0034,343.7500,-81.2500,
TRADE,14/12/2020 18:00:00,1.34480,15/12/2020 07:30:00,1.34870,@BP,-1,1,-243.75,0.0008,300.0000,-443.7500,
TRADE,21/12/2020 06:30:00,1.33970,22/12/2020 02:00:00,1.35310,@BP,1,1,837.50,0.0052,1437.5000,-75.0000,
TRADE,28/12/2020 17:30:00,1.35690,29/12/2020 12:00:00,1.36090,@BP,1,1,250.00,0.0020,456.2500,0.0000,
TRADE,11/01/2021 06:30:00,1.36010,12/01/2021 02:00:00,1.36770,@BP,1,1,475.00,0.0017,493.7500,-218.7500,
TRADE,18/01/2021 06:30:00,1.36630,19/01/2021 06:00:00,1.37350,@BP,1,1,450.00,0.0011,487.5000,-112.5000,
TRADE,25/01/2021 06:30:00,1.38040,26/01/2021 02:00:00,1.37520,@BP,1,1,-325.00,0.0011,31.2500,-362.5000,
TRADE,01/02/2021 06:30:00,1.38220,02/02/2021 02:00:00,1.37840,@BP,1,1,-237.50,0.0018,106.2500,-337.5000,
TRADE,08/02/2021 06:30:00,1.37950,09/02/2021 02:00:00,1.38920,@BP,1,1,606.25,0.0017,656.2500,-25.0000,
TRADE,15/02/2021 06:30:00,1.40180,16/02/2021 06:00:00,1.40430,@BP,1,1,156.25,0.0007,281.2500,-81.2500,
TRADE,01/03/2021 18:00:00,1.40350,02/03/2021 07:30:00,1.40390,@BP,-1,1,-25.00,0.0010,412.5000,-50.0000,
TRADE,08/03/2021 06:30:00,1.39440,09/03/2021 02:00:00,1.39750,@BP,1,1,193.75,0.0019,193.7500,-200.0000,
TRADE,15/03/2021 06:30:00,1.40410,16/03/2021 02:00:00,1.39800,@BP,1,1,-381.25,0.0011,0.0000,-500.0000,
TRADE,22/03/2021 06:30:00,1.39630,23/03/2021 02:00:00,1.39440,@BP,1,1,-118.75,0.0016,150.0000,-212.5000,
TRADE,05/04/2021 06:30:00,1.39720,06/04/2021 02:00:00,1.40160,@BP,1,1,275.00,0.0005,343.7500,-18.7500,
TRADE,12/04/2021 06:30:00,1.38680,13/04/2021 02:00:00,1.38550,@BP,1,1,-81.25,0.0014,106.2500,-218.7500,
TRADE,26/04/2021 06:30:00,1.40060,27/04/2021 02:00:00,1.39990,@BP,1,1,-43.75,0.0015,62.5000,-212.5000,
TRADE,03/05/2021 06:30:00,1.39800,04/05/2021 02:00:00,1.39800,@BP,1,1,0.00,0.0018,368.7500,-37.5000,
TRADE,17/05/2021 06:30:00,1.42020,18/05/2021 02:00:00,1.42900,@BP,1,1,550.00,0.0021,568.7500,-125.0000,
TRADE,24/05/2021 17:30:00,1.42600,25/05/2021 12:00:00,1.42380,@BP,1,1,-137.50,0.0003,356.2500,-250.0000,
TRADE,31/05/2021 06:30:00,1.42800,01/06/2021 06:00:00,1.42770,@BP,1,1,-18.75,0.0007,506.2500,-50.0000,
TRADE,07/06/2021 18:00:00,1.42860,08/06/2021 07:30:00,1.42520,@BP,-1,1,212.50,0.0005,325.0000,-25.0000,
TRADE,14/06/2021 06:30:00,1.42130,15/06/2021 02:00:00,1.42280,@BP,1,1,93.75,0.0014,131.2500,-62.5000,
TRADE,21/06/2021 18:00:00,1.40400,22/06/2021 07:30:00,1.40060,@BP,-1,1,212.50,0.0004,456.2500,-6.2500,
TRADE,28/06/2021 18:00:00,1.39880,29/06/2021 07:30:00,1.39320,@BP,-1,1,350.00,0.0003,375.0000,0.0000,
TRADE,05/07/2021 18:00:00,1.39610,06/07/2021 07:30:00,1.39600,@BP,-1,1,6.25,0.0012,137.5000,-281.2500,
TRADE,12/07/2021 18:00:00,1.39940,13/07/2021 07:30:00,1.39550,@BP,-1,1,243.75,0.0010,306.2500,-106.2500,
TRADE,19/07/2021 18:00:00,1.37760,20/07/2021 07:30:00,1.37290,@BP,-1,1,293.75,0.0009,400.0000,-112.5000,
TRADE,26/07/2021 18:00:00,1.39260,27/07/2021 07:30:00,1.39080,@BP,-1,1,112.50,0.0007,337.5000,-68.7500,
TRADE,02/08/2021 18:00:00,1.39950,03/08/2021 07:30:00,1.40380,@BP,-1,1,-268.75,0.0005,18.7500,-306.2500,
TRADE,09/08/2021 18:00:00,1.39530,10/08/2021 07:30:00,1.39670,@BP,-1,1,-87.50,0.0003,68.7500,-162.5000,
TRADE,16/08/2021 06:30:00,1.39660,17/08/2021 02:00:00,1.39150,@BP,1,1,-318.75,0.0012,112.5000,-331.2500,
TRADE,23/08/2021 18:00:00,1.38310,24/08/2021 07:30:00,1.38260,@BP,-1,1,31.25,0.0006,206.2500,-131.2500,
TRADE,30/08/2021 18:00:00,1.38630,31/08/2021 07:30:00,1.38940,@BP,-1,1,-193.75,0.0003,18.7500,-268.7500,
TRADE,06/09/2021 18:00:00,1.39420,07/09/2021 12:30:00,1.38930,@BP,1,1,-306.25,0.0003,112.5000,-437.5000,
TRADE,13/09/2021 17:30:00,1.39430,14/09/2021 12:00:00,1.39590,@BP,1,1,100.00,0.0006,475.0000,-62.5000,
TRADE,20/09/2021 06:30:00,1.37970,21/09/2021 02:00:00,1.37820,@BP,1,1,-93.75,0.0008,6.2500,-331.2500,
TRADE,27/09/2021 06:30:00,1.38030,28/09/2021 02:00:00,1.38010,@BP,1,1,-12.50,0.0012,181.2500,-118.7500,
TRADE,11/10/2021 17:30:00,1.37020,12/10/2021 12:00:00,1.37000,@BP,1,1,-12.50,0.0006,243.7500,-200.0000,
TRADE,18/10/2021 17:30:00,1.38320,19/10/2021 12:00:00,1.38970,@BP,1,1,406.25,0.0004,643.7500,-18.7500,
TRADE,25/10/2021 06:30:00,1.38730,26/10/2021 02:00:00,1.38680,@BP,1,1,-31.25,0.0016,50.0000,-187.5000,
TRADE,01/11/2021 06:30:00,1.37570,02/11/2021 02:00:00,1.37460,@BP,1,1,-68.75,0.0017,237.5000,-100.0000,
TRADE,08/11/2021 06:30:00,1.36170,09/11/2021 02:00:00,1.36740,@BP,1,1,356.25,0.0028,425.0000,-68.7500,
TRADE,15/11/2021 06:30:00,1.35430,16/11/2021 02:00:00,1.35510,@BP,1,1,50.00,0.0028,112.5000,-225.0000,
TRADE,22/11/2021 06:30:00,1.35440,23/11/2021 02:00:00,1.35050,@BP,1,1,-243.75,0.0012,56.2500,-393.7500,
TRADE,29/11/2021 18:00:00,1.34200,30/11/2021 07:30:00,1.34400,@BP,-1,1,-125.00,0.0012,75.0000,-337.5000,
TRADE,06/12/2021 18:00:00,1.33620,07/12/2021 07:30:00,1.33550,@BP,-1,1,43.75,0.0004,125.0000,-181.2500,
TRADE,13/12/2021 18:00:00,1.33150,14/12/2021 07:30:00,1.33530,@BP,-1,1,-237.50,0.0006,143.7500,-268.7500,
TRADE,20/12/2021 18:00:00,1.33050,21/12/2021 07:30:00,1.33470,@BP,-1,1,-262.50,0.0006,93.7500,-318.7500,
TRADE,27/12/2021 18:00:00,1.35350,28/12/2021 07:30:00,1.35430,@BP,-1,1,-50.00,0.0006,75.0000,-106.2500,
TRADE,03/01/2022 18:00:00,1.35770,04/01/2022 07:30:00,1.35750,@BP,-1,1,12.50,0.0007,156.2500,-181.2500,
TRADE,10/01/2022 18:00:00,1.36730,11/01/2022 07:30:00,1.36680,@BP,-1,1,31.25,0.0004,37.5000,-250.0000,
TRADE,17/01/2022 18:00:00,1.37360,18/01/2022 07:30:00,1.36820,@BP,-1,1,337.50,0.0005,362.5000,-112.5000,
TRADE,31/01/2022 18:00:00,1.35380,01/02/2022 07:30:00,1.35720,@BP,-1,1,-212.50,0.0006,75.0000,-425.0000,
TRADE,07/02/2022 17:30:00,1.36240,08/02/2022 12:00:00,1.36420,@BP,1,1,112.50,0.0007,206.2500,-143.7500,
TRADE,14/02/2022 06:30:00,1.36080,15/02/2022 02:00:00,1.36300,@BP,1,1,137.50,0.0017,212.5000,-81.2500,
TRADE,21/02/2022 06:30:00,1.37130,22/02/2022 02:00:00,1.36770,@BP,1,1,-225.00,0.0011,25.0000,-250.0000,
TRADE,28/02/2022 18:00:00,1.35180,01/03/2022 07:30:00,1.34920,@BP,-1,1,162.50,0.0005,218.7500,-106.2500,
TRADE,07/03/2022 18:00:00,1.32000,08/03/2022 07:30:00,1.31960,@BP,-1,1,25.00,0.0006,162.5000,-168.7500,
TRADE,14/03/2022 18:00:00,1.30990,15/03/2022 07:30:00,1.31450,@BP,-1,1,-287.50,0.0005,31.2500,-337.5000,
TRADE,21/03/2022 18:00:00,1.32600,22/03/2022 07:30:00,1.33170,@BP,-1,1,-356.25,0.0006,281.2500,-387.5000,
TRADE,04/04/2022 18:00:00,1.32110,05/04/2022 07:30:00,1.32320,@BP,-1,1,-131.25,0.0004,50.0000,-193.7500,
TRADE,11/04/2022 18:00:00,1.31290,12/04/2022 07:30:00,1.31200,@BP,-1,1,56.25,0.0005,231.2500,-43.7500,
TRADE,18/04/2022 18:00:00,1.31080,19/04/2022 07:30:00,1.31150,@BP,-1,1,-43.75,0.0005,137.5000,-187.5000,
TRADE,25/04/2022 06:30:00,1.28080,26/04/2022 02:00:00,1.28400,@BP,1,1,200.00,0.0017,393.7500,-75.0000,
TRADE,02/05/2022 18:00:00,1.25970,03/05/2022 07:30:00,1.26310,@BP,-1,1,-212.50,0.0011,31.2500,-362.5000,
TRADE,09/05/2022 18:00:00,1.24290,10/05/2022 07:30:00,1.24380,@BP,-1,1,-56.25,0.0008,156.2500,-287.5000,
TRADE,16/05/2022 18:00:00,1.24260,17/05/2022 03:30:00,1.25460,@BP,-1,1,-750.00,0.0009,50.0000,-656.2500,
TRADE,23/05/2022 18:00:00,1.26820,24/05/2022 07:30:00,1.25990,@BP,-1,1,518.75,0.0010,668.7500,-100.0000,
TRADE,30/05/2022 18:00:00,1.27520,31/05/2022 07:30:00,1.26890,@BP,-1,1,393.75,0.0004,468.7500,-6.2500,
TRADE,06/06/2022 18:00:00,1.26300,07/06/2022 07:30:00,1.25930,@BP,-1,1,231.25,0.0004,612.5000,-25.0000,
TRADE,13/06/2022 18:00:00,1.22430,14/06/2022 07:30:00,1.21770,@BP,-1,1,412.50,0.0018,437.5000,-450.0000,
TRADE,20/06/2022 18:00:00,1.23590,21/06/2022 07:30:00,1.23790,@BP,-1,1,-125.00,0.0010,31.2500,-475.0000,
TRADE,27/06/2022 18:00:00,1.23750,28/06/2022 07:30:00,1.23490,@BP,-1,1,162.50,0.0006,237.5000,-168.7500,
TRADE,04/07/2022 18:00:00,1.22160,05/07/2022 07:30:00,1.21070,@BP,-1,1,681.25,0.0012,756.2500,-100.0000,
TRADE,18/07/2022 18:00:00,1.20610,19/07/2022 07:30:00,1.21250,@BP,-1,1,-400.00,0.0010,193.7500,-525.0000,
TRADE,25/07/2022 18:00:00,1.21550,26/07/2022 07:30:00,1.20870,@BP,-1,1,425.00,0.0008,481.2500,-256.2500,
TRADE,01/08/2022 18:00:00,1.23590,02/08/2022 07:30:00,1.23190,@BP,-1,1,250.00,0.0008,450.0000,-137.5000,
TRADE,08/08/2022 18:00:00,1.21810,09/08/2022 07:30:00,1.21980,@BP,-1,1,-106.25,0.0006,100.0000,-300.0000,
TRADE,15/08/2022 06:30:00,1.21890,16/08/2022 02:00:00,1.21470,@BP,1,1,-262.50,0.0034,143.7500,-356.2500,
TRADE,22/08/2022 06:30:00,1.19000,23/08/2022 02:00:00,1.18290,@BP,1,1,-443.75,0.0011,137.5000,-487.5000,
TRADE,29/08/2022 18:00:00,1.18020,30/08/2022 07:30:00,1.18100,@BP,-1,1,-50.00,0.0007,137.5000,-331.2500,
TRADE,05/09/2022 18:00:00,1.16450,06/09/2022 07:30:00,1.16650,@BP,-1,1,-125.00,0.0051,56.2500,-350.0000,
TRADE,12/09/2022 18:00:00,1.17770,13/09/2022 07:30:00,1.18240,@BP,-1,1,-293.75,0.0006,25.0000,-318.7500,
TRADE,19/09/2022 18:00:00,1.15330,20/09/2022 07:30:00,1.15230,@BP,-1,1,62.50,0.0010,181.2500,-143.7500,
TRADE,26/09/2022 18:00:00,1.07200,26/09/2022 19:00:00,1.08400,@BP,-1,1,-750.00,0.0055,0.0000,-643.7500,
TRADE,26/09/2022 19:30:00,1.08460,27/09/2022 09:00:00,1.08420,@BP,-1,1,25.00,0.0066,187.5000,-456.2500,
TRADE,03/10/2022 18:00:00,1.14070,04/10/2022 07:30:00,1.14190,@BP,-1,1,-75.00,0.0018,268.7500,-675.0000,
TRADE,10/10/2022 18:00:00,1.11430,11/10/2022 07:30:00,1.11750,@BP,-1,1,-200.00,0.0008,387.5000,-275.0000,
TRADE,17/10/2022 18:00:00,1.14360,18/10/2022 07:30:00,1.13930,@BP,-1,1,268.75,0.0021,600.0000,-375.0000,
TRADE,24/10/2022 18:00:00,1.13860,25/10/2022 07:30:00,1.13990,@BP,-1,1,-81.25,0.0025,175.0000,-262.5000,
TRADE,31/10/2022 06:30:00,1.16300,01/11/2022 02:00:00,1.16250,@BP,1,1,-31.25,0.0021,100.0000,-525.0000,
TRADE,07/11/2022 06:30:00,1.15280,08/11/2022 02:00:00,1.15620,@BP,1,1,212.50,0.0032,612.5000,-106.2500,
TRADE,14/11/2022 17:30:00,1.18350,15/11/2022 12:00:00,1.19600,@BP,1,1,781.25,0.0011,1731.2500,-75.0000,
TRADE,21/11/2022 06:30:00,1.18890,22/11/2022 02:00:00,1.19060,@BP,1,1,106.25,0.0025,337.5000,-193.7500,
TRADE,28/11/2022 06:30:00,1.21730,28/11/2022 13:00:00,1.20530,@BP,1,1,-750.00,0.0028,37.5000,-737.5000,
TRADE,05/12/2022 06:30:00,1.23510,06/12/2022 02:00:00,1.22650,@BP,1,1,-537.50,0.0024,287.5000,-706.2500,
TRADE,12/12/2022 18:00:00,1.23430,13/12/2022 07:30:00,1.23780,@BP,-1,1,-218.75,0.0009,125.0000,-250.0000,
TRADE,19/12/2022 18:00:00,1.22240,20/12/2022 07:30:00,1.22030,@BP,-1,1,131.25,0.0007,425.0000,-443.7500,
TRADE,26/12/2022 18:00:00,1.21440,27/12/2022 12:30:00,1.20810,@BP,1,1,-393.75,0.0027,225.0000,-475.0000,
TRADE,09/01/2023 06:30:00,1.22060,10/01/2023 02:00:00,1.22030,@BP,1,1,-18.75,0.0015,412.5000,-81.2500,
TRADE,16/01/2023 06:30:00,1.22620,17/01/2023 02:00:00,1.22600,@BP,1,1,-12.50,0.0020,56.2500,-212.5000,
TRADE,23/01/2023 06:30:00,1.24110,24/01/2023 02:00:00,1.24590,@BP,1,1,300.00,0.0013,331.2500,-193.7500,
TRADE,30/01/2023 06:30:00,1.24400,31/01/2023 02:00:00,1.24050,@BP,1,1,-218.75,0.0016,81.2500,-343.7500,
TRADE,06/02/2023 06:30:00,1.21010,07/02/2023 02:00:00,1.20790,@BP,1,1,-137.50,0.0034,168.7500,-281.2500,
TRADE,13/02/2023 06:30:00,1.21080,14/02/2023 02:00:00,1.22000,@BP,1,1,575.00,0.0013,700.0000,0.0000,
TRADE,20/02/2023 06:30:00,1.20800,21/02/2023 02:00:00,1.20490,@BP,1,1,-193.75,0.0011,75.0000,-225.0000,
TRADE,27/02/2023 06:30:00,1.20310,28/02/2023 02:00:00,1.20840,@BP,1,1,331.25,0.0012,518.7500,-62.5000,
TRADE,06/03/2023 06:30:00,1.20440,07/03/2023 02:00:00,1.21070,@BP,1,1,393.75,0.0019,412.5000,-18.7500,
TRADE,27/03/2023 06:30:00,1.22990,28/03/2023 02:00:00,1.23540,@BP,1,1,343.75,0.0012,368.7500,-143.7500,
TRADE,03/04/2023 17:30:00,1.24540,04/04/2023 12:00:00,1.25280,@BP,1,1,462.50,0.0005,662.5000,-150.0000,
TRADE,10/04/2023 06:30:00,1.24640,11/04/2023 02:00:00,1.24470,@BP,1,1,-106.25,0.0009,37.5000,-531.2500,
TRADE,17/04/2023 06:30:00,1.24390,18/04/2023 02:00:00,1.24320,@BP,1,1,-43.75,0.0008,200.0000,-337.5000,
TRADE,24/04/2023 06:30:00,1.24770,25/04/2023 02:00:00,1.25180,@BP,1,1,256.25,0.0013,375.0000,-125.0000,
TRADE,01/05/2023 17:30:00,1.25210,02/05/2023 12:00:00,1.25020,@BP,1,1,-118.75,0.0006,125.0000,-362.5000,
TRADE,08/05/2023 17:30:00,1.26370,09/05/2023 12:00:00,1.26460,@BP,1,1,56.25,0.0004,181.2500,-200.0000,
TRADE,15/05/2023 06:30:00,1.25320,16/05/2023 02:00:00,1.25010,@BP,1,1,-193.75,0.0012,175.0000,-225.0000,
TRADE,22/05/2023 06:30:00,1.24720,23/05/2023 02:00:00,1.24500,@BP,1,1,-137.50,0.0018,137.5000,-225.0000,
TRADE,29/05/2023 06:30:00,1.23670,30/05/2023 02:00:00,1.23540,@BP,1,1,-81.25,0.0006,206.2500,-118.7500,
TRADE,05/06/2023 06:30:00,1.24100,06/06/2023 02:00:00,1.24610,@BP,1,1,318.75,0.0009,418.7500,-143.7500,
TRADE,12/06/2023 17:30:00,1.25300,13/06/2023 12:00:00,1.26350,@BP,1,1,656.25,0.0004,681.2500,-25.0000,
TRADE,19/06/2023 18:00:00,1.28160,20/06/2023 07:30:00,1.27660,@BP,-1,1,312.50,0.0015,337.5000,-18.7500,
TRADE,26/06/2023 18:00:00,1.27170,27/06/2023 07:30:00,1.27320,@BP,-1,1,-93.75,0.0003,56.2500,-281.2500,
