TRADE,25/01/2010 13:20:00,227.25000,26/01/2010 22:00:00,221.25000,@C,-1,1,300.00,3.2500,400.0000,-50.0000,
TRADE,29/01/2010 12:00:00,217.25000,01/02/2010 20:00:00,219.25000,@C,-1,1,-100.00,3.7500,150.0000,-125.0000,
TRADE,10/02/2010 11:00:00,215.50000,11/02/2010 13:20:00,222.25000,@C,-1,1,-337.50,3.2500,12.5000,-450.0000,
TRADE,15/02/2010 21:00:00,223.25000,16/02/2010 11:00:00,225.50000,@C,1,1,112.50,2.5000,225.0000,-12.5000,
TRADE,17/02/2010 11:00:00,223.25000,18/02/2010 13:20:00,216.75000,@C,-1,1,325.00,3.5000,437.5000,-25.0000,
TRADE,25/02/2010 11:00:00,231.50000,26/02/2010 13:20:00,238.25000,@C,-1,1,-337.50,4.5000,125.0000,-375.0000,
TRADE,01/03/2010 11:00:00,231.50000,02/03/2010 13:00:00,231.50000,@C,-1,1,0.00,8.2500,375.0000,-150.0000,
TRADE,04/03/2010 11:00:00,230.25000,05/03/2010 13:20:00,226.00000,@C,-1,1,212.50,4.5000,275.0000,-287.5000,
TRADE,16/03/2010 11:00:00,213.50000,17/03/2010 05:00:00,216.00000,@C,1,1,125.00,2.0000,175.0000,-25.0000,
TRADE,29/03/2010 11:00:00,206.50000,30/03/2010 05:00:00,206.75000,@C,1,1,12.50,2.2500,75.0000,-187.5000,
TRADE,07/04/2010 13:20:00,203.00000,08/04/2010 08:00:00,201.50000,@C,1,1,-75.00,9.5000,100.0000,-87.5000,
TRADE,13/04/2010 13:20:00,198.50000,14/04/2010 08:00:00,202.75000,@C,1,1,212.50,3.2500,225.0000,-12.5000,
TRADE,28/04/2010 11:00:00,208.25000,29/04/2010 05:00:00,206.25000,@C,1,1,-100.00,7.5000,75.0000,-387.5000,
TRADE,05/05/2010 13:20:00,211.25000,06/05/2010 08:00:00,210.50000,@C,1,1,-37.50,3.7500,112.5000,-87.5000,
TRADE,07/05/2010 11:00:00,210.25000,10/05/2010 13:20:00,210.50000,@C,-1,1,-12.50,5.2500,137.5000,-312.5000,
TRADE,11/05/2010 11:00:00,214.25000,12/05/2010 05:00:00,220.75000,@C,1,1,325.00,11.7500,325.0000,-112.5000,
TRADE,13/05/2010 11:00:00,217.00000,14/05/2010 13:20:00,203.00000,@C,-1,1,700.00,4.2500,737.5000,-25.0000,
TRADE,18/05/2010 23:00:00,201.00000,19/05/2010 13:00:00,195.75000,@C,1,1,-262.50,1.5000,87.5000,-400.0000,
TRADE,28/05/2010 11:00:00,210.00000,01/06/2010 13:20:00,196.50000,@C,-1,1,675.00,4.2500,875.0000,-50.0000,
TRADE,21/06/2010 12:00:00,195.00000,22/06/2010 20:00:00,190.00000,@C,-1,1,250.00,9.7500,362.5000,-37.5000,
TRADE,30/06/2010 11:00:00,187.50000,01/07/2010 05:00:00,194.00000,@C,1,1,325.00,24.7500,400.0000,0.0000,
TRADE,07/07/2010 11:00:00,208.50000,08/07/2010 05:00:00,209.25000,@C,1,1,37.50,8.5000,87.5000,-162.5000,
TRADE,12/07/2010 13:20:00,210.50000,13/07/2010 22:00:00,206.25000,@C,-1,1,212.50,4.0000,250.0000,-200.0000,
TRADE,23/07/2010 11:00:00,207.50000,26/07/2010 13:20:00,194.25000,@C,-1,1,662.50,6.5000,725.0000,-50.0000,
TRADE,03/08/2010 01:00:00,224.00000,03/08/2010 20:00:00,219.00000,@C,1,1,-250.00,1.2500,87.5000,-375.0000,
TRADE,04/08/2010 10:00:00,227.25000,05/08/2010 04:00:00,231.25000,@C,1,1,200.00,1.2500,300.0000,-187.5000,
TRADE,11/08/2010 13:00:00,227.50000,12/08/2010 07:00:00,229.50000,@C,1,1,100.00,7.5000,125.0000,-137.5000,
TRADE,18/08/2010 01:00:00,244.00000,18/08/2010 20:00:00,249.25000,@C,1,1,262.50,1.0000,350.0000,-187.5000,
TRADE,23/08/2010 11:00:00,248.75000,24/08/2010 13:20:00,233.00000,@C,-1,1,787.50,7.2500,887.5000,-100.0000,
TRADE,26/08/2010 05:00:00,241.75000,27/08/2010,250.00000,@C,1,1,412.50,1.5000,462.5000,-87.5000,
TRADE,30/08/2010 21:00:00,252.25000,01/09/2010,257.50000,@C,-1,1,-262.50,7.2500,112.5000,-387.5000,
TRADE,09/09/2010 11:00:00,279.00000,10/09/2010 05:00:00,285.75000,@C,1,1,337.50,4.7500,412.5000,0.0000,
TRADE,16/09/2010 13:00:00,307.75000,16/09/2010 21:00:00,319.75000,@C,-1,1,-600.00,4.5000,12.5000,-587.5000,
TRADE,24/09/2010 11:00:00,324.25000,27/09/2010 05:00:00,342.75000,@C,1,1,925.00,3.7500,937.5000,-25.0000,
TRADE,29/09/2010 22:00:00,321.25000,30/09/2010 10:00:00,304.50000,@C,1,1,-837.50,2.0000,112.5000,-837.5000,
TRADE,05/10/2010,284.75000,05/10/2010 13:20:00,307.00000,@C,1,1,1112.50,1.7500,1200.0000,0.0000,
TRADE,14/10/2010 13:20:00,382.50000,17/10/2010 22:00:00,374.50000,@C,-1,1,400.00,7.2500,437.5000,-387.5000,
TRADE,20/10/2010 11:00:00,375.25000,21/10/2010 05:00:00,389.25000,@C,1,1,700.00,5.7500,975.0000,-62.5000,
TRADE,22/10/2010 11:00:00,383.00000,25/10/2010 05:00:00,388.25000,@C,1,1,262.50,5.7500,362.5000,-412.5000,
TRADE,26/10/2010 11:00:00,384.25000,26/10/2010 22:00:00,384.25000,@C,1,1,0.00,6.5000,412.5000,-200.0000,
TRADE,03/11/2010 21:00:00,397.75000,04/11/2010 11:00:00,409.00000,@C,1,1,562.50,3.2500,662.5000,-25.0000,
TRADE,09/11/2010 01:00:00,406.75000,09/11/2010 10:00:00,406.75000,@C,1,1,0.00,1.0000,675.0000,-75.0000,
TRADE,18/11/2010 08:00:00,358.25000,19/11/2010 02:00:00,358.25000,@C,-1,1,0.00,3.0000,350.0000,-175.0000,
TRADE,01/12/2010 11:00:00,356.25000,02/12/2010 05:00:00,364.75000,@C,1,1,425.00,5.2500,575.0000,0.0000,
TRADE,03/12/2010 11:00:00,366.75000,06/12/2010 05:00:00,371.00000,@C,1,1,212.50,8.2500,375.0000,-87.5000,
TRADE,10/12/2010 11:00:00,368.25000,13/12/2010 10:00:00,380.75000,@C,-1,1,-625.00,10.5000,37.5000,-625.0000,
TRADE,13/12/2010 11:00:00,387.00000,14/12/2010 05:00:00,387.50000,@C,1,1,25.00,8.7500,112.5000,-200.0000,
TRADE,17/12/2010 11:00:00,393.00000,20/12/2010 05:00:00,399.25000,@C,1,1,312.50,6.7500,412.5000,-50.0000,
TRADE,30/12/2010 11:00:00,418.50000,02/01/2011 21:00:00,427.25000,@C,-1,1,-437.50,6.0000,287.5000,-587.5000,
TRADE,06/01/2011 11:00:00,412.00000,07/01/2011 13:20:00,396.75000,@C,-1,1,762.50,6.5000,837.5000,-262.5000,
TRADE,10/01/2011 11:00:00,406.25000,11/01/2011 05:00:00,411.25000,@C,1,1,250.00,7.7500,400.0000,-12.5000,
TRADE,12/01/2011 11:00:00,435.00000,13/01/2011 05:00:00,440.25000,@C,1,1,262.50,24.5000,362.5000,-350.0000,
TRADE,19/01/2011 11:00:00,455.75000,20/01/2011 13:20:00,448.50000,@C,-1,1,362.50,13.0000,1400.0000,-137.5000,
TRADE,24/01/2011 12:00:00,452.00000,25/01/2011 20:00:00,443.25000,@C,-1,1,437.50,5.2500,625.0000,-287.5000,
TRADE,07/02/2011 13:20:00,470.75000,08/02/2011 22:00:00,476.25000,@C,-1,1,-275.00,5.2500,212.5000,-287.5000,
TRADE,07/03/2011 11:00:00,515.25000,08/03/2011 13:20:00,494.75000,@C,-1,1,1025.00,6.0000,1237.5000,-50.0000,
TRADE,17/03/2011 11:00:00,436.75000,18/03/2011 05:00:00,465.25000,@C,1,1,1425.00,16.7500,1587.5000,0.0000,
TRADE,22/03/2011 11:00:00,469.00000,23/03/2011 04:00:00,481.00000,@C,-1,1,-600.00,7.2500,87.5000,-587.5000,
TRADE,24/03/2011,468.00000,24/03/2011 12:00:00,480.00000,@C,-1,1,-600.00,3.2500,75.0000,-362.5000,
TRADE,31/03/2011 11:00:00,483.50000,01/04/2011 05:00:00,521.75000,@C,1,1,1912.50,33.7500,2037.5000,0.0000,
TRADE,08/04/2011 11:00:00,553.25000,10/04/2011 20:00:00,572.25000,@C,-1,1,-950.00,15.7500,250.0000,-950.0000,
TRADE,12/04/2011 11:00:00,551.00000,12/04/2011 11:00:00,551.00000,@C,-1,1,0.00,11.0000,700.0000,-12.5000,
TRADE,13/04/2011 11:00:00,555.75000,13/04/2011 12:00:00,543.75000,@C,1,1,-600.00,10.7500,37.5000,-500.0000,
TRADE,24/04/2011 21:00:00,544.25000,25/04/2011 11:00:00,545.00000,@C,1,1,37.50,18.2500,100.0000,-400.0000,
TRADE,27/04/2011 20:00:00,550.00000,28/04/2011 23:00:00,515.50000,@C,-1,1,1725.00,10.5000,2212.5000,-75.0000,
TRADE,06/05/2011 11:00:00,494.50000,06/05/2011 11:00:00,482.50000,@C,1,1,-600.00,21.2500,87.5000,-487.5000,
TRADE,11/05/2011 11:00:00,461.25000,12/05/2011 11:00:00,461.25000,@C,-1,1,0.00,32.7500,912.5000,-187.5000,
TRADE,12/05/2011 13:20:00,473.50000,12/05/2011 13:20:00,461.50000,@C,1,1,-600.00,11.7500,62.5000,-362.5000,
TRADE,24/05/2011 08:00:00,533.25000,25/05/2011 12:00:00,529.75000,@C,-1,1,175.00,6.2500,1125.0000,-350.0000,
TRADE,25/05/2011 21:00:00,532.25000,26/05/2011 11:00:00,536.50000,@C,1,1,212.50,6.5000,350.0000,-150.0000,
TRADE,27/05/2011 11:00:00,532.00000,31/05/2011 06:00:00,544.00000,@C,-1,1,-600.00,7.7500,137.5000,-587.5000,
TRADE,01/06/2011 20:00:00,540.75000,02/06/2011 10:00:00,542.75000,@C,1,1,100.00,3.5000,112.5000,-112.5000,
TRADE,02/06/2011 11:00:00,553.00000,03/06/2011 05:00:00,552.75000,@C,1,1,-12.50,11.2500,50.0000,-325.0000,
TRADE,07/06/2011 21:00:00,526.75000,08/06/2011 11:00:00,533.00000,@C,1,1,312.50,8.0000,362.5000,-412.5000,
TRADE,13/06/2011 11:00:00,564.00000,14/06/2011 13:20:00,539.75000,@C,-1,1,1212.50,10.7500,1375.0000,-275.0000,
TRADE,21/06/2011 04:00:00,492.75000,21/06/2011 12:00:00,492.75000,@C,1,1,0.00,2.0000,525.0000,-25.0000,
TRADE,28/06/2011 11:00:00,452.00000,29/06/2011 05:00:00,481.50000,@C,1,1,1475.00,8.5000,1712.5000,-125.0000,
TRADE,30/06/2011 11:00:00,452.00000,01/07/2011 13:20:00,424.75000,@C,-1,1,1362.50,29.7500,2250.0000,0.0000,
TRADE,12/07/2011 11:00:00,453.00000,13/07/2011 05:00:00,469.25000,@C,1,1,812.50,21.2500,1125.0000,-50.0000,
TRADE,15/07/2011 11:00:00,512.25000,15/07/2011 12:00:00,500.25000,@C,1,1,-600.00,13.7500,137.5000,-362.5000,
TRADE,20/07/2011 11:00:00,503.75000,21/07/2011 13:20:00,483.00000,@C,-1,1,1037.50,9.5000,1450.0000,-37.5000,
TRADE,27/07/2011 11:00:00,491.50000,28/07/2011 13:20:00,487.25000,@C,-1,1,212.50,11.5000,375.0000,-275.0000,
TRADE,02/08/2011 03:00:00,483.50000,02/08/2011 22:00:00,516.50000,@C,1,1,1650.00,3.0000,1687.5000,-125.0000,
TRADE,05/08/2011 13:20:00,500.00000,08/08/2011 04:00:00,488.00000,@C,1,1,-600.00,11.0000,187.5000,-575.0000,
TRADE,11/08/2011 11:00:00,509.75000,12/08/2011 05:00:00,504.50000,@C,1,1,-262.50,27.5000,87.5000,-387.5000,
TRADE,16/08/2011 08:00:00,505.00000,16/08/2011 12:00:00,517.00000,@C,-1,1,-600.00,3.7500,50.0000,-512.5000,
TRADE,19/08/2011 11:00:00,511.25000,22/08/2011 05:00:00,522.00000,@C,1,1,537.50,7.0000,537.5000,-75.0000,
TRADE,25/08/2011 11:00:00,535.00000,26/08/2011 11:00:00,547.00000,@C,-1,1,-600.00,7.7500,125.0000,-437.5000,
TRADE,30/08/2011 06:00:00,552.25000,30/08/2011 13:00:00,564.25000,@C,-1,1,-600.00,4.2500,50.0000,-400.0000,
TRADE,05/09/2011 21:00:00,542.50000,06/09/2011 11:00:00,542.50000,@C,-1,1,0.00,11.0000,375.0000,-337.5000,
TRADE,13/09/2011 04:00:00,534.50000,14/09/2011 07:00:00,512.00000,@C,-1,1,1125.00,3.5000,1287.5000,-87.5000,
TRADE,20/09/2011 21:00:00,480.25000,22/09/2011,472.00000,@C,-1,1,412.50,3.2500,537.5000,-475.0000,
TRADE,26/09/2011 21:00:00,445.25000,27/09/2011 11:00:00,455.75000,@C,1,1,525.00,5.7500,662.5000,0.0000,
TRADE,27/09/2011 13:20:00,442.25000,28/09/2011 11:00:00,442.25000,@C,-1,1,0.00,10.2500,387.5000,-162.5000,
TRADE,11/10/2011 03:00:00,392.75000,11/10/2011 10:00:00,404.75000,@C,-1,1,-600.00,4.5000,37.5000,-550.0000,
TRADE,14/10/2011 11:00:00,435.75000,17/10/2011 05:00:00,438.00000,@C,1,1,112.50,6.2500,175.0000,-562.5000,
TRADE,17/10/2011 06:00:00,431.75000,18/10/2011 10:00:00,426.50000,@C,-1,1,262.50,7.0000,462.5000,-275.0000,
TRADE,19/10/2011 20:00:00,427.25000,20/10/2011 13:00:00,439.25000,@C,-1,1,-600.00,6.7500,150.0000,-550.0000,
TRADE,20/10/2011 13:20:00,438.75000,21/10/2011 08:00:00,450.25000,@C,1,1,575.00,7.2500,625.0000,-62.5000,
TRADE,24/10/2011 13:00:00,443.00000,25/10/2011 21:00:00,442.75000,@C,-1,1,12.50,9.7500,187.5000,-387.5000,
TRADE,26/10/2011 11:00:00,432.75000,26/10/2011 20:00:00,432.75000,@C,-1,1,0.00,13.5000,375.0000,-12.5000,
TRADE,27/10/2011 13:00:00,446.75000,28/10/2011 07:00:00,439.25000,@C,1,1,-375.00,17.2500,25.0000,-400.0000,
TRADE,28/10/2011 12:00:00,445.75000,31/10/2011 06:00:00,438.00000,@C,1,1,-387.50,7.5000,162.5000,-550.0000,
TRADE,01/11/2011 20:00:00,443.00000,02/11/2011 10:00:00,449.75000,@C,1,1,337.50,14.2500,400.0000,0.0000,
TRADE,03/11/2011 03:00:00,434.50000,03/11/2011 06:00:00,446.50000,@C,-1,1,-600.00,2.0000,75.0000,-537.5000,
TRADE,04/11/2011 11:00:00,439.00000,07/11/2011 13:20:00,444.25000,@C,-1,1,-262.50,8.5000,0.0000,-537.5000,
TRADE,09/11/2011 11:00:00,446.75000,10/11/2011 13:20:00,440.50000,@C,-1,1,312.50,12.5000,462.5000,-525.0000,
TRADE,15/11/2011 13:00:00,433.25000,16/11/2011 07:00:00,433.50000,@C,1,1,12.50,9.5000,237.5000,-112.5000,
TRADE,17/11/2011 11:00:00,417.50000,18/11/2011 13:20:00,399.00000,@C,-1,1,925.00,14.7500,1187.5000,-162.5000,
TRADE,25/11/2011 11:00:00,381.50000,28/11/2011 07:00:00,386.75000,@C,1,1,262.50,9.0000,350.0000,-362.5000,
TRADE,05/12/2011 11:00:00,383.25000,06/12/2011 03:00:00,371.25000,@C,1,1,-600.00,5.2500,37.5000,-562.5000,
TRADE,09/12/2011 11:00:00,376.25000,12/12/2011 13:20:00,380.25000,@C,-1,1,-200.00,12.7500,325.0000,-287.5000,
TRADE,14/12/2011 11:00:00,373.75000,15/12/2011 13:20:00,364.50000,@C,-1,1,462.50,5.2500,637.5000,-25.0000,
TRADE,16/12/2011 11:00:00,367.75000,19/12/2011 05:00:00,375.50000,@C,1,1,387.50,6.0000,400.0000,-125.0000,
TRADE,05/01/2012 11:00:00,435.50000,09/01/2012,433.25000,@C,-1,1,112.50,3.5000,562.5000,0.0000,
TRADE,11/01/2012 08:00:00,434.00000,12/01/2012 10:00:00,397.75000,@C,-1,1,1812.50,3.0000,1812.5000,-512.5000,
TRADE,12/01/2012 11:00:00,396.25000,13/01/2012 13:20:00,387.00000,@C,-1,1,462.50,46.0000,550.0000,-162.5000,
TRADE,31/01/2012 06:00:00,425.50000,01/02/2012 01:00:00,429.00000,@C,1,1,175.00,1.7500,212.5000,-450.0000,
TRADE,09/02/2012 11:00:00,434.25000,09/02/2012 13:00:00,422.25000,@C,1,1,-600.00,12.5000,125.0000,-450.0000,
TRADE,14/02/2012 11:00:00,417.75000,15/02/2012 13:20:00,411.25000,@C,-1,1,325.00,4.2500,387.5000,-375.0000,
TRADE,16/02/2012 11:00:00,412.75000,17/02/2012 05:00:00,424.50000,@C,1,1,587.50,6.2500,600.0000,0.0000,
TRADE,22/02/2012 11:00:00,415.25000,23/02/2012 05:00:00,423.50000,@C,1,1,412.50,7.0000,462.5000,-37.5000,
TRADE,06/03/2012 11:00:00,437.50000,07/03/2012 13:20:00,419.75000,@C,-1,1,887.50,7.2500,950.0000,-112.5000,
TRADE,19/03/2012 06:00:00,449.25000,20/03/2012 10:00:00,436.00000,@C,-1,1,662.50,5.7500,712.5000,-125.0000,
TRADE,26/03/2012 11:00:00,434.00000,26/03/2012 13:00:00,422.00000,@C,1,1,-600.00,8.5000,150.0000,-512.5000,
TRADE,30/03/2012 11:00:00,414.00000,02/04/2012 05:00:00,436.75000,@C,1,1,1137.50,32.2500,1187.5000,0.0000,
TRADE,04/04/2012 13:20:00,433.50000,08/04/2012 22:00:00,443.25000,@C,-1,1,-487.50,7.2500,87.5000,-587.5000,
TRADE,09/04/2012 11:00:00,434.75000,10/04/2012 13:20:00,417.25000,@C,-1,1,875.00,5.5000,912.5000,-12.5000,
TRADE,12/04/2012 11:00:00,423.50000,13/04/2012 05:00:00,421.25000,@C,1,1,-112.50,5.2500,100.0000,-250.0000,
TRADE,13/04/2012 11:00:00,411.25000,16/04/2012 13:20:00,406.00000,@C,-1,1,262.50,8.0000,462.5000,-25.0000,
TRADE,17/04/2012 11:00:00,406.00000,18/04/2012 05:00:00,396.50000,@C,1,1,-475.00,5.2500,150.0000,-500.0000,
TRADE,19/04/2012 12:00:00,402.75000,20/04/2012 06:00:00,404.75000,@C,1,1,100.00,8.5000,125.0000,-287.5000,
TRADE,20/04/2012 13:00:00,393.25000,23/04/2012 21:00:00,403.50000,@C,-1,1,-512.50,6.7500,137.5000,-512.5000,
TRADE,26/04/2012 13:20:00,400.50000,27/04/2012 08:00:00,411.00000,@C,1,1,525.00,4.0000,562.5000,-12.5000,
TRADE,02/05/2012 11:00:00,428.25000,03/05/2012 13:20:00,421.00000,@C,-1,1,362.50,8.7500,612.5000,-175.0000,
TRADE,09/05/2012 11:00:00,422.75000,10/05/2012 13:20:00,394.50000,@C,-1,1,1412.50,6.0000,1437.5000,-112.5000,
TRADE,05/06/2012 11:00:00,370.50000,05/06/2012 12:00:00,382.50000,@C,-1,1,-600.00,8.7500,25.0000,-487.5000,
TRADE,12/06/2012 07:00:00,399.75000,12/06/2012 09:00:00,399.75000,@C,-1,1,0.00,4.7500,787.5000,-387.5000,
TRADE,21/06/2012 06:00:00,415.50000,22/06/2012 08:00:00,404.75000,@C,-1,1,537.50,3.5000,1025.0000,-225.0000,
TRADE,24/06/2012 21:00:00,416.75000,25/06/2012 10:00:00,429.00000,@C,1,1,612.50,17.2500,637.5000,-62.5000,
TRADE,11/07/2012 12:00:00,543.50000,11/07/2012 12:00:00,543.50000,@C,-1,1,0.00,19.0000,350.0000,-162.5000,
TRADE,15/07/2012 21:00:00,600.50000,16/07/2012 08:00:00,600.50000,@C,1,1,0.00,31.0000,375.0000,-25.0000,
TRADE,18/07/2012 06:00:00,604.00000,18/07/2012 10:00:00,616.00000,@C,-1,1,-600.00,7.5000,212.5000,-450.0000,
TRADE,23/07/2012 21:00:00,632.25000,24/07/2012 23:00:00,623.75000,@C,-1,1,425.00,10.0000,1200.0000,-525.0000,
TRADE,27/07/2012 10:00:00,628.25000,27/07/2012 11:00:00,628.25000,@C,1,1,0.00,5.2500,350.0000,-87.5000,
TRADE,31/07/2012 13:00:00,646.50000,01/08/2012 20:00:00,638.00000,@C,-1,1,425.00,6.5000,1500.0000,-287.5000,
TRADE,10/08/2012 12:00:00,647.00000,13/08/2012 13:20:00,622.75000,@C,-1,1,1212.50,7.2500,1800.0000,-187.5000,
TRADE,15/08/2012 13:00:00,622.50000,16/08/2012 07:00:00,630.00000,@C,1,1,375.00,4.5000,437.5000,-25.0000,
TRADE,09/09/2012 21:00:00,625.00000,10/09/2012 23:00:00,610.75000,@C,-1,1,712.50,8.2500,787.5000,-487.5000,
TRADE,13/09/2012 21:00:00,604.00000,14/09/2012 10:00:00,607.25000,@C,1,1,162.50,3.2500,350.0000,-100.0000,
TRADE,19/09/2012 13:00:00,584.50000,20/09/2012 07:00:00,579.25000,@C,1,1,-262.50,12.0000,50.0000,-337.5000,
TRADE,03/10/2012 21:00:00,582.50000,04/10/2012 10:00:00,594.50000,@C,-1,1,-600.00,6.2500,12.5000,-587.5000,
TRADE,04/10/2012 21:00:00,585.50000,07/10/2012 23:00:00,573.25000,@C,-1,1,612.50,5.2500,637.5000,-50.0000,
TRADE,09/10/2012 11:00:00,574.00000,10/10/2012 05:00:00,571.50000,@C,1,1,-125.00,3.2500,37.5000,-262.5000,
TRADE,11/10/2012 09:00:00,594.75000,12/10/2012 03:00:00,596.25000,@C,1,1,75.00,38.5000,475.0000,-362.5000,
TRADE,17/10/2012 22:00:00,576.75000,18/10/2012 11:00:00,584.75000,@C,1,1,400.00,3.7500,400.0000,-62.5000,
TRADE,24/10/2012 10:00:00,588.75000,25/10/2012 04:00:00,585.00000,@C,1,1,-187.50,5.2500,150.0000,-450.0000,
TRADE,30/10/2012 22:00:00,573.50000,31/10/2012 11:00:00,577.25000,@C,1,1,187.50,2.2500,187.5000,-87.5000,
TRADE,01/11/2012 21:00:00,576.75000,04/11/2012 23:00:00,567.50000,@C,-1,1,462.50,5.5000,625.0000,-150.0000,
TRADE,07/11/2012 03:00:00,570.00000,07/11/2012 13:00:00,570.00000,@C,1,1,0.00,2.7500,500.0000,-387.5000,
TRADE,29/11/2012 13:00:00,583.00000,02/12/2012 20:00:00,584.50000,@C,-1,1,-75.00,4.5000,537.5000,-162.5000,
TRADE,02/12/2012 21:00:00,585.50000,03/12/2012 10:00:00,583.75000,@C,1,1,-87.50,7.2500,137.5000,-100.0000,
TRADE,05/12/2012 12:00:00,580.75000,06/12/2012 06:00:00,581.75000,@C,1,1,50.00,4.0000,137.5000,-100.0000,
TRADE,18/12/2012 05:00:00,545.25000,19/12/2012 07:00:00,543.00000,@C,-1,1,112.50,4.5000,287.5000,-87.5000,
TRADE,08/01/2013 21:00:00,514.00000,09/01/2013 23:00:00,521.25000,@C,-1,1,-362.50,3.2500,162.5000,-425.0000,
TRADE,17/01/2013 21:00:00,548.75000,21/01/2013 23:00:00,557.75000,@C,-1,1,-450.00,2.7500,37.5000,-475.0000,
TRADE,22/01/2013 21:00:00,550.50000,23/01/2013 23:00:00,540.75000,@C,-1,1,487.50,3.5000,512.5000,-212.5000,
TRADE,24/01/2013 12:00:00,544.75000,25/01/2013 06:00:00,548.00000,@C,1,1,162.50,4.7500,350.0000,-112.5000,
TRADE,01/02/2013 13:00:00,563.50000,04/02/2013 20:00:00,557.25000,@C,-1,1,312.50,6.7500,425.0000,-125.0000,
TRADE,20/02/2013 20:00:00,525.25000,21/02/2013 09:00:00,523.25000,@C,1,1,-100.00,2.5000,0.0000,-150.0000,
TRADE,25/02/2013 13:20:00,518.25000,26/02/2013 08:00:00,520.25000,@C,1,1,100.00,2.5000,187.5000,-175.0000,
TRADE,03/03/2013 22:00:00,542.00000,04/03/2013 11:00:00,539.75000,@C,1,1,-112.50,2.0000,150.0000,-125.0000,
TRADE,14/03/2013 11:00:00,544.00000,15/03/2013 05:00:00,547.00000,@C,1,1,150.00,5.5000,262.5000,0.0000,
TRADE,15/03/2013 09:00:00,548.75000,18/03/2013 11:00:00,544.25000,@C,-1,1,225.00,3.5000,325.0000,-162.5000,
TRADE,26/03/2013 12:00:00,562.25000,27/03/2013 13:20:00,568.75000,@C,-1,1,-325.00,5.7500,137.5000,-387.5000,
TRADE,08/04/2013 21:00:00,469.25000,09/04/2013 10:00:00,471.75000,@C,1,1,125.00,3.2500,200.0000,-37.5000,
TRADE,15/04/2013 07:00:00,482.75000,16/04/2013 09:00:00,480.25000,@C,-1,1,125.00,2.7500,475.0000,-250.0000,
TRADE,26/04/2013,476.00000,29/04/2013 02:00:00,484.75000,@C,-1,1,-437.50,1.0000,250.0000,-475.0000,
TRADE,01/05/2013 05:00:00,498.25000,02/05/2013 07:00:00,507.25000,@C,-1,1,-450.00,1.2500,287.5000,-475.0000,
TRADE,05/05/2013 21:00:00,501.75000,06/05/2013 23:00:00,491.25000,@C,-1,1,525.00,17.0000,775.0000,-125.0000,
TRADE,13/05/2013 06:00:00,491.00000,13/05/2013 10:00:00,503.00000,@C,-1,1,-600.00,1.2500,25.0000,-475.0000,
TRADE,16/05/2013 10:00:00,499.50000,17/05/2013 10:00:00,499.50000,@C,-1,1,0.00,3.5000,412.5000,0.0000,
TRADE,22/05/2013 10:00:00,501.25000,23/05/2013 04:00:00,510.50000,@C,1,1,462.50,11.5000,550.0000,-87.5000,
TRADE,29/05/2013 11:00:00,511.75000,29/05/2013 12:00:00,511.75000,@C,-1,1,0.00,7.7500,362.5000,0.0000,
TRADE,31/05/2013 10:00:00,514.75000,03/06/2013 04:00:00,519.25000,@C,1,1,225.00,9.5000,312.5000,-187.5000,
TRADE,05/06/2013 12:00:00,515.75000,06/06/2013 10:00:00,515.75000,@C,-1,1,0.00,4.5000,362.5000,-112.5000,
TRADE,07/06/2013 07:00:00,516.50000,09/06/2013 20:00:00,514.25000,@C,1,1,-112.50,1.7500,525.0000,-200.0000,
TRADE,14/06/2013 13:20:00,506.75000,17/06/2013 08:00:00,507.25000,@C,1,1,25.00,6.2500,212.5000,-112.5000,
TRADE,20/06/2013 11:00:00,525.75000,21/06/2013 13:00:00,517.50000,@C,-1,1,412.50,10.2500,450.0000,-337.5000,
TRADE,25/06/2013 10:00:00,508.50000,26/06/2013 04:00:00,509.75000,@C,1,1,62.50,5.5000,200.0000,-175.0000,
TRADE,05/07/2013 10:00:00,464.00000,08/07/2013 04:00:00,462.25000,@C,1,1,-87.50,10.0000,37.5000,-287.5000,
TRADE,15/07/2013 21:00:00,477.00000,16/07/2013 10:00:00,479.25000,@C,1,1,112.50,9.2500,300.0000,-137.5000,
TRADE,22/07/2013 21:00:00,469.50000,23/07/2013 23:00:00,455.00000,@C,-1,1,725.00,5.2500,750.0000,-62.5000,
TRADE,29/07/2013 10:00:00,427.75000,30/07/2013 04:00:00,425.75000,@C,1,1,-100.00,5.0000,25.0000,-312.5000,
TRADE,31/07/2013 05:00:00,429.25000,01/08/2013 07:00:00,429.75000,@C,-1,1,-25.00,2.5000,50.0000,-187.5000,
TRADE,18/08/2013 21:00:00,418.00000,19/08/2013 10:00:00,415.00000,@C,1,1,-150.00,12.7500,137.5000,-325.0000,
TRADE,23/08/2013 10:00:00,431.00000,26/08/2013 04:00:00,439.50000,@C,1,1,425.00,3.5000,612.5000,-187.5000,
TRADE,02/09/2013 20:00:00,437.75000,03/09/2013 09:00:00,434.25000,@C,1,1,-175.00,5.5000,137.5000,-375.0000,
TRADE,03/09/2013 11:00:00,420.75000,04/09/2013 13:00:00,414.75000,@C,-1,1,300.00,13.2500,350.0000,-112.5000,
TRADE,10/09/2013 21:00:00,413.75000,11/09/2013 23:00:00,417.00000,@C,-1,1,-162.50,2.7500,37.5000,-325.0000,
TRADE,18/09/2013 21:00:00,404.25000,19/09/2013 10:00:00,405.50000,@C,1,1,62.50,1.7500,250.0000,-25.0000,
TRADE,25/09/2013 12:00:00,401.25000,26/09/2013 06:00:00,400.00000,@C,1,1,-62.50,3.7500,112.5000,-87.5000,
TRADE,29/09/2013 21:00:00,400.00000,30/09/2013 23:00:00,388.75000,@C,-1,1,562.50,1.7500,650.0000,-437.5000,
TRADE,06/10/2013 21:00:00,389.50000,07/10/2013 23:00:00,396.50000,@C,-1,1,-350.00,1.7500,37.5000,-350.0000,
TRADE,29/10/2013 10:00:00,379.00000,30/10/2013 04:00:00,380.25000,@C,1,1,62.50,3.2500,87.5000,-200.0000,
TRADE,31/10/2013 07:00:00,382.75000,01/11/2013 01:00:00,375.50000,@C,1,1,-362.50,2.2500,12.5000,-450.0000,
TRADE,06/11/2013 07:00:00,372.25000,07/11/2013 01:00:00,367.25000,@C,1,1,-250.00,1.2500,25.0000,-262.5000,
TRADE,12/11/2013 10:00:00,378.25000,13/11/2013 12:00:00,376.50000,@C,-1,1,87.50,6.2500,137.5000,-187.5000,
TRADE,25/11/2013 10:00:00,372.00000,26/11/2013 04:00:00,370.00000,@C,1,1,-100.00,3.0000,62.5000,-125.0000,
TRADE,26/11/2013 06:00:00,367.50000,27/11/2013 08:00:00,367.50000,@C,-1,1,0.00,2.0000,250.0000,-50.0000,
TRADE,27/11/2013 12:00:00,368.00000,02/12/2013 02:00:00,365.25000,@C,1,1,-137.50,3.2500,12.5000,-312.5000,
TRADE,12/12/2013 10:00:00,374.75000,13/12/2013 12:00:00,369.50000,@C,-1,1,262.50,4.7500,312.5000,-37.5000,
TRADE,26/12/2013 10:00:00,369.75000,27/12/2013 12:00:00,367.75000,@C,-1,1,100.00,8.2500,162.5000,-25.0000,
TRADE,02/01/2014 10:00:00,365.00000,03/01/2014 04:00:00,362.75000,@C,1,1,-112.50,3.5000,137.5000,-300.0000,
TRADE,14/01/2014 11:00:00,368.00000,15/01/2014 13:00:00,367.00000,@C,-1,1,50.00,4.5000,62.5000,-275.0000,
TRADE,30/01/2014 09:00:00,371.00000,31/01/2014 03:00:00,373.50000,@C,1,1,125.00,2.5000,200.0000,-87.5000,
TRADE,07/02/2014 10:00:00,381.50000,10/02/2014 12:00:00,386.25000,@C,-1,1,-237.50,3.2500,50.0000,-250.0000,
TRADE,11/02/2014 20:00:00,381.25000,12/02/2014 22:00:00,380.00000,@C,-1,1,62.50,2.0000,75.0000,-250.0000,
TRADE,09/03/2014 21:00:00,417.75000,10/03/2014 23:00:00,411.00000,@C,-1,1,337.50,5.7500,475.0000,-250.0000,
TRADE,12/03/2014 07:00:00,418.25000,13/03/2014 01:00:00,425.00000,@C,1,1,337.50,5.2500,362.5000,-337.5000,
TRADE,13/03/2014 12:00:00,419.50000,14/03/2014 13:20:00,417.75000,@C,-1,1,87.50,4.0000,300.0000,-225.0000,
TRADE,18/03/2014 08:00:00,417.00000,19/03/2014 02:00:00,424.00000,@C,1,1,350.00,1.0000,387.5000,-75.0000,
TRADE,20/03/2014 11:00:00,416.50000,21/03/2014 13:00:00,414.00000,@C,-1,1,125.00,5.2500,275.0000,-75.0000,
TRADE,23/03/2014 21:00:00,418.00000,24/03/2014 10:00:00,422.00000,@C,1,1,200.00,5.2500,275.0000,-62.5000,
TRADE,26/03/2014 08:00:00,418.25000,27/03/2014 10:00:00,422.00000,@C,-1,1,-187.50,3.0000,62.5000,-237.5000,
TRADE,31/03/2014 09:00:00,421.25000,31/03/2014 12:00:00,421.25000,@C,-1,1,0.00,3.5000,537.5000,0.0000,
TRADE,02/04/2014 12:00:00,432.25000,03/04/2014 13:20:00,433.25000,@C,-1,1,-50.00,12.2500,200.0000,-187.5000,
TRADE,06/04/2014 20:00:00,435.25000,07/04/2014 09:00:00,435.00000,@C,1,1,-12.50,3.2500,112.5000,-100.0000,
TRADE,07/04/2014 10:00:00,435.00000,08/04/2014 04:00:00,432.00000,@C,1,1,-150.00,3.5000,75.0000,-275.0000,
TRADE,08/04/2014 10:00:00,437.50000,09/04/2014 05:00:00,444.25000,@C,1,1,337.50,5.7500,400.0000,-50.0000,
TRADE,30/04/2014 10:00:00,445.00000,01/05/2014 12:00:00,440.50000,@C,-1,1,225.00,3.7500,475.0000,-262.5000,
TRADE,05/05/2014 11:00:00,436.25000,06/05/2014 05:00:00,434.00000,@C,1,1,-112.50,4.7500,125.0000,-137.5000,
TRADE,14/05/2014 03:00:00,432.50000,14/05/2014 21:00:00,424.50000,@C,1,1,-400.00,1.7500,62.5000,-412.5000,
TRADE,26/05/2014 21:00:00,402.50000,27/05/2014 23:00:00,398.25000,@C,-1,1,212.50,5.0000,237.5000,-75.0000,
TRADE,09/06/2014 10:00:00,378.50000,10/06/2014 12:00:00,376.50000,@C,-1,1,100.00,4.5000,187.5000,-287.5000,
TRADE,13/06/2014 10:00:00,376.00000,16/06/2014 12:00:00,371.00000,@C,-1,1,250.00,3.5000,275.0000,-137.5000,
TRADE,30/06/2014 10:00:00,370.25000,01/07/2014 08:00:00,349.50000,@C,-1,1,1037.50,2.5000,1075.0000,-200.0000,
TRADE,10/07/2014 06:00:00,327.00000,11/07/2014,320.25000,@C,1,1,-337.50,4.0000,75.0000,-362.5000,
TRADE,17/07/2014 10:00:00,314.00000,17/07/2014 12:00:00,314.00000,@C,1,1,0.00,4.7500,412.5000,-200.0000,
TRADE,22/07/2014 10:00:00,300.25000,23/07/2014 04:00:00,294.75000,@C,1,1,-275.00,2.5000,37.5000,-325.0000,
TRADE,23/07/2014 13:20:00,296.50000,24/07/2014 08:00:00,300.75000,@C,1,1,212.50,3.7500,225.0000,-75.0000,
TRADE,24/07/2014 11:00:00,291.75000,25/07/2014 13:00:00,295.25000,@C,-1,1,-175.00,7.5000,12.5000,-300.0000,
TRADE,29/07/2014 10:00:00,296.75000,30/07/2014 12:00:00,295.00000,@C,-1,1,87.50,4.5000,225.0000,-100.0000,
TRADE,04/08/2014 10:00:00,292.00000,05/08/2014 04:00:00,291.25000,@C,1,1,-37.50,3.2500,187.5000,-137.5000,
TRADE,19/08/2014 20:00:00,296.00000,20/08/2014 09:00:00,293.75000,@C,1,1,-112.50,2.0000,25.0000,-112.5000,
TRADE,05/09/2014 13:00:00,280.25000,08/09/2014 07:00:00,278.75000,@C,1,1,-75.00,3.0000,162.5000,-87.5000,
TRADE,15/09/2014 10:00:00,264.50000,16/09/2014 04:00:00,270.00000,@C,1,1,275.00,3.7500,300.0000,-62.5000,
TRADE,25/09/2014 10:00:00,252.50000,26/09/2014 12:00:00,250.25000,@C,-1,1,112.50,4.5000,175.0000,-25.0000,
TRADE,29/09/2014 13:20:00,250.50000,30/09/2014 08:00:00,250.50000,@C,1,1,0.00,2.2500,62.5000,-37.5000,
TRADE,10/10/2014 09:00:00,265.25000,13/10/2014 10:00:00,265.25000,@C,-1,1,0.00,2.5000,462.5000,-437.5000,
TRADE,13/10/2014 12:00:00,266.50000,14/10/2014 06:00:00,271.25000,@C,1,1,237.50,2.7500,425.0000,0.0000,
TRADE,16/10/2014 12:00:00,276.50000,17/10/2014 06:00:00,278.75000,@C,1,1,112.50,3.0000,237.5000,-100.0000,
TRADE,23/10/2014 09:00:00,279.25000,24/10/2014 11:00:00,282.00000,@C,-1,1,-137.50,3.2500,12.5000,-562.5000,
TRADE,27/10/2014 11:00:00,284.00000,28/10/2014 05:00:00,292.50000,@C,1,1,425.00,8.2500,462.5000,-175.0000,
TRADE,06/11/2014 05:00:00,294.00000,07/11/2014 07:00:00,294.25000,@C,-1,1,-12.50,1.2500,100.0000,-300.0000,
TRADE,11/11/2014 10:00:00,291.75000,12/11/2014 09:00:00,303.75000,@C,-1,1,-600.00,4.2500,37.5000,-575.0000,
TRADE,17/11/2014 06:00:00,305.25000,18/11/2014 08:00:00,303.25000,@C,-1,1,100.00,2.0000,275.0000,-12.5000,
TRADE,25/11/2014 09:00:00,295.50000,26/11/2014 03:00:00,300.25000,@C,1,1,237.50,1.7500,287.5000,-87.5000,
TRADE,01/12/2014 11:00:00,296.50000,02/12/2014 13:00:00,295.75000,@C,-1,1,37.50,2.2500,125.0000,-375.0000,
TRADE,09/12/2014 10:00:00,305.00000,10/12/2014 04:00:00,308.25000,@C,1,1,162.50,5.5000,175.0000,-100.0000,
TRADE,17/12/2014 04:00:00,317.00000,18/12/2014 06:00:00,324.50000,@C,-1,1,-375.00,1.7500,50.0000,-462.5000,
TRADE,19/12/2014 07:00:00,318.50000,22/12/2014 09:00:00,322.50000,@C,-1,1,-200.00,2.0000,50.0000,-262.5000,
TRADE,30/12/2014 08:00:00,323.75000,31/12/2014 10:00:00,317.00000,@C,-1,1,337.50,0.5000,387.5000,0.0000,
TRADE,05/01/2015 08:00:00,315.00000,06/01/2015 02:00:00,317.75000,@C,1,1,137.50,3.5000,212.5000,-62.5000,
TRADE,09/01/2015 08:00:00,309.25000,12/01/2015 02:00:00,311.50000,@C,1,1,112.50,3.2500,237.5000,-87.5000,
TRADE,12/01/2015 13:00:00,316.25000,13/01/2015 20:00:00,298.50000,@C,-1,1,887.50,17.0000,962.5000,-137.5000,
TRADE,16/01/2015 13:20:00,299.75000,20/01/2015 08:00:00,296.25000,@C,1,1,-175.00,3.2500,37.5000,-212.5000,
TRADE,20/01/2015 13:00:00,302.25000,21/01/2015 07:00:00,302.25000,@C,1,1,0.00,5.5000,137.5000,-75.0000,
TRADE,06/02/2015 10:00:00,294.75000,09/02/2015 12:00:00,302.75000,@C,-1,1,-400.00,5.7500,112.5000,-462.5000,
TRADE,13/02/2015 12:00:00,299.75000,17/02/2015 06:00:00,302.25000,@C,1,1,125.00,4.5000,137.5000,-100.0000,
TRADE,20/02/2015 10:00:00,298.25000,23/02/2015 12:00:00,290.75000,@C,-1,1,375.00,4.0000,387.5000,-12.5000,
TRADE,26/02/2015 13:00:00,292.25000,27/02/2015 07:00:00,293.25000,@C,1,1,50.00,3.0000,112.5000,-37.5000,
TRADE,03/03/2015 10:00:00,292.25000,04/03/2015 12:00:00,291.75000,@C,-1,1,25.00,5.0000,162.5000,-212.5000,
TRADE,04/03/2015 21:00:00,293.25000,05/03/2015 23:00:00,293.75000,@C,-1,1,-25.00,1.7500,50.0000,-212.5000,
TRADE,12/03/2015 10:00:00,293.00000,13/03/2015 12:00:00,287.00000,@C,-1,1,300.00,2.7500,325.0000,-125.0000,
TRADE,18/03/2015 21:00:00,282.50000,19/03/2015 10:00:00,277.75000,@C,1,1,-237.50,5.5000,50.0000,-300.0000,
TRADE,20/03/2015 10:00:00,281.75000,23/03/2015 04:00:00,292.00000,@C,1,1,512.50,3.2500,525.0000,-12.5000,
TRADE,31/03/2015 12:00:00,302.75000,31/03/2015 12:00:00,290.75000,@C,1,1,-600.00,4.5000,0.0000,0.0000,
TRADE,07/04/2015 09:00:00,288.75000,08/04/2015 11:00:00,282.75000,@C,-1,1,300.00,0.7500,337.5000,-37.5000,
TRADE,20/04/2015 21:00:00,280.25000,21/04/2015 23:00:00,276.00000,@C,-1,1,212.50,2.2500,225.0000,-12.5000,
TRADE,22/04/2015 10:00:00,277.50000,23/04/2015 04:00:00,276.75000,@C,1,1,-37.50,2.7500,25.0000,-187.5000,
TRADE,29/04/2015 09:00:00,266.50000,30/04/2015 03:00:00,269.00000,@C,1,1,125.00,1.7500,162.5000,-50.0000,
TRADE,01/06/2015 07:00:00,251.00000,02/06/2015 09:00:00,255.50000,@C,-1,1,-225.00,0.2500,112.5000,-237.5000,
TRADE,07/07/2015 10:00:00,313.75000,08/07/2015 12:00:00,320.00000,@C,-1,1,-312.50,4.0000,225.0000,-475.0000,
TRADE,14/07/2015 10:00:00,327.50000,15/07/2015 12:00:00,321.75000,@C,-1,1,287.50,6.5000,450.0000,-100.0000,
TRADE,28/07/2015 21:00:00,267.00000,29/07/2015 10:00:00,266.00000,@C,1,1,-50.00,5.0000,12.5000,-187.5000,
TRADE,30/07/2015 12:00:00,266.25000,31/07/2015 06:00:00,269.50000,@C,1,1,162.50,6.0000,262.5000,-50.0000,
TRADE,03/08/2015 13:20:00,262.75000,04/08/2015 08:00:00,264.75000,@C,1,1,100.00,2.7500,212.5000,-125.0000,
TRADE,05/08/2015 21:00:00,265.75000,06/08/2015 23:00:00,262.00000,@C,-1,1,187.50,1.5000,187.5000,-175.0000,
TRADE,11/08/2015 11:00:00,272.25000,12/08/2015 12:00:00,241.25000,@C,-1,1,1550.00,3.7500,1100.0000,-237.5000,
TRADE,16/08/2015 22:00:00,259.75000,17/08/2015 11:00:00,257.00000,@C,1,1,-137.50,2.0000,125.0000,-187.5000,
TRADE,18/08/2015 13:20:00,260.50000,19/08/2015 08:00:00,262.00000,@C,1,1,75.00,2.2500,125.0000,-37.5000,
TRADE,21/08/2015 10:00:00,263.50000,24/08/2015 11:00:00,263.50000,@C,-1,1,0.00,4.0000,762.5000,-75.0000,
TRADE,25/08/2015 11:00:00,263.75000,26/08/2015 13:00:00,257.00000,@C,-1,1,337.50,5.7500,375.0000,-12.5000,
TRADE,28/08/2015 11:00:00,259.50000,31/08/2015 05:00:00,257.75000,@C,1,1,-87.50,5.0000,12.5000,-175.0000,
TRADE,21/09/2015 10:00:00,262.25000,22/09/2015 04:00:00,265.75000,@C,1,1,175.00,5.0000,300.0000,-37.5000,
TRADE,22/09/2015 13:20:00,263.25000,23/09/2015 21:00:00,265.00000,@C,-1,1,-87.50,1.7500,75.0000,-200.0000,
TRADE,30/09/2015 01:00:00,272.25000,30/09/2015 13:20:00,268.75000,@C,1,1,-175.00,0.7500,250.0000,-300.0000,
TRADE,02/10/2015 12:00:00,271.25000,05/10/2015 06:00:00,274.25000,@C,1,1,150.00,3.2500,187.5000,-12.5000,
TRADE,05/10/2015 10:00:00,272.50000,06/10/2015 04:00:00,275.75000,@C,1,1,162.50,2.5000,212.5000,-25.0000,
TRADE,14/10/2015 11:00:00,262.75000,15/10/2015 13:00:00,258.75000,@C,-1,1,200.00,3.0000,212.5000,-62.5000,
TRADE,20/10/2015 09:00:00,257.75000,21/10/2015 03:00:00,260.50000,@C,1,1,137.50,1.7500,200.0000,-87.5000,
TRADE,03/11/2015 09:00:00,260.25000,04/11/2015 03:00:00,261.50000,@C,1,1,62.50,2.0000,237.5000,-50.0000,
TRADE,05/11/2015 10:00:00,259.00000,06/11/2015 12:00:00,254.75000,@C,-1,1,212.50,2.7500,312.5000,-37.5000,
TRADE,16/11/2015 11:00:00,242.50000,17/11/2015 05:00:00,244.00000,@C,1,1,75.00,2.2500,125.0000,-125.0000,
TRADE,17/11/2015 10:00:00,242.25000,18/11/2015 12:00:00,242.50000,@C,-1,1,-12.50,3.5000,62.5000,-237.5000,
TRADE,22/11/2015 21:00:00,246.00000,23/11/2015 23:00:00,249.00000,@C,-1,1,-150.00,2.7500,162.5000,-212.5000,
TRADE,07/12/2015 11:00:00,252.00000,08/12/2015 13:00:00,249.50000,@C,-1,1,125.00,3.2500,187.5000,-12.5000,
TRADE,09/12/2015 08:00:00,251.50000,10/12/2015 02:00:00,250.00000,@C,1,1,-75.00,1.0000,175.0000,-275.0000,
TRADE,16/12/2015 10:00:00,251.50000,17/12/2015 12:00:00,240.00000,@C,-1,1,575.00,2.0000,662.5000,-50.0000,
TRADE,25/01/2016 10:00:00,246.25000,26/01/2016 04:00:00,243.25000,@C,1,1,-150.00,2.2500,100.0000,-150.0000,
TRADE,27/01/2016 11:00:00,246.00000,28/01/2016 13:00:00,241.50000,@C,-1,1,225.00,2.7500,262.5000,-37.5000,
TRADE,11/02/2016 11:00:00,237.50000,12/02/2016 05:00:00,236.00000,@C,1,1,-75.00,2.7500,37.5000,-112.5000,
TRADE,15/02/2016 21:00:00,238.00000,16/02/2016 10:00:00,236.50000,@C,1,1,-75.00,3.7500,62.5000,-100.0000,
TRADE,23/02/2016 10:00:00,241.75000,24/02/2016 12:00:00,236.50000,@C,-1,1,262.50,1.2500,362.5000,0.0000,
TRADE,09/03/2016 13:00:00,229.50000,10/03/2016 07:00:00,229.50000,@C,1,1,0.00,3.5000,87.5000,-25.0000,
TRADE,10/03/2016 10:00:00,232.50000,11/03/2016 04:00:00,235.00000,@C,1,1,125.00,3.5000,137.5000,-75.0000,
TRADE,16/03/2016 10:00:00,237.00000,17/03/2016 12:00:00,239.75000,@C,-1,1,-137.50,1.7500,0.0000,-300.0000,
TRADE,18/03/2016 10:00:00,238.25000,21/03/2016 12:00:00,240.00000,@C,-1,1,-87.50,2.2500,75.0000,-137.5000,
TRADE,03/04/2016 20:00:00,224.75000,04/04/2016 09:00:00,223.00000,@C,1,1,-87.50,3.0000,25.0000,-150.0000,
TRADE,05/04/2016 10:00:00,225.50000,06/04/2016 12:00:00,229.50000,@C,-1,1,-200.00,2.2500,50.0000,-225.0000,
TRADE,21/04/2016 10:00:00,258.75000,22/04/2016 12:00:00,245.50000,@C,-1,1,662.50,12.7500,725.0000,-287.5000,
TRADE,27/04/2016 10:00:00,250.75000,28/04/2016 12:00:00,257.00000,@C,-1,1,-312.50,5.2500,162.5000,-525.0000,
TRADE,02/05/2016 10:00:00,253.50000,03/05/2016 12:00:00,245.50000,@C,-1,1,400.00,3.7500,412.5000,-375.0000,
TRADE,04/05/2016 10:00:00,246.50000,05/05/2016 04:00:00,243.50000,@C,1,1,-150.00,4.5000,62.5000,-225.0000,
TRADE,06/05/2016 10:00:00,243.75000,09/05/2016 04:00:00,245.00000,@C,1,1,62.50,2.2500,162.5000,-62.5000,
TRADE,10/05/2016 13:00:00,246.00000,11/05/2016 07:00:00,249.00000,@C,1,1,150.00,15.2500,300.0000,-125.0000,
TRADE,20/05/2016 10:00:00,260.50000,23/05/2016 04:00:00,257.75000,@C,1,1,-137.50,3.7500,87.5000,-200.0000,
TRADE,31/05/2016 12:00:00,272.25000,01/06/2016 13:20:00,278.25000,@C,-1,1,-300.00,3.0000,262.5000,-362.5000,
TRADE,09/06/2016 21:00:00,290.25000,10/06/2016 12:00:00,302.25000,@C,-1,1,-600.00,3.2500,0.0000,-412.5000,
TRADE,14/06/2016 10:00:00,295.50000,15/06/2016 04:00:00,302.50000,@C,1,1,350.00,6.5000,362.5000,-250.0000,
TRADE,15/06/2016 20:00:00,292.25000,16/06/2016 22:00:00,293.25000,@C,-1,1,-50.00,3.7500,287.5000,-175.0000,
TRADE,17/06/2016 10:00:00,300.00000,20/06/2016 04:00:00,297.00000,@C,1,1,-150.00,6.7500,212.5000,-387.5000,
TRADE,12/07/2016 21:00:00,215.00000,13/07/2016 10:00:00,225.00000,@C,1,1,500.00,4.2500,625.0000,-50.0000,
TRADE,14/07/2016 13:20:00,219.00000,15/07/2016 08:00:00,219.00000,@C,-1,1,0.00,7.7500,700.0000,-200.0000,
TRADE,27/07/2016 09:00:00,198.00000,28/07/2016 03:00:00,200.50000,@C,1,1,125.00,2.7500,125.0000,-162.5000,
TRADE,07/08/2016 21:00:00,187.50000,08/08/2016 10:00:00,187.00000,@C,1,1,-25.00,3.0000,100.0000,-100.0000,
TRADE,09/08/2016 11:00:00,185.75000,10/08/2016 13:00:00,186.25000,@C,-1,1,-25.00,2.2500,125.0000,-87.5000,
TRADE,10/08/2016 20:00:00,184.25000,11/08/2016 22:00:00,182.75000,@C,-1,1,75.00,2.5000,100.0000,-75.0000,
TRADE,06/09/2016 10:00:00,180.75000,07/09/2016 12:00:00,185.75000,@C,-1,1,-250.00,4.5000,112.5000,-275.0000,
TRADE,16/09/2016 10:00:00,186.00000,19/09/2016 04:00:00,192.75000,@C,1,1,337.50,5.7500,362.5000,-62.5000,
TRADE,27/09/2016 13:20:00,185.00000,28/09/2016 08:00:00,183.00000,@C,1,1,-100.00,3.2500,37.5000,-100.0000,
TRADE,11/10/2016 05:00:00,196.00000,12/10/2016 07:00:00,199.75000,@C,-1,1,-187.50,1.0000,87.5000,-212.5000,
TRADE,18/10/2016 13:20:00,206.75000,19/10/2016 21:00:00,211.25000,@C,-1,1,-225.00,4.2500,125.0000,-237.5000,
TRADE,21/10/2016 11:00:00,205.25000,24/10/2016 05:00:00,207.25000,@C,1,1,100.00,1.7500,125.0000,-100.0000,
TRADE,28/10/2016 10:00:00,209.75000,31/10/2016 12:00:00,211.25000,@C,-1,1,-75.00,3.0000,212.5000,-87.5000,
TRADE,08/11/2016 10:00:00,206.25000,09/11/2016 04:00:00,203.25000,@C,1,1,-150.00,7.0000,175.0000,-275.0000,
TRADE,09/11/2016 13:00:00,197.25000,10/11/2016 20:00:00,196.50000,@C,-1,1,37.50,9.2500,187.5000,-125.0000,
TRADE,15/11/2016 09:00:00,191.50000,16/11/2016 03:00:00,196.25000,@C,1,1,237.50,3.0000,250.0000,-25.0000,
TRADE,17/11/2016 10:00:00,192.00000,18/11/2016 12:00:00,198.75000,@C,-1,1,-337.50,1.7500,12.5000,-400.0000,
TRADE,29/11/2016 05:00:00,200.25000,29/11/2016 23:00:00,195.00000,@C,1,1,-262.50,1.0000,12.5000,-400.0000,
TRADE,02/12/2016 13:00:00,190.75000,05/12/2016 07:00:00,192.50000,@C,1,1,87.50,2.0000,150.0000,-25.0000,
TRADE,12/12/2016 09:00:00,202.25000,13/12/2016 11:00:00,206.75000,@C,-1,1,-225.00,1.2500,100.0000,-237.5000,
TRADE,15/12/2016 12:00:00,202.00000,16/12/2016 13:20:00,199.75000,@C,-1,1,112.50,4.2500,212.5000,-62.5000,
TRADE,06/01/2017 10:00:00,202.50000,09/01/2017 12:00:00,200.50000,@C,-1,1,100.00,2.5000,150.0000,-87.5000,
TRADE,09/01/2017 13:20:00,203.75000,10/01/2017 08:00:00,202.00000,@C,1,1,-87.50,1.2500,37.5000,-100.0000,
TRADE,20/01/2017 10:00:00,212.50000,23/01/2017 04:00:00,213.50000,@C,1,1,50.00,2.0000,87.5000,-50.0000,
TRADE,24/01/2017 10:00:00,211.00000,25/01/2017 12:00:00,209.50000,@C,-1,1,75.00,3.0000,287.5000,-37.5000,
TRADE,31/01/2017 11:00:00,204.50000,01/02/2017 05:00:00,203.00000,@C,1,1,-75.00,2.7500,25.0000,-100.0000,
TRADE,05/02/2017 21:00:00,211.00000,06/02/2017 23:00:00,208.50000,@C,-1,1,125.00,3.5000,212.5000,-100.0000,
TRADE,16/02/2017 13:20:00,219.25000,20/02/2017 21:00:00,214.75000,@C,-1,1,225.00,2.7500,350.0000,-12.5000,
TRADE,28/02/2017 10:00:00,215.75000,28/02/2017 10:00:00,215.75000,@C,1,1,0.00,8.7500,387.5000,0.0000,
TRADE,06/03/2017 10:00:00,217.00000,07/03/2017 12:00:00,211.75000,@C,-1,1,262.50,3.5000,325.0000,-50.0000,
TRADE,15/03/2017 10:00:00,200.75000,16/03/2017 12:00:00,202.75000,@C,-1,1,-100.00,1.7500,50.0000,-150.0000,
TRADE,23/04/2017 21:00:00,196.25000,24/04/2017 10:00:00,195.50000,@C,1,1,-37.50,3.5000,75.0000,-50.0000,
TRADE,25/04/2017 11:00:00,200.50000,26/04/2017 05:00:00,203.00000,@C,1,1,125.00,6.0000,250.0000,-25.0000,
TRADE,30/04/2017 21:00:00,200.75000,01/05/2017 10:00:00,205.75000,@C,1,1,250.00,7.5000,287.5000,-37.5000,
TRADE,03/05/2017 11:00:00,203.50000,04/05/2017 05:00:00,203.75000,@C,1,1,12.50,3.5000,150.0000,-37.5000,
TRADE,09/05/2017 13:20:00,198.25000,10/05/2017 08:00:00,197.25000,@C,1,1,-50.00,2.2500,12.5000,-87.5000,
TRADE,12/05/2017 04:00:00,198.75000,15/05/2017 06:00:00,200.75000,@C,-1,1,-100.00,0.5000,12.5000,-162.5000,
TRADE,16/05/2017 23:00:00,199.25000,17/05/2017 12:00:00,202.50000,@C,1,1,162.50,1.0000,175.0000,-25.0000,
TRADE,30/05/2017 10:00:00,198.25000,31/05/2017 12:00:00,206.25000,@C,-1,1,-400.00,4.2500,75.0000,-437.5000,
TRADE,01/06/2017 10:00:00,201.00000,02/06/2017 12:00:00,202.50000,@C,-1,1,-75.00,3.7500,150.0000,-212.5000,
TRADE,13/06/2017 22:00:00,213.25000,14/06/2017 11:00:00,212.00000,@C,1,1,-62.50,1.2500,112.5000,-150.0000,
TRADE,15/06/2017 13:20:00,210.50000,16/06/2017 08:00:00,210.00000,@C,1,1,-25.00,3.5000,0.0000,-150.0000,
TRADE,18/06/2017 21:00:00,208.75000,19/06/2017 23:00:00,207.00000,@C,-1,1,87.50,9.0000,150.0000,-162.5000,
TRADE,18/07/2017 21:00:00,199.00000,19/07/2017 10:00:00,211.00000,@C,-1,1,-600.00,3.5000,25.0000,-550.0000,
TRADE,24/07/2017 21:00:00,201.25000,25/07/2017 10:00:00,194.25000,@C,1,1,-350.00,7.2500,62.5000,-387.5000,
TRADE,30/07/2017 21:00:00,191.00000,31/07/2017 23:00:00,193.00000,@C,-1,1,-100.00,7.7500,25.0000,-162.5000,
TRADE,03/08/2017 12:00:00,186.50000,04/08/2017 06:00:00,187.00000,@C,1,1,25.00,4.2500,75.0000,-75.0000,
TRADE,09/08/2017 20:00:00,193.75000,10/08/2017 09:00:00,194.75000,@C,1,1,50.00,1.7500,75.0000,-37.5000,
TRADE,14/08/2017 13:20:00,181.75000,15/08/2017 08:00:00,180.75000,@C,1,1,-50.00,2.0000,162.5000,-87.5000,
TRADE,22/08/2017 01:00:00,172.75000,22/08/2017 13:20:00,168.50000,@C,1,1,-212.50,0.5000,12.5000,-212.5000,
TRADE,31/08/2017 10:00:00,156.25000,01/09/2017 04:00:00,165.25000,@C,1,1,450.00,5.0000,462.5000,-12.5000,
TRADE,13/09/2017 10:00:00,162.50000,14/09/2017 04:00:00,160.25000,@C,1,1,-112.50,2.2500,62.5000,-225.0000,
TRADE,18/09/2017 04:00:00,161.50000,19/09/2017 06:00:00,159.25000,@C,-1,1,112.50,0.7500,200.0000,-25.0000,
TRADE,20/09/2017 10:00:00,157.75000,21/09/2017 04:00:00,156.50000,@C,1,1,-62.50,2.2500,37.5000,-75.0000,
TRADE,27/09/2017 12:00:00,159.00000,28/09/2017 06:00:00,160.00000,@C,1,1,50.00,2.0000,125.0000,-25.0000,
TRADE,02/10/2017 11:00:00,159.00000,03/10/2017 13:00:00,156.25000,@C,-1,1,137.50,2.5000,162.5000,-12.5000,
TRADE,12/10/2017 13:00:00,157.50000,13/10/2017 07:00:00,156.00000,@C,1,1,-75.00,11.5000,12.5000,-112.5000,
TRADE,17/10/2017 10:00:00,157.50000,18/10/2017 04:00:00,156.50000,@C,1,1,-50.00,2.0000,62.5000,-62.5000,
TRADE,23/10/2017 10:00:00,153.00000,24/10/2017 04:00:00,158.00000,@C,1,1,250.00,3.5000,312.5000,-12.5000,
TRADE,25/10/2017 20:00:00,157.75000,26/10/2017 22:00:00,157.00000,@C,-1,1,37.50,1.0000,62.5000,-62.5000,
TRADE,03/11/2017 10:00:00,156.00000,06/11/2017 12:00:00,156.00000,@C,-1,1,0.00,2.0000,75.0000,-62.5000,
TRADE,08/11/2017 13:00:00,155.25000,09/11/2017 07:00:00,155.50000,@C,1,1,12.50,1.2500,37.5000,-75.0000,
TRADE,04/12/2017 10:00:00,150.25000,05/12/2017 12:00:00,146.75000,@C,-1,1,175.00,4.5000,187.5000,-62.5000,
TRADE,20/12/2017 10:00:00,142.00000,21/12/2017 04:00:00,143.50000,@C,1,1,75.00,1.5000,87.5000,-12.5000,
TRADE,02/01/2018 10:00:00,146.75000,03/01/2018 04:00:00,148.50000,@C,1,1,87.50,2.5000,100.0000,-12.5000,
TRADE,21/01/2018 21:00:00,148.00000,22/01/2018 10:00:00,146.75000,@C,1,1,-62.50,2.0000,25.0000,-62.5000,
TRADE,28/01/2018 21:00:00,152.50000,29/01/2018 10:00:00,152.50000,@C,1,1,0.00,2.2500,37.5000,-75.0000,
TRADE,12/02/2018 13:00:00,160.75000,13/02/2018 07:00:00,160.25000,@C,1,1,-25.00,2.0000,12.5000,-37.5000,
TRADE,23/02/2018 08:00:00,161.50000,26/02/2018 10:00:00,163.75000,@C,-1,1,-112.50,0.5000,112.5000,-150.0000,
TRADE,01/03/2018 08:00:00,165.75000,02/03/2018 10:00:00,171.50000,@C,-1,1,-287.50,2.7500,0.0000,-400.0000,
TRADE,07/03/2018 21:00:00,171.50000,08/03/2018 23:00:00,177.50000,@C,-1,1,-300.00,1.0000,0.0000,-400.0000,
TRADE,11/03/2018 21:00:00,174.25000,12/03/2018 23:00:00,176.75000,@C,-1,1,-125.00,3.7500,25.0000,-137.5000,
TRADE,21/03/2018 21:00:00,161.50000,22/03/2018 10:00:00,160.50000,@C,1,1,-50.00,1.0000,87.5000,-75.0000,
TRADE,25/03/2018 21:00:00,165.75000,26/03/2018 10:00:00,162.25000,@C,1,1,-175.00,3.2500,37.5000,-200.0000,
TRADE,11/04/2018 10:00:00,172.00000,12/04/2018 12:00:00,173.50000,@C,-1,1,-75.00,3.5000,62.5000,-150.0000,
TRADE,13/04/2018 09:00:00,174.00000,16/04/2018 03:00:00,170.00000,@C,1,1,-200.00,1.2500,25.0000,-225.0000,
TRADE,16/04/2018 10:00:00,170.00000,17/04/2018 04:00:00,168.75000,@C,1,1,-62.50,2.2500,25.0000,-112.5000,
TRADE,06/05/2018 21:00:00,180.75000,07/05/2018 23:00:00,176.25000,@C,-1,1,225.00,2.5000,250.0000,-75.0000,
TRADE,08/05/2018 09:00:00,179.25000,09/05/2018 03:00:00,180.00000,@C,1,1,37.50,1.7500,75.0000,-87.5000,
TRADE,10/05/2018 13:00:00,179.75000,11/05/2018 07:00:00,177.50000,@C,1,1,-112.50,6.7500,12.5000,-137.5000,
TRADE,18/05/2018 12:00:00,179.50000,21/05/2018 06:00:00,182.50000,@C,1,1,150.00,2.2500,225.0000,-62.5000,
TRADE,22/05/2018,178.25000,23/05/2018 02:00:00,182.25000,@C,-1,1,-200.00,0.7500,12.5000,-262.5000,
TRADE,28/05/2018 21:00:00,185.00000,29/05/2018 10:00:00,181.00000,@C,1,1,-200.00,2.5000,75.0000,-250.0000,
TRADE,31/05/2018 10:00:00,173.75000,01/06/2018 04:00:00,171.75000,@C,1,1,-100.00,2.2500,12.5000,-200.0000,
TRADE,15/06/2018 10:00:00,141.25000,18/06/2018 04:00:00,135.50000,@C,1,1,-287.50,10.7500,175.0000,-312.5000,
TRADE,28/06/2018 11:00:00,128.50000,29/06/2018 13:00:00,128.50000,@C,-1,1,0.00,1.7500,337.5000,-75.0000,
TRADE,05/07/2018 10:00:00,124.25000,06/07/2018 04:00:00,118.75000,@C,1,1,-275.00,6.0000,12.5000,-350.0000,
TRADE,12/07/2018 13:00:00,112.50000,13/07/2018 07:00:00,111.25000,@C,1,1,-62.50,11.0000,162.5000,-87.5000,
TRADE,16/07/2018 09:00:00,108.75000,17/07/2018 03:00:00,113.50000,@C,1,1,237.50,3.0000,275.0000,-25.0000,
TRADE,29/07/2018 21:00:00,132.25000,30/07/2018 10:00:00,136.00000,@C,1,1,187.50,4.5000,237.5000,-50.0000,
TRADE,09/08/2018 10:00:00,137.50000,10/08/2018 12:00:00,134.75000,@C,-1,1,137.50,2.7500,200.0000,-37.5000,
TRADE,14/08/2018 07:00:00,125.75000,15/08/2018 01:00:00,129.00000,@C,1,1,162.50,1.2500,250.0000,-75.0000,
TRADE,29/08/2018 09:00:00,111.25000,30/08/2018 03:00:00,111.25000,@C,1,1,0.00,1.5000,12.5000,-175.0000,
TRADE,30/08/2018 11:00:00,110.25000,31/08/2018 05:00:00,110.50000,@C,1,1,12.50,1.7500,62.5000,-87.5000,
TRADE,01/10/2018 10:00:00,114.50000,02/10/2018 04:00:00,116.75000,@C,1,1,112.50,4.0000,225.0000,-25.0000,
TRADE,04/10/2018 11:00:00,119.75000,05/10/2018 05:00:00,120.25000,@C,1,1,25.00,2.2500,112.5000,-37.5000,
TRADE,05/10/2018 11:00:00,117.75000,08/10/2018 13:00:00,118.75000,@C,-1,1,-50.00,3.7500,50.0000,-212.5000,
TRADE,11/10/2018 13:00:00,121.50000,12/10/2018 07:00:00,122.00000,@C,1,1,25.00,12.5000,100.0000,-25.0000,
TRADE,22/10/2018 07:00:00,120.50000,23/10/2018 01:00:00,122.25000,@C,1,1,87.50,1.5000,125.0000,-25.0000,
TRADE,24/10/2018 13:20:00,121.50000,25/10/2018 21:00:00,114.50000,@C,-1,1,350.00,1.2500,425.0000,-25.0000,
TRADE,26/10/2018 10:00:00,119.00000,29/10/2018 04:00:00,122.50000,@C,1,1,175.00,4.2500,250.0000,0.0000,
TRADE,29/10/2018 21:00:00,118.25000,30/10/2018 23:00:00,116.75000,@C,-1,1,75.00,1.7500,87.5000,-112.5000,
TRADE,01/11/2018 11:00:00,119.50000,02/11/2018 05:00:00,120.75000,@C,1,1,62.50,8.0000,137.5000,-87.5000,
TRADE,06/11/2018 21:00:00,123.75000,07/11/2018 23:00:00,124.00000,@C,-1,1,-12.50,1.5000,0.0000,-100.0000,
TRADE,28/11/2018 09:00:00,111.00000,29/11/2018 03:00:00,114.50000,@C,1,1,175.00,2.0000,200.0000,-50.0000,
TRADE,09/12/2018 21:00:00,124.75000,10/12/2018 23:00:00,124.00000,@C,-1,1,37.50,1.2500,75.0000,-87.5000,
TRADE,13/12/2018 21:00:00,123.75000,16/12/2018 23:00:00,125.50000,@C,-1,1,-87.50,1.0000,12.5000,-212.5000,
TRADE,17/12/2018 10:00:00,124.25000,18/12/2018 12:00:00,126.50000,@C,-1,1,-112.50,1.7500,25.0000,-137.5000,
TRADE,03/01/2019 08:00:00,117.75000,04/01/2019 02:00:00,121.25000,@C,1,1,175.00,2.2500,200.0000,-37.5000,
TRADE,14/01/2019 10:00:00,121.00000,15/01/2019 04:00:00,121.00000,@C,1,1,0.00,3.0000,25.0000,-175.0000,
TRADE,15/01/2019 10:00:00,118.75000,16/01/2019 12:00:00,114.25000,@C,-1,1,225.00,2.5000,362.5000,-12.5000,
TRADE,17/01/2019 12:00:00,116.00000,18/01/2019 06:00:00,122.25000,@C,1,1,312.50,2.2500,325.0000,-12.5000,
TRADE,24/01/2019 07:00:00,118.75000,25/01/2019 09:00:00,118.50000,@C,-1,1,12.50,0.5000,125.0000,-37.5000,
TRADE,25/01/2019 13:00:00,119.50000,28/01/2019 07:00:00,120.50000,@C,1,1,50.00,2.0000,100.0000,-12.5000,
TRADE,28/01/2019 10:00:00,119.00000,29/01/2019 12:00:00,117.50000,@C,-1,1,75.00,2.2500,100.0000,-112.5000,
TRADE,04/02/2019 12:00:00,119.75000,05/02/2019 06:00:00,120.00000,@C,1,1,12.50,1.5000,37.5000,-50.0000,
TRADE,05/02/2019 08:00:00,120.25000,06/02/2019 10:00:00,120.25000,@C,-1,1,0.00,0.5000,137.5000,-75.0000,
TRADE,08/02/2019 13:00:00,114.75000,11/02/2019 07:00:00,114.00000,@C,1,1,-37.50,7.7500,75.0000,-37.5000,
TRADE,12/02/2019 07:00:00,115.75000,13/02/2019 01:00:00,118.50000,@C,1,1,137.50,1.2500,175.0000,-75.0000,
TRADE,25/02/2019 10:00:00,114.00000,26/02/2019 12:00:00,107.00000,@C,-1,1,350.00,4.0000,375.0000,-75.0000,
TRADE,18/03/2019 12:00:00,101.50000,19/03/2019 13:20:00,102.25000,@C,-1,1,-37.50,2.0000,137.5000,-162.5000,
TRADE,05/04/2019 07:00:00,94.00000,08/04/2019 09:00:00,94.00000,@C,-1,1,0.00,0.7500,125.0000,-25.0000,
TRADE,10/04/2019 04:00:00,92.25000,10/04/2019 22:00:00,93.00000,@C,1,1,37.50,0.5000,75.0000,-50.0000,
TRADE,29/04/2019 21:00:00,82.75000,30/04/2019 23:00:00,86.50000,@C,-1,1,-187.50,2.5000,150.0000,-212.5000,
TRADE,03/05/2019 10:00:00,89.25000,06/05/2019 12:00:00,86.00000,@C,-1,1,162.50,3.5000,625.0000,-150.0000,
TRADE,30/05/2019 03:00:00,136.00000,30/05/2019 09:00:00,148.00000,@C,-1,1,-600.00,3.5000,75.0000,-487.5000,
TRADE,03/06/2019 13:00:00,144.50000,03/06/2019 20:00:00,156.50000,@C,-1,1,-600.00,6.5000,62.5000,-587.5000,
TRADE,04/06/2019 12:00:00,146.75000,05/06/2019 13:20:00,134.50000,@C,-1,1,612.50,5.5000,662.5000,-62.5000,
TRADE,10/06/2019 11:00:00,135.50000,11/06/2019 05:00:00,134.50000,@C,1,1,-50.00,3.0000,112.5000,-150.0000,
TRADE,20/06/2019 10:00:00,166.75000,21/06/2019 04:00:00,174.00000,@C,1,1,362.50,5.5000,425.0000,-50.0000,
TRADE,24/06/2019 21:00:00,170.75000,25/06/2019 10:00:00,172.75000,@C,1,1,100.00,6.0000,150.0000,-50.0000,
TRADE,25/06/2019 21:00:00,166.75000,26/06/2019 23:00:00,166.50000,@C,-1,1,12.50,1.7500,225.0000,-75.0000,
TRADE,02/07/2019 21:00:00,136.75000,03/07/2019 10:00:00,143.25000,@C,1,1,325.00,1.2500,350.0000,-37.5000,
TRADE,19/07/2019 11:00:00,147.25000,22/07/2019 05:00:00,140.50000,@C,1,1,-337.50,3.5000,125.0000,-400.0000,
TRADE,24/07/2019 07:00:00,143.75000,25/07/2019 01:00:00,139.75000,@C,1,1,-200.00,2.0000,125.0000,-325.0000,
TRADE,04/08/2019 21:00:00,114.00000,05/08/2019 10:00:00,113.00000,@C,1,1,-50.00,3.7500,12.5000,-362.5000,
TRADE,12/08/2019 09:00:00,121.00000,13/08/2019 09:00:00,87.50000,@C,-1,1,1675.00,3.5000,1762.5000,-12.5000,
TRADE,21/08/2019 21:00:00,80.00000,22/08/2019 10:00:00,75.50000,@C,1,1,-225.00,1.7500,37.5000,-262.5000,
TRADE,03/09/2019 07:00:00,75.00000,04/09/2019 09:00:00,68.00000,@C,-1,1,350.00,1.0000,400.0000,-12.5000,
TRADE,10/09/2019 06:00:00,65.00000,11/09/2019,68.50000,@C,1,1,175.00,1.0000,250.0000,-75.0000,
TRADE,20/09/2019 02:00:00,78.00000,23/09/2019 04:00:00,78.75000,@C,-1,1,-37.50,0.5000,100.0000,-150.0000,
TRADE,26/09/2019 10:00:00,79.00000,27/09/2019 12:00:00,77.50000,@C,-1,1,75.00,3.0000,212.5000,-25.0000,
TRADE,08/10/2019 10:00:00,96.50000,09/10/2019 04:00:00,100.00000,@C,1,1,175.00,4.0000,325.0000,-50.0000,
TRADE,15/10/2019 13:00:00,100.50000,16/10/2019 20:00:00,98.25000,@C,-1,1,112.50,2.0000,325.0000,-12.5000,
TRADE,03/11/2019 21:00:00,92.50000,04/11/2019 23:00:00,90.25000,@C,-1,1,112.50,3.0000,150.0000,-87.5000,
TRADE,13/11/2019 21:00:00,82.00000,14/11/2019 23:00:00,82.50000,@C,-1,1,-25.00,1.5000,25.0000,-100.0000,
TRADE,15/11/2019 10:00:00,81.75000,18/11/2019 12:00:00,76.50000,@C,-1,1,262.50,2.2500,362.5000,0.0000,
TRADE,21/11/2019 03:00:00,74.00000,21/11/2019 21:00:00,74.75000,@C,1,1,37.50,0.5000,112.5000,-25.0000,
TRADE,22/11/2019 08:00:00,74.50000,25/11/2019 10:00:00,77.75000,@C,-1,1,-162.50,1.0000,25.0000,-237.5000,
TRADE,26/11/2019 11:00:00,75.00000,27/11/2019 13:00:00,71.25000,@C,-1,1,187.50,2.0000,212.5000,-37.5000,
TRADE,10/12/2019 10:00:00,72.25000,11/12/2019 04:00:00,71.50000,@C,1,1,-37.50,1.0000,75.0000,-62.5000,
TRADE,12/12/2019 10:00:00,72.25000,13/12/2019 04:00:00,79.25000,@C,1,1,350.00,4.2500,387.5000,0.0000,
TRADE,16/12/2019 03:00:00,82.25000,16/12/2019 21:00:00,83.50000,@C,1,1,62.50,1.5000,150.0000,-112.5000,
TRADE,19/12/2019 02:00:00,82.50000,20/12/2019 04:00:00,82.00000,@C,-1,1,25.00,0.7500,87.5000,-112.5000,
TRADE,24/12/2019 10:00:00,84.25000,27/12/2019 07:00:00,85.25000,@C,-1,1,-50.00,1.0000,100.0000,-75.0000,
TRADE,31/12/2019 09:00:00,84.25000,02/01/2020 21:00:00,87.50000,@C,1,1,162.50,2.7500,175.0000,-100.0000,
TRADE,03/01/2020 07:00:00,85.25000,06/01/2020 09:00:00,81.50000,@C,-1,1,187.50,1.0000,200.0000,-37.5000,
TRADE,08/01/2020 13:20:00,79.75000,09/01/2020 08:00:00,82.00000,@C,1,1,112.50,1.7500,150.0000,-25.0000,
TRADE,12/01/2020 20:00:00,82.25000,13/01/2020 09:00:00,82.50000,@C,1,1,12.50,2.5000,75.0000,-50.0000,
TRADE,15/01/2020 11:00:00,84.00000,16/01/2020 13:00:00,73.50000,@C,-1,1,525.00,2.5000,525.0000,-87.5000,
TRADE,24/01/2020 09:00:00,86.00000,27/01/2020 11:00:00,75.25000,@C,-1,1,537.50,2.2500,650.0000,-62.5000,
TRADE,05/02/2020 10:00:00,76.00000,06/02/2020 12:00:00,75.00000,@C,-1,1,50.00,3.0000,212.5000,-75.0000,
TRADE,12/02/2020 02:00:00,75.00000,13/02/2020 04:00:00,77.50000,@C,-1,1,-125.00,0.5000,50.0000,-225.0000,
TRADE,13/02/2020 11:00:00,75.75000,14/02/2020 13:00:00,72.25000,@C,-1,1,175.00,1.2500,187.5000,-75.0000,
TRADE,06/03/2020 06:00:00,71.75000,09/03/2020 08:00:00,62.50000,@C,-1,1,462.50,1.5000,662.5000,-137.5000,
TRADE,14/04/2020 10:00:00,21.00000,15/04/2020 12:00:00,11.75000,@C,-1,1,462.50,3.0000,587.5000,-12.5000,
TRADE,11/05/2020 11:00:00,2.50000,12/05/2020 13:00:00,4.25000,@C,-1,1,-87.50,2.5000,200.0000,-125.0000,
TRADE,15/05/2020 07:00:00,2.50000,18/05/2020 09:00:00,5.25000,@C,-1,1,-137.50,0.5000,37.5000,-175.0000,
TRADE,01/06/2020 08:00:00,5.75000,02/06/2020 10:00:00,9.00000,@C,-1,1,-162.50,3.7500,125.0000,-175.0000,
TRADE,03/06/2020 11:00:00,7.75000,04/06/2020 05:00:00,9.75000,@C,1,1,100.00,2.5000,137.5000,-62.5000,
TRADE,15/06/2020 10:00:00,11.50000,16/06/2020 12:00:00,13.50000,@C,-1,1,-100.00,1.7500,100.0000,-350.0000,
TRADE,24/06/2020 11:00:00,10.75000,25/06/2020 05:00:00,7.75000,@C,1,1,-150.00,3.5000,50.0000,-175.0000,
TRADE,10/07/2020 12:00:00,26.25000,13/07/2020 13:20:00,9.50000,@C,-1,1,837.50,1.7500,937.5000,-175.0000,
TRADE,26/07/2020 21:00:00,5.75000,27/07/2020 23:00:00,3.25000,@C,-1,1,125.00,3.2500,137.5000,-125.0000,
TRADE,30/07/2020 10:00:00,-1.00000,31/07/2020 04:00:00,-2.50000,@C,1,1,-75.00,3.7500,0.0000,-150.0000,
TRADE,06/08/2020 20:00:00,-8.25000,07/08/2020 09:00:00,-8.25000,@C,1,1,0.00,1.0000,37.5000,-12.5000,
TRADE,07/09/2020 21:00:00,30.00000,08/09/2020 10:00:00,25.75000,@C,1,1,-212.50,5.7500,25.0000,-325.0000,
TRADE,21/09/2020 10:00:00,40.75000,22/09/2020 12:00:00,37.50000,@C,-1,1,162.50,3.5000,400.0000,-25.0000,
TRADE,25/09/2020 11:00:00,34.00000,28/09/2020 05:00:00,30.25000,@C,1,1,-187.50,1.7500,12.5000,-200.0000,
TRADE,14/10/2020 10:00:00,59.50000,15/10/2020 04:00:00,65.75000,@C,1,1,312.50,4.5000,375.0000,-100.0000,
TRADE,27/10/2020 21:00:00,81.50000,28/10/2020 23:00:00,70.00000,@C,-1,1,575.00,3.5000,725.0000,-37.5000,
TRADE,08/11/2020 21:00:00,71.25000,09/11/2020 23:00:00,73.50000,@C,-1,1,-112.50,4.0000,125.0000,-287.5000,
TRADE,10/11/2020 04:00:00,76.50000,10/11/2020 22:00:00,93.25000,@C,1,1,837.50,2.0000,925.0000,0.0000,
TRADE,12/11/2020 08:00:00,80.75000,13/11/2020 10:00:00,75.25000,@C,-1,1,275.00,3.7500,500.0000,-112.5000,
TRADE,19/11/2020 08:00:00,87.00000,20/11/2020 10:00:00,92.50000,@C,-1,1,-275.00,2.2500,25.0000,-400.0000,
TRADE,23/11/2020 21:00:00,91.25000,24/11/2020 11:00:00,91.25000,@C,-1,1,0.00,2.7500,387.5000,-37.5000,
TRADE,30/11/2020 10:00:00,91.25000,01/12/2020 12:00:00,86.00000,@C,-1,1,262.50,4.5000,337.5000,-25.0000,
TRADE,04/12/2020 09:00:00,83.75000,07/12/2020 11:00:00,80.00000,@C,-1,1,187.50,2.7500,412.5000,-12.5000,
TRADE,15/12/2020 08:00:00,82.00000,16/12/2020 02:00:00,85.75000,@C,1,1,187.50,1.5000,200.0000,-50.0000,
TRADE,21/12/2020 06:00:00,93.50000,22/12/2020 08:00:00,100.25000,@C,-1,1,-337.50,4.0000,75.0000,-412.5000,
TRADE,22/12/2020 10:00:00,102.00000,23/12/2020 04:00:00,105.25000,@C,1,1,162.50,2.0000,187.5000,-137.5000,
TRADE,05/01/2021 10:00:00,152.00000,06/01/2021 04:00:00,162.00000,@C,1,1,500.00,5.7500,537.5000,-150.0000,
TRADE,25/01/2021 13:00:00,173.25000,26/01/2021 07:00:00,177.25000,@C,1,1,200.00,4.5000,212.5000,-250.0000,
TRADE,08/02/2021 08:00:00,213.25000,09/02/2021 02:00:00,227.00000,@C,1,1,687.50,3.0000,775.0000,-25.0000,
TRADE,11/02/2021 10:00:00,204.00000,12/02/2021 04:00:00,203.75000,@C,1,1,-12.50,10.2500,137.5000,-350.0000,
TRADE,25/02/2021 09:00:00,208.00000,26/02/2021 11:00:00,205.50000,@C,-1,1,125.00,10.5000,325.0000,-225.0000,
TRADE,28/02/2021 21:00:00,213.50000,01/03/2021 10:00:00,205.25000,@C,1,1,-412.50,5.2500,25.0000,-487.5000,
TRADE,18/03/2021 10:00:00,210.75000,19/03/2021 12:00:00,217.00000,@C,-1,1,-312.50,7.5000,200.0000,-387.5000,
TRADE,23/03/2021 03:00:00,213.25000,24/03/2021 05:00:00,213.25000,@C,-1,1,0.00,1.5000,200.0000,-212.5000,
TRADE,26/03/2021 13:00:00,214.25000,29/03/2021 07:00:00,209.50000,@C,1,1,-237.50,6.0000,62.5000,-262.5000,
TRADE,31/03/2021 10:00:00,203.50000,01/04/2021 04:00:00,242.50000,@C,1,1,1950.00,6.2500,2150.0000,-287.5000,
TRADE,07/04/2021 21:00:00,221.75000,08/04/2021 09:00:00,233.75000,@C,-1,1,-600.00,2.2500,50.0000,-537.5000,
TRADE,11/05/2021 10:00:00,429.50000,12/05/2021 04:00:00,431.25000,@C,1,1,87.50,10.5000,275.0000,-350.0000,
TRADE,12/05/2021 07:00:00,428.25000,13/05/2021 09:00:00,397.75000,@C,-1,1,1525.00,4.0000,1525.0000,-125.0000,
TRADE,17/05/2021 21:00:00,362.50000,18/05/2021 10:00:00,365.00000,@C,1,1,125.00,10.5000,337.5000,-62.5000,
TRADE,19/05/2021 08:00:00,353.75000,19/05/2021 13:00:00,353.75000,@C,-1,1,0.00,6.5000,712.5000,-75.0000,
TRADE,23/05/2021 21:00:00,351.25000,24/05/2021 20:00:00,363.25000,@C,-1,1,-600.00,9.7500,162.5000,-562.5000,
TRADE,24/05/2021 21:00:00,359.00000,25/05/2021 10:00:00,353.25000,@C,1,1,-287.50,5.7500,175.0000,-312.5000,
TRADE,27/05/2021 09:00:00,334.50000,28/05/2021 03:00:00,370.25000,@C,1,1,1787.50,9.0000,2037.5000,0.0000,
TRADE,04/06/2021 13:00:00,380.75000,07/06/2021 07:00:00,400.25000,@C,1,1,975.00,6.7500,1400.0000,-12.5000,
TRADE,09/06/2021 10:00:00,386.25000,10/06/2021 04:00:00,397.00000,@C,1,1,537.50,18.7500,650.0000,-275.0000,
TRADE,11/06/2021 08:00:00,391.50000,14/06/2021 10:00:00,364.25000,@C,-1,1,1362.50,6.5000,1800.0000,-225.0000,
TRADE,17/06/2021 05:00:00,360.50000,17/06/2021 09:00:00,360.50000,@C,-1,1,0.00,6.2500,400.0000,-62.5000,
TRADE,28/06/2021 10:00:00,350.25000,29/06/2021 04:00:00,363.25000,@C,1,1,650.00,13.0000,1012.5000,-25.0000,
TRADE,30/06/2021 13:00:00,401.50000,01/07/2021 07:00:00,428.00000,@C,1,1,1325.00,52.5000,1475.0000,-12.5000,
TRADE,12/07/2021 12:00:00,349.50000,13/07/2021 06:00:00,351.25000,@C,1,1,87.50,5.0000,275.0000,-475.0000,
TRADE,18/07/2021 20:00:00,378.75000,19/07/2021 22:00:00,370.50000,@C,-1,1,412.50,8.7500,1062.5000,-75.0000,
TRADE,20/07/2021 10:00:00,383.75000,21/07/2021 04:00:00,384.00000,@C,1,1,12.50,10.2500,87.5000,-462.5000,
TRADE,26/07/2021 21:00:00,361.00000,27/07/2021 10:00:00,364.50000,@C,1,1,175.00,8.0000,587.5000,-200.0000,
TRADE,30/07/2021 10:00:00,356.00000,02/08/2021 06:00:00,356.00000,@C,-1,1,0.00,7.0000,350.0000,-275.0000,
TRADE,02/08/2021 10:00:00,359.50000,03/08/2021 04:00:00,361.25000,@C,1,1,87.50,9.0000,425.0000,-187.5000,
TRADE,03/08/2021 08:00:00,363.50000,04/08/2021 09:00:00,363.50000,@C,-1,1,0.00,2.5000,400.0000,-437.5000,
TRADE,05/08/2021 10:00:00,363.50000,06/08/2021 04:00:00,360.50000,@C,1,1,-150.00,6.7500,300.0000,-225.0000,
TRADE,08/08/2021 21:00:00,361.25000,09/08/2021 23:00:00,356.75000,@C,-1,1,225.00,4.2500,350.0000,-175.0000,
TRADE,11/08/2021 21:00:00,362.50000,12/08/2021 12:00:00,374.50000,@C,-1,1,-600.00,3.0000,262.5000,-200.0000,
TRADE,24/08/2021 21:00:00,351.50000,25/08/2021 10:00:00,354.75000,@C,1,1,162.50,3.0000,275.0000,-75.0000,
TRADE,17/09/2021 10:00:00,333.75000,20/09/2021 09:00:00,333.75000,@C,-1,1,0.00,5.2500,387.5000,-250.0000,
TRADE,01/10/2021 10:00:00,350.25000,04/10/2021 04:00:00,349.25000,@C,1,1,-50.00,7.2500,162.5000,-275.0000,
TRADE,04/10/2021 10:00:00,355.00000,05/10/2021 04:00:00,348.75000,@C,1,1,-312.50,6.0000,162.5000,-350.0000,
TRADE,02/11/2021 21:00:00,380.75000,03/11/2021 23:00:00,376.50000,@C,-1,1,212.50,2.7500,350.0000,-162.5000,
TRADE,16/11/2021 10:00:00,383.25000,17/11/2021 12:00:00,388.25000,@C,-1,1,-250.00,3.2500,125.0000,-575.0000,
TRADE,26/11/2021 10:00:00,382.75000,26/11/2021 12:00:00,394.75000,@C,-1,1,-600.00,13.0000,237.5000,-475.0000,
TRADE,06/12/2021 10:00:00,382.75000,07/12/2021 12:00:00,385.50000,@C,-1,1,-137.50,6.2500,50.0000,-475.0000,
TRADE,08/12/2021 10:00:00,389.75000,09/12/2021 04:00:00,392.00000,@C,1,1,112.50,3.0000,237.5000,-12.5000,
TRADE,14/12/2021 11:00:00,391.50000,15/12/2021 05:00:00,394.00000,@C,1,1,125.00,3.7500,375.0000,0.0000,
TRADE,16/12/2021 08:00:00,390.75000,17/12/2021 10:00:00,398.75000,@C,-1,1,-400.00,2.5000,62.5000,-412.5000,
TRADE,02/01/2022 21:00:00,405.25000,03/01/2022 10:00:00,402.00000,@C,1,1,-162.50,8.2500,162.5000,-362.5000,
TRADE,07/01/2022 07:00:00,404.25000,10/01/2022 09:00:00,408.25000,@C,-1,1,-200.00,3.2500,12.5000,-450.0000,
TRADE,12/01/2022 13:00:00,405.75000,13/01/2022 07:00:00,401.00000,@C,1,1,-237.50,13.0000,137.5000,-287.5000,
TRADE,21/01/2022 10:00:00,420.75000,24/01/2022 04:00:00,420.25000,@C,1,1,-25.00,7.2500,187.5000,-450.0000,
TRADE,26/01/2022 13:00:00,430.50000,27/01/2022 07:00:00,432.50000,@C,1,1,100.00,5.7500,112.5000,-125.0000,
TRADE,31/01/2022 10:00:00,435.00000,31/01/2022 12:00:00,435.00000,@C,-1,1,0.00,9.5000,375.0000,0.0000,
TRADE,02/02/2022 10:00:00,438.75000,03/02/2022 12:00:00,419.00000,@C,-1,1,987.50,7.5000,1175.0000,-187.5000,
TRADE,06/02/2022 21:00:00,431.50000,07/02/2022 10:00:00,433.75000,@C,1,1,112.50,7.7500,300.0000,-87.5000,
TRADE,17/02/2022 04:00:00,451.75000,18/02/2022 06:00:00,452.75000,@C,-1,1,-50.00,2.0000,200.0000,-262.5000,
TRADE,28/02/2022 21:00:00,506.50000,01/03/2022 10:00:00,532.50000,@C,1,1,1300.00,11.0000,1337.5000,-37.5000,
TRADE,14/03/2022 11:00:00,556.25000,14/03/2022 13:20:00,556.25000,@C,-1,1,0.00,12.5000,437.5000,-187.5000,
TRADE,16/03/2022 05:00:00,559.00000,17/03/2022 07:00:00,546.75000,@C,-1,1,612.50,2.5000,1237.5000,-125.0000,
TRADE,17/03/2022 10:00:00,559.75000,18/03/2022 04:00:00,558.50000,@C,1,1,-62.50,12.7500,262.5000,-137.5000,
TRADE,18/03/2022 10:00:00,550.25000,21/03/2022 07:00:00,562.25000,@C,-1,1,-600.00,9.0000,312.5000,-537.5000,
TRADE,22/03/2022 10:00:00,557.00000,23/03/2022 09:00:00,569.00000,@C,-1,1,-600.00,11.2500,137.5000,-575.0000,
TRADE,30/03/2022 12:00:00,547.75000,31/03/2022 02:00:00,547.75000,@C,-1,1,0.00,7.7500,387.5000,-137.5000,
TRADE,01/04/2022 04:00:00,548.00000,01/04/2022 11:00:00,548.00000,@C,-1,1,0.00,4.7500,512.5000,-400.0000,
TRADE,08/04/2022 09:00:00,569.00000,08/04/2022 12:00:00,569.00000,@C,1,1,0.00,3.7500,412.5000,-37.5000,
TRADE,12/04/2022 10:00:00,582.50000,13/04/2022 04:00:00,578.50000,@C,1,1,-200.00,8.0000,162.5000,-275.0000,
TRADE,13/04/2022 13:20:00,591.75000,14/04/2022 08:00:00,595.00000,@C,1,1,162.50,11.2500,250.0000,-162.5000,
TRADE,20/04/2022 11:00:00,615.00000,21/04/2022 13:00:00,607.75000,@C,-1,1,362.50,11.2500,500.0000,-450.0000,
TRADE,25/04/2022 04:00:00,594.50000,25/04/2022 09:00:00,594.50000,@C,1,1,0.00,2.5000,350.0000,-75.0000,
TRADE,26/04/2022 11:00:00,607.25000,27/04/2022 10:00:00,619.25000,@C,-1,1,-600.00,7.5000,125.0000,-587.5000,
TRADE,01/05/2022 21:00:00,615.00000,02/05/2022 20:00:00,618.25000,@C,-1,1,-162.50,10.2500,762.5000,-162.5000,
TRADE,03/05/2022 12:00:00,605.50000,04/05/2022 13:20:00,600.25000,@C,-1,1,262.50,6.7500,337.5000,-375.0000,
TRADE,13/05/2022 10:00:00,596.00000,15/05/2022 20:00:00,604.25000,@C,-1,1,-412.50,7.5000,462.5000,-412.5000,
TRADE,15/05/2022 21:00:00,606.00000,16/05/2022 10:00:00,611.75000,@C,1,1,287.50,22.0000,500.0000,-150.0000,
TRADE,18/05/2022 10:00:00,599.25000,19/05/2022 12:00:00,594.25000,@C,-1,1,250.00,11.5000,837.5000,0.0000,
TRADE,23/05/2022 11:00:00,596.00000,24/05/2022 05:00:00,593.75000,@C,1,1,-112.50,11.2500,62.5000,-337.5000,
TRADE,24/05/2022 10:00:00,588.00000,25/05/2022 12:00:00,575.50000,@C,-1,1,625.00,8.7500,1187.5000,-12.5000,
TRADE,05/06/2022 21:00:00,546.50000,06/06/2022 10:00:00,545.50000,@C,1,1,-50.00,12.0000,187.5000,-262.5000,
TRADE,20/06/2022 21:00:00,581.75000,21/06/2022 09:00:00,581.75000,@C,-1,1,0.00,16.0000,437.5000,-187.5000,
TRADE,24/06/2022 10:00:00,558.50000,24/06/2022 13:20:00,558.50000,@C,1,1,0.00,8.0000,650.0000,-125.0000,
TRADE,26/06/2022 21:00:00,544.50000,27/06/2022 20:00:00,558.25000,@C,-1,1,-687.50,16.5000,212.5000,-687.5000,
TRADE,28/06/2022 06:00:00,564.00000,29/06/2022,558.00000,@C,1,1,-300.00,4.2500,187.5000,-375.0000,
TRADE,19/07/2022 05:00:00,493.50000,19/07/2022 12:00:00,493.50000,@C,-1,1,0.00,5.7500,775.0000,-25.0000,
TRADE,25/07/2022 10:00:00,465.00000,26/07/2022 04:00:00,485.00000,@C,1,1,1000.00,10.2500,1112.5000,-325.0000,
TRADE,01/08/2022 06:00:00,497.25000,01/08/2022 08:00:00,497.25000,@C,-1,1,0.00,3.7500,350.0000,-75.0000,
TRADE,04/08/2022 10:00:00,489.50000,05/08/2022 04:00:00,497.50000,@C,1,1,400.00,9.0000,575.0000,-75.0000,
TRADE,16/08/2022 05:00:00,513.25000,17/08/2022 07:00:00,504.25000,@C,-1,1,450.00,3.7500,650.0000,-150.0000,
TRADE,25/08/2022 13:00:00,553.25000,28/08/2022 20:00:00,567.00000,@C,-1,1,-687.50,6.0000,312.5000,-687.5000,
TRADE,05/09/2022 21:00:00,568.00000,06/09/2022 10:00:00,562.75000,@C,1,1,-262.50,8.2500,100.0000,-487.5000,
TRADE,14/09/2022 08:00:00,582.25000,15/09/2022 07:00:00,582.25000,@C,-1,1,0.00,4.7500,412.5000,-237.5000,
TRADE,26/09/2022 11:00:00,570.25000,27/09/2022 05:00:00,565.00000,@C,1,1,-262.50,5.5000,50.0000,-400.0000,
TRADE,28/09/2022 10:00:00,566.25000,29/09/2022 04:00:00,567.00000,@C,1,1,37.50,5.0000,312.5000,-150.0000,
TRADE,13/10/2022 21:00:00,594.00000,16/10/2022 23:00:00,584.25000,@C,-1,1,487.50,2.2500,512.5000,-112.5000,
TRADE,20/10/2022 07:00:00,579.00000,21/10/2022 01:00:00,580.00000,@C,1,1,50.00,3.0000,237.5000,-150.0000,
TRADE,23/10/2022 21:00:00,577.25000,24/10/2022 23:00:00,577.50000,@C,-1,1,-12.50,5.0000,162.5000,-300.0000,
TRADE,25/10/2022 10:00:00,580.25000,26/10/2022 04:00:00,585.25000,@C,1,1,250.00,6.7500,262.5000,-75.0000,
TRADE,30/10/2022 21:00:00,592.75000,31/10/2022 10:00:00,591.50000,@C,1,1,-62.50,20.2500,150.0000,-237.5000,
TRADE,21/11/2022 10:00:00,560.25000,22/11/2022 12:00:00,555.50000,@C,-1,1,237.50,4.0000,312.5000,-25.0000,
TRADE,08/12/2022 04:00:00,537.25000,09/12/2022 06:00:00,538.00000,@C,-1,1,-37.50,2.2500,275.0000,-75.0000,
TRADE,14/12/2022 21:00:00,542.75000,15/12/2022 23:00:00,547.50000,@C,-1,1,-237.50,1.7500,75.0000,-325.0000,
TRADE,18/12/2022 21:00:00,541.75000,19/12/2022 23:00:00,540.50000,@C,-1,1,62.50,5.5000,212.5000,-100.0000,
TRADE,03/01/2023 10:00:00,570.75000,04/01/2023 12:00:00,549.25000,@C,-1,1,1075.00,6.2500,1237.5000,-50.0000,
TRADE,19/01/2023 10:00:00,573.25000,20/01/2023 04:00:00,568.75000,@C,1,1,-225.00,3.2500,275.0000,-287.5000,
TRADE,24/01/2023 11:00:00,565.75000,25/01/2023 05:00:00,573.00000,@C,1,1,362.50,5.5000,437.5000,-75.0000,
TRADE,26/01/2023 09:00:00,571.25000,27/01/2023 03:00:00,575.50000,@C,1,1,212.50,1.5000,387.5000,-25.0000,
TRADE,30/01/2023 10:00:00,573.75000,31/01/2023 12:00:00,577.50000,@C,-1,1,-187.50,5.2500,87.5000,-412.5000,
TRADE,08/02/2023 12:00:00,570.25000,09/02/2023 06:00:00,572.25000,@C,1,1,100.00,3.2500,137.5000,-187.5000,
TRADE,16/02/2023 21:00:00,569.00000,17/02/2023 10:00:00,569.00000,@C,1,1,0.00,2.7500,150.0000,-25.0000,
TRADE,05/03/2023 22:00:00,533.00000,07/03/2023,532.00000,@C,-1,1,50.00,0.7500,225.0000,-62.5000,
TRADE,14/03/2023 10:00:00,511.25000,15/03/2023 04:00:00,521.25000,@C,1,1,500.00,7.2500,612.5000,-37.5000,
TRADE,21/03/2023 08:00:00,530.75000,22/03/2023 02:00:00,524.50000,@C,1,1,-312.50,3.0000,100.0000,-412.5000,
TRADE,24/03/2023 10:00:00,538.75000,27/03/2023 04:00:00,534.50000,@C,1,1,-212.50,8.0000,37.5000,-462.5000,
TRADE,23/04/2023 21:00:00,554.25000,24/04/2023 10:00:00,554.75000,@C,1,1,25.00,7.7500,300.0000,-350.0000,
TRADE,10/05/2023 10:00:00,521.00000,11/05/2023 04:00:00,524.50000,@C,1,1,175.00,7.7500,412.5000,-62.5000,
TRADE,11/05/2023 10:00:00,520.50000,12/05/2023 12:00:00,511.75000,@C,-1,1,437.50,5.2500,487.5000,-87.5000,
TRADE,16/05/2023 10:00:00,517.00000,17/05/2023 12:00:00,489.75000,@C,-1,1,1362.50,5.0000,1462.5000,-62.5000,
TRADE,01/06/2023 21:00:00,522.50000,02/06/2023 09:00:00,522.50000,@C,-1,1,0.00,5.7500,362.5000,-75.0000,
TRADE,07/06/2023 21:00:00,530.50000,08/06/2023 11:00:00,542.50000,@C,-1,1,-600.00,5.5000,100.0000,-587.5000,
TRADE,11/06/2023 21:00:00,543.25000,12/06/2023 10:00:00,551.75000,@C,1,1,425.00,8.5000,450.0000,-25.0000,
TRADE,13/06/2023 21:00:00,541.25000,14/06/2023 23:00:00,543.00000,@C,-1,1,-87.50,3.7500,325.0000,-537.5000,
TRADE,26/06/2023 10:00:00,577.50000,27/06/2023 04:00:00,568.25000,@C,1,1,-462.50,13.5000,275.0000,-512.5000,
