TRADE,22/10/2010 13:30:00,3389.00000,27/10/2010 13:30:00,3389.00000,@CC,1,1,0.00,99.0000,880.0000,-240.0000,
TRADE,18/11/2010 13:30:00,3379.00000,19/11/2010 13:30:00,3379.00000,@CC,1,1,0.00,78.0000,640.0000,-180.0000,
TRADE,23/12/2010 13:30:00,3496.00000,29/12/2010 13:30:00,3510.00000,@CC,1,1,140.00,47.0000,890.0000,-60.0000,
TRADE,13/01/2011 13:30:00,3472.00000,25/01/2011 13:30:00,3850.00000,@CC,1,1,3780.00,46.0000,3880.0000,-400.0000,
TRADE,10/02/2011 13:30:00,3800.00000,15/02/2011 13:30:00,3865.00000,@CC,1,1,650.00,96.0000,1040.0000,0.0000,
TRADE,17/02/2011 13:30:00,3905.00000,01/03/2011 13:30:00,4110.00000,@CC,1,1,2050.00,82.0000,2800.0000,-220.0000,
TRADE,12/04/2011 13:30:00,3541.00000,18/04/2011 13:30:00,3574.00000,@CC,1,1,330.00,86.0000,960.0000,-300.0000,
TRADE,20/04/2011 13:30:00,3550.00000,02/05/2011 13:30:00,3749.00000,@CC,1,1,1990.00,66.0000,2600.0000,-520.0000,
TRADE,26/05/2011 13:30:00,3448.00000,27/05/2011 13:30:00,3448.00000,@CC,1,1,0.00,110.0000,760.0000,-140.0000,
TRADE,21/06/2011 13:30:00,3477.00000,22/06/2011 13:30:00,3474.00000,@CC,1,1,-30.00,100.0000,360.0000,-30.0000,
TRADE,01/07/2011 13:30:00,3629.00000,07/07/2011 13:30:00,3604.00000,@CC,1,1,-250.00,57.0000,870.0000,-250.0000,
TRADE,18/07/2011 13:30:00,3656.00000,21/07/2011 13:30:00,3621.00000,@CC,1,1,-350.00,57.0000,320.0000,-600.0000,
TRADE,16/08/2011 13:30:00,3383.00000,18/08/2011 13:30:00,3383.00000,@CC,1,1,0.00,48.0000,1060.0000,-190.0000,
TRADE,31/08/2011 13:30:00,3554.00000,01/09/2011 13:30:00,3536.00000,@CC,1,1,-180.00,75.0000,230.0000,-170.0000,
TRADE,13/10/2011 13:30:00,3106.00000,17/10/2011 13:30:00,3055.00000,@CC,1,1,-510.00,77.0000,140.0000,-530.0000,
TRADE,25/10/2011 13:30:00,3067.00000,28/10/2011 13:30:00,3157.00000,@CC,1,1,900.00,74.0000,1320.0000,-220.0000,
TRADE,20/01/2012 13:30:00,2739.00000,20/01/2012 13:30:00,2688.00000,@CC,1,1,-510.00,54.0000,0.0000,-460.0000,
TRADE,25/01/2012 13:30:00,2828.00000,27/01/2012 13:30:00,2833.00000,@CC,1,1,50.00,165.0000,560.0000,-330.0000,
TRADE,09/03/2012 13:30:00,2795.00000,12/03/2012 13:30:00,2752.00000,@CC,1,1,-430.00,126.0000,220.0000,-340.0000,
TRADE,13/04/2012 13:30:00,2522.00000,24/04/2012 13:30:00,2633.00000,@CC,1,1,1110.00,94.0000,1580.0000,-40.0000,
TRADE,13/06/2012 13:30:00,2638.00000,18/06/2012 13:30:00,2623.00000,@CC,1,1,-150.00,73.0000,160.0000,-430.0000,
TRADE,29/06/2012 13:30:00,2638.00000,05/07/2012 13:30:00,2688.00000,@CC,1,1,500.00,41.0000,1200.0000,-260.0000,
TRADE,23/07/2012 13:30:00,2640.00000,25/07/2012 13:30:00,2585.00000,@CC,1,1,-550.00,39.0000,210.0000,-550.0000,
TRADE,26/07/2012 13:30:00,2638.00000,31/07/2012 13:30:00,2703.00000,@CC,1,1,650.00,60.0000,1010.0000,-90.0000,
TRADE,01/08/2012 13:30:00,2776.00000,06/08/2012 13:30:00,2751.00000,@CC,1,1,-250.00,75.0000,430.0000,-360.0000,
TRADE,07/08/2012 13:30:00,2802.00000,09/08/2012 13:30:00,2820.00000,@CC,1,1,180.00,53.0000,600.0000,-40.0000,
TRADE,10/08/2012 13:30:00,2865.00000,13/08/2012 13:30:00,2819.00000,@CC,1,1,-460.00,63.0000,130.0000,-460.0000,
TRADE,05/09/2012 13:30:00,2967.00000,10/09/2012 13:30:00,2967.00000,@CC,1,1,0.00,81.0000,1170.0000,-80.0000,
TRADE,18/10/2012 13:30:00,2805.00000,24/10/2012 13:30:00,2805.00000,@CC,1,1,0.00,54.0000,980.0000,-40.0000,
TRADE,07/11/2012 13:30:00,2847.00000,07/11/2012 13:30:00,2814.00000,@CC,1,1,-330.00,33.0000,0.0000,-230.0000,
TRADE,15/11/2012 13:30:00,2843.00000,16/11/2012 13:30:00,2817.00000,@CC,1,1,-260.00,90.0000,190.0000,-240.0000,
TRADE,20/11/2012 13:30:00,2802.00000,26/11/2012 13:30:00,2838.00000,@CC,1,1,360.00,36.0000,920.0000,-70.0000,
TRADE,14/12/2012 13:30:00,2806.00000,17/12/2012 13:30:00,2791.00000,@CC,1,1,-150.00,57.0000,150.0000,-150.0000,
TRADE,14/01/2013 13:30:00,2648.00000,22/01/2013 13:30:00,2642.00000,@CC,1,1,-60.00,28.0000,360.0000,-420.0000,
TRADE,01/02/2013 13:30:00,2588.00000,04/02/2013 13:30:00,2562.00000,@CC,1,1,-260.00,33.0000,30.0000,-200.0000,
TRADE,07/02/2013 13:30:00,2623.00000,08/02/2013 13:30:00,2605.00000,@CC,1,1,-180.00,40.0000,160.0000,-170.0000,
TRADE,11/04/2013 13:30:00,2598.00000,22/04/2013 13:30:00,2680.00000,@CC,1,1,820.00,24.0000,1070.0000,-70.0000,
TRADE,26/04/2013 13:30:00,2732.00000,07/05/2013 13:30:00,2757.00000,@CC,1,1,250.00,44.0000,630.0000,-540.0000,
TRADE,04/06/2013 13:30:00,2614.00000,11/06/2013 13:30:00,2703.00000,@CC,1,1,890.00,64.0000,1170.0000,-80.0000,
TRADE,12/06/2013 13:30:00,2727.00000,13/06/2013 13:30:00,2657.00000,@CC,1,1,-700.00,25.0000,110.0000,-680.0000,
TRADE,03/07/2013 13:30:00,2545.00000,15/07/2013 13:30:00,2584.00000,@CC,1,1,390.00,31.0000,690.0000,-250.0000,
TRADE,25/07/2013 13:30:00,2727.00000,26/07/2013 13:30:00,2695.00000,@CC,1,1,-320.00,49.0000,80.0000,-320.0000,
TRADE,12/09/2013 13:30:00,2928.00000,17/09/2013 13:30:00,2945.00000,@CC,1,1,170.00,51.0000,550.0000,-110.0000,
TRADE,19/09/2013 13:30:00,2988.00000,19/09/2013 13:30:00,2947.00000,@CC,1,1,-410.00,24.0000,20.0000,-340.0000,
TRADE,23/09/2013 13:30:00,2961.00000,24/09/2013 13:30:00,2941.00000,@CC,1,1,-200.00,49.0000,70.0000,-200.0000,
TRADE,27/09/2013 13:30:00,2952.00000,01/10/2013 13:30:00,2964.00000,@CC,1,1,120.00,51.0000,320.0000,-60.0000,
TRADE,02/10/2013 13:30:00,2979.00000,03/10/2013 13:30:00,2964.00000,@CC,1,1,-150.00,18.0000,40.0000,-120.0000,
TRADE,07/10/2013 13:30:00,2965.00000,16/10/2013 13:30:00,3087.00000,@CC,1,1,1220.00,48.0000,1460.0000,-30.0000,
TRADE,02/12/2013 13:30:00,3149.00000,03/12/2013 13:30:00,3126.00000,@CC,1,1,-230.00,29.0000,80.0000,-230.0000,
TRADE,24/12/2013 13:30:00,3142.00000,26/12/2013 13:30:00,3126.00000,@CC,1,1,-160.00,40.0000,100.0000,-100.0000,
TRADE,13/01/2014 13:30:00,3034.00000,17/01/2014 13:30:00,3054.00000,@CC,1,1,200.00,29.0000,550.0000,-160.0000,
TRADE,24/01/2014 13:30:00,3123.00000,04/02/2014 13:30:00,3200.00000,@CC,1,1,770.00,98.0000,1270.0000,-290.0000,
TRADE,07/02/2014 13:30:00,3214.00000,11/02/2014 13:30:00,3215.00000,@CC,1,1,10.00,24.0000,400.0000,-120.0000,
TRADE,12/02/2014 13:30:00,3234.00000,18/02/2014 13:30:00,3249.00000,@CC,1,1,150.00,46.0000,500.0000,0.0000,
TRADE,20/02/2014 13:30:00,3246.00000,03/03/2014 13:30:00,3227.00000,@CC,1,1,-190.00,46.0000,550.0000,-610.0000,
TRADE,10/03/2014 13:30:00,3283.00000,12/03/2014 13:30:00,3276.00000,@CC,1,1,-70.00,34.0000,430.0000,-140.0000,
TRADE,17/03/2014 13:30:00,3319.00000,24/03/2014 13:30:00,3249.00000,@CC,1,1,-700.00,40.0000,190.0000,-690.0000,
TRADE,08/04/2014 13:30:00,3277.00000,08/04/2014 13:30:00,3249.00000,@CC,1,1,-280.00,28.0000,0.0000,-250.0000,
TRADE,22/04/2014 13:30:00,3307.00000,23/04/2014 13:30:00,3290.00000,@CC,1,1,-170.00,20.0000,150.0000,-170.0000,
TRADE,19/05/2014 13:30:00,3211.00000,29/05/2014 13:30:00,3344.00000,@CC,1,1,1330.00,24.0000,1350.0000,0.0000,
TRADE,04/06/2014 13:30:00,3370.00000,06/06/2014 13:30:00,3361.00000,@CC,1,1,-90.00,20.0000,270.0000,-150.0000,
TRADE,10/06/2014 13:30:00,3383.00000,11/06/2014 13:30:00,3364.00000,@CC,1,1,-190.00,32.0000,10.0000,-190.0000,
TRADE,12/06/2014 13:30:00,3409.00000,23/06/2014 13:30:00,3371.00000,@CC,1,1,-380.00,63.0000,100.0000,-680.0000,
TRADE,02/07/2014 13:30:00,3418.00000,10/07/2014 13:30:00,3348.00000,@CC,1,1,-700.00,35.0000,220.0000,-620.0000,
TRADE,21/07/2014 13:30:00,3386.00000,30/07/2014 13:30:00,3497.00000,@CC,1,1,1110.00,37.0000,1390.0000,0.0000,
TRADE,08/08/2014 13:30:00,3527.00000,13/08/2014 13:30:00,3529.00000,@CC,1,1,20.00,27.0000,210.0000,-230.0000,
TRADE,14/08/2014 13:30:00,3543.00000,19/08/2014 13:30:00,3543.00000,@CC,1,1,0.00,26.0000,300.0000,-190.0000,
TRADE,26/08/2014 13:30:00,3531.00000,27/08/2014 13:30:00,3531.00000,@CC,1,1,0.00,36.0000,730.0000,-390.0000,
TRADE,18/09/2014 13:30:00,3469.00000,29/09/2014 13:30:00,3622.00000,@CC,1,1,1530.00,94.0000,2340.0000,0.0000,
TRADE,13/10/2014 13:30:00,3494.00000,13/10/2014 13:30:00,3424.00000,@CC,1,1,-700.00,115.0000,180.0000,-670.0000,
TRADE,05/12/2014 13:30:00,3185.00000,11/12/2014 13:30:00,3232.00000,@CC,1,1,470.00,28.0000,850.0000,-10.0000,
TRADE,17/12/2014 13:30:00,3236.00000,26/12/2014 13:30:00,3266.00000,@CC,1,1,300.00,47.0000,710.0000,-360.0000,
TRADE,06/02/2015 13:30:00,3066.00000,18/02/2015 13:30:00,3274.00000,@CC,1,1,2080.00,41.0000,2210.0000,-140.0000,
TRADE,25/02/2015 13:30:00,3342.00000,25/02/2015 13:30:00,3294.00000,@CC,1,1,-480.00,46.0000,60.0000,-380.0000,
TRADE,03/03/2015 13:30:00,3328.00000,06/03/2015 13:30:00,3258.00000,@CC,1,1,-700.00,44.0000,210.0000,-640.0000,
TRADE,08/04/2015 13:30:00,3117.00000,09/04/2015 13:30:00,3091.00000,@CC,1,1,-260.00,24.0000,320.0000,-260.0000,
TRADE,10/04/2015 13:30:00,3112.00000,17/04/2015 13:30:00,3164.00000,@CC,1,1,520.00,33.0000,900.0000,-250.0000,
TRADE,24/04/2015 13:30:00,3144.00000,01/05/2015 13:30:00,3236.00000,@CC,1,1,920.00,39.0000,1370.0000,0.0000,
TRADE,11/05/2015 13:30:00,3279.00000,20/05/2015 13:30:00,3429.00000,@CC,1,1,1500.00,50.0000,1870.0000,-10.0000,
TRADE,21/05/2015 13:30:00,3457.00000,22/05/2015 13:30:00,3455.00000,@CC,1,1,-20.00,35.0000,380.0000,-20.0000,
TRADE,27/05/2015 13:30:00,3467.00000,27/05/2015 13:30:00,3434.00000,@CC,1,1,-330.00,36.0000,20.0000,-210.0000,
TRADE,03/06/2015 13:30:00,3440.00000,12/06/2015 13:30:00,3455.00000,@CC,1,1,150.00,62.0000,300.0000,-620.0000,
TRADE,10/07/2015 13:30:00,3603.00000,16/07/2015 13:30:00,3657.00000,@CC,1,1,540.00,49.0000,940.0000,-200.0000,
TRADE,20/07/2015 13:30:00,3670.00000,22/07/2015 13:30:00,3644.00000,@CC,1,1,-260.00,31.0000,80.0000,-260.0000,
TRADE,01/09/2015 13:30:00,3408.00000,11/09/2015 13:30:00,3550.00000,@CC,1,1,1420.00,47.0000,1840.0000,-260.0000,
TRADE,17/09/2015 13:30:00,3582.00000,22/09/2015 13:30:00,3597.00000,@CC,1,1,150.00,48.0000,560.0000,-160.0000,
TRADE,20/10/2015 13:30:00,3469.00000,29/10/2015 13:30:00,3482.00000,@CC,1,1,130.00,65.0000,610.0000,-670.0000,
TRADE,02/11/2015 13:30:00,3559.00000,04/11/2015 13:30:00,3564.00000,@CC,1,1,50.00,53.0000,380.0000,-170.0000,
TRADE,11/11/2015 13:30:00,3579.00000,18/11/2015 13:30:00,3652.00000,@CC,1,1,730.00,74.0000,1130.0000,-80.0000,
TRADE,19/11/2015 13:30:00,3684.00000,20/11/2015 13:30:00,3655.00000,@CC,1,1,-290.00,52.0000,330.0000,-260.0000,
TRADE,03/12/2015 13:30:00,3641.00000,08/12/2015 13:30:00,3672.00000,@CC,1,1,310.00,33.0000,850.0000,0.0000,
TRADE,18/02/2016 13:30:00,3200.00000,19/02/2016 13:30:00,3150.00000,@CC,1,1,-500.00,106.0000,150.0000,-460.0000,
TRADE,23/02/2016 13:30:00,3191.00000,26/02/2016 13:30:00,3191.00000,@CC,1,1,0.00,94.0000,680.0000,-690.0000,
TRADE,03/03/2016 13:30:00,3245.00000,08/03/2016 13:30:00,3267.00000,@CC,1,1,220.00,62.0000,580.0000,-340.0000,
TRADE,09/03/2016 13:30:00,3300.00000,14/03/2016 13:30:00,3333.00000,@CC,1,1,330.00,71.0000,620.0000,0.0000,
TRADE,18/03/2016 13:30:00,3410.00000,21/03/2016 13:30:00,3389.00000,@CC,1,1,-210.00,95.0000,230.0000,-150.0000,
TRADE,12/04/2016 13:30:00,3212.00000,13/04/2016 13:30:00,3183.00000,@CC,1,1,-290.00,53.0000,170.0000,-290.0000,
TRADE,14/04/2016 13:30:00,3224.00000,18/04/2016 13:30:00,3236.00000,@CC,1,1,120.00,50.0000,700.0000,-160.0000,
TRADE,19/04/2016 13:30:00,3318.00000,28/04/2016 13:30:00,3439.00000,@CC,1,1,1210.00,93.0000,1640.0000,-40.0000,
TRADE,29/04/2016 13:30:00,3465.00000,02/05/2016 13:30:00,3461.00000,@CC,1,1,-40.00,38.0000,380.0000,-30.0000,
TRADE,03/05/2016 13:30:00,3500.00000,03/05/2016 13:30:00,3456.00000,@CC,1,1,-440.00,32.0000,30.0000,-390.0000,
TRADE,13/06/2016 13:30:00,3385.00000,16/06/2016 13:30:00,3392.00000,@CC,1,1,70.00,44.0000,270.0000,-190.0000,
TRADE,07/07/2016 13:30:00,3378.00000,12/07/2016 13:30:00,3378.00000,@CC,1,1,0.00,42.0000,390.0000,-230.0000,
TRADE,13/07/2016 13:30:00,3413.00000,15/07/2016 13:30:00,3423.00000,@CC,1,1,100.00,46.0000,340.0000,-20.0000,
TRADE,10/08/2016 13:30:00,3337.00000,12/08/2016 13:30:00,3314.00000,@CC,1,1,-230.00,54.0000,240.0000,-230.0000,
TRADE,15/08/2016 13:30:00,3353.00000,19/08/2016 13:30:00,3427.00000,@CC,1,1,740.00,52.0000,1070.0000,-80.0000,
TRADE,21/09/2016 13:30:00,3222.00000,23/09/2016 13:30:00,3220.00000,@CC,1,1,-20.00,48.0000,520.0000,-300.0000,
TRADE,20/10/2016 13:30:00,3074.00000,20/10/2016 13:30:00,3028.00000,@CC,1,1,-460.00,39.0000,140.0000,-410.0000,
TRADE,26/10/2016 13:30:00,3093.00000,27/10/2016 13:30:00,3071.00000,@CC,1,1,-220.00,61.0000,200.0000,-160.0000,
TRADE,31/10/2016 13:30:00,3106.00000,31/10/2016 13:30:00,3036.00000,@CC,1,1,-700.00,87.0000,40.0000,-630.0000,
TRADE,05/01/2017 13:30:00,2622.00000,09/01/2017 13:30:00,2591.00000,@CC,1,1,-310.00,80.0000,450.0000,-310.0000,
TRADE,25/01/2017 13:30:00,2594.00000,26/01/2017 13:30:00,2542.00000,@CC,1,1,-520.00,60.0000,20.0000,-520.0000,
TRADE,13/03/2017 13:30:00,2311.00000,22/03/2017 13:30:00,2526.00000,@CC,1,1,2150.00,68.0000,2340.0000,0.0000,
TRADE,12/05/2017 13:30:00,2321.00000,22/05/2017 13:30:00,2375.00000,@CC,1,1,540.00,23.0000,1240.0000,0.0000,
TRADE,03/07/2017 13:30:00,2299.00000,05/07/2017 13:30:00,2282.00000,@CC,1,1,-170.00,105.0000,270.0000,-170.0000,
TRADE,14/07/2017 13:30:00,2218.00000,25/07/2017 13:30:00,2284.00000,@CC,1,1,660.00,68.0000,1000.0000,-150.0000,
TRADE,28/07/2017 13:30:00,2350.00000,01/08/2017 13:30:00,2350.00000,@CC,1,1,0.00,103.0000,710.0000,-30.0000,
TRADE,25/08/2017 13:30:00,2229.00000,30/08/2017 13:30:00,2229.00000,@CC,1,1,0.00,54.0000,1010.0000,-30.0000,
TRADE,12/09/2017 13:30:00,2264.00000,14/09/2017 13:30:00,2271.00000,@CC,1,1,70.00,31.0000,690.0000,-230.0000,
TRADE,21/09/2017 13:30:00,2329.00000,29/09/2017 13:30:00,2295.00000,@CC,1,1,-340.00,48.0000,390.0000,-480.0000,
TRADE,09/10/2017 13:30:00,2414.00000,09/10/2017 13:30:00,2381.00000,@CC,1,1,-330.00,33.0000,60.0000,-260.0000,
TRADE,19/10/2017 13:30:00,2408.00000,24/10/2017 13:30:00,2426.00000,@CC,1,1,180.00,30.0000,730.0000,0.0000,
TRADE,16/01/2018 13:30:00,2296.00000,19/01/2018 13:30:00,2319.00000,@CC,1,1,230.00,50.0000,640.0000,-460.0000,
TRADE,25/01/2018 13:30:00,2313.00000,29/01/2018 13:30:00,2299.00000,@CC,1,1,-140.00,56.0000,400.0000,-200.0000,
TRADE,31/01/2018 13:30:00,2337.00000,06/02/2018 13:30:00,2383.00000,@CC,1,1,460.00,45.0000,790.0000,-140.0000,
TRADE,07/02/2018 13:30:00,2407.00000,07/02/2018 13:30:00,2361.00000,@CC,1,1,-460.00,46.0000,70.0000,-400.0000,
TRADE,12/02/2018 13:30:00,2394.00000,12/02/2018 13:30:00,2349.00000,@CC,1,1,-450.00,45.0000,30.0000,-410.0000,
TRADE,23/02/2018 13:30:00,2500.00000,28/02/2018 13:30:00,2517.00000,@CC,1,1,170.00,36.0000,570.0000,-170.0000,
TRADE,01/03/2018 13:30:00,2549.00000,12/03/2018 13:30:00,2868.00000,@CC,1,1,3190.00,47.0000,3430.0000,-120.0000,
TRADE,23/03/2018 13:30:00,2890.00000,27/03/2018 13:30:00,2920.00000,@CC,1,1,300.00,61.0000,760.0000,-130.0000,
TRADE,16/04/2018 13:30:00,2871.00000,20/04/2018 13:30:00,3055.00000,@CC,1,1,1840.00,41.0000,2630.0000,0.0000,
TRADE,24/04/2018 13:30:00,3033.00000,27/04/2018 13:30:00,3033.00000,@CC,1,1,0.00,57.0000,1880.0000,-220.0000,
TRADE,12/06/2018 13:30:00,2659.00000,21/06/2018 13:30:00,2765.00000,@CC,1,1,1060.00,68.0000,1450.0000,-370.0000,
TRADE,13/07/2018 13:30:00,2734.00000,16/07/2018 13:30:00,2734.00000,@CC,1,1,0.00,45.0000,1020.0000,-400.0000,
TRADE,15/08/2018 13:30:00,2358.00000,17/08/2018 13:30:00,2349.00000,@CC,1,1,-90.00,34.0000,400.0000,-220.0000,
TRADE,20/08/2018 13:30:00,2365.00000,29/08/2018 13:30:00,2561.00000,@CC,1,1,1960.00,27.0000,2350.0000,-260.0000,
TRADE,09/10/2018 13:30:00,2308.00000,10/10/2018 13:30:00,2278.00000,@CC,1,1,-300.00,74.0000,260.0000,-270.0000,
TRADE,12/10/2018 13:30:00,2323.00000,15/10/2018 13:30:00,2313.00000,@CC,1,1,-100.00,57.0000,580.0000,-90.0000,
TRADE,16/10/2018 13:30:00,2381.00000,18/10/2018 13:30:00,2385.00000,@CC,1,1,40.00,95.0000,540.0000,-160.0000,
TRADE,22/10/2018 13:30:00,2386.00000,29/10/2018 13:30:00,2386.00000,@CC,1,1,0.00,70.0000,980.0000,-500.0000,
TRADE,05/11/2018 13:30:00,2477.00000,08/11/2018 13:30:00,2552.00000,@CC,1,1,750.00,46.0000,1220.0000,-260.0000,
TRADE,30/11/2018 13:30:00,2362.00000,05/12/2018 13:30:00,2344.00000,@CC,1,1,-180.00,66.0000,310.0000,-320.0000,
TRADE,06/02/2019 13:30:00,2424.00000,07/02/2019 13:30:00,2409.00000,@CC,1,1,-150.00,44.0000,290.0000,-150.0000,
TRADE,13/02/2019 13:30:00,2427.00000,21/02/2019 13:30:00,2427.00000,@CC,1,1,0.00,36.0000,790.0000,-390.0000,
TRADE,13/03/2019 13:30:00,2363.00000,15/03/2019 13:30:00,2344.00000,@CC,1,1,-190.00,56.0000,400.0000,-270.0000,
TRADE,26/03/2019 13:30:00,2380.00000,04/04/2019 13:30:00,2560.00000,@CC,1,1,1800.00,97.0000,1860.0000,-310.0000,
TRADE,09/04/2019 13:30:00,2580.00000,11/04/2019 13:30:00,2554.00000,@CC,1,1,-260.00,43.0000,90.0000,-260.0000,
TRADE,15/04/2019 13:30:00,2572.00000,16/04/2019 13:30:00,2534.00000,@CC,1,1,-380.00,40.0000,40.0000,-380.0000,
TRADE,10/05/2019 13:30:00,2496.00000,13/05/2019 13:30:00,2459.00000,@CC,1,1,-370.00,62.0000,110.0000,-370.0000,
TRADE,21/05/2019 13:30:00,2548.00000,23/05/2019 13:30:00,2548.00000,@CC,1,1,0.00,61.0000,600.0000,-190.0000,
TRADE,24/05/2019 13:30:00,2587.00000,29/05/2019 13:30:00,2595.00000,@CC,1,1,80.00,40.0000,460.0000,-60.0000,
TRADE,07/06/2019 13:30:00,2588.00000,14/06/2019 13:30:00,2668.00000,@CC,1,1,800.00,57.0000,1310.0000,-60.0000,
TRADE,18/06/2019 13:30:00,2666.00000,20/06/2019 13:30:00,2651.00000,@CC,1,1,-150.00,51.0000,380.0000,-210.0000,
TRADE,24/06/2019 13:30:00,2684.00000,26/06/2019 13:30:00,2614.00000,@CC,1,1,-700.00,71.0000,160.0000,-660.0000,
TRADE,22/07/2019 13:30:00,2662.00000,23/07/2019 13:30:00,2640.00000,@CC,1,1,-220.00,50.0000,430.0000,-190.0000,
TRADE,22/08/2019 13:30:00,2332.00000,28/08/2019 13:30:00,2332.00000,@CC,1,1,0.00,42.0000,650.0000,-100.0000,
TRADE,19/09/2019 13:30:00,2531.00000,24/09/2019 13:30:00,2567.00000,@CC,1,1,360.00,33.0000,710.0000,-20.0000,
TRADE,25/09/2019 13:30:00,2591.00000,30/09/2019 13:30:00,2593.00000,@CC,1,1,20.00,40.0000,410.0000,-180.0000,
TRADE,02/10/2019 13:30:00,2587.00000,04/10/2019 13:30:00,2592.00000,@CC,1,1,50.00,24.0000,660.0000,-80.0000,
TRADE,30/10/2019 13:30:00,2612.00000,30/10/2019 13:30:00,2567.00000,@CC,1,1,-450.00,45.0000,120.0000,-440.0000,
TRADE,04/11/2019 13:30:00,2600.00000,07/11/2019 13:30:00,2530.00000,@CC,1,1,-700.00,96.0000,280.0000,-680.0000,
TRADE,11/11/2019 13:30:00,2630.00000,19/11/2019 13:30:00,2783.00000,@CC,1,1,1530.00,74.0000,1870.0000,-60.0000,
TRADE,06/12/2019 13:30:00,2715.00000,06/12/2019 13:30:00,2715.00000,@CC,1,1,0.00,42.0000,630.0000,-50.0000,
TRADE,10/01/2020 13:30:00,2686.00000,17/01/2020 13:30:00,2816.00000,@CC,1,1,1300.00,67.0000,1660.0000,-70.0000,
TRADE,07/02/2020 13:30:00,2986.00000,12/02/2020 13:30:00,2994.00000,@CC,1,1,80.00,103.0000,690.0000,0.0000,
TRADE,14/02/2020 13:30:00,3030.00000,18/02/2020 13:30:00,3001.00000,@CC,1,1,-290.00,57.0000,160.0000,-290.0000,
TRADE,21/02/2020 13:30:00,3003.00000,24/02/2020 13:30:00,2944.00000,@CC,1,1,-590.00,57.0000,50.0000,-590.0000,
TRADE,03/04/2020 13:30:00,2415.00000,08/04/2020 13:30:00,2500.00000,@CC,1,1,850.00,60.0000,1380.0000,-470.0000,
TRADE,29/04/2020 13:30:00,2515.00000,04/05/2020 13:30:00,2518.00000,@CC,1,1,30.00,66.0000,420.0000,-230.0000,
TRADE,05/05/2020 13:30:00,2531.00000,06/05/2020 13:30:00,2495.00000,@CC,1,1,-360.00,59.0000,220.0000,-360.0000,
TRADE,08/05/2020 13:30:00,2532.00000,12/05/2020 13:30:00,2532.00000,@CC,1,1,0.00,51.0000,870.0000,-120.0000,
TRADE,24/06/2020 13:30:00,2488.00000,26/06/2020 13:30:00,2488.00000,@CC,1,1,0.00,67.0000,810.0000,-270.0000,
TRADE,13/07/2020 13:30:00,2351.00000,14/07/2020 13:30:00,2320.00000,@CC,1,1,-310.00,38.0000,180.0000,-250.0000,
TRADE,17/07/2020 13:30:00,2347.00000,21/07/2020 13:30:00,2347.00000,@CC,1,1,0.00,60.0000,830.0000,-380.0000,
TRADE,23/07/2020 13:30:00,2391.00000,03/08/2020 13:30:00,2651.00000,@CC,1,1,2600.00,55.0000,2620.0000,-420.0000,
TRADE,10/08/2020 13:30:00,2724.00000,10/08/2020 13:30:00,2680.00000,@CC,1,1,-440.00,44.0000,60.0000,-420.0000,
TRADE,13/08/2020 13:30:00,2675.00000,14/08/2020 13:30:00,2651.00000,@CC,1,1,-240.00,39.0000,480.0000,-230.0000,
TRADE,20/08/2020 13:30:00,2660.00000,20/08/2020 13:30:00,2617.00000,@CC,1,1,-430.00,43.0000,140.0000,-420.0000,
TRADE,25/08/2020 13:30:00,2681.00000,03/09/2020 13:30:00,2819.00000,@CC,1,1,1380.00,73.0000,2220.0000,-340.0000,
TRADE,22/10/2020 13:30:00,2654.00000,27/10/2020 13:30:00,2654.00000,@CC,1,1,0.00,71.0000,610.0000,-180.0000,
TRADE,09/11/2020 13:30:00,2540.00000,10/11/2020 13:30:00,2540.00000,@CC,1,1,0.00,40.0000,740.0000,0.0000,
TRADE,17/11/2020 13:30:00,2654.00000,27/11/2020 13:30:00,2936.00000,@CC,1,1,2820.00,76.0000,3570.0000,-100.0000,
TRADE,14/12/2020 13:30:00,2829.00000,15/12/2020 13:30:00,2771.00000,@CC,1,1,-580.00,56.0000,140.0000,-580.0000,
TRADE,31/12/2020 13:30:00,2801.00000,05/01/2021 13:30:00,2730.00000,@CC,1,1,-710.00,108.0000,500.0000,-710.0000,
TRADE,15/01/2021 13:30:00,2724.00000,21/01/2021 13:30:00,2746.00000,@CC,1,1,220.00,55.0000,900.0000,-220.0000,
TRADE,27/01/2021 13:30:00,2750.00000,28/01/2021 13:30:00,2680.00000,@CC,1,1,-700.00,66.0000,370.0000,-690.0000,
TRADE,22/02/2021 13:30:00,2776.00000,02/03/2021 13:30:00,2929.00000,@CC,1,1,1530.00,67.0000,1980.0000,-80.0000,
TRADE,03/03/2021 13:30:00,2976.00000,04/03/2021 13:30:00,2946.00000,@CC,1,1,-300.00,65.0000,130.0000,-260.0000,
TRADE,11/03/2021 13:30:00,2914.00000,12/03/2021 13:30:00,2894.00000,@CC,1,1,-200.00,46.0000,250.0000,-200.0000,
TRADE,13/04/2021 13:30:00,2712.00000,20/04/2021 13:30:00,2762.00000,@CC,1,1,500.00,46.0000,840.0000,-20.0000,
TRADE,23/04/2021 13:30:00,2753.00000,30/04/2021 13:30:00,2753.00000,@CC,1,1,0.00,43.0000,770.0000,-330.0000,
TRADE,03/06/2021 13:30:00,2734.00000,03/06/2021 13:30:00,2700.00000,@CC,1,1,-340.00,34.0000,190.0000,-290.0000,
TRADE,29/06/2021 13:30:00,2639.00000,01/07/2021 13:30:00,2616.00000,@CC,1,1,-230.00,37.0000,230.0000,-230.0000,
TRADE,26/07/2021 13:30:00,2586.00000,02/08/2021 13:30:00,2586.00000,@CC,1,1,0.00,37.0000,1190.0000,-60.0000,
TRADE,04/08/2021 13:30:00,2685.00000,13/08/2021 13:30:00,2801.00000,@CC,1,1,1160.00,76.0000,1300.0000,-480.0000,
TRADE,17/08/2021 13:30:00,2834.00000,19/08/2021 13:30:00,2843.00000,@CC,1,1,90.00,40.0000,400.0000,-40.0000,
TRADE,27/08/2021 13:30:00,2819.00000,31/08/2021 13:30:00,2768.00000,@CC,1,1,-510.00,28.0000,80.0000,-540.0000,
TRADE,30/09/2021 13:30:00,2795.00000,11/10/2021 13:30:00,2874.00000,@CC,1,1,790.00,43.0000,1900.0000,-150.0000,
TRADE,28/10/2021 13:30:00,2807.00000,29/10/2021 13:30:00,2756.00000,@CC,1,1,-510.00,56.0000,40.0000,-510.0000,
TRADE,11/11/2021 13:30:00,2682.00000,16/11/2021 13:30:00,2667.00000,@CC,1,1,-150.00,69.0000,210.0000,-260.0000,
TRADE,17/11/2021 13:30:00,2709.00000,19/11/2021 13:30:00,2714.00000,@CC,1,1,50.00,46.0000,390.0000,-180.0000,
TRADE,23/11/2021 13:30:00,2738.00000,23/11/2021 13:30:00,2711.00000,@CC,1,1,-270.00,27.0000,60.0000,-250.0000,
TRADE,29/12/2021 13:30:00,2644.00000,03/01/2022 13:30:00,2659.00000,@CC,1,1,150.00,38.0000,780.0000,-20.0000,
TRADE,11/01/2022 13:30:00,2685.00000,18/01/2022 13:30:00,2770.00000,@CC,1,1,850.00,40.0000,1440.0000,-240.0000,
TRADE,01/02/2022 13:30:00,2680.00000,03/02/2022 13:30:00,2747.00000,@CC,1,1,670.00,43.0000,1070.0000,0.0000,
TRADE,04/02/2022 13:30:00,2796.00000,07/02/2022 13:30:00,2792.00000,@CC,1,1,-40.00,59.0000,280.0000,0.0000,
TRADE,08/02/2022 13:30:00,2822.00000,14/02/2022 13:30:00,2822.00000,@CC,1,1,0.00,61.0000,1060.0000,-140.0000,
TRADE,23/03/2022 13:30:00,2684.00000,30/03/2022 13:30:00,2688.00000,@CC,1,1,40.00,73.0000,590.0000,-580.0000,
TRADE,08/04/2022 13:30:00,2676.00000,11/04/2022 13:30:00,2676.00000,@CC,1,1,0.00,49.0000,600.0000,-90.0000,
TRADE,29/04/2022 13:30:00,2610.00000,04/05/2022 13:30:00,2610.00000,@CC,1,1,0.00,52.0000,720.0000,-140.0000,
TRADE,17/05/2022 13:30:00,2560.00000,18/05/2022 13:30:00,2526.00000,@CC,1,1,-340.00,52.0000,40.0000,-220.0000,
TRADE,27/05/2022 13:30:00,2510.00000,02/06/2022 13:30:00,2510.00000,@CC,1,1,0.00,81.0000,670.0000,-260.0000,
TRADE,23/06/2022 13:30:00,2464.00000,24/06/2022 13:30:00,2425.00000,@CC,1,1,-390.00,55.0000,80.0000,-390.0000,
TRADE,27/07/2022 13:30:00,2409.00000,27/07/2022 13:30:00,2375.00000,@CC,1,1,-340.00,37.0000,10.0000,-280.0000,
TRADE,05/08/2022 13:30:00,2359.00000,12/08/2022 13:30:00,2389.00000,@CC,1,1,300.00,100.0000,700.0000,-600.0000,
TRADE,18/08/2022 13:30:00,2392.00000,19/08/2022 13:30:00,2360.00000,@CC,1,1,-320.00,81.0000,220.0000,-320.0000,
TRADE,25/08/2022 13:30:00,2362.00000,31/08/2022 13:30:00,2359.00000,@CC,1,1,-30.00,77.0000,340.0000,-230.0000,
TRADE,12/09/2022 13:30:00,2340.00000,14/09/2022 13:30:00,2270.00000,@CC,1,1,-700.00,59.0000,80.0000,-650.0000,
TRADE,05/10/2022 13:30:00,2342.00000,10/10/2022 13:30:00,2333.00000,@CC,1,1,-90.00,61.0000,400.0000,-150.0000,
TRADE,14/10/2022 13:30:00,2348.00000,17/10/2022 13:30:00,2326.00000,@CC,1,1,-220.00,79.0000,190.0000,-220.0000,
TRADE,28/10/2022 13:30:00,2284.00000,08/11/2022 13:30:00,2488.00000,@CC,1,1,2040.00,45.0000,2170.0000,-370.0000,
TRADE,28/11/2022 13:30:00,2462.00000,30/11/2022 13:30:00,2428.00000,@CC,1,1,-340.00,55.0000,170.0000,-340.0000,
TRADE,01/12/2022 13:30:00,2477.00000,05/12/2022 13:30:00,2464.00000,@CC,1,1,-130.00,47.0000,380.0000,-150.0000,
TRADE,08/12/2022 13:30:00,2482.00000,09/12/2022 13:30:00,2482.00000,@CC,1,1,0.00,34.0000,610.0000,-100.0000,
TRADE,22/12/2022 13:30:00,2510.00000,03/01/2023 13:30:00,2510.00000,@CC,1,1,0.00,52.0000,1340.0000,-130.0000,
TRADE,30/01/2023 13:30:00,2613.00000,30/01/2023 13:30:00,2585.00000,@CC,1,1,-280.00,28.0000,160.0000,-200.0000,
TRADE,13/02/2023 13:30:00,2565.00000,23/02/2023 13:30:00,2714.00000,@CC,1,1,1490.00,50.0000,1860.0000,-20.0000,
TRADE,28/02/2023 13:30:00,2732.00000,02/03/2023 13:30:00,2732.00000,@CC,1,1,0.00,58.0000,630.0000,-120.0000,
TRADE,27/03/2023 13:30:00,2831.00000,29/03/2023 13:30:00,2827.00000,@CC,1,1,-40.00,43.0000,310.0000,-250.0000,
TRADE,30/03/2023 13:30:00,2842.00000,03/04/2023 13:30:00,2844.00000,@CC,1,1,20.00,32.0000,600.0000,-20.0000,
TRADE,11/04/2023 13:30:00,2866.00000,20/04/2023 13:30:00,2945.00000,@CC,1,1,790.00,64.0000,1100.0000,-260.0000,
TRADE,05/05/2023 13:30:00,2914.00000,12/05/2023 13:30:00,2977.00000,@CC,1,1,630.00,64.0000,1160.0000,-130.0000,
TRADE,17/05/2023 13:30:00,2996.00000,19/05/2023 13:30:00,2973.00000,@CC,1,1,-230.00,35.0000,220.0000,-230.0000,
TRADE,22/05/2023 13:30:00,3062.00000,24/05/2023 13:30:00,2992.00000,@CC,1,1,-700.00,103.0000,50.0000,-650.0000,
TRADE,31/05/2023 13:30:00,3016.00000,02/06/2023 13:30:00,2990.00000,@CC,1,1,-260.00,37.0000,190.0000,-270.0000,
TRADE,05/06/2023 13:30:00,3022.00000,07/06/2023 13:30:00,3026.00000,@CC,1,1,40.00,43.0000,620.0000,0.0000,
TRADE,28/06/2023 13:30:00,3274.00000,29/06/2023 13:30:00,3274.00000,@CC,1,1,0.00,29.0000,750.0000,-150.0000,
