TRADE,14/02/2010 21:00:00,108.71000,15/02/2010 10:00:00,108.62000,@CL,-1,1,90.00,0.1800,260.0000,-140.0000,
TRADE,19/02/2010 13:00:00,114.05000,21/02/2010 19:00:00,114.44000,@CL,1,1,390.00,0.6100,390.0000,-390.0000,
TRADE,21/02/2010 21:00:00,114.81000,22/02/2010 10:00:00,114.34000,@CL,-1,1,470.00,0.4200,800.0000,-110.0000,
TRADE,26/02/2010 13:00:00,113.92000,28/02/2010 19:00:00,113.98000,@CL,1,1,60.00,0.4200,270.0000,-460.0000,
TRADE,28/02/2010 21:00:00,114.53000,01/03/2010 10:00:00,114.39000,@CL,-1,1,140.00,0.4700,1000.0000,-230.0000,
TRADE,05/03/2010 13:00:00,115.70000,07/03/2010 19:00:00,115.93000,@CL,1,1,230.00,0.4800,320.0000,-280.0000,
TRADE,07/03/2010 21:00:00,115.97000,08/03/2010 10:00:00,115.92000,@CL,-1,1,50.00,0.1100,260.0000,-580.0000,
TRADE,04/04/2010 21:00:00,119.35000,05/04/2010 10:00:00,119.65000,@CL,-1,1,-300.00,0.1400,490.0000,-340.0000,
TRADE,23/04/2010 13:00:00,116.74000,25/04/2010 19:00:00,117.59000,@CL,1,1,850.00,0.6500,850.0000,-100.0000,
TRADE,25/04/2010 21:00:00,117.56000,26/04/2010 10:00:00,117.73000,@CL,-1,1,-170.00,0.2500,440.0000,-440.0000,
TRADE,30/04/2010 13:00:00,118.46000,02/05/2010 19:00:00,118.57000,@CL,1,1,110.00,0.4100,410.0000,-840.0000,
TRADE,02/05/2010 21:00:00,119.09000,03/05/2010 10:00:00,118.63000,@CL,-1,1,460.00,0.1900,890.0000,-20.0000,
TRADE,28/05/2010 13:00:00,103.65000,28/05/2010 13:00:00,102.35000,@CL,1,1,-1300.00,0.6600,80.0000,-1020.0000,
TRADE,30/05/2010 21:00:00,103.00000,31/05/2010 10:00:00,103.50000,@CL,-1,1,-500.00,0.1200,30.0000,-760.0000,
TRADE,11/06/2010 13:00:00,103.20000,13/06/2010 19:00:00,103.14000,@CL,1,1,-60.00,0.8600,180.0000,-860.0000,
TRADE,13/06/2010 21:00:00,103.72000,14/06/2010 10:00:00,104.83000,@CL,-1,1,-1110.00,0.3400,230.0000,-1200.0000,
TRADE,18/06/2010 13:00:00,106.19000,20/06/2010 19:00:00,106.69000,@CL,1,1,500.00,0.5400,500.0000,-360.0000,
TRADE,20/06/2010 21:00:00,107.03000,21/06/2010 10:00:00,107.63000,@CL,-1,1,-600.00,0.2100,110.0000,-910.0000,
TRADE,25/06/2010 13:00:00,106.49000,27/06/2010 19:00:00,107.00000,@CL,1,1,510.00,1.7400,690.0000,-60.0000,
TRADE,27/06/2010 21:00:00,106.88000,28/06/2010 10:00:00,106.11000,@CL,-1,1,770.00,0.2100,860.0000,-500.0000,
TRADE,09/07/2010 13:00:00,104.06000,11/07/2010 19:00:00,104.30000,@CL,1,1,240.00,0.5700,390.0000,-910.0000,
TRADE,11/07/2010 21:00:00,104.24000,12/07/2010 10:00:00,104.34000,@CL,-1,1,-100.00,0.1300,960.0000,-190.0000,
TRADE,23/07/2010 13:00:00,106.34000,25/07/2010 19:00:00,106.61000,@CL,1,1,270.00,0.5300,680.0000,-240.0000,
TRADE,25/07/2010 21:00:00,106.48000,26/07/2010 10:00:00,105.77000,@CL,-1,1,710.00,0.1200,770.0000,-460.0000,
TRADE,30/07/2010 13:00:00,105.71000,01/08/2010 19:00:00,106.58000,@CL,1,1,870.00,0.5300,970.0000,-300.0000,
TRADE,01/08/2010 21:00:00,106.64000,02/08/2010 09:00:00,107.94000,@CL,-1,1,-1300.00,0.1700,40.0000,-1280.0000,
TRADE,27/08/2010 13:00:00,101.51000,29/08/2010 19:00:00,102.77000,@CL,1,1,1260.00,1.0500,1350.0000,-330.0000,
TRADE,29/08/2010 21:00:00,102.78000,30/08/2010 10:00:00,102.04000,@CL,-1,1,740.00,0.2000,940.0000,-40.0000,
TRADE,05/09/2010 21:00:00,101.60000,06/09/2010 10:00:00,101.35000,@CL,-1,1,250.00,0.0600,270.0000,-140.0000,
TRADE,10/09/2010 13:00:00,103.33000,12/09/2010 19:00:00,103.63000,@CL,1,1,300.00,0.6600,670.0000,-300.0000,
TRADE,12/09/2010 21:00:00,104.20000,13/09/2010 10:00:00,104.26000,@CL,-1,1,-60.00,0.1700,90.0000,-570.0000,
TRADE,24/09/2010 13:00:00,102.33000,26/09/2010 19:00:00,102.48000,@CL,1,1,150.00,0.4400,360.0000,-180.0000,
TRADE,26/09/2010 21:00:00,102.81000,27/09/2010 10:00:00,102.76000,@CL,-1,1,50.00,0.1600,440.0000,-140.0000,
TRADE,01/10/2010 13:00:00,107.13000,03/10/2010 19:00:00,107.69000,@CL,1,1,560.00,0.6600,620.0000,-170.0000,
TRADE,03/10/2010 21:00:00,107.56000,04/10/2010 10:00:00,107.59000,@CL,-1,1,-30.00,0.1300,780.0000,-210.0000,
TRADE,08/10/2010 13:00:00,108.63000,10/10/2010 19:00:00,108.96000,@CL,1,1,330.00,0.5900,330.0000,-310.0000,
TRADE,10/10/2010 21:00:00,109.26000,11/10/2010 10:00:00,108.41000,@CL,-1,1,850.00,0.1600,1100.0000,-250.0000,
TRADE,24/10/2010 21:00:00,107.33000,25/10/2010 10:00:00,107.83000,@CL,-1,1,-500.00,0.3400,50.0000,-950.0000,
TRADE,05/11/2010 13:00:00,111.49000,07/11/2010 19:00:00,112.68000,@CL,1,1,1190.00,0.7000,1190.0000,-240.0000,
TRADE,07/11/2010 21:00:00,112.55000,08/11/2010 10:00:00,111.97000,@CL,-1,1,580.00,0.2400,1090.0000,-90.0000,
TRADE,26/11/2010 13:00:00,108.18000,29/11/2010 06:00:00,109.26000,@CL,1,1,1080.00,0.4400,1540.0000,-110.0000,
TRADE,03/12/2010 13:00:00,113.16000,05/12/2010 19:00:00,114.13000,@CL,1,1,970.00,0.4800,1020.0000,-120.0000,
TRADE,05/12/2010 21:00:00,114.05000,06/12/2010 10:00:00,113.68000,@CL,-1,1,370.00,0.2400,800.0000,-400.0000,
TRADE,19/12/2010 21:00:00,112.90000,20/12/2010 10:00:00,112.85000,@CL,-1,1,50.00,0.1800,570.0000,-290.0000,
TRADE,26/12/2010 21:00:00,115.08000,27/12/2010 10:00:00,115.08000,@CL,-1,1,0.00,0.3400,270.0000,-790.0000,
TRADE,31/12/2010 13:00:00,114.83000,02/01/2011 19:00:00,115.30000,@CL,1,1,470.00,1.2700,1220.0000,-10.0000,
TRADE,02/01/2011 21:00:00,115.30000,03/01/2011 10:00:00,116.27000,@CL,-1,1,-970.00,0.1400,40.0000,-1040.0000,
TRADE,09/01/2011 21:00:00,113.55000,10/01/2011 10:00:00,112.89000,@CL,-1,1,660.00,0.4300,1430.0000,-170.0000,
TRADE,14/01/2011 13:00:00,115.13000,16/01/2011 19:00:00,115.56000,@CL,1,1,430.00,0.5100,550.0000,-210.0000,
TRADE,16/01/2011 21:00:00,115.42000,17/01/2011 10:00:00,115.26000,@CL,-1,1,160.00,0.2200,600.0000,-130.0000,
TRADE,28/01/2011 13:00:00,112.26000,30/01/2011 19:00:00,113.03000,@CL,1,1,770.00,1.8400,770.0000,-830.0000,
TRADE,30/01/2011 21:00:00,113.30000,31/01/2011 10:00:00,112.60000,@CL,-1,1,700.00,0.6600,1030.0000,-120.0000,
TRADE,18/02/2011 13:00:00,110.49000,18/02/2011 14:00:00,109.19000,@CL,1,1,-1300.00,0.5000,110.0000,-920.0000,
TRADE,20/02/2011 21:00:00,111.09000,21/02/2011 06:00:00,112.39000,@CL,-1,1,-1300.00,0.6300,370.0000,-1200.0000,
TRADE,25/02/2011 13:00:00,117.12000,27/02/2011 19:00:00,118.05000,@CL,1,1,930.00,0.9200,930.0000,-470.0000,
TRADE,27/02/2011 21:00:00,119.04000,28/02/2011 10:00:00,116.75000,@CL,-1,1,2290.00,0.4800,2490.0000,-310.0000,
TRADE,04/03/2011 13:00:00,123.27000,06/03/2011 19:00:00,124.20000,@CL,1,1,930.00,0.6100,1450.0000,-110.0000,
TRADE,06/03/2011 21:00:00,124.65000,07/03/2011 02:00:00,125.95000,@CL,-1,1,-1300.00,0.6100,30.0000,-1290.0000,
TRADE,18/03/2011 13:00:00,120.91000,20/03/2011 19:00:00,121.79000,@CL,1,1,880.00,0.3800,880.0000,-1220.0000,
TRADE,20/03/2011 21:00:00,122.62000,21/03/2011 10:00:00,122.55000,@CL,-1,1,70.00,0.4400,600.0000,-420.0000,
TRADE,25/03/2011 13:00:00,124.48000,27/03/2011 19:00:00,124.20000,@CL,1,1,-280.00,0.5900,240.0000,-910.0000,
TRADE,27/03/2011 21:00:00,124.16000,28/03/2011 10:00:00,122.92000,@CL,-1,1,1240.00,0.2000,1630.0000,-210.0000,
TRADE,01/04/2011 13:00:00,126.42000,03/04/2011 19:00:00,127.06000,@CL,1,1,640.00,0.9200,820.0000,-400.0000,
TRADE,03/04/2011 21:00:00,127.18000,04/04/2011 10:00:00,127.01000,@CL,-1,1,170.00,0.2700,510.0000,-370.0000,
TRADE,08/04/2011 13:00:00,130.41000,10/04/2011 19:00:00,132.05000,@CL,1,1,1640.00,0.4100,1640.0000,-100.0000,
TRADE,10/04/2011 21:00:00,132.07000,11/04/2011 10:00:00,131.01000,@CL,-1,1,1060.00,0.2700,1770.0000,-20.0000,
TRADE,15/04/2011 13:00:00,128.53000,17/04/2011 19:00:00,128.26000,@CL,1,1,-270.00,0.8800,340.0000,-530.0000,
TRADE,17/04/2011 21:00:00,128.09000,18/04/2011 10:00:00,126.94000,@CL,-1,1,1150.00,0.1600,1550.0000,-20.0000,
TRADE,24/04/2011 21:00:00,131.01000,25/04/2011 10:00:00,131.41000,@CL,-1,1,-400.00,0.3500,350.0000,-500.0000,
TRADE,29/04/2011 13:00:00,131.53000,01/05/2011 19:00:00,132.10000,@CL,1,1,570.00,0.6700,860.0000,-110.0000,
TRADE,01/05/2011 21:00:00,131.65000,02/05/2011 10:00:00,130.72000,@CL,-1,1,930.00,0.5300,2620.0000,-290.0000,
TRADE,22/05/2011 21:00:00,117.77000,23/05/2011 10:00:00,115.06000,@CL,-1,1,2710.00,0.6000,3320.0000,-20.0000,
TRADE,27/05/2011 13:00:00,118.17000,29/05/2011 19:00:00,118.44000,@CL,1,1,270.00,0.8200,340.0000,-320.0000,
TRADE,29/05/2011 21:00:00,118.42000,30/05/2011 10:00:00,117.91000,@CL,-1,1,510.00,0.1300,1070.0000,-30.0000,
TRADE,01/07/2011 13:00:00,111.40000,03/07/2011 19:00:00,112.34000,@CL,1,1,940.00,0.9500,1350.0000,-60.0000,
TRADE,03/07/2011 21:00:00,112.58000,04/07/2011 10:00:00,112.38000,@CL,-1,1,200.00,0.1700,310.0000,-250.0000,
TRADE,15/07/2011 13:00:00,114.90000,17/07/2011 19:00:00,114.73000,@CL,1,1,-170.00,0.7100,200.0000,-920.0000,
TRADE,17/07/2011 21:00:00,114.91000,18/07/2011 10:00:00,113.63000,@CL,-1,1,1280.00,0.1200,1590.0000,0.0000,
TRADE,22/07/2011 13:00:00,116.40000,24/07/2011 19:00:00,116.80000,@CL,1,1,400.00,0.4700,830.0000,-80.0000,
TRADE,24/07/2011 21:00:00,116.25000,25/07/2011 10:00:00,115.97000,@CL,-1,1,280.00,0.1300,640.0000,-270.0000,
TRADE,12/08/2011 13:00:00,103.69000,12/08/2011 15:00:00,102.39000,@CL,1,1,-1300.00,1.1400,140.0000,-1230.0000,
TRADE,14/08/2011 21:00:00,102.51000,15/08/2011 10:00:00,102.48000,@CL,-1,1,30.00,0.3000,1070.0000,-370.0000,
TRADE,26/08/2011 13:00:00,101.63000,28/08/2011 19:00:00,102.24000,@CL,1,1,610.00,1.2100,880.0000,-100.0000,
TRADE,28/08/2011 21:00:00,102.50000,29/08/2011 09:00:00,103.80000,@CL,-1,1,-1300.00,0.1200,480.0000,-1140.0000,
TRADE,07/10/2011 13:00:00,99.60000,07/10/2011 14:00:00,98.30000,@CL,1,1,-1300.00,0.5900,20.0000,-1250.0000,
TRADE,09/10/2011 21:00:00,100.07000,10/10/2011 07:00:00,101.37000,@CL,-1,1,-1300.00,0.3800,50.0000,-1210.0000,
TRADE,14/10/2011 13:00:00,103.27000,16/10/2011 19:00:00,104.17000,@CL,1,1,900.00,0.5900,900.0000,-100.0000,
TRADE,16/10/2011 21:00:00,104.14000,17/10/2011 10:00:00,103.75000,@CL,-1,1,390.00,0.1800,860.0000,-730.0000,
TRADE,21/10/2011 13:00:00,104.52000,23/10/2011 19:00:00,103.55000,@CL,1,1,-970.00,0.5200,30.0000,-1180.0000,
TRADE,23/10/2011 21:00:00,103.94000,24/10/2011 10:00:00,104.58000,@CL,-1,1,-640.00,0.4700,60.0000,-1210.0000,
TRADE,28/10/2011 13:00:00,109.33000,30/10/2011 19:00:00,110.03000,@CL,1,1,700.00,1.2200,960.0000,-30.0000,
TRADE,30/10/2011 21:00:00,109.75000,31/10/2011 10:00:00,108.89000,@CL,-1,1,860.00,0.4000,1120.0000,-300.0000,
TRADE,04/11/2011 13:00:00,110.37000,06/11/2011 19:00:00,110.90000,@CL,1,1,530.00,0.7400,660.0000,-300.0000,
TRADE,06/11/2011 21:00:00,111.25000,07/11/2011 10:00:00,110.93000,@CL,-1,1,320.00,0.3300,1520.0000,-210.0000,
TRADE,11/11/2011 13:00:00,115.33000,13/11/2011 19:00:00,115.80000,@CL,1,1,470.00,0.6100,570.0000,-520.0000,
TRADE,13/11/2011 21:00:00,115.63000,14/11/2011 10:00:00,115.18000,@CL,-1,1,450.00,0.2300,1420.0000,-160.0000,
TRADE,27/11/2011 21:00:00,114.77000,28/11/2011 04:00:00,116.07000,@CL,-1,1,-1300.00,0.4300,270.0000,-1210.0000,
TRADE,02/12/2011 13:00:00,116.67000,04/12/2011 19:00:00,117.72000,@CL,1,1,1050.00,0.7800,1050.0000,-120.0000,
TRADE,04/12/2011 21:00:00,117.89000,05/12/2011 10:00:00,118.63000,@CL,-1,1,-740.00,0.2200,230.0000,-760.0000,
TRADE,23/12/2011 13:00:00,116.15000,26/12/2011 19:00:00,116.19000,@CL,1,1,40.00,0.2000,340.0000,-320.0000,
TRADE,27/01/2012 13:00:00,115.96000,29/01/2012 19:00:00,116.10000,@CL,1,1,140.00,0.9700,210.0000,-730.0000,
TRADE,10/02/2012 13:00:00,114.55000,12/02/2012 19:00:00,115.43000,@CL,1,1,880.00,0.6100,880.0000,-140.0000,
TRADE,12/02/2012 21:00:00,115.30000,13/02/2012 10:00:00,115.88000,@CL,-1,1,-580.00,0.3600,50.0000,-790.0000,
TRADE,17/02/2012 13:00:00,119.00000,19/02/2012 19:00:00,120.49000,@CL,1,1,1490.00,0.4100,1490.0000,-120.0000,
TRADE,19/02/2012 21:00:00,120.97000,20/02/2012 10:00:00,121.13000,@CL,-1,1,-160.00,0.2200,430.0000,-570.0000,
TRADE,24/02/2012 13:00:00,124.34000,26/02/2012 19:00:00,125.41000,@CL,1,1,1070.00,0.5400,1350.0000,0.0000,
TRADE,26/02/2012 21:00:00,125.09000,27/02/2012 10:00:00,124.85000,@CL,-1,1,240.00,0.3000,1110.0000,-310.0000,
TRADE,09/03/2012 13:00:00,123.41000,11/03/2012 19:00:00,123.24000,@CL,1,1,-170.00,0.5500,90.0000,-650.0000,
TRADE,11/03/2012 21:00:00,122.86000,12/03/2012 10:00:00,121.77000,@CL,-1,1,1090.00,0.2100,1240.0000,-50.0000,
TRADE,18/03/2012 21:00:00,123.08000,19/03/2012 10:00:00,123.30000,@CL,-1,1,-220.00,0.1200,820.0000,-460.0000,
TRADE,23/03/2012 13:00:00,122.48000,25/03/2012 19:00:00,122.01000,@CL,1,1,-470.00,0.5700,140.0000,-530.0000,
TRADE,25/03/2012 21:00:00,121.96000,26/03/2012 10:00:00,122.41000,@CL,-1,1,-450.00,0.2400,550.0000,-580.0000,
TRADE,13/04/2012 13:00:00,118.22000,15/04/2012 19:00:00,118.02000,@CL,1,1,-200.00,0.3800,190.0000,-250.0000,
TRADE,20/04/2012 13:00:00,118.96000,22/04/2012 19:00:00,118.59000,@CL,1,1,-370.00,0.3900,130.0000,-870.0000,
TRADE,22/04/2012 21:00:00,118.64000,23/04/2012 10:00:00,117.41000,@CL,-1,1,1230.00,0.1200,1250.0000,-30.0000,
TRADE,27/04/2012 13:00:00,118.92000,29/04/2012 19:00:00,119.70000,@CL,1,1,780.00,0.3500,850.0000,-20.0000,
TRADE,29/04/2012 21:00:00,119.57000,30/04/2012 10:00:00,119.09000,@CL,-1,1,480.00,0.0900,710.0000,-240.0000,
TRADE,27/05/2012 21:00:00,105.77000,28/05/2012 10:00:00,106.31000,@CL,-1,1,-540.00,0.1100,40.0000,-670.0000,
TRADE,10/06/2012 21:00:00,100.90000,11/06/2012 10:00:00,99.51000,@CL,-1,1,1390.00,0.6400,1820.0000,-50.0000,
TRADE,15/06/2012 13:00:00,98.15000,17/06/2012 19:00:00,99.54000,@CL,1,1,1390.00,0.5600,1390.0000,-280.0000,
TRADE,17/06/2012 21:00:00,99.27000,18/06/2012 10:00:00,97.07000,@CL,-1,1,2200.00,0.2600,2250.0000,-400.0000,
TRADE,29/06/2012 13:00:00,96.31000,01/07/2012 19:00:00,98.77000,@CL,1,1,2460.00,0.3800,3150.0000,-110.0000,
TRADE,01/07/2012 21:00:00,98.68000,02/07/2012 10:00:00,98.09000,@CL,-1,1,590.00,0.2900,1400.0000,0.0000,
TRADE,13/07/2012 13:00:00,100.83000,15/07/2012 19:00:00,101.25000,@CL,1,1,420.00,0.3200,900.0000,0.0000,
TRADE,15/07/2012 21:00:00,101.21000,16/07/2012 10:00:00,101.02000,@CL,-1,1,190.00,0.2600,680.0000,0.0000,
TRADE,20/07/2012 13:00:00,105.10000,22/07/2012 19:00:00,105.43000,@CL,1,1,330.00,0.4700,900.0000,-360.0000,
TRADE,22/07/2012 21:00:00,105.07000,23/07/2012 10:00:00,102.13000,@CL,-1,1,2940.00,0.1400,3240.0000,-110.0000,
TRADE,27/07/2012 13:00:00,103.80000,29/07/2012 19:00:00,103.96000,@CL,1,1,160.00,0.4000,470.0000,-350.0000,
TRADE,29/07/2012 21:00:00,103.85000,30/07/2012 10:00:00,103.64000,@CL,-1,1,210.00,0.1900,630.0000,-920.0000,
TRADE,03/08/2012 13:00:00,105.49000,05/08/2012 19:00:00,105.16000,@CL,1,1,-330.00,1.1600,20.0000,-910.0000,
TRADE,05/08/2012 21:00:00,105.06000,06/08/2012 10:00:00,104.68000,@CL,-1,1,380.00,0.4300,610.0000,-160.0000,
TRADE,10/08/2012 13:00:00,106.69000,12/08/2012 19:00:00,107.07000,@CL,1,1,380.00,0.5400,530.0000,-750.0000,
TRADE,17/08/2012 13:00:00,109.49000,19/08/2012 19:00:00,110.15000,@CL,1,1,660.00,0.4300,660.0000,-100.0000,
TRADE,19/08/2012 21:00:00,110.02000,20/08/2012 10:00:00,109.63000,@CL,-1,1,390.00,0.0800,420.0000,-320.0000,
TRADE,24/08/2012 13:00:00,110.28000,26/08/2012 19:00:00,110.18000,@CL,1,1,-100.00,0.4300,130.0000,-1090.0000,
TRADE,31/08/2012 13:00:00,109.80000,02/09/2012 19:00:00,109.89000,@CL,1,1,90.00,0.5000,630.0000,-320.0000,
TRADE,02/09/2012 21:00:00,109.71000,03/09/2012 10:00:00,109.97000,@CL,-1,1,-260.00,0.3400,190.0000,-270.0000,
TRADE,07/09/2012 13:00:00,109.81000,09/09/2012 19:00:00,109.75000,@CL,1,1,-60.00,1.2200,440.0000,-430.0000,
TRADE,09/09/2012 21:00:00,109.81000,10/09/2012 10:00:00,109.80000,@CL,-1,1,10.00,0.0900,250.0000,-300.0000,
TRADE,14/09/2012 13:00:00,112.36000,16/09/2012 19:00:00,112.66000,@CL,1,1,300.00,0.8800,340.0000,-350.0000,
TRADE,16/09/2012 21:00:00,112.50000,17/09/2012 10:00:00,112.56000,@CL,-1,1,-60.00,0.2900,430.0000,-290.0000,
TRADE,28/09/2012 13:00:00,105.00000,30/09/2012 19:00:00,105.33000,@CL,1,1,330.00,0.7000,640.0000,-30.0000,
TRADE,30/09/2012 21:00:00,104.68000,01/10/2012 10:00:00,105.63000,@CL,-1,1,-950.00,0.3400,240.0000,-1080.0000,
TRADE,12/10/2012 13:00:00,104.91000,14/10/2012 19:00:00,104.81000,@CL,1,1,-100.00,0.8100,250.0000,-570.0000,
TRADE,11/11/2012 21:00:00,98.80000,12/11/2012 10:00:00,98.41000,@CL,-1,1,390.00,0.2000,630.0000,-220.0000,
TRADE,16/11/2012 13:00:00,99.32000,18/11/2012 19:00:00,99.62000,@CL,1,1,300.00,1.0000,390.0000,-340.0000,
TRADE,18/11/2012 21:00:00,99.86000,19/11/2012 10:00:00,100.72000,@CL,-1,1,-860.00,0.2300,40.0000,-890.0000,
TRADE,23/11/2012 13:00:00,100.49000,26/11/2012 06:00:00,100.08000,@CL,1,1,-410.00,0.6100,220.0000,-500.0000,
TRADE,30/11/2012 13:00:00,100.76000,02/12/2012 19:00:00,101.17000,@CL,1,1,410.00,0.5600,550.0000,-130.0000,
TRADE,02/12/2012 21:00:00,101.17000,03/12/2012 10:00:00,102.06000,@CL,-1,1,-890.00,0.2500,190.0000,-920.0000,
TRADE,14/12/2012 13:00:00,98.71000,16/12/2012 19:00:00,99.20000,@CL,1,1,490.00,0.4700,510.0000,-10.0000,
TRADE,16/12/2012 21:00:00,99.22000,17/12/2012 10:00:00,99.28000,@CL,-1,1,-60.00,0.1200,420.0000,-220.0000,
TRADE,28/12/2012 13:00:00,102.52000,30/12/2012 19:00:00,102.26000,@CL,1,1,-260.00,0.8900,410.0000,-260.0000,
TRADE,30/12/2012 21:00:00,102.49000,31/12/2012 10:00:00,102.24000,@CL,-1,1,250.00,0.1500,640.0000,-320.0000,
TRADE,04/01/2013 13:00:00,104.26000,06/01/2013 19:00:00,105.06000,@CL,1,1,800.00,0.8500,800.0000,-50.0000,
TRADE,06/01/2013 21:00:00,104.79000,07/01/2013 10:00:00,104.39000,@CL,-1,1,400.00,0.1900,490.0000,-180.0000,
TRADE,13/01/2013 21:00:00,105.72000,14/01/2013 10:00:00,105.78000,@CL,-1,1,-60.00,0.0900,150.0000,-420.0000,
TRADE,18/01/2013 13:00:00,106.94000,20/01/2013 19:00:00,107.11000,@CL,1,1,170.00,0.2800,590.0000,-30.0000,
TRADE,20/01/2013 21:00:00,107.14000,21/01/2013 10:00:00,107.06000,@CL,-1,1,80.00,0.1700,220.0000,-110.0000,
TRADE,01/02/2013 13:00:00,109.30000,03/02/2013 19:00:00,109.12000,@CL,1,1,-180.00,0.5600,40.0000,-590.0000,
TRADE,03/02/2013 21:00:00,108.94000,04/02/2013 10:00:00,107.93000,@CL,-1,1,1010.00,0.1200,1150.0000,-100.0000,
TRADE,08/03/2013 13:00:00,102.13000,10/03/2013 19:00:00,102.68000,@CL,1,1,550.00,0.2400,750.0000,-290.0000,
TRADE,10/03/2013 21:00:00,102.53000,11/03/2013 10:00:00,102.50000,@CL,-1,1,30.00,0.1000,160.0000,-280.0000,
TRADE,15/03/2013 13:00:00,104.30000,17/03/2013 19:00:00,104.10000,@CL,1,1,-200.00,0.3000,200.0000,-280.0000,
TRADE,24/03/2013 21:00:00,104.43000,25/03/2013 10:00:00,104.93000,@CL,-1,1,-500.00,0.2700,60.0000,-740.0000,
TRADE,31/03/2013 21:00:00,107.70000,01/04/2013 10:00:00,107.15000,@CL,-1,1,550.00,0.1100,920.0000,-10.0000,
TRADE,21/04/2013 21:00:00,98.42000,22/04/2013 10:00:00,99.27000,@CL,-1,1,-850.00,0.1900,210.0000,-1220.0000,
TRADE,26/04/2013 13:00:00,102.64000,28/04/2013 19:00:00,102.89000,@CL,1,1,250.00,1.1300,800.0000,-390.0000,
TRADE,28/04/2013 21:00:00,102.84000,29/04/2013 10:00:00,103.54000,@CL,-1,1,-700.00,0.2300,220.0000,-810.0000,
TRADE,03/05/2013 13:00:00,106.06000,05/05/2013 19:00:00,105.77000,@CL,1,1,-290.00,0.4800,110.0000,-530.0000,
TRADE,05/05/2013 21:00:00,107.08000,06/05/2013 10:00:00,105.09000,@CL,-1,1,1990.00,0.3400,2040.0000,-280.0000,
TRADE,17/05/2013 13:00:00,105.56000,19/05/2013 19:00:00,106.15000,@CL,1,1,590.00,0.5400,840.0000,-80.0000,
TRADE,19/05/2013 21:00:00,106.04000,20/05/2013 10:00:00,105.77000,@CL,-1,1,270.00,0.2500,560.0000,-260.0000,
TRADE,07/06/2013 13:00:00,106.05000,09/06/2013 19:00:00,105.99000,@CL,1,1,-60.00,0.8600,150.0000,-370.0000,
TRADE,09/06/2013 21:00:00,106.11000,10/06/2013 10:00:00,105.23000,@CL,-1,1,880.00,0.0700,900.0000,-20.0000,
TRADE,14/06/2013 13:00:00,107.55000,16/06/2013 19:00:00,107.75000,@CL,1,1,200.00,0.4500,400.0000,-60.0000,
TRADE,16/06/2013 21:00:00,107.61000,17/06/2013 10:00:00,108.02000,@CL,-1,1,-410.00,0.1800,330.0000,-1030.0000,
TRADE,28/06/2013 13:00:00,106.99000,30/06/2013 19:00:00,106.21000,@CL,1,1,-780.00,0.6300,90.0000,-1030.0000,
TRADE,30/06/2013 21:00:00,106.04000,01/07/2013 10:00:00,107.32000,@CL,-1,1,-1280.00,0.2000,340.0000,-1280.0000,
TRADE,05/07/2013 13:00:00,112.44000,07/07/2013 19:00:00,113.58000,@CL,1,1,1140.00,0.8400,1140.0000,-150.0000,
TRADE,07/07/2013 21:00:00,113.37000,08/07/2013 10:00:00,111.96000,@CL,-1,1,1410.00,0.2000,1610.0000,-60.0000,
TRADE,12/07/2013 13:00:00,115.13000,14/07/2013 19:00:00,115.68000,@CL,1,1,550.00,0.5400,700.0000,-80.0000,
TRADE,14/07/2013 21:00:00,115.37000,15/07/2013 10:00:00,114.81000,@CL,-1,1,560.00,0.1900,1090.0000,-640.0000,
TRADE,19/07/2013 13:00:00,117.12000,21/07/2013 19:00:00,117.83000,@CL,1,1,710.00,1.2900,920.0000,-450.0000,
TRADE,21/07/2013 21:00:00,117.90000,22/07/2013 10:00:00,118.28000,@CL,-1,1,-380.00,0.2100,160.0000,-420.0000,
TRADE,02/08/2013 13:00:00,116.64000,04/08/2013 19:00:00,116.60000,@CL,1,1,-40.00,0.5600,380.0000,-350.0000,
TRADE,04/08/2013 21:00:00,116.42000,05/08/2013 10:00:00,115.88000,@CL,-1,1,540.00,0.2400,910.0000,-1030.0000,
TRADE,09/08/2013 13:00:00,115.38000,11/08/2013 19:00:00,115.60000,@CL,1,1,220.00,0.8100,620.0000,-310.0000,
TRADE,11/08/2013 21:00:00,115.60000,12/08/2013 10:00:00,115.44000,@CL,-1,1,160.00,0.2200,500.0000,-560.0000,
TRADE,16/08/2013 13:00:00,117.54000,18/08/2013 19:00:00,117.47000,@CL,1,1,-70.00,0.3700,30.0000,-1240.0000,
TRADE,18/08/2013 21:00:00,117.13000,19/08/2013 10:00:00,116.53000,@CL,-1,1,600.00,0.3700,790.0000,-210.0000,
TRADE,23/08/2013 13:00:00,116.23000,25/08/2013 19:00:00,116.81000,@CL,1,1,580.00,0.6800,610.0000,-170.0000,
TRADE,25/08/2013 21:00:00,117.09000,26/08/2013 10:00:00,116.13000,@CL,-1,1,960.00,0.2800,1180.0000,-40.0000,
TRADE,06/09/2013 13:00:00,119.98000,08/09/2013 19:00:00,120.18000,@CL,1,1,200.00,0.4200,620.0000,-270.0000,
TRADE,08/09/2013 21:00:00,119.82000,09/09/2013 10:00:00,120.10000,@CL,-1,1,-280.00,0.2500,160.0000,-540.0000,
TRADE,27/09/2013 13:00:00,113.85000,29/09/2013 19:00:00,112.96000,@CL,1,1,-890.00,0.3900,20.0000,-910.0000,
TRADE,04/10/2013 13:00:00,114.06000,06/10/2013 19:00:00,113.95000,@CL,1,1,-110.00,0.6400,380.0000,-170.0000,
TRADE,06/10/2013 21:00:00,113.97000,07/10/2013 10:00:00,113.29000,@CL,-1,1,680.00,0.1700,970.0000,-20.0000,
TRADE,08/11/2013 13:00:00,104.74000,10/11/2013 19:00:00,104.75000,@CL,1,1,10.00,0.4100,480.0000,-260.0000,
TRADE,10/11/2013 21:00:00,105.08000,11/11/2013 10:00:00,104.59000,@CL,-1,1,490.00,0.1500,670.0000,-120.0000,
TRADE,22/11/2013 13:00:00,104.70000,24/11/2013 19:00:00,103.80000,@CL,1,1,-900.00,0.7000,220.0000,-900.0000,
TRADE,29/11/2013 13:00:00,103.26000,02/12/2013 06:00:00,102.51000,@CL,1,1,-750.00,0.2000,90.0000,-970.0000,
TRADE,06/12/2013 13:00:00,107.11000,08/12/2013 19:00:00,107.31000,@CL,1,1,200.00,0.2700,350.0000,-70.0000,
TRADE,08/12/2013 21:00:00,107.41000,09/12/2013 10:00:00,107.38000,@CL,-1,1,30.00,0.1200,240.0000,-210.0000,
TRADE,20/12/2013 13:00:00,108.27000,22/12/2013 19:00:00,108.56000,@CL,1,1,290.00,0.3100,490.0000,-20.0000,
TRADE,22/12/2013 21:00:00,108.63000,23/12/2013 10:00:00,108.59000,@CL,-1,1,40.00,0.0800,410.0000,-40.0000,
TRADE,27/12/2013 13:00:00,109.71000,29/12/2013 19:00:00,109.51000,@CL,1,1,-200.00,0.4300,400.0000,-240.0000,
TRADE,29/12/2013 21:00:00,109.61000,30/12/2013 10:00:00,109.24000,@CL,-1,1,370.00,0.1400,630.0000,-170.0000,
TRADE,17/01/2014 13:00:00,103.78000,19/01/2014 19:00:00,103.47000,@CL,1,1,-310.00,0.3100,200.0000,-310.0000,
TRADE,19/01/2014 21:00:00,103.45000,20/01/2014 10:00:00,103.41000,@CL,-1,1,40.00,0.2400,470.0000,-50.0000,
TRADE,24/01/2014 13:00:00,105.74000,26/01/2014 19:00:00,106.12000,@CL,1,1,380.00,0.4900,710.0000,-270.0000,
TRADE,26/01/2014 21:00:00,106.31000,27/01/2014 10:00:00,106.04000,@CL,-1,1,270.00,0.1200,490.0000,-10.0000,
TRADE,31/01/2014 13:00:00,107.22000,02/02/2014 19:00:00,106.62000,@CL,1,1,-600.00,0.5000,390.0000,-650.0000,
TRADE,07/02/2014 13:00:00,107.65000,09/02/2014 19:00:00,109.27000,@CL,1,1,1620.00,0.4600,1810.0000,-80.0000,
TRADE,09/02/2014 21:00:00,109.45000,10/02/2014 10:00:00,109.03000,@CL,-1,1,420.00,0.1300,1120.0000,-10.0000,
TRADE,16/02/2014 21:00:00,109.71000,17/02/2014 10:00:00,110.03000,@CL,-1,1,-320.00,0.3100,40.0000,-640.0000,
TRADE,21/02/2014 13:00:00,111.26000,23/02/2014 19:00:00,111.84000,@CL,1,1,580.00,0.5800,740.0000,-20.0000,
TRADE,23/02/2014 21:00:00,112.17000,24/02/2014 10:00:00,112.33000,@CL,-1,1,-160.00,0.1900,650.0000,-260.0000,
TRADE,28/02/2014 13:00:00,112.07000,02/03/2014 19:00:00,112.55000,@CL,1,1,480.00,0.2600,480.0000,-190.0000,
TRADE,02/03/2014 21:00:00,113.73000,03/03/2014 10:00:00,114.10000,@CL,-1,1,-370.00,0.4800,520.0000,-790.0000,
TRADE,09/03/2014 21:00:00,111.97000,10/03/2014 10:00:00,110.61000,@CL,-1,1,1360.00,0.1700,1450.0000,-130.0000,
TRADE,16/03/2014 21:00:00,108.66000,17/03/2014 10:00:00,107.91000,@CL,-1,1,750.00,0.0700,920.0000,-120.0000,
TRADE,21/03/2014 13:00:00,110.43000,23/03/2014 19:00:00,109.86000,@CL,1,1,-570.00,0.2900,160.0000,-750.0000,
TRADE,23/03/2014 21:00:00,109.59000,24/03/2014 10:00:00,110.46000,@CL,-1,1,-870.00,0.1100,170.0000,-960.0000,
TRADE,28/03/2014 13:00:00,112.06000,30/03/2014 19:00:00,112.06000,@CL,1,1,0.00,0.3900,260.0000,-270.0000,
TRADE,30/03/2014 21:00:00,111.79000,31/03/2014 10:00:00,112.01000,@CL,-1,1,-220.00,0.1000,250.0000,-310.0000,
TRADE,04/04/2014 13:00:00,111.66000,06/04/2014 19:00:00,111.28000,@CL,1,1,-380.00,0.3500,140.0000,-380.0000,
TRADE,06/04/2014 21:00:00,111.42000,07/04/2014 10:00:00,110.68000,@CL,-1,1,740.00,0.1400,800.0000,-10.0000,
TRADE,11/04/2014 13:00:00,114.51000,13/04/2014 19:00:00,113.93000,@CL,1,1,-580.00,0.3800,300.0000,-820.0000,
TRADE,13/04/2014 21:00:00,114.41000,14/04/2014 10:00:00,114.16000,@CL,-1,1,250.00,0.1400,650.0000,-510.0000,
TRADE,20/04/2014 21:00:00,114.68000,21/04/2014 10:00:00,114.58000,@CL,-1,1,100.00,0.1500,420.0000,-30.0000,
TRADE,09/05/2014 13:00:00,112.10000,11/05/2014 19:00:00,111.42000,@CL,1,1,-680.00,0.3600,0.0000,-1090.0000,
TRADE,16/05/2014 13:00:00,113.26000,18/05/2014 19:00:00,113.35000,@CL,1,1,90.00,0.2100,180.0000,-90.0000,
TRADE,18/05/2014 21:00:00,113.26000,19/05/2014 10:00:00,113.93000,@CL,-1,1,-670.00,0.0800,30.0000,-760.0000,
TRADE,23/05/2014 13:00:00,116.04000,25/05/2014 19:00:00,116.01000,@CL,1,1,-30.00,0.2900,130.0000,-90.0000,
TRADE,25/05/2014 21:00:00,115.88000,26/05/2014 10:00:00,115.79000,@CL,-1,1,90.00,0.1200,290.0000,-20.0000,
TRADE,08/06/2014 21:00:00,114.39000,09/06/2014 10:00:00,115.27000,@CL,-1,1,-880.00,0.1000,0.0000,-890.0000,
TRADE,13/06/2014 13:00:00,118.27000,15/06/2014 19:00:00,118.55000,@CL,1,1,280.00,0.1700,620.0000,-50.0000,
TRADE,15/06/2014 21:00:00,119.03000,16/06/2014 10:00:00,118.62000,@CL,-1,1,410.00,0.2500,520.0000,-180.0000,
TRADE,20/06/2014 13:00:00,118.68000,22/06/2014 19:00:00,119.58000,@CL,1,1,900.00,0.1700,900.0000,-50.0000,
TRADE,22/06/2014 21:00:00,119.27000,23/06/2014 10:00:00,118.66000,@CL,-1,1,610.00,0.1400,610.0000,-260.0000,
TRADE,18/07/2014 13:00:00,115.06000,20/07/2014 19:00:00,115.20000,@CL,1,1,140.00,0.5900,420.0000,-100.0000,
TRADE,20/07/2014 21:00:00,115.05000,21/07/2014 10:00:00,115.34000,@CL,-1,1,-290.00,0.1300,230.0000,-620.0000,
TRADE,10/08/2014 21:00:00,110.99000,11/08/2014 10:00:00,111.07000,@CL,-1,1,-80.00,0.1000,0.0000,-420.0000,
TRADE,17/08/2014 21:00:00,110.27000,18/08/2014 10:00:00,109.90000,@CL,-1,1,370.00,0.1200,560.0000,-60.0000,
TRADE,29/08/2014 13:00:00,110.73000,31/08/2014 19:00:00,111.18000,@CL,1,1,450.00,0.4000,640.0000,-80.0000,
TRADE,31/08/2014 21:00:00,111.13000,01/09/2014 10:00:00,111.10000,@CL,-1,1,30.00,0.0700,240.0000,-150.0000,
TRADE,12/09/2014 13:00:00,108.51000,14/09/2014 19:00:00,107.50000,@CL,1,1,-1010.00,0.7500,310.0000,-1180.0000,
TRADE,26/09/2014 13:00:00,109.46000,28/09/2014 19:00:00,109.94000,@CL,1,1,480.00,0.3700,990.0000,-40.0000,
TRADE,28/09/2014 21:00:00,109.55000,29/09/2014 10:00:00,109.72000,@CL,-1,1,-170.00,0.1500,220.0000,-560.0000,
TRADE,19/10/2014 21:00:00,100.01000,20/10/2014 10:00:00,99.84000,@CL,-1,1,170.00,0.2000,760.0000,-20.0000,
TRADE,07/11/2014 13:00:00,96.24000,09/11/2014 19:00:00,95.84000,@CL,1,1,-400.00,0.6900,290.0000,-520.0000,
TRADE,09/11/2014 21:00:00,96.15000,10/11/2014 10:00:00,96.52000,@CL,-1,1,-370.00,0.2300,190.0000,-1040.0000,
TRADE,21/11/2014 13:00:00,93.25000,23/11/2014 19:00:00,93.94000,@CL,1,1,690.00,0.8300,830.0000,-250.0000,
TRADE,23/11/2014 21:00:00,93.78000,24/11/2014 10:00:00,93.51000,@CL,-1,1,270.00,0.2200,440.0000,-490.0000,
TRADE,21/12/2014 21:00:00,74.38000,22/12/2014 10:00:00,73.22000,@CL,-1,1,1160.00,0.2800,1170.0000,-1140.0000,
TRADE,16/01/2015 13:00:00,64.31000,18/01/2015 19:00:00,65.71000,@CL,1,1,1400.00,0.9400,1540.0000,-30.0000,
TRADE,18/01/2015 21:00:00,65.51000,19/01/2015 10:00:00,64.85000,@CL,-1,1,660.00,0.3700,830.0000,-150.0000,
TRADE,30/01/2015 13:00:00,61.67000,01/02/2015 19:00:00,64.10000,@CL,1,1,2430.00,0.4500,3190.0000,-110.0000,
TRADE,01/02/2015 21:00:00,63.68000,02/02/2015 06:00:00,64.98000,@CL,-1,1,-1300.00,0.2500,500.0000,-780.0000,
TRADE,06/02/2015 13:00:00,68.30000,08/02/2015 19:00:00,68.52000,@CL,1,1,220.00,0.7500,1370.0000,-520.0000,
TRADE,08/02/2015 21:00:00,68.82000,09/02/2015 10:00:00,68.86000,@CL,-1,1,-40.00,0.5600,660.0000,-660.0000,
TRADE,13/02/2015 13:00:00,69.28000,15/02/2015 19:00:00,69.26000,@CL,1,1,-20.00,0.8200,480.0000,-770.0000,
TRADE,15/02/2015 21:00:00,69.31000,16/02/2015 10:00:00,69.46000,@CL,-1,1,-150.00,0.4400,700.0000,-440.0000,
TRADE,20/03/2015 13:00:00,60.95000,22/03/2015 19:00:00,60.25000,@CL,1,1,-700.00,0.5900,240.0000,-900.0000,
TRADE,22/03/2015 21:00:00,59.86000,23/03/2015 10:00:00,59.80000,@CL,-1,1,60.00,0.2900,690.0000,-340.0000,
TRADE,27/03/2015 13:00:00,63.83000,27/03/2015 15:00:00,62.53000,@CL,1,1,-1300.00,0.4400,170.0000,-1260.0000,
TRADE,05/04/2015 21:00:00,63.85000,06/04/2015 10:00:00,64.22000,@CL,-1,1,-370.00,0.3900,180.0000,-960.0000,
TRADE,17/04/2015 13:00:00,69.86000,19/04/2015 19:00:00,70.19000,@CL,1,1,330.00,0.4500,450.0000,-570.0000,
TRADE,19/04/2015 21:00:00,70.38000,20/04/2015 10:00:00,69.25000,@CL,-1,1,1130.00,0.1300,1540.0000,-360.0000,
TRADE,26/04/2015 21:00:00,69.70000,27/04/2015 10:00:00,69.53000,@CL,-1,1,170.00,0.1500,550.0000,-50.0000,
TRADE,01/05/2015 13:00:00,71.18000,03/05/2015 19:00:00,71.74000,@CL,1,1,560.00,0.3300,650.0000,-420.0000,
TRADE,03/05/2015 21:00:00,71.51000,04/05/2015 10:00:00,72.12000,@CL,-1,1,-610.00,0.1600,350.0000,-660.0000,
TRADE,22/05/2015 13:00:00,71.27000,24/05/2015 19:00:00,71.53000,@CL,1,1,260.00,0.3500,260.0000,-240.0000,
TRADE,24/05/2015 21:00:00,71.40000,25/05/2015 10:00:00,70.92000,@CL,-1,1,480.00,0.1400,820.0000,-40.0000,
TRADE,29/05/2015 13:00:00,71.01000,31/05/2015 19:00:00,71.77000,@CL,1,1,760.00,0.6000,1170.0000,-20.0000,
TRADE,31/05/2015 21:00:00,71.41000,01/06/2015 10:00:00,71.11000,@CL,-1,1,300.00,0.1000,470.0000,-180.0000,
TRADE,12/06/2015 13:00:00,71.44000,14/06/2015 19:00:00,71.38000,@CL,1,1,-60.00,0.3600,460.0000,-70.0000,
TRADE,28/08/2015 13:00:00,55.12000,30/08/2015 19:00:00,55.21000,@CL,1,1,90.00,1.2000,990.0000,-180.0000,
TRADE,30/08/2015 21:00:00,55.05000,31/08/2015 10:00:00,54.24000,@CL,-1,1,810.00,0.3000,960.0000,-90.0000,
TRADE,04/09/2015 13:00:00,56.33000,06/09/2015 19:00:00,56.03000,@CL,1,1,-300.00,0.5500,710.0000,-510.0000,
TRADE,04/10/2015 21:00:00,55.38000,05/10/2015 10:00:00,55.81000,@CL,-1,1,-430.00,0.2700,10.0000,-780.0000,
TRADE,09/10/2015 13:00:00,59.66000,11/10/2015 19:00:00,59.42000,@CL,1,1,-240.00,0.5300,410.0000,-580.0000,
TRADE,11/10/2015 21:00:00,59.76000,12/10/2015 10:00:00,59.24000,@CL,-1,1,520.00,0.1100,550.0000,-280.0000,
TRADE,18/10/2015 21:00:00,57.12000,19/10/2015 10:00:00,56.09000,@CL,-1,1,1030.00,0.1700,1030.0000,-10.0000,
TRADE,30/10/2015 13:00:00,55.45000,01/11/2015 19:00:00,55.79000,@CL,1,1,340.00,0.5200,940.0000,-60.0000,
TRADE,01/11/2015 21:00:00,55.63000,02/11/2015 10:00:00,55.37000,@CL,-1,1,260.00,0.1300,710.0000,-320.0000,
TRADE,27/12/2015 21:00:00,45.03000,28/12/2015 10:00:00,44.19000,@CL,-1,1,840.00,0.1000,1130.0000,-10.0000,
TRADE,03/01/2016 21:00:00,45.04000,04/01/2016 10:00:00,44.65000,@CL,-1,1,390.00,0.2300,1160.0000,0.0000,
TRADE,22/01/2016 13:00:00,37.64000,24/01/2016 19:00:00,38.16000,@CL,1,1,520.00,0.4300,820.0000,-10.0000,
TRADE,24/01/2016 21:00:00,38.46000,25/01/2016 10:00:00,36.94000,@CL,-1,1,1520.00,0.3000,1640.0000,-390.0000,
TRADE,29/01/2016 13:00:00,39.20000,31/01/2016 19:00:00,39.94000,@CL,1,1,740.00,1.0800,810.0000,-160.0000,
TRADE,31/01/2016 21:00:00,39.29000,01/02/2016 10:00:00,38.35000,@CL,-1,1,940.00,0.5000,1080.0000,-190.0000,
TRADE,12/02/2016 13:00:00,34.97000,14/02/2016 19:00:00,35.19000,@CL,1,1,220.00,0.7100,800.0000,-90.0000,
TRADE,14/02/2016 21:00:00,35.14000,15/02/2016 10:00:00,35.80000,@CL,-1,1,-660.00,0.1500,70.0000,-1120.0000,
TRADE,26/02/2016 13:00:00,37.38000,28/02/2016 19:00:00,36.67000,@CL,1,1,-710.00,0.8500,360.0000,-790.0000,
TRADE,28/02/2016 21:00:00,36.83000,29/02/2016 10:00:00,37.26000,@CL,-1,1,-430.00,0.3700,560.0000,-450.0000,
TRADE,04/03/2016 13:00:00,39.81000,06/03/2016 19:00:00,40.15000,@CL,1,1,340.00,0.8700,480.0000,-300.0000,
TRADE,06/03/2016 21:00:00,40.40000,07/03/2016 10:00:00,40.07000,@CL,-1,1,330.00,0.2800,360.0000,-270.0000,
TRADE,11/03/2016 13:00:00,42.62000,13/03/2016 19:00:00,42.12000,@CL,1,1,-500.00,0.5300,140.0000,-500.0000,
TRADE,13/03/2016 21:00:00,42.33000,14/03/2016 10:00:00,41.35000,@CL,-1,1,980.00,0.2000,1060.0000,-70.0000,
TRADE,18/03/2016 13:00:00,44.12000,20/03/2016 19:00:00,43.56000,@CL,1,1,-560.00,0.7900,40.0000,-610.0000,
TRADE,20/03/2016 21:00:00,43.31000,21/03/2016 10:00:00,43.78000,@CL,-1,1,-470.00,0.2100,410.0000,-610.0000,
TRADE,08/04/2016 13:00:00,41.93000,10/04/2016 19:00:00,42.21000,@CL,1,1,280.00,0.5400,390.0000,-210.0000,
TRADE,10/04/2016 21:00:00,42.68000,11/04/2016 10:00:00,42.64000,@CL,-1,1,40.00,0.2200,940.0000,-30.0000,
TRADE,22/04/2016 13:00:00,45.29000,24/04/2016 19:00:00,44.89000,@CL,1,1,-400.00,0.5000,40.0000,-680.0000,
TRADE,24/04/2016 21:00:00,44.54000,25/04/2016 10:00:00,44.89000,@CL,-1,1,-350.00,0.1900,590.0000,-590.0000,
TRADE,29/04/2016 13:00:00,46.89000,01/05/2016 19:00:00,47.04000,@CL,1,1,150.00,0.9400,360.0000,-510.0000,
TRADE,01/05/2016 21:00:00,46.80000,02/05/2016 10:00:00,47.04000,@CL,-1,1,-240.00,0.1200,230.0000,-380.0000,
TRADE,06/05/2016 13:00:00,46.20000,08/05/2016 19:00:00,46.14000,@CL,1,1,-60.00,0.9300,190.0000,-650.0000,
TRADE,08/05/2016 21:00:00,46.75000,09/05/2016 10:00:00,45.57000,@CL,-1,1,1180.00,0.2300,1260.0000,-160.0000,
TRADE,13/05/2016 13:00:00,47.43000,15/05/2016 19:00:00,47.42000,@CL,1,1,-10.00,0.3100,120.0000,-270.0000,
TRADE,15/05/2016 21:00:00,47.45000,16/05/2016 10:00:00,48.41000,@CL,-1,1,-960.00,0.1000,100.0000,-1090.0000,
TRADE,20/05/2016 13:00:00,49.01000,22/05/2016 19:00:00,48.92000,@CL,1,1,-90.00,0.5800,200.0000,-330.0000,
TRADE,27/05/2016 13:00:00,49.73000,29/05/2016 19:00:00,50.00000,@CL,1,1,270.00,0.3100,330.0000,-140.0000,
TRADE,29/05/2016 21:00:00,50.04000,30/05/2016 10:00:00,49.76000,@CL,-1,1,280.00,0.1600,510.0000,-20.0000,
TRADE,19/06/2016 21:00:00,48.81000,20/06/2016 10:00:00,49.37000,@CL,-1,1,-560.00,0.1200,90.0000,-780.0000,
TRADE,01/07/2016 13:00:00,48.34000,03/07/2016 19:00:00,49.04000,@CL,1,1,700.00,0.4600,890.0000,-270.0000,
TRADE,03/07/2016 21:00:00,48.93000,04/07/2016 10:00:00,49.07000,@CL,-1,1,-140.00,0.1000,150.0000,-350.0000,
TRADE,15/07/2016 13:00:00,46.02000,17/07/2016 19:00:00,46.06000,@CL,1,1,40.00,0.6300,240.0000,-360.0000,
TRADE,17/07/2016 21:00:00,45.84000,18/07/2016 10:00:00,45.07000,@CL,-1,1,770.00,0.1400,780.0000,-190.0000,
TRADE,05/08/2016 13:00:00,40.79000,07/08/2016 19:00:00,41.22000,@CL,1,1,430.00,0.4000,470.0000,-230.0000,
TRADE,07/08/2016 21:00:00,41.19000,08/08/2016 10:00:00,41.71000,@CL,-1,1,-520.00,0.1000,150.0000,-750.0000,
TRADE,12/08/2016 13:00:00,43.63000,14/08/2016 19:00:00,43.97000,@CL,1,1,340.00,0.5200,380.0000,-560.0000,
TRADE,14/08/2016 21:00:00,43.80000,15/08/2016 10:00:00,44.04000,@CL,-1,1,-240.00,0.0700,190.0000,-580.0000,
TRADE,19/08/2016 13:00:00,47.32000,21/08/2016 19:00:00,47.52000,@CL,1,1,200.00,0.2900,360.0000,-70.0000,
TRADE,21/08/2016 21:00:00,47.31000,22/08/2016 10:00:00,46.33000,@CL,-1,1,980.00,0.2700,1160.0000,-60.0000,
TRADE,26/08/2016 13:00:00,46.04000,28/08/2016 19:00:00,45.72000,@CL,1,1,-320.00,0.4800,210.0000,-390.0000,
TRADE,09/09/2016 13:00:00,44.89000,11/09/2016 19:00:00,44.07000,@CL,1,1,-820.00,0.3000,80.0000,-830.0000,
TRADE,23/09/2016 13:00:00,42.92000,25/09/2016 19:00:00,42.51000,@CL,1,1,-410.00,1.4000,80.0000,-810.0000,
TRADE,30/09/2016 13:00:00,45.91000,02/10/2016 19:00:00,45.93000,@CL,1,1,20.00,0.4300,280.0000,-70.0000,
TRADE,02/10/2016 21:00:00,45.69000,03/10/2016 10:00:00,46.51000,@CL,-1,1,-820.00,0.1100,10.0000,-1070.0000,
TRADE,07/10/2016 13:00:00,47.58000,09/10/2016 19:00:00,47.46000,@CL,1,1,-120.00,0.7100,250.0000,-290.0000,
TRADE,18/11/2016 13:00:00,42.70000,20/11/2016 19:00:00,43.53000,@CL,1,1,830.00,0.4800,830.0000,-120.0000,
TRADE,20/11/2016 21:00:00,43.81000,21/11/2016 10:00:00,44.49000,@CL,-1,1,-680.00,0.1100,200.0000,-820.0000,
TRADE,02/12/2016 13:00:00,48.29000,04/12/2016 19:00:00,48.39000,@CL,1,1,100.00,0.2700,370.0000,-120.0000,
TRADE,04/12/2016 21:00:00,48.20000,05/12/2016 10:00:00,49.08000,@CL,-1,1,-880.00,0.1900,230.0000,-1150.0000,
TRADE,09/12/2016 13:00:00,48.35000,11/12/2016 19:00:00,49.51000,@CL,1,1,1160.00,0.2500,1160.0000,-100.0000,
TRADE,11/12/2016 21:00:00,50.69000,12/12/2016 10:00:00,50.38000,@CL,-1,1,310.00,0.3800,340.0000,-730.0000,
TRADE,18/12/2016 21:00:00,49.09000,19/12/2016 10:00:00,48.59000,@CL,-1,1,500.00,0.2400,660.0000,-360.0000,
TRADE,30/12/2016 13:00:00,49.57000,02/01/2017 19:00:00,50.06000,@CL,1,1,490.00,0.2300,490.0000,-240.0000,
TRADE,06/01/2017 13:00:00,50.02000,08/01/2017 19:00:00,49.61000,@CL,1,1,-410.00,0.9100,10.0000,-540.0000,
TRADE,08/01/2017 21:00:00,49.68000,09/01/2017 10:00:00,48.78000,@CL,-1,1,900.00,0.0800,1000.0000,-10.0000,
TRADE,13/01/2017 13:00:00,48.49000,15/01/2017 19:00:00,48.41000,@CL,1,1,-80.00,0.3800,70.0000,-330.0000,
TRADE,15/01/2017 21:00:00,48.31000,16/01/2017 10:00:00,48.04000,@CL,-1,1,270.00,0.0800,330.0000,-270.0000,
TRADE,20/01/2017 13:00:00,48.43000,22/01/2017 19:00:00,48.41000,@CL,1,1,-20.00,0.3500,110.0000,-240.0000,
TRADE,22/01/2017 21:00:00,48.37000,23/01/2017 10:00:00,47.43000,@CL,-1,1,940.00,0.0700,1010.0000,-50.0000,
TRADE,03/02/2017 13:00:00,48.81000,05/02/2017 19:00:00,48.89000,@CL,1,1,80.00,0.4800,160.0000,-100.0000,
TRADE,05/02/2017 21:00:00,48.98000,06/02/2017 10:00:00,48.70000,@CL,-1,1,280.00,0.0800,310.0000,-230.0000,
TRADE,10/02/2017 13:00:00,49.13000,12/02/2017 19:00:00,48.88000,@CL,1,1,-250.00,0.2600,50.0000,-290.0000,
TRADE,12/02/2017 21:00:00,48.80000,13/02/2017 10:00:00,48.53000,@CL,-1,1,270.00,0.1600,430.0000,-170.0000,
TRADE,19/02/2017 21:00:00,48.50000,20/02/2017 10:00:00,48.78000,@CL,-1,1,-280.00,0.0800,90.0000,-430.0000,
TRADE,17/03/2017 13:00:00,43.44000,19/03/2017 19:00:00,43.45000,@CL,1,1,10.00,0.2300,210.0000,-50.0000,
TRADE,19/03/2017 21:00:00,43.37000,20/03/2017 10:00:00,42.69000,@CL,-1,1,680.00,0.0800,710.0000,-10.0000,
TRADE,26/03/2017 21:00:00,42.40000,27/03/2017 10:00:00,41.69000,@CL,-1,1,710.00,0.0700,860.0000,0.0000,
TRADE,31/03/2017 13:00:00,44.57000,02/04/2017 19:00:00,44.89000,@CL,1,1,320.00,0.2300,480.0000,-50.0000,
TRADE,02/04/2017 21:00:00,44.80000,03/04/2017 10:00:00,44.95000,@CL,-1,1,-150.00,0.0600,110.0000,-230.0000,
TRADE,07/04/2017 13:00:00,46.39000,09/04/2017 19:00:00,46.51000,@CL,1,1,120.00,0.3800,190.0000,-140.0000,
TRADE,09/04/2017 21:00:00,46.67000,10/04/2017 10:00:00,46.98000,@CL,-1,1,-310.00,0.1200,160.0000,-520.0000,
TRADE,12/05/2017 13:00:00,41.44000,14/05/2017 19:00:00,41.59000,@CL,1,1,150.00,0.3000,250.0000,-150.0000,
TRADE,14/05/2017 21:00:00,41.52000,15/05/2017 05:00:00,42.82000,@CL,-1,1,-1300.00,0.0700,10.0000,-1290.0000,
TRADE,19/05/2017 13:00:00,44.11000,21/05/2017 19:00:00,44.33000,@CL,1,1,220.00,0.1500,220.0000,-230.0000,
TRADE,21/05/2017 21:00:00,44.50000,22/05/2017 10:00:00,44.31000,@CL,-1,1,190.00,0.1100,230.0000,-330.0000,
TRADE,25/06/2017 21:00:00,36.42000,26/06/2017 10:00:00,36.43000,@CL,-1,1,-10.00,0.0600,190.0000,-410.0000,
TRADE,30/06/2017 13:00:00,38.73000,02/07/2017 19:00:00,39.46000,@CL,1,1,730.00,0.3600,800.0000,-80.0000,
TRADE,02/07/2017 21:00:00,39.47000,03/07/2017 10:00:00,39.52000,@CL,-1,1,-50.00,0.1000,370.0000,-150.0000,
TRADE,14/07/2017 13:00:00,39.76000,16/07/2017 19:00:00,39.86000,@CL,1,1,100.00,0.4800,110.0000,-240.0000,
TRADE,16/07/2017 21:00:00,39.78000,17/07/2017 10:00:00,39.47000,@CL,-1,1,310.00,0.0500,340.0000,-280.0000,
TRADE,28/07/2017 13:00:00,42.67000,30/07/2017 19:00:00,42.82000,@CL,1,1,150.00,0.2300,150.0000,-250.0000,
TRADE,30/07/2017 21:00:00,42.91000,31/07/2017 10:00:00,42.38000,@CL,-1,1,530.00,0.0500,580.0000,-90.0000,
TRADE,04/08/2017 13:00:00,42.44000,06/08/2017 19:00:00,42.56000,@CL,1,1,120.00,0.3200,170.0000,-270.0000,
TRADE,06/08/2017 21:00:00,42.50000,07/08/2017 10:00:00,41.92000,@CL,-1,1,580.00,0.0700,750.0000,-140.0000,
TRADE,18/08/2017 13:00:00,40.80000,20/08/2017 19:00:00,41.71000,@CL,1,1,910.00,1.0100,920.0000,-20.0000,
TRADE,20/08/2017 21:00:00,41.54000,21/08/2017 10:00:00,41.32000,@CL,-1,1,220.00,0.1000,280.0000,-160.0000,
TRADE,01/09/2017 13:00:00,39.80000,03/09/2017 19:00:00,40.10000,@CL,1,1,300.00,0.3600,370.0000,-20.0000,
TRADE,03/09/2017 21:00:00,40.13000,04/09/2017 10:00:00,40.39000,@CL,-1,1,-260.00,0.1000,160.0000,-340.0000,
TRADE,15/09/2017 13:00:00,42.58000,17/09/2017 19:00:00,42.66000,@CL,1,1,80.00,0.2400,230.0000,-130.0000,
TRADE,17/09/2017 21:00:00,42.62000,18/09/2017 10:00:00,42.47000,@CL,-1,1,150.00,0.0700,380.0000,-500.0000,
TRADE,22/09/2017 13:00:00,42.76000,24/09/2017 19:00:00,42.95000,@CL,1,1,190.00,0.3400,220.0000,-150.0000,
TRADE,24/09/2017 21:00:00,42.89000,25/09/2017 10:00:00,43.43000,@CL,-1,1,-540.00,0.0200,230.0000,-770.0000,
TRADE,13/10/2017 13:00:00,43.69000,15/10/2017 19:00:00,43.70000,@CL,1,1,10.00,0.2900,80.0000,-450.0000,
TRADE,15/10/2017 21:00:00,44.15000,16/10/2017 10:00:00,44.58000,@CL,-1,1,-430.00,0.1700,70.0000,-490.0000,
TRADE,22/10/2017 21:00:00,44.14000,23/10/2017 10:00:00,43.96000,@CL,-1,1,180.00,0.0700,360.0000,-200.0000,
TRADE,27/10/2017 13:00:00,45.84000,29/10/2017 19:00:00,46.20000,@CL,1,1,360.00,0.5500,400.0000,-170.0000,
TRADE,29/10/2017 21:00:00,46.10000,30/10/2017 10:00:00,46.03000,@CL,-1,1,70.00,0.0400,310.0000,-110.0000,
TRADE,03/11/2017 13:00:00,46.74000,05/11/2017 19:00:00,48.01000,@CL,1,1,1270.00,0.3200,1270.0000,-30.0000,
TRADE,05/11/2017 21:00:00,47.84000,06/11/2017 10:00:00,47.89000,@CL,-1,1,-50.00,0.0700,120.0000,-480.0000,
TRADE,10/11/2017 13:00:00,49.10000,12/11/2017 19:00:00,48.94000,@CL,1,1,-160.00,0.3100,30.0000,-510.0000,
TRADE,17/11/2017 13:00:00,48.40000,19/11/2017 19:00:00,48.65000,@CL,1,1,250.00,0.3600,270.0000,-60.0000,
TRADE,19/11/2017 21:00:00,48.57000,20/11/2017 10:00:00,48.12000,@CL,-1,1,450.00,0.0700,500.0000,-210.0000,
TRADE,24/11/2017 13:00:00,50.73000,27/11/2017 06:00:00,50.44000,@CL,1,1,-290.00,0.2900,170.0000,-540.0000,
TRADE,01/12/2017 13:00:00,50.29000,03/12/2017 19:00:00,50.17000,@CL,1,1,-120.00,0.5200,210.0000,-440.0000,
TRADE,03/12/2017 21:00:00,50.01000,04/12/2017 10:00:00,49.60000,@CL,-1,1,410.00,0.0800,530.0000,-40.0000,
TRADE,08/12/2017 13:00:00,49.46000,10/12/2017 19:00:00,49.10000,@CL,1,1,-360.00,0.4600,50.0000,-510.0000,
TRADE,10/12/2017 21:00:00,48.96000,11/12/2017 10:00:00,49.30000,@CL,-1,1,-340.00,0.1700,200.0000,-510.0000,
TRADE,17/12/2017 21:00:00,49.18000,18/12/2017 10:00:00,49.38000,@CL,-1,1,-200.00,0.0800,30.0000,-440.0000,
TRADE,22/12/2017 13:00:00,50.03000,25/12/2017 19:00:00,50.21000,@CL,1,1,180.00,0.3600,280.0000,-40.0000,
TRADE,29/12/2017 13:00:00,52.03000,01/01/2018 19:00:00,52.01000,@CL,1,1,-20.00,0.2200,290.0000,-160.0000,
TRADE,05/01/2018 13:00:00,53.21000,07/01/2018 19:00:00,53.42000,@CL,1,1,210.00,0.3500,220.0000,-70.0000,
TRADE,07/01/2018 21:00:00,53.42000,08/01/2018 10:00:00,53.54000,@CL,-1,1,-120.00,0.1300,230.0000,-340.0000,
TRADE,12/01/2018 13:00:00,55.56000,14/01/2018 19:00:00,56.24000,@CL,1,1,680.00,0.4800,750.0000,-20.0000,
TRADE,14/01/2018 21:00:00,56.07000,15/01/2018 10:00:00,56.21000,@CL,-1,1,-140.00,0.0900,170.0000,-330.0000,
TRADE,26/01/2018 13:00:00,57.94000,28/01/2018 19:00:00,58.04000,@CL,1,1,100.00,0.3500,270.0000,-60.0000,
TRADE,28/01/2018 21:00:00,58.19000,29/01/2018 10:00:00,57.50000,@CL,-1,1,690.00,0.2800,720.0000,-100.0000,
TRADE,16/02/2018 13:00:00,53.74000,18/02/2018 19:00:00,53.54000,@CL,1,1,-200.00,0.9100,160.0000,-500.0000,
TRADE,18/02/2018 21:00:00,54.24000,19/02/2018 10:00:00,54.03000,@CL,-1,1,210.00,0.5900,310.0000,-180.0000,
TRADE,23/02/2018 13:00:00,55.73000,25/02/2018 19:00:00,55.63000,@CL,1,1,-100.00,0.5500,30.0000,-400.0000,
TRADE,25/02/2018 21:00:00,55.47000,26/02/2018 10:00:00,55.28000,@CL,-1,1,190.00,0.1500,250.0000,-460.0000,
TRADE,09/03/2018 13:00:00,53.86000,11/03/2018 19:00:00,54.13000,@CL,1,1,270.00,1.0100,350.0000,-170.0000,
TRADE,11/03/2018 21:00:00,54.20000,12/03/2018 10:00:00,53.52000,@CL,-1,1,680.00,0.1400,710.0000,-160.0000,
TRADE,16/03/2018 13:00:00,54.23000,18/03/2018 19:00:00,54.27000,@CL,1,1,40.00,1.2800,340.0000,-180.0000,
TRADE,18/03/2018 21:00:00,54.17000,19/03/2018 10:00:00,54.28000,@CL,-1,1,-110.00,0.1000,190.0000,-240.0000,
TRADE,23/03/2018 13:00:00,57.52000,25/03/2018 19:00:00,57.87000,@CL,1,1,350.00,0.3400,450.0000,-330.0000,
TRADE,25/03/2018 21:00:00,58.37000,26/03/2018 10:00:00,57.68000,@CL,-1,1,690.00,0.7600,1120.0000,-50.0000,
TRADE,01/04/2018 21:00:00,57.06000,02/04/2018 10:00:00,56.86000,@CL,-1,1,200.00,0.1300,210.0000,-330.0000,
TRADE,13/04/2018 13:00:00,59.48000,15/04/2018 19:00:00,59.21000,@CL,1,1,-270.00,0.4600,150.0000,-400.0000,
TRADE,15/04/2018 21:00:00,59.12000,16/04/2018 10:00:00,58.74000,@CL,-1,1,380.00,0.1300,1010.0000,-20.0000,
TRADE,20/04/2018 13:00:00,60.24000,22/04/2018 19:00:00,60.20000,@CL,1,1,-40.00,0.6800,320.0000,-210.0000,
TRADE,22/04/2018 21:00:00,60.23000,23/04/2018 10:00:00,59.41000,@CL,-1,1,820.00,0.1800,990.0000,-200.0000,
TRADE,04/05/2018 13:00:00,61.80000,06/05/2018 19:00:00,61.83000,@CL,1,1,30.00,1.0000,150.0000,-280.0000,
TRADE,06/05/2018 21:00:00,61.77000,07/05/2018 10:00:00,62.67000,@CL,-1,1,-900.00,0.0800,80.0000,-970.0000,
TRADE,11/05/2018 13:00:00,63.00000,13/05/2018 19:00:00,62.52000,@CL,1,1,-480.00,0.4200,130.0000,-570.0000,
TRADE,18/05/2018 13:00:00,63.38000,20/05/2018 19:00:00,63.40000,@CL,1,1,20.00,0.2600,130.0000,-390.0000,
TRADE,20/05/2018 21:00:00,63.67000,21/05/2018 10:00:00,63.35000,@CL,-1,1,320.00,0.1200,450.0000,-190.0000,
TRADE,08/06/2018 13:00:00,57.41000,10/06/2018 19:00:00,57.46000,@CL,1,1,50.00,0.6000,390.0000,-90.0000,
TRADE,10/06/2018 21:00:00,57.44000,11/06/2018 10:00:00,56.99000,@CL,-1,1,450.00,0.1100,690.0000,-200.0000,
TRADE,22/06/2018 13:00:00,60.55000,24/06/2018 19:00:00,60.86000,@CL,1,1,310.00,0.6200,940.0000,-120.0000,
TRADE,24/06/2018 21:00:00,60.88000,25/06/2018 10:00:00,61.04000,@CL,-1,1,-160.00,0.2400,610.0000,-390.0000,
TRADE,29/06/2018 13:00:00,66.07000,01/07/2018 19:00:00,65.73000,@CL,1,1,-340.00,0.6000,500.0000,-340.0000,
TRADE,01/07/2018 21:00:00,65.61000,02/07/2018 10:00:00,65.68000,@CL,-1,1,-70.00,0.5100,390.0000,-730.0000,
TRADE,08/07/2018 21:00:00,65.99000,09/07/2018 10:00:00,66.16000,@CL,-1,1,-170.00,0.2100,420.0000,-370.0000,
TRADE,20/07/2018 13:00:00,61.18000,22/07/2018 19:00:00,61.20000,@CL,1,1,20.00,0.4200,320.0000,-140.0000,
TRADE,22/07/2018 21:00:00,61.32000,23/07/2018 10:00:00,62.15000,@CL,-1,1,-830.00,0.1200,330.0000,-940.0000,
TRADE,27/07/2018 13:00:00,62.38000,29/07/2018 19:00:00,62.04000,@CL,1,1,-340.00,0.3300,50.0000,-1090.0000,
TRADE,05/08/2018 21:00:00,61.60000,06/08/2018 10:00:00,62.24000,@CL,-1,1,-640.00,0.0900,40.0000,-1010.0000,
TRADE,12/08/2018 21:00:00,60.83000,13/08/2018 10:00:00,60.38000,@CL,-1,1,450.00,0.1500,610.0000,-30.0000,
TRADE,24/08/2018 13:00:00,62.70000,26/08/2018 19:00:00,62.18000,@CL,1,1,-520.00,0.2700,80.0000,-840.0000,
TRADE,26/08/2018 21:00:00,62.27000,27/08/2018 10:00:00,62.37000,@CL,-1,1,-100.00,0.0600,320.0000,-220.0000,
TRADE,31/08/2018 13:00:00,63.54000,02/09/2018 19:00:00,63.50000,@CL,1,1,-40.00,0.2700,150.0000,-270.0000,
TRADE,02/09/2018 21:00:00,63.52000,03/09/2018 10:00:00,63.49000,@CL,-1,1,30.00,0.0600,380.0000,-180.0000,
TRADE,14/09/2018 13:00:00,63.07000,16/09/2018 19:00:00,62.54000,@CL,1,1,-530.00,1.5400,90.0000,-810.0000,
TRADE,21/09/2018 13:00:00,64.27000,23/09/2018 19:00:00,64.98000,@CL,1,1,710.00,1.2000,970.0000,-10.0000,
TRADE,23/09/2018 21:00:00,65.46000,24/09/2018 10:00:00,65.64000,@CL,-1,1,-180.00,0.1900,150.0000,-770.0000,
TRADE,28/09/2018 13:00:00,67.25000,30/09/2018 19:00:00,67.13000,@CL,1,1,-120.00,0.4400,320.0000,-280.0000,
TRADE,30/09/2018 21:00:00,67.34000,01/10/2018 10:00:00,67.18000,@CL,-1,1,160.00,0.1100,250.0000,-150.0000,
TRADE,28/10/2018 21:00:00,61.57000,29/10/2018 10:00:00,61.18000,@CL,-1,1,390.00,0.2400,750.0000,-270.0000,
TRADE,18/11/2018 21:00:00,50.98000,19/11/2018 10:00:00,49.64000,@CL,-1,1,1340.00,0.1100,1500.0000,-270.0000,
TRADE,30/11/2018 13:00:00,45.15000,02/12/2018 19:00:00,46.15000,@CL,1,1,1000.00,1.3700,1000.0000,-1000.0000,
TRADE,02/12/2018 21:00:00,46.29000,03/12/2018 10:00:00,47.07000,@CL,-1,1,-780.00,0.6500,20.0000,-1260.0000,
TRADE,07/12/2018 13:00:00,47.39000,07/12/2018 15:00:00,46.09000,@CL,1,1,-1300.00,0.7100,220.0000,-1240.0000,
TRADE,09/12/2018 21:00:00,46.17000,10/12/2018 10:00:00,45.25000,@CL,-1,1,920.00,0.2800,960.0000,-340.0000,
TRADE,30/12/2018 21:00:00,39.00000,31/12/2018 10:00:00,39.27000,@CL,-1,1,-270.00,0.1300,220.0000,-960.0000,
TRADE,04/01/2019 13:00:00,41.67000,06/01/2019 19:00:00,41.73000,@CL,1,1,60.00,1.4400,120.0000,-540.0000,
TRADE,06/01/2019 21:00:00,42.03000,07/01/2019 10:00:00,42.60000,@CL,-1,1,-570.00,0.3400,260.0000,-870.0000,
TRADE,11/01/2019 13:00:00,45.21000,13/01/2019 19:00:00,45.16000,@CL,1,1,-50.00,0.8600,110.0000,-580.0000,
TRADE,13/01/2019 21:00:00,45.28000,14/01/2019 10:00:00,44.29000,@CL,-1,1,990.00,0.2300,1420.0000,0.0000,
TRADE,18/01/2019 13:00:00,47.01000,20/01/2019 19:00:00,47.14000,@CL,1,1,130.00,0.4100,340.0000,-150.0000,
TRADE,20/01/2019 21:00:00,46.94000,21/01/2019 10:00:00,47.47000,@CL,-1,1,-530.00,0.2600,100.0000,-660.0000,
TRADE,25/01/2019 13:00:00,46.85000,27/01/2019 19:00:00,46.75000,@CL,1,1,-100.00,0.4500,170.0000,-190.0000,
TRADE,27/01/2019 21:00:00,46.56000,28/01/2019 10:00:00,45.73000,@CL,-1,1,830.00,0.2300,950.0000,-250.0000,
TRADE,01/02/2019 13:00:00,47.86000,03/02/2019 19:00:00,48.51000,@CL,1,1,650.00,0.4600,990.0000,-10.0000,
TRADE,03/02/2019 21:00:00,48.42000,04/02/2019 10:00:00,47.76000,@CL,-1,1,660.00,0.1800,740.0000,-520.0000,
TRADE,15/02/2019 13:00:00,48.87000,17/02/2019 19:00:00,48.95000,@CL,1,1,80.00,0.4200,190.0000,-610.0000,
TRADE,17/02/2019 21:00:00,49.06000,18/02/2019 10:00:00,49.35000,@CL,-1,1,-290.00,0.1200,150.0000,-390.0000,
TRADE,22/02/2019 13:00:00,50.16000,24/02/2019 19:00:00,49.97000,@CL,1,1,-190.00,0.3100,80.0000,-360.0000,
TRADE,24/02/2019 21:00:00,50.26000,25/02/2019 10:00:00,48.69000,@CL,-1,1,1570.00,0.1700,1760.0000,-70.0000,
TRADE,15/03/2019 13:00:00,51.22000,17/03/2019 19:00:00,51.25000,@CL,1,1,30.00,0.2800,220.0000,-90.0000,
TRADE,17/03/2019 21:00:00,51.25000,18/03/2019 10:00:00,51.49000,@CL,-1,1,-240.00,0.0800,380.0000,-300.0000,
TRADE,29/03/2019 13:00:00,52.61000,31/03/2019 19:00:00,52.74000,@CL,1,1,130.00,0.3500,220.0000,-230.0000,
TRADE,31/03/2019 21:00:00,52.86000,01/04/2019 10:00:00,53.29000,@CL,-1,1,-430.00,0.1000,10.0000,-560.0000,
TRADE,05/04/2019 13:00:00,55.10000,07/04/2019 19:00:00,55.83000,@CL,1,1,730.00,0.3700,740.0000,-90.0000,
TRADE,07/04/2019 21:00:00,55.91000,08/04/2019 10:00:00,55.68000,@CL,-1,1,230.00,0.0600,280.0000,-120.0000,
TRADE,12/04/2019 13:00:00,56.68000,14/04/2019 19:00:00,56.26000,@CL,1,1,-420.00,0.2200,120.0000,-440.0000,
TRADE,21/04/2019 21:00:00,56.88000,21/04/2019 23:00:00,58.18000,@CL,-1,1,-1300.00,0.2200,20.0000,-1210.0000,
TRADE,10/05/2019 13:00:00,54.36000,12/05/2019 19:00:00,54.04000,@CL,1,1,-320.00,0.6400,80.0000,-470.0000,
TRADE,17/05/2019 13:00:00,55.39000,19/05/2019 19:00:00,55.29000,@CL,1,1,-100.00,0.5800,0.0000,-490.0000,
TRADE,19/05/2019 21:00:00,55.76000,20/05/2019 10:00:00,54.98000,@CL,-1,1,780.00,0.1500,830.0000,-400.0000,
TRADE,07/06/2019 13:00:00,46.31000,09/06/2019 19:00:00,46.44000,@CL,1,1,130.00,1.1600,160.0000,-710.0000,
TRADE,09/06/2019 21:00:00,46.63000,10/06/2019 10:00:00,46.49000,@CL,-1,1,140.00,0.2300,470.0000,-100.0000,
TRADE,16/06/2019 21:00:00,44.88000,17/06/2019 10:00:00,44.46000,@CL,-1,1,420.00,0.1400,910.0000,-60.0000,
TRADE,21/06/2019 13:00:00,49.47000,23/06/2019 19:00:00,49.68000,@CL,1,1,210.00,0.4400,210.0000,-220.0000,
TRADE,23/06/2019 21:00:00,49.78000,24/06/2019 10:00:00,49.94000,@CL,-1,1,-160.00,0.2500,180.0000,-400.0000,
TRADE,28/06/2019 13:00:00,51.32000,28/06/2019 15:00:00,50.02000,@CL,1,1,-1300.00,0.4900,150.0000,-1220.0000,
TRADE,30/06/2019 21:00:00,51.50000,01/07/2019 10:00:00,52.03000,@CL,-1,1,-530.00,0.2100,110.0000,-740.0000,
TRADE,12/07/2019 13:00:00,52.40000,14/07/2019 19:00:00,52.21000,@CL,1,1,-190.00,0.2200,180.0000,-310.0000,
TRADE,14/07/2019 21:00:00,52.09000,15/07/2019 10:00:00,52.44000,@CL,-1,1,-350.00,0.1800,280.0000,-390.0000,
TRADE,09/08/2019 13:00:00,46.25000,11/08/2019 19:00:00,46.14000,@CL,1,1,-110.00,0.5800,490.0000,-230.0000,
TRADE,11/08/2019 21:00:00,46.07000,12/08/2019 10:00:00,46.52000,@CL,-1,1,-450.00,0.1500,710.0000,-500.0000,
TRADE,06/09/2019 13:00:00,47.80000,08/09/2019 19:00:00,48.67000,@CL,1,1,870.00,0.5700,1020.0000,-30.0000,
TRADE,08/09/2019 21:00:00,48.72000,09/09/2019 10:00:00,48.86000,@CL,-1,1,-140.00,0.1400,270.0000,-430.0000,
TRADE,15/09/2019 21:00:00,53.22000,16/09/2019 10:00:00,52.54000,@CL,-1,1,680.00,0.7900,2580.0000,-150.0000,
TRADE,11/10/2019 13:00:00,46.33000,13/10/2019 19:00:00,47.01000,@CL,1,1,680.00,0.4900,710.0000,-150.0000,
TRADE,13/10/2019 21:00:00,46.91000,14/10/2019 10:00:00,45.49000,@CL,-1,1,1420.00,0.1400,1540.0000,0.0000,
TRADE,18/10/2019 13:00:00,46.00000,20/10/2019 19:00:00,45.84000,@CL,1,1,-160.00,0.3200,110.0000,-550.0000,
TRADE,20/10/2019 21:00:00,45.68000,21/10/2019 10:00:00,45.55000,@CL,-1,1,130.00,0.0700,360.0000,-500.0000,
TRADE,25/10/2019 13:00:00,48.36000,27/10/2019 19:00:00,48.66000,@CL,1,1,300.00,0.4900,390.0000,-190.0000,
TRADE,27/10/2019 21:00:00,48.71000,28/10/2019 10:00:00,48.70000,@CL,-1,1,10.00,0.0700,460.0000,-70.0000,
TRADE,03/11/2019 21:00:00,48.01000,04/11/2019 10:00:00,48.82000,@CL,-1,1,-810.00,0.2100,170.0000,-1060.0000,
TRADE,08/11/2019 13:00:00,49.18000,10/11/2019 19:00:00,49.41000,@CL,1,1,230.00,0.9400,310.0000,-220.0000,
TRADE,10/11/2019 21:00:00,49.09000,11/11/2019 10:00:00,48.46000,@CL,-1,1,630.00,0.1000,830.0000,0.0000,
TRADE,15/11/2019 13:00:00,49.69000,17/11/2019 19:00:00,49.87000,@CL,1,1,180.00,0.7400,290.0000,-120.0000,
TRADE,17/11/2019 21:00:00,49.75000,18/11/2019 10:00:00,49.21000,@CL,-1,1,540.00,0.0900,600.0000,-320.0000,
TRADE,22/11/2019 13:00:00,49.76000,24/11/2019 19:00:00,49.82000,@CL,1,1,60.00,0.4500,300.0000,-360.0000,
TRADE,24/11/2019 21:00:00,49.80000,25/11/2019 10:00:00,49.59000,@CL,-1,1,210.00,0.1300,430.0000,-180.0000,
TRADE,06/12/2019 13:00:00,51.09000,08/12/2019 19:00:00,51.01000,@CL,1,1,-80.00,0.4900,90.0000,-350.0000,
TRADE,08/12/2019 21:00:00,50.76000,09/12/2019 10:00:00,50.28000,@CL,-1,1,480.00,0.1400,490.0000,-140.0000,
TRADE,13/12/2019 13:00:00,51.80000,15/12/2019 19:00:00,51.77000,@CL,1,1,-30.00,0.5300,220.0000,-160.0000,
TRADE,15/12/2019 21:00:00,51.76000,16/12/2019 10:00:00,52.11000,@CL,-1,1,-350.00,0.1100,70.0000,-380.0000,
TRADE,27/12/2019 13:00:00,53.70000,29/12/2019 19:00:00,53.68000,@CL,1,1,-20.00,0.4700,90.0000,-180.0000,
TRADE,29/12/2019 21:00:00,53.64000,30/12/2019 10:00:00,54.17000,@CL,-1,1,-530.00,0.0800,20.0000,-580.0000,
TRADE,03/01/2020 13:00:00,54.54000,05/01/2020 19:00:00,55.68000,@CL,1,1,1140.00,1.3000,1140.0000,-100.0000,
TRADE,05/01/2020 21:00:00,55.85000,06/01/2020 10:00:00,55.84000,@CL,-1,1,10.00,0.1900,420.0000,-840.0000,
TRADE,17/01/2020 13:00:00,50.49000,19/01/2020 19:00:00,51.31000,@CL,1,1,820.00,0.3500,820.0000,-220.0000,
TRADE,19/01/2020 21:00:00,51.19000,20/01/2020 10:00:00,50.89000,@CL,-1,1,300.00,0.1200,550.0000,-30.0000,
TRADE,14/02/2020 13:00:00,43.79000,16/02/2020 19:00:00,44.18000,@CL,1,1,390.00,0.3500,430.0000,-240.0000,
TRADE,16/02/2020 21:00:00,43.96000,17/02/2020 10:00:00,44.03000,@CL,-1,1,-70.00,0.1300,220.0000,-210.0000,
TRADE,21/02/2020 13:00:00,44.98000,23/02/2020 19:00:00,44.29000,@CL,1,1,-690.00,0.5600,290.0000,-690.0000,
TRADE,03/04/2020 13:00:00,17.93000,05/04/2020 19:00:00,17.40000,@CL,1,1,-530.00,0.7200,2510.0000,-530.0000,
TRADE,05/04/2020 21:00:00,17.69000,06/04/2020 02:00:00,18.99000,@CL,-1,1,-1300.00,0.3800,540.0000,-1250.0000,
TRADE,26/04/2020 21:00:00,2.27000,27/04/2020 10:00:00,-1.62000,@CL,-1,1,3890.00,0.3100,4160.0000,-50.0000,
TRADE,01/05/2020 13:00:00,4.52000,03/05/2020 19:00:00,4.76000,@CL,1,1,240.00,0.7000,1530.0000,-30.0000,
TRADE,03/05/2020 21:00:00,4.26000,04/05/2020 10:00:00,5.04000,@CL,-1,1,-780.00,0.3600,560.0000,-1140.0000,
TRADE,08/05/2020 13:00:00,9.72000,10/05/2020 19:00:00,10.14000,@CL,1,1,420.00,0.5300,780.0000,-300.0000,
TRADE,10/05/2020 21:00:00,10.17000,11/05/2020 10:00:00,10.32000,@CL,-1,1,-150.00,0.3400,850.0000,-1060.0000,
TRADE,15/05/2020 13:00:00,14.36000,17/05/2020 19:00:00,15.14000,@CL,1,1,780.00,0.7300,790.0000,-60.0000,
TRADE,17/05/2020 21:00:00,15.81000,18/05/2020 07:00:00,17.11000,@CL,-1,1,-1300.00,0.2800,110.0000,-1270.0000,
TRADE,22/05/2020 13:00:00,18.19000,24/05/2020 19:00:00,18.63000,@CL,1,1,440.00,0.4100,780.0000,-100.0000,
TRADE,24/05/2020 21:00:00,18.22000,25/05/2020 10:00:00,18.74000,@CL,-1,1,-520.00,0.3200,180.0000,-870.0000,
TRADE,29/05/2020 13:00:00,18.79000,31/05/2020 19:00:00,20.54000,@CL,1,1,1750.00,0.4100,2310.0000,-360.0000,
TRADE,31/05/2020 21:00:00,20.60000,01/06/2020 10:00:00,20.57000,@CL,-1,1,30.00,0.4900,320.0000,-400.0000,
TRADE,05/06/2020 13:00:00,24.38000,07/06/2020 19:00:00,24.74000,@CL,1,1,360.00,0.4400,630.0000,-210.0000,
TRADE,07/06/2020 21:00:00,25.72000,08/06/2020 10:00:00,24.03000,@CL,-1,1,1690.00,0.4300,1890.0000,-10.0000,
TRADE,19/06/2020 13:00:00,24.82000,21/06/2020 19:00:00,24.10000,@CL,1,1,-720.00,0.6200,200.0000,-1230.0000,
TRADE,21/06/2020 21:00:00,24.93000,22/06/2020 10:00:00,24.75000,@CL,-1,1,180.00,0.2900,470.0000,-320.0000,
TRADE,03/07/2020 13:00:00,25.32000,06/07/2020 07:00:00,25.84000,@CL,1,1,520.00,0.2200,840.0000,-80.0000,
TRADE,17/07/2020 13:00:00,25.79000,19/07/2020 19:00:00,25.69000,@CL,1,1,-100.00,0.4100,80.0000,-160.0000,
TRADE,19/07/2020 21:00:00,25.69000,20/07/2020 10:00:00,25.41000,@CL,-1,1,280.00,0.0700,570.0000,-20.0000,
TRADE,16/08/2020 21:00:00,27.22000,17/08/2020 10:00:00,26.83000,@CL,-1,1,390.00,0.0800,500.0000,-170.0000,
TRADE,28/08/2020 13:00:00,27.63000,30/08/2020 19:00:00,27.55000,@CL,1,1,-80.00,0.3300,120.0000,-100.0000,
TRADE,13/09/2020 21:00:00,22.08000,14/09/2020 10:00:00,21.56000,@CL,-1,1,520.00,0.1900,590.0000,-240.0000,
TRADE,18/09/2020 13:00:00,25.82000,20/09/2020 19:00:00,25.58000,@CL,1,1,-240.00,0.2100,10.0000,-650.0000,
TRADE,20/09/2020 21:00:00,25.43000,21/09/2020 10:00:00,24.82000,@CL,-1,1,610.00,0.2400,890.0000,-450.0000,
TRADE,25/09/2020 13:00:00,24.48000,27/09/2020 19:00:00,24.46000,@CL,1,1,-20.00,0.2700,260.0000,-80.0000,
TRADE,27/09/2020 21:00:00,24.50000,28/09/2020 10:00:00,25.09000,@CL,-1,1,-590.00,0.1500,330.0000,-640.0000,
TRADE,09/10/2020 13:00:00,25.70000,11/10/2020 19:00:00,24.79000,@CL,1,1,-910.00,0.4400,40.0000,-930.0000,
TRADE,16/10/2020 13:00:00,25.24000,18/10/2020 19:00:00,25.03000,@CL,1,1,-210.00,0.2700,80.0000,-210.0000,
TRADE,18/10/2020 21:00:00,25.31000,19/10/2020 10:00:00,25.07000,@CL,-1,1,240.00,0.1400,400.0000,-240.0000,
TRADE,20/11/2020 13:00:00,25.76000,22/11/2020 19:00:00,26.35000,@CL,1,1,590.00,0.1800,670.0000,-10.0000,
TRADE,22/11/2020 21:00:00,26.34000,23/11/2020 10:00:00,26.75000,@CL,-1,1,-410.00,0.0700,160.0000,-910.0000,
TRADE,27/11/2020 13:00:00,29.23000,30/11/2020 06:00:00,28.68000,@CL,1,1,-550.00,0.3200,370.0000,-920.0000,
TRADE,04/12/2020 13:00:00,29.77000,06/12/2020 19:00:00,30.04000,@CL,1,1,270.00,0.4200,540.0000,-100.0000,
TRADE,06/12/2020 21:00:00,29.92000,07/12/2020 10:00:00,29.74000,@CL,-1,1,180.00,0.1000,670.0000,-160.0000,
TRADE,11/12/2020 13:00:00,30.52000,13/12/2020 19:00:00,30.62000,@CL,1,1,100.00,0.3200,100.0000,-220.0000,
TRADE,13/12/2020 21:00:00,30.47000,14/12/2020 10:00:00,31.23000,@CL,-1,1,-760.00,0.1800,110.0000,-840.0000,
TRADE,18/12/2020 13:00:00,32.86000,20/12/2020 19:00:00,32.94000,@CL,1,1,80.00,0.2800,250.0000,-210.0000,
TRADE,20/12/2020 21:00:00,32.07000,21/12/2020 10:00:00,31.06000,@CL,-1,1,1010.00,0.2400,2140.0000,0.0000,
TRADE,27/12/2020 21:00:00,31.83000,28/12/2020 10:00:00,32.08000,@CL,-1,1,-250.00,0.4200,300.0000,-810.0000,
TRADE,03/01/2021 21:00:00,32.07000,04/01/2021 02:00:00,33.37000,@CL,-1,1,-1300.00,0.1000,0.0000,-940.0000,
TRADE,08/01/2021 13:00:00,35.31000,10/01/2021 19:00:00,36.26000,@CL,1,1,950.00,0.2300,1120.0000,-200.0000,
TRADE,10/01/2021 21:00:00,35.89000,11/01/2021 10:00:00,35.36000,@CL,-1,1,530.00,0.1700,660.0000,-170.0000,
TRADE,05/02/2021 13:00:00,40.43000,07/02/2021 19:00:00,40.69000,@CL,1,1,260.00,0.4400,310.0000,-120.0000,
TRADE,07/02/2021 21:00:00,40.98000,08/02/2021 10:00:00,41.11000,@CL,-1,1,-130.00,0.1600,40.0000,-330.0000,
TRADE,12/02/2021 13:00:00,43.12000,14/02/2021 19:00:00,43.61000,@CL,1,1,490.00,1.3300,490.0000,-170.0000,
TRADE,14/02/2021 21:00:00,44.10000,15/02/2021 10:00:00,44.12000,@CL,-1,1,-20.00,0.2500,50.0000,-480.0000,
TRADE,26/02/2021 13:00:00,45.85000,28/02/2021 19:00:00,45.56000,@CL,1,1,-290.00,0.4300,150.0000,-900.0000,
TRADE,28/02/2021 21:00:00,46.24000,01/03/2021 10:00:00,45.31000,@CL,-1,1,930.00,0.1800,930.0000,-290.0000,
TRADE,05/03/2021 13:00:00,49.59000,07/03/2021 19:00:00,50.29000,@CL,1,1,700.00,0.5400,700.0000,-150.0000,
TRADE,07/03/2021 21:00:00,51.16000,08/03/2021 10:00:00,49.60000,@CL,-1,1,1560.00,0.5600,2120.0000,-430.0000,
TRADE,12/03/2021 13:00:00,49.72000,14/03/2021 19:00:00,49.17000,@CL,1,1,-550.00,0.5100,80.0000,-670.0000,
TRADE,14/03/2021 21:00:00,49.56000,15/03/2021 10:00:00,48.70000,@CL,-1,1,860.00,0.2900,1160.0000,-450.0000,
TRADE,26/03/2021 13:00:00,44.56000,28/03/2021 19:00:00,44.51000,@CL,1,1,-50.00,0.4300,380.0000,-280.0000,
TRADE,28/03/2021 21:00:00,44.33000,29/03/2021 10:00:00,44.96000,@CL,-1,1,-630.00,0.2400,1340.0000,-1020.0000,
TRADE,04/04/2021 21:00:00,44.86000,05/04/2021 10:00:00,44.05000,@CL,-1,1,810.00,0.1900,1700.0000,-100.0000,
TRADE,11/04/2021 21:00:00,43.14000,12/04/2021 10:00:00,43.59000,@CL,-1,1,-450.00,0.1000,830.0000,-670.0000,
TRADE,16/04/2021 13:00:00,46.75000,18/04/2021 19:00:00,46.54000,@CL,1,1,-210.00,0.4000,250.0000,-210.0000,
TRADE,18/04/2021 21:00:00,46.39000,19/04/2021 10:00:00,46.80000,@CL,-1,1,-410.00,0.1300,190.0000,-560.0000,
TRADE,25/04/2021 21:00:00,45.46000,26/04/2021 10:00:00,44.50000,@CL,-1,1,960.00,0.1700,1080.0000,-380.0000,
TRADE,30/04/2021 13:00:00,46.85000,02/05/2021 19:00:00,47.17000,@CL,1,1,320.00,0.4900,450.0000,-110.0000,
TRADE,02/05/2021 21:00:00,47.27000,03/05/2021 10:00:00,46.86000,@CL,-1,1,410.00,0.2100,830.0000,-220.0000,
TRADE,09/05/2021 21:00:00,48.99000,10/05/2021 10:00:00,48.88000,@CL,-1,1,110.00,0.2900,430.0000,-290.0000,
TRADE,14/05/2021 13:00:00,48.63000,16/05/2021 19:00:00,49.03000,@CL,1,1,400.00,0.3800,520.0000,-40.0000,
TRADE,16/05/2021 21:00:00,49.07000,17/05/2021 10:00:00,48.41000,@CL,-1,1,660.00,0.1100,710.0000,-200.0000,
TRADE,28/05/2021 13:00:00,50.41000,30/05/2021 19:00:00,50.20000,@CL,1,1,-210.00,0.3800,130.0000,-720.0000,
TRADE,30/05/2021 21:00:00,50.10000,31/05/2021 10:00:00,50.83000,@CL,-1,1,-730.00,0.1000,170.0000,-800.0000,
TRADE,04/06/2021 13:00:00,52.85000,06/06/2021 19:00:00,53.04000,@CL,1,1,190.00,0.2200,340.0000,-70.0000,
TRADE,06/06/2021 21:00:00,53.24000,07/06/2021 10:00:00,52.93000,@CL,-1,1,310.00,0.1800,790.0000,-280.0000,
TRADE,11/06/2021 13:00:00,54.45000,13/06/2021 19:00:00,54.17000,@CL,1,1,-280.00,0.5200,310.0000,-280.0000,
TRADE,13/06/2021 21:00:00,54.48000,14/06/2021 10:00:00,55.18000,@CL,-1,1,-700.00,0.1200,150.0000,-790.0000,
TRADE,18/06/2021 13:00:00,55.41000,20/06/2021 19:00:00,54.93000,@CL,1,1,-480.00,0.2300,10.0000,-620.0000,
TRADE,20/06/2021 21:00:00,55.27000,21/06/2021 10:00:00,54.86000,@CL,-1,1,410.00,0.2000,440.0000,-560.0000,
TRADE,25/06/2021 13:00:00,57.84000,27/06/2021 19:00:00,57.77000,@CL,1,1,-70.00,0.3400,120.0000,-210.0000,
TRADE,27/06/2021 21:00:00,57.93000,28/06/2021 10:00:00,57.77000,@CL,-1,1,160.00,0.1400,430.0000,-300.0000,
TRADE,02/07/2021 13:00:00,58.88000,04/07/2021 19:00:00,59.13000,@CL,1,1,250.00,0.4200,390.0000,-280.0000,
TRADE,04/07/2021 21:00:00,58.92000,05/07/2021 10:00:00,59.10000,@CL,-1,1,-180.00,0.1200,390.0000,-410.0000,
TRADE,09/07/2021 13:00:00,58.31000,11/07/2021 19:00:00,58.52000,@CL,1,1,210.00,0.3100,210.0000,-290.0000,
TRADE,11/07/2021 21:00:00,58.48000,12/07/2021 10:00:00,57.38000,@CL,-1,1,1100.00,0.1600,1540.0000,-90.0000,
TRADE,23/07/2021 13:00:00,55.83000,25/07/2021 19:00:00,56.23000,@CL,1,1,400.00,0.4000,430.0000,-40.0000,
TRADE,25/07/2021 21:00:00,56.36000,26/07/2021 10:00:00,55.98000,@CL,-1,1,380.00,0.1400,1750.0000,-10.0000,
TRADE,30/07/2021 13:00:00,57.85000,01/08/2021 19:00:00,57.96000,@CL,1,1,110.00,0.3600,430.0000,-190.0000,
TRADE,01/08/2021 21:00:00,57.77000,02/08/2021 10:00:00,57.11000,@CL,-1,1,660.00,0.1500,1110.0000,-30.0000,
TRADE,13/08/2021 13:00:00,52.74000,15/08/2021 19:00:00,51.76000,@CL,1,1,-980.00,0.3800,30.0000,-980.0000,
TRADE,27/08/2021 13:00:00,53.06000,29/08/2021 19:00:00,53.60000,@CL,1,1,540.00,0.4500,540.0000,-170.0000,
TRADE,29/08/2021 21:00:00,53.64000,30/08/2021 10:00:00,53.17000,@CL,-1,1,470.00,0.2200,1670.0000,-30.0000,
TRADE,03/09/2021 13:00:00,53.76000,05/09/2021 19:00:00,53.41000,@CL,1,1,-350.00,0.3800,150.0000,-410.0000,
TRADE,10/09/2021 13:00:00,54.02000,12/09/2021 19:00:00,54.04000,@CL,1,1,20.00,0.2900,170.0000,-250.0000,
TRADE,12/09/2021 21:00:00,54.40000,13/09/2021 10:00:00,54.98000,@CL,-1,1,-580.00,0.1900,260.0000,-680.0000,
TRADE,17/09/2021 13:00:00,55.94000,19/09/2021 19:00:00,56.35000,@CL,1,1,410.00,0.3700,590.0000,-110.0000,
TRADE,24/09/2021 13:00:00,58.41000,26/09/2021 19:00:00,58.73000,@CL,1,1,320.00,0.3600,400.0000,-140.0000,
TRADE,26/09/2021 21:00:00,59.37000,27/09/2021 10:00:00,59.87000,@CL,-1,1,-500.00,0.3200,270.0000,-790.0000,
TRADE,01/10/2021 13:00:00,59.76000,03/10/2021 19:00:00,60.44000,@CL,1,1,680.00,0.8500,770.0000,-120.0000,
TRADE,03/10/2021 21:00:00,60.38000,04/10/2021 10:00:00,61.49000,@CL,-1,1,-1110.00,0.1500,520.0000,-1260.0000,
TRADE,08/10/2021 13:00:00,64.21000,10/10/2021 19:00:00,64.13000,@CL,1,1,-80.00,0.5800,80.0000,-1000.0000,
TRADE,10/10/2021 21:00:00,64.23000,11/10/2021,65.53000,@CL,-1,1,-1300.00,0.3600,60.0000,-1290.0000,
TRADE,15/10/2021 13:00:00,66.73000,17/10/2021 19:00:00,67.09000,@CL,1,1,360.00,0.3000,470.0000,-550.0000,
TRADE,17/10/2021 21:00:00,67.49000,18/10/2021 10:00:00,67.95000,@CL,-1,1,-460.00,0.2900,150.0000,-780.0000,
TRADE,22/10/2021 13:00:00,68.05000,24/10/2021 19:00:00,69.07000,@CL,1,1,1020.00,0.4300,1260.0000,-60.0000,
TRADE,24/10/2021 21:00:00,69.16000,25/10/2021 10:00:00,70.11000,@CL,-1,1,-950.00,0.3300,30.0000,-1000.0000,
TRADE,31/10/2021 21:00:00,68.08000,01/11/2021 09:00:00,69.38000,@CL,-1,1,-1300.00,0.2900,200.0000,-1280.0000,
TRADE,07/11/2021 21:00:00,66.99000,08/11/2021 10:00:00,66.77000,@CL,-1,1,220.00,0.4500,430.0000,-770.0000,
TRADE,05/12/2021 21:00:00,54.26000,06/12/2021 10:00:00,54.62000,@CL,-1,1,-360.00,0.6300,860.0000,-490.0000,
TRADE,10/12/2021 13:00:00,57.18000,12/12/2021 19:00:00,58.15000,@CL,1,1,970.00,0.6400,1050.0000,-80.0000,
TRADE,12/12/2021 21:00:00,58.51000,13/12/2021 10:00:00,57.66000,@CL,-1,1,850.00,0.2700,1550.0000,-600.0000,
TRADE,26/12/2021 21:00:00,59.67000,27/12/2021 10:00:00,59.75000,@CL,-1,1,-80.00,0.2400,780.0000,-150.0000,
TRADE,07/01/2022 13:00:00,65.37000,09/01/2022 19:00:00,65.20000,@CL,1,1,-170.00,0.5800,120.0000,-530.0000,
TRADE,09/01/2022 21:00:00,64.96000,10/01/2022 10:00:00,65.09000,@CL,-1,1,-130.00,0.2600,480.0000,-810.0000,
TRADE,14/01/2022 13:00:00,69.12000,16/01/2022 19:00:00,70.61000,@CL,1,1,1490.00,0.7100,1650.0000,-20.0000,
TRADE,16/01/2022 21:00:00,70.58000,17/01/2022 10:00:00,70.02000,@CL,-1,1,560.00,0.2000,780.0000,-230.0000,
TRADE,21/01/2022 13:00:00,71.77000,23/01/2022 19:00:00,71.75000,@CL,1,1,-20.00,0.8300,350.0000,-570.0000,
TRADE,23/01/2022 21:00:00,72.69000,24/01/2022 10:00:00,70.49000,@CL,-1,1,2200.00,0.2700,2220.0000,-240.0000,
TRADE,28/01/2022 13:00:00,74.63000,28/01/2022 13:00:00,73.33000,@CL,1,1,-1300.00,0.8100,100.0000,-900.0000,
TRADE,30/01/2022 21:00:00,74.74000,31/01/2022 10:00:00,74.31000,@CL,-1,1,430.00,0.3200,1090.0000,-260.0000,
TRADE,04/02/2022 13:00:00,79.50000,06/02/2022 19:00:00,78.66000,@CL,1,1,-840.00,0.7200,140.0000,-860.0000,
TRADE,06/02/2022 21:00:00,78.39000,07/02/2022 10:00:00,79.09000,@CL,-1,1,-700.00,0.3300,820.0000,-1180.0000,
TRADE,11/02/2022 13:00:00,78.30000,13/02/2022 19:00:00,80.75000,@CL,1,1,2450.00,0.6200,3200.0000,-220.0000,
TRADE,13/02/2022 21:00:00,81.38000,14/02/2022 10:00:00,79.55000,@CL,-1,1,1830.00,0.7600,2450.0000,-400.0000,
TRADE,20/02/2022 21:00:00,79.31000,21/02/2022 10:00:00,79.47000,@CL,-1,1,-160.00,1.1900,1580.0000,-320.0000,
TRADE,27/02/2022 21:00:00,85.26000,28/02/2022 10:00:00,84.47000,@CL,-1,1,790.00,0.5900,2050.0000,-940.0000,
TRADE,04/03/2022 13:00:00,99.44000,06/03/2022 19:00:00,110.00000,@CL,1,1,10560.00,2.3400,10560.0000,-500.0000,
TRADE,06/03/2022 21:00:00,112.95000,06/03/2022 22:00:00,114.25000,@CL,-1,1,-1300.00,2.9400,2180.0000,-850.0000,
TRADE,18/03/2022 13:00:00,92.28000,20/03/2022 19:00:00,93.62000,@CL,1,1,1340.00,1.1400,1850.0000,-210.0000,
TRADE,20/03/2022 21:00:00,94.72000,20/03/2022 22:00:00,96.02000,@CL,-1,1,-1300.00,0.6000,0.0000,-970.0000,
TRADE,25/03/2022 13:00:00,103.17000,27/03/2022 19:00:00,102.92000,@CL,1,1,-250.00,3.0000,950.0000,-820.0000,
TRADE,17/04/2022 21:00:00,97.98000,18/04/2022 10:00:00,97.47000,@CL,-1,1,510.00,0.6400,1980.0000,-600.0000,
TRADE,29/04/2022 13:00:00,97.07000,29/04/2022 15:00:00,95.77000,@CL,1,1,-1300.00,1.5000,640.0000,-1090.0000,
TRADE,01/05/2022 21:00:00,95.25000,02/05/2022 10:00:00,91.29000,@CL,-1,1,3960.00,0.6900,4400.0000,-170.0000,
TRADE,06/05/2022 13:00:00,101.27000,06/05/2022 14:00:00,99.97000,@CL,1,1,-1300.00,0.9700,400.0000,-1230.0000,
TRADE,08/05/2022 21:00:00,99.73000,09/05/2022 10:00:00,97.75000,@CL,-1,1,1980.00,0.5500,2900.0000,-1270.0000,
TRADE,13/05/2022 13:00:00,100.61000,15/05/2022 19:00:00,101.55000,@CL,1,1,940.00,0.7200,940.0000,-330.0000,
TRADE,15/05/2022 21:00:00,101.96000,16/05/2022 10:00:00,100.81000,@CL,-1,1,1150.00,0.4500,3280.0000,-320.0000,
TRADE,20/05/2022 13:00:00,103.55000,20/05/2022 14:00:00,102.25000,@CL,1,1,-1300.00,0.9900,20.0000,-1020.0000,
TRADE,22/05/2022 21:00:00,103.66000,23/05/2022 06:00:00,104.96000,@CL,-1,1,-1300.00,0.7400,230.0000,-1290.0000,
TRADE,27/05/2022 13:00:00,107.83000,29/05/2022 19:00:00,108.30000,@CL,1,1,470.00,1.3200,810.0000,-240.0000,
TRADE,29/05/2022 21:00:00,108.94000,30/05/2022 10:00:00,109.14000,@CL,-1,1,-200.00,0.5500,210.0000,-790.0000,
TRADE,03/06/2022 13:00:00,111.89000,05/06/2022 19:00:00,114.16000,@CL,1,1,2270.00,0.9400,2270.0000,-170.0000,
TRADE,05/06/2022 21:00:00,113.63000,06/06/2022 10:00:00,112.06000,@CL,-1,1,1570.00,0.3000,2100.0000,-210.0000,
TRADE,24/06/2022 13:00:00,103.13000,26/06/2022 19:00:00,102.78000,@CL,1,1,-350.00,1.1800,210.0000,-1270.0000,
TRADE,26/06/2022 21:00:00,102.06000,26/06/2022 23:00:00,103.36000,@CL,-1,1,-1300.00,0.4400,900.0000,-1290.0000,
TRADE,08/07/2022 13:00:00,100.44000,10/07/2022 19:00:00,100.35000,@CL,1,1,-90.00,1.6400,360.0000,-940.0000,
TRADE,10/07/2022 21:00:00,99.97000,11/07/2022 10:00:00,96.79000,@CL,-1,1,3180.00,0.4800,3520.0000,-640.0000,
TRADE,17/07/2022 21:00:00,92.82000,18/07/2022 02:00:00,94.12000,@CL,-1,1,-1300.00,0.3300,1360.0000,-1080.0000,
TRADE,29/07/2022 13:00:00,98.78000,29/07/2022 14:00:00,97.48000,@CL,1,1,-1300.00,1.8000,270.0000,-1150.0000,
TRADE,31/07/2022 21:00:00,96.52000,01/08/2022 10:00:00,94.02000,@CL,-1,1,2500.00,0.3900,3120.0000,-490.0000,
TRADE,12/08/2022 13:00:00,91.13000,14/08/2022 19:00:00,90.52000,@CL,1,1,-610.00,0.9600,190.0000,-1050.0000,
TRADE,19/08/2022 13:00:00,90.48000,19/08/2022 14:00:00,89.18000,@CL,1,1,-1300.00,1.5700,210.0000,-1250.0000,
TRADE,21/08/2022 21:00:00,88.48000,22/08/2022 07:00:00,89.78000,@CL,-1,1,-1300.00,0.1900,1130.0000,-1030.0000,
TRADE,09/09/2022 13:00:00,84.97000,11/09/2022 19:00:00,85.25000,@CL,1,1,280.00,0.5700,1230.0000,-90.0000,
TRADE,11/09/2022 21:00:00,85.33000,12/09/2022 06:00:00,86.63000,@CL,-1,1,-1300.00,0.2100,1170.0000,-1260.0000,
TRADE,30/09/2022 13:00:00,79.93000,02/10/2022 19:00:00,80.47000,@CL,1,1,540.00,1.0800,540.0000,-1090.0000,
TRADE,02/10/2022 21:00:00,81.51000,03/10/2022 09:00:00,82.81000,@CL,-1,1,-1300.00,0.2200,720.0000,-1260.0000,
TRADE,07/10/2022 13:00:00,91.93000,09/10/2022 19:00:00,92.93000,@CL,1,1,1000.00,1.3900,1000.0000,-430.0000,
TRADE,09/10/2022 21:00:00,92.09000,10/10/2022 10:00:00,91.97000,@CL,-1,1,120.00,0.4600,1010.0000,-80.0000,
TRADE,21/10/2022 13:00:00,85.46000,23/10/2022 19:00:00,85.62000,@CL,1,1,160.00,1.3200,220.0000,-480.0000,
TRADE,23/10/2022 21:00:00,85.75000,24/10/2022 10:00:00,83.77000,@CL,-1,1,1980.00,0.4700,2740.0000,-480.0000,
TRADE,28/10/2022 13:00:00,88.18000,30/10/2022 19:00:00,88.77000,@CL,1,1,590.00,1.1000,590.0000,-550.0000,
TRADE,30/10/2022 21:00:00,88.76000,31/10/2022 10:00:00,87.01000,@CL,-1,1,1750.00,0.2000,2500.0000,-170.0000,
TRADE,04/11/2022 13:00:00,91.84000,06/11/2022 19:00:00,91.38000,@CL,1,1,-460.00,0.6100,1410.0000,-750.0000,
TRADE,06/11/2022 21:00:00,91.69000,07/11/2022 06:00:00,92.99000,@CL,-1,1,-1300.00,0.7200,360.0000,-1100.0000,
TRADE,13/11/2022 21:00:00,90.07000,14/11/2022 10:00:00,88.24000,@CL,-1,1,1830.00,0.3400,2160.0000,-150.0000,
TRADE,02/12/2022 13:00:00,82.36000,02/12/2022 14:00:00,81.06000,@CL,1,1,-1300.00,0.7700,240.0000,-1170.0000,
TRADE,04/12/2022 21:00:00,82.50000,05/12/2022 10:00:00,83.44000,@CL,-1,1,-940.00,0.7100,1520.0000,-1190.0000,
TRADE,23/12/2022 13:00:00,80.54000,26/12/2022 19:00:00,80.83000,@CL,1,1,290.00,0.7000,480.0000,-470.0000,
TRADE,30/12/2022 13:00:00,79.93000,02/01/2023 19:00:00,81.50000,@CL,1,1,1570.00,0.4400,1670.0000,-200.0000,
TRADE,13/01/2023 13:00:00,80.40000,15/01/2023 19:00:00,81.03000,@CL,1,1,630.00,0.6000,640.0000,-130.0000,
TRADE,15/01/2023 21:00:00,80.81000,16/01/2023 10:00:00,80.05000,@CL,-1,1,760.00,0.2100,1090.0000,-10.0000,
TRADE,20/01/2023 13:00:00,81.79000,22/01/2023 19:00:00,82.45000,@CL,1,1,660.00,0.8100,780.0000,0.0000,
TRADE,22/01/2023 21:00:00,82.05000,23/01/2023 10:00:00,83.09000,@CL,-1,1,-1040.00,0.2700,340.0000,-1180.0000,
TRADE,10/02/2023 13:00:00,80.32000,12/02/2023 19:00:00,80.60000,@CL,1,1,280.00,0.7100,280.0000,-500.0000,
TRADE,12/02/2023 21:00:00,79.95000,13/02/2023 10:00:00,79.87000,@CL,-1,1,80.00,0.1900,840.0000,-540.0000,
TRADE,24/02/2023 13:00:00,76.69000,26/02/2023 19:00:00,76.84000,@CL,1,1,150.00,1.5800,360.0000,-620.0000,
TRADE,26/02/2023 21:00:00,77.05000,27/02/2023 10:00:00,76.41000,@CL,-1,1,640.00,0.1400,1050.0000,-190.0000,
TRADE,03/03/2023 13:00:00,79.57000,05/03/2023 19:00:00,80.34000,@CL,1,1,770.00,0.5200,770.0000,-60.0000,
TRADE,05/03/2023 21:00:00,79.80000,06/03/2023 10:00:00,79.27000,@CL,-1,1,530.00,0.0800,1060.0000,-180.0000,
TRADE,12/03/2023 21:00:00,77.52000,13/03/2023 10:00:00,73.28000,@CL,-1,1,4240.00,0.3300,4800.0000,-140.0000,
TRADE,24/03/2023 13:00:00,69.65000,26/03/2023 19:00:00,69.67000,@CL,1,1,20.00,1.5000,180.0000,-850.0000,
TRADE,26/03/2023 21:00:00,69.93000,27/03/2023 10:00:00,70.89000,@CL,-1,1,-960.00,0.3600,550.0000,-1160.0000,
TRADE,31/03/2023 13:00:00,75.69000,02/04/2023 19:00:00,80.35000,@CL,1,1,4660.00,1.1900,4660.0000,-220.0000,
TRADE,02/04/2023 21:00:00,80.76000,03/04/2023 10:00:00,80.43000,@CL,-1,1,330.00,0.5500,1510.0000,-190.0000,
TRADE,09/04/2023 21:00:00,81.08000,10/04/2023 10:00:00,80.07000,@CL,-1,1,1010.00,0.2600,1120.0000,-230.0000,
TRADE,14/04/2023 13:00:00,82.95000,16/04/2023 19:00:00,82.73000,@CL,1,1,-220.00,0.7000,250.0000,-480.0000,
TRADE,16/04/2023 21:00:00,82.81000,17/04/2023 10:00:00,82.12000,@CL,-1,1,690.00,0.1200,750.0000,-150.0000,
TRADE,30/04/2023 21:00:00,76.34000,01/05/2023 10:00:00,75.24000,@CL,-1,1,1100.00,0.3500,1220.0000,-200.0000,
TRADE,07/05/2023 21:00:00,71.67000,08/05/2023 05:00:00,72.97000,@CL,-1,1,-1300.00,0.2700,380.0000,-1210.0000,
TRADE,19/05/2023 13:00:00,71.87000,21/05/2023 19:00:00,72.06000,@CL,1,1,190.00,1.0500,350.0000,-500.0000,
TRADE,28/05/2023 21:00:00,73.41000,29/05/2023 10:00:00,72.40000,@CL,-1,1,1010.00,0.1600,1160.0000,-330.0000,
TRADE,02/06/2023 13:00:00,71.86000,04/06/2023 19:00:00,75.22000,@CL,1,1,3360.00,0.6500,3360.0000,-370.0000,
TRADE,04/06/2023 21:00:00,73.56000,05/06/2023 10:00:00,73.70000,@CL,-1,1,-140.00,0.4100,1120.0000,-490.0000,
TRADE,16/06/2023 13:00:00,71.26000,18/06/2023 19:00:00,71.69000,@CL,1,1,430.00,0.5300,770.0000,-290.0000,
TRADE,18/06/2023 21:00:00,71.47000,19/06/2023 10:00:00,72.08000,@CL,-1,1,-610.00,0.2500,650.0000,-800.0000,
