TRADE,04/02/2010 12:00:00,109.76000,05/02/2010 04:00:00,107.93000,@CL,-1,1,1830.00,1.2500,2840.0000,-150.0000,
TRADE,10/02/2010 14:00:00,107.97000,15/02/2010 04:00:00,108.61000,@CL,-1,1,-640.00,1.1000,810.0000,-2220.0000,
TRADE,15/02/2010 20:00:00,108.50000,18/02/2010 10:00:00,111.55000,@CL,-1,1,-3050.00,0.3400,20.0000,-3820.0000,
TRADE,23/02/2010 10:00:00,113.24000,26/02/2010,112.69000,@CL,-1,1,550.00,1.2700,2050.0000,-1220.0000,
TRADE,28/02/2010 22:00:00,114.53000,03/03/2010 12:00:00,114.45000,@CL,1,1,-80.00,1.0500,560.0000,-2330.0000,
TRADE,12/03/2010 14:00:00,115.42000,15/03/2010 22:00:00,113.95000,@CL,-1,1,1470.00,1.3900,2150.0000,-130.0000,
TRADE,16/03/2010 14:00:00,115.93000,19/03/2010 04:00:00,116.11000,@CL,1,1,180.00,1.2200,1300.0000,-430.0000,
TRADE,19/03/2010 14:00:00,114.44000,24/03/2010 04:00:00,115.01000,@CL,-1,1,-570.00,2.1500,1780.0000,-1560.0000,
TRADE,29/03/2010 12:00:00,115.65000,01/04/2010 02:00:00,117.15000,@CL,1,1,1500.00,1.7300,2000.0000,-80.0000,
TRADE,07/04/2010 17:00:00,119.49000,12/04/2010 08:00:00,118.96000,@CL,-1,1,530.00,1.1000,1570.0000,-680.0000,
TRADE,14/04/2010 14:00:00,119.69000,19/04/2010 04:00:00,116.01000,@CL,1,1,-3680.00,1.9400,500.0000,-4010.0000,
TRADE,23/04/2010 16:00:00,117.28000,28/04/2010 06:00:00,114.34000,@CL,1,1,-2940.00,0.8600,720.0000,-3250.0000,
TRADE,28/04/2010 17:00:00,115.50000,03/05/2010 08:00:00,118.64000,@CL,1,1,3140.00,0.9700,3660.0000,-120.0000,
TRADE,04/05/2010 10:00:00,117.23000,05/05/2010 20:00:00,112.00000,@CL,-1,1,5230.00,0.6600,5710.0000,-200.0000,
TRADE,27/05/2010 02:00:00,100.62000,31/05/2010 20:00:00,103.53000,@CL,-1,1,-2910.00,0.8100,50.0000,-4180.0000,
TRADE,01/06/2010 06:00:00,101.90000,03/06/2010 20:00:00,103.69000,@CL,-1,1,-1790.00,1.8400,1180.0000,-2510.0000,
TRADE,04/06/2010 12:00:00,102.28000,07/06/2010 04:00:00,99.12000,@CL,-1,1,3160.00,1.9700,3690.0000,-340.0000,
TRADE,09/06/2010 12:00:00,103.16000,14/06/2010 02:00:00,103.67000,@CL,1,1,510.00,1.1800,2220.0000,-820.0000,
TRADE,18/06/2010 10:00:00,104.80000,23/06/2010,105.26000,@CL,-1,1,-460.00,0.6200,20.0000,-3140.0000,
TRADE,25/06/2010 14:00:00,106.49000,30/06/2010 04:00:00,103.73000,@CL,1,1,-2760.00,1.7600,890.0000,-3280.0000,
TRADE,07/07/2010 16:00:00,102.18000,12/07/2010 06:00:00,103.56000,@CL,1,1,1380.00,0.9200,2300.0000,-330.0000,
TRADE,15/07/2010 14:00:00,103.82000,20/07/2010 04:00:00,104.79000,@CL,-1,1,-970.00,1.2300,690.0000,-1910.0000,
TRADE,20/07/2010 06:00:00,104.76000,22/07/2010 20:00:00,106.90000,@CL,1,1,2140.00,0.3400,2290.0000,-1130.0000,
TRADE,27/07/2010 14:00:00,105.03000,30/07/2010 04:00:00,105.72000,@CL,-1,1,-690.00,2.3000,1500.0000,-1490.0000,
TRADE,30/07/2010 14:00:00,105.71000,03/08/2010 02:00:00,109.07000,@CL,1,1,3360.00,0.8900,3690.0000,-300.0000,
TRADE,06/08/2010 12:00:00,109.63000,10/08/2010 22:00:00,107.79000,@CL,-1,1,1840.00,1.3900,2800.0000,-80.0000,
TRADE,26/08/2010 14:00:00,100.93000,31/08/2010 04:00:00,100.99000,@CL,1,1,60.00,0.9500,1930.0000,-1620.0000,
TRADE,31/08/2010 14:00:00,100.80000,31/08/2010 22:00:00,99.06000,@CL,-1,1,1740.00,1.3700,2000.0000,-100.0000,
TRADE,03/09/2010 14:00:00,100.87000,08/09/2010 08:00:00,100.79000,@CL,-1,1,80.00,1.9100,970.0000,-1090.0000,
TRADE,16/09/2010 06:00:00,102.62000,20/09/2010 20:00:00,102.21000,@CL,1,1,-410.00,0.5400,160.0000,-2600.0000,
TRADE,24/09/2010 12:00:00,101.89000,29/09/2010 02:00:00,102.53000,@CL,1,1,640.00,0.7500,1290.0000,-360.0000,
TRADE,07/10/2010 16:00:00,107.67000,12/10/2010 06:00:00,107.39000,@CL,-1,1,280.00,1.5000,1360.0000,-1840.0000,
TRADE,13/10/2010 14:00:00,109.29000,18/10/2010 04:00:00,106.63000,@CL,1,1,-2660.00,0.8900,840.0000,-2720.0000,
TRADE,18/10/2010 12:00:00,107.82000,21/10/2010 02:00:00,107.41000,@CL,1,1,-410.00,0.9200,1470.0000,-2650.0000,
TRADE,25/10/2010 06:00:00,108.17000,27/10/2010 20:00:00,107.28000,@CL,1,1,-890.00,0.4800,400.0000,-2360.0000,
TRADE,09/11/2010 17:00:00,111.14000,12/11/2010 08:00:00,111.53000,@CL,-1,1,-390.00,1.4100,340.0000,-2780.0000,
TRADE,24/11/2010 14:00:00,108.12000,29/11/2010 12:00:00,108.49000,@CL,1,1,370.00,1.9900,1600.0000,-650.0000,
TRADE,29/12/2010 10:00:00,114.99000,31/12/2010 04:00:00,113.69000,@CL,-1,1,1300.00,0.3300,1980.0000,-440.0000,
TRADE,04/01/2011 12:00:00,114.76000,05/01/2011 04:00:00,112.88000,@CL,-1,1,1880.00,1.3400,2410.0000,-210.0000,
TRADE,11/01/2011 12:00:00,113.77000,14/01/2011 02:00:00,115.10000,@CL,1,1,1330.00,0.8200,2610.0000,-200.0000,
TRADE,19/01/2011 14:00:00,115.22000,20/01/2011 22:00:00,112.50000,@CL,-1,1,2720.00,0.9600,3260.0000,-250.0000,
TRADE,28/01/2011 14:00:00,112.26000,02/02/2011 04:00:00,113.68000,@CL,1,1,1420.00,2.4700,3640.0000,-830.0000,
TRADE,03/02/2011 14:00:00,113.79000,07/02/2011 20:00:00,110.47000,@CL,-1,1,3320.00,1.2000,3550.0000,-940.0000,
TRADE,17/02/2011 16:00:00,109.11000,21/02/2011 20:00:00,116.55000,@CL,1,1,7440.00,1.2400,7030.0000,-400.0000,
TRADE,10/03/2011 10:00:00,122.24000,15/03/2011,120.13000,@CL,-1,1,2110.00,1.5100,4220.0000,-1560.0000,
TRADE,17/03/2011 16:00:00,121.06000,22/03/2011 06:00:00,121.63000,@CL,1,1,570.00,1.1700,2150.0000,-1370.0000,
TRADE,25/03/2011 12:00:00,123.58000,30/03/2011 02:00:00,123.15000,@CL,-1,1,430.00,1.2500,2110.0000,-1140.0000,
TRADE,11/04/2011 16:00:00,129.22000,13/04/2011,124.80000,@CL,-1,1,4420.00,1.6500,4980.0000,0.0000,
TRADE,15/04/2011 14:00:00,128.53000,20/04/2011 04:00:00,127.18000,@CL,1,1,-1350.00,1.7000,340.0000,-4310.0000,
TRADE,27/04/2011 14:00:00,130.74000,02/05/2011 04:00:00,130.56000,@CL,-1,1,180.00,2.4200,840.0000,-1650.0000,
TRADE,11/05/2011 14:00:00,118.89000,16/05/2011 04:00:00,116.45000,@CL,-1,1,2440.00,1.6300,5430.0000,-50.0000,
TRADE,18/05/2011 14:00:00,118.64000,23/05/2011 04:00:00,116.19000,@CL,1,1,-2450.00,2.1200,560.0000,-4540.0000,
TRADE,24/05/2011,115.83000,26/05/2011 14:00:00,117.85000,@CL,1,1,2020.00,1.1800,3820.0000,-280.0000,
TRADE,30/05/2011 06:00:00,117.81000,02/06/2011,117.89000,@CL,-1,1,-80.00,0.7300,440.0000,-3330.0000,
TRADE,08/06/2011 12:00:00,118.03000,13/06/2011 02:00:00,116.65000,@CL,1,1,-1380.00,3.1300,2160.0000,-1680.0000,
TRADE,22/06/2011 14:00:00,112.01000,27/06/2011 04:00:00,107.84000,@CL,1,1,-4170.00,1.1100,1050.0000,-4960.0000,
TRADE,28/06/2011 17:00:00,110.25000,01/07/2011 08:00:00,111.96000,@CL,1,1,1710.00,0.9500,2950.0000,-230.0000,
TRADE,08/07/2011 12:00:00,113.80000,12/07/2011 04:00:00,111.16000,@CL,-1,1,2640.00,2.7700,2300.0000,-310.0000,
TRADE,13/07/2011,114.12000,15/07/2011 14:00:00,114.90000,@CL,1,1,780.00,0.5900,2450.0000,-2230.0000,
TRADE,18/07/2011 12:00:00,113.00000,21/07/2011 02:00:00,115.33000,@CL,-1,1,-2330.00,1.3300,950.0000,-3410.0000,
TRADE,26/07/2011 12:00:00,115.05000,29/07/2011 02:00:00,114.21000,@CL,-1,1,840.00,2.1700,1500.0000,-2610.0000,
TRADE,11/08/2011 17:00:00,102.50000,16/08/2011 08:00:00,104.01000,@CL,1,1,1510.00,2.4300,2590.0000,-1440.0000,
TRADE,23/08/2011 06:00:00,102.84000,25/08/2011 20:00:00,102.00000,@CL,1,1,-840.00,1.1000,660.0000,-2920.0000,
TRADE,29/08/2011 10:00:00,102.91000,01/09/2011,106.07000,@CL,1,1,3160.00,0.7300,3540.0000,-30.0000,
TRADE,02/09/2011 12:00:00,102.65000,07/09/2011 06:00:00,103.85000,@CL,-1,1,-1200.00,2.7500,2540.0000,-1700.0000,
TRADE,07/09/2011 12:00:00,105.37000,12/09/2011 02:00:00,103.06000,@CL,1,1,-2310.00,1.8100,2020.0000,-2820.0000,
TRADE,13/09/2011 10:00:00,106.39000,16/09/2011,106.20000,@CL,1,1,-190.00,1.1900,1040.0000,-1470.0000,
TRADE,16/09/2011 12:00:00,106.07000,20/09/2011 04:00:00,102.46000,@CL,-1,1,3610.00,1.0500,4480.0000,-260.0000,
TRADE,27/09/2011 14:00:00,100.52000,30/09/2011 04:00:00,99.61000,@CL,1,1,-910.00,1.0700,940.0000,-4190.0000,
TRADE,30/09/2011 12:00:00,97.27000,04/10/2011 02:00:00,93.09000,@CL,-1,1,4180.00,1.5900,4660.0000,-960.0000,
TRADE,06/10/2011 06:00:00,97.29000,10/10/2011 20:00:00,102.39000,@CL,1,1,5100.00,1.0300,5490.0000,-1520.0000,
TRADE,19/10/2011 17:00:00,102.83000,24/10/2011 08:00:00,104.39000,@CL,-1,1,-1560.00,2.3900,2110.0000,-2560.0000,
TRADE,26/10/2011 17:00:00,107.33000,31/10/2011 08:00:00,109.16000,@CL,-1,1,-1830.00,1.4000,120.0000,-3420.0000,
TRADE,31/10/2011 12:00:00,108.31000,03/11/2011 02:00:00,108.31000,@CL,-1,1,0.00,1.6500,2640.0000,-1980.0000,
TRADE,04/11/2011 04:00:00,110.75000,08/11/2011 17:00:00,113.44000,@CL,1,1,2690.00,0.5700,2770.0000,-1380.0000,
TRADE,09/11/2011 10:00:00,112.25000,14/11/2011,115.67000,@CL,-1,1,-3420.00,0.7400,1210.0000,-3940.0000,
TRADE,17/11/2011 16:00:00,115.30000,22/11/2011 06:00:00,114.10000,@CL,-1,1,1200.00,2.1800,3570.0000,-1490.0000,
TRADE,01/12/2011 16:00:00,116.20000,06/12/2011 06:00:00,117.18000,@CL,-1,1,-980.00,0.9200,80.0000,-2730.0000,
TRADE,07/12/2011 14:00:00,117.02000,12/12/2011 04:00:00,115.68000,@CL,-1,1,1340.00,1.4800,3170.0000,-1200.0000,
TRADE,13/12/2011 12:00:00,117.03000,14/12/2011 12:00:00,112.03000,@CL,1,1,-5000.00,3.0500,180.0000,-4030.0000,
TRADE,20/12/2011 12:00:00,113.00000,23/12/2011 02:00:00,116.17000,@CL,1,1,3170.00,1.9300,3390.0000,-60.0000,
TRADE,28/12/2011 14:00:00,115.96000,03/01/2012 04:00:00,116.87000,@CL,-1,1,-910.00,1.6300,1390.0000,-1100.0000,
TRADE,06/01/2012 12:00:00,117.32000,11/01/2012 02:00:00,118.14000,@CL,-1,1,-820.00,1.9200,950.0000,-2360.0000,
TRADE,11/01/2012 12:00:00,117.46000,16/01/2012 02:00:00,115.12000,@CL,-1,1,2340.00,0.8900,3490.0000,-1790.0000,
TRADE,17/01/2012 12:00:00,116.55000,20/01/2012 02:00:00,116.93000,@CL,-1,1,-380.00,0.8700,800.0000,-1790.0000,
TRADE,20/01/2012 06:00:00,115.97000,24/01/2012 20:00:00,115.30000,@CL,-1,1,670.00,1.0900,2470.0000,-370.0000,
TRADE,25/01/2012 16:00:00,116.07000,30/01/2012 06:00:00,115.02000,@CL,1,1,-1050.00,1.8500,1420.0000,-1230.0000,
TRADE,31/01/2012 14:00:00,114.50000,03/02/2012 04:00:00,112.60000,@CL,-1,1,1900.00,2.3400,2960.0000,-1090.0000,
TRADE,07/02/2012 14:00:00,114.70000,10/02/2012 04:00:00,115.61000,@CL,1,1,910.00,2.6100,1580.0000,-500.0000,
TRADE,10/02/2012 10:00:00,114.46000,15/02/2012,117.28000,@CL,-1,1,-2820.00,0.5900,1040.0000,-3480.0000,
TRADE,28/02/2012 16:00:00,122.37000,02/03/2012 06:00:00,123.78000,@CL,-1,1,-1410.00,1.9900,1790.0000,-3920.0000,
TRADE,02/03/2012 12:00:00,123.11000,07/03/2012 02:00:00,120.81000,@CL,1,1,-2300.00,1.2900,330.0000,-2860.0000,
TRADE,08/03/2012 14:00:00,122.58000,13/03/2012 04:00:00,122.62000,@CL,1,1,40.00,1.3600,1360.0000,-1460.0000,
TRADE,15/03/2012 12:00:00,121.17000,20/03/2012 02:00:00,123.29000,@CL,1,1,2120.00,1.1400,2750.0000,-1650.0000,
TRADE,20/03/2012 12:00:00,122.03000,23/03/2012 02:00:00,120.85000,@CL,-1,1,1180.00,1.3000,2310.0000,-830.0000,
TRADE,23/03/2012 12:00:00,121.83000,28/03/2012 02:00:00,122.00000,@CL,1,1,170.00,3.0900,1120.0000,-420.0000,
TRADE,02/04/2012 16:00:00,120.44000,05/04/2012 06:00:00,117.51000,@CL,1,1,-2930.00,1.2200,270.0000,-4140.0000,
TRADE,11/04/2012 16:00:00,118.27000,16/04/2012 06:00:00,117.25000,@CL,1,1,-1020.00,0.9600,1190.0000,-1190.0000,
TRADE,16/04/2012 14:00:00,117.28000,19/04/2012 04:00:00,117.86000,@CL,-1,1,-580.00,1.4200,0.0000,-3010.0000,
TRADE,19/04/2012 06:00:00,118.19000,23/04/2012 20:00:00,117.88000,@CL,1,1,-310.00,0.4600,1260.0000,-1600.0000,
TRADE,24/04/2012 02:00:00,117.71000,26/04/2012 16:00:00,119.25000,@CL,1,1,1540.00,0.3600,1980.0000,-150.0000,
TRADE,30/04/2012 12:00:00,118.90000,03/05/2012 02:00:00,119.87000,@CL,-1,1,-970.00,0.4900,150.0000,-2300.0000,
TRADE,29/05/2012 14:00:00,105.19000,29/05/2012 14:00:00,105.19000,@CL,1,1,0.00,1.8400,0.0000,0.0000,
TRADE,29/05/2012 14:00:00,105.19000,30/05/2012 22:00:00,102.15000,@CL,-1,1,3040.00,1.8400,3470.0000,-210.0000,
TRADE,06/06/2012 12:00:00,100.40000,11/06/2012 02:00:00,100.45000,@CL,1,1,50.00,1.4000,1080.0000,-3950.0000,
TRADE,11/06/2012 06:00:00,99.90000,11/06/2012 22:00:00,95.95000,@CL,-1,1,3950.00,1.0400,4380.0000,-310.0000,
TRADE,14/06/2012 17:00:00,98.65000,19/06/2012 08:00:00,97.48000,@CL,1,1,-1170.00,0.9700,1400.0000,-2160.0000,
TRADE,20/06/2012 14:00:00,96.27000,21/06/2012 22:00:00,92.54000,@CL,-1,1,3730.00,1.7700,4100.0000,-750.0000,
TRADE,27/06/2012 14:00:00,94.28000,02/07/2012 04:00:00,97.93000,@CL,1,1,3650.00,1.1400,5180.0000,-2880.0000,
TRADE,09/07/2012,98.95000,11/07/2012 14:00:00,99.45000,@CL,1,1,500.00,0.5800,1650.0000,-1180.0000,
TRADE,23/07/2012 02:00:00,104.13000,25/07/2012 04:00:00,101.81000,@CL,-1,1,2320.00,0.8900,2880.0000,-120.0000,
TRADE,26/07/2012 12:00:00,103.84000,31/07/2012 02:00:00,103.81000,@CL,1,1,-30.00,1.0900,930.0000,-980.0000,
TRADE,31/07/2012 14:00:00,102.48000,03/08/2012 04:00:00,101.43000,@CL,-1,1,1050.00,1.2800,1740.0000,-970.0000,
TRADE,03/08/2012 12:00:00,103.94000,07/08/2012 14:00:00,108.21000,@CL,1,1,4270.00,2.7300,3570.0000,-20.0000,
TRADE,10/08/2012 06:00:00,106.34000,14/08/2012 20:00:00,107.07000,@CL,-1,1,-730.00,0.8900,810.0000,-1620.0000,
TRADE,23/08/2012 16:00:00,109.71000,28/08/2012 06:00:00,109.40000,@CL,-1,1,310.00,1.9600,1790.0000,-1520.0000,
TRADE,31/08/2012 12:00:00,109.43000,05/09/2012 06:00:00,108.72000,@CL,1,1,-710.00,1.5200,1450.0000,-1010.0000,
TRADE,05/09/2012 12:00:00,108.06000,10/09/2012 02:00:00,109.76000,@CL,1,1,1700.00,1.4100,3160.0000,-470.0000,
TRADE,17/09/2012 16:00:00,110.53000,18/09/2012 22:00:00,108.93000,@CL,-1,1,1600.00,4.5000,2370.0000,-300.0000,
TRADE,27/09/2012 16:00:00,105.06000,02/10/2012 06:00:00,105.52000,@CL,1,1,460.00,0.8900,1450.0000,-620.0000,
TRADE,03/10/2012 06:00:00,104.57000,03/10/2012 22:00:00,101.52000,@CL,-1,1,3050.00,0.6200,3690.0000,-160.0000,
TRADE,04/10/2012 16:00:00,104.54000,09/10/2012 06:00:00,102.73000,@CL,1,1,-1810.00,2.0700,480.0000,-3150.0000,
TRADE,09/10/2012 14:00:00,104.79000,12/10/2012 04:00:00,105.40000,@CL,1,1,610.00,1.4600,2050.0000,-590.0000,
TRADE,12/10/2012 16:00:00,104.71000,17/10/2012 06:00:00,105.47000,@CL,-1,1,-760.00,0.6900,1740.0000,-1230.0000,
TRADE,17/10/2012 12:00:00,105.90000,22/10/2012 02:00:00,103.39000,@CL,1,1,-2510.00,0.6300,340.0000,-3300.0000,
TRADE,31/10/2012 12:00:00,98.87000,05/11/2012 02:00:00,97.91000,@CL,-1,1,960.00,0.4700,1520.0000,-1300.0000,
TRADE,06/11/2012 12:00:00,99.00000,09/11/2012 02:00:00,98.16000,@CL,1,1,-840.00,0.9700,2970.0000,-2200.0000,
TRADE,09/11/2012 12:00:00,97.88000,14/11/2012 02:00:00,98.20000,@CL,1,1,320.00,1.0800,1640.0000,-560.0000,
TRADE,15/11/2012 14:00:00,98.53000,20/11/2012 04:00:00,101.35000,@CL,-1,1,-2820.00,0.6800,1110.0000,-3590.0000,
TRADE,20/11/2012 14:00:00,99.43000,23/11/2012 08:00:00,99.34000,@CL,-1,1,90.00,1.6500,940.0000,-780.0000,
TRADE,26/11/2012 12:00:00,99.86000,29/11/2012 02:00:00,99.00000,@CL,-1,1,860.00,0.8000,2180.0000,-710.0000,
TRADE,29/11/2012 12:00:00,100.85000,04/12/2012 02:00:00,101.02000,@CL,1,1,170.00,1.2300,1800.0000,-1060.0000,
TRADE,04/12/2012 12:00:00,100.51000,06/12/2012 22:00:00,98.71000,@CL,-1,1,1800.00,0.8700,2510.0000,-860.0000,
TRADE,12/12/2012 12:00:00,99.27000,17/12/2012 02:00:00,99.23000,@CL,1,1,-40.00,0.9900,730.0000,-1140.0000,
TRADE,17/12/2012 12:00:00,99.70000,20/12/2012 02:00:00,101.44000,@CL,1,1,1740.00,0.8100,2480.0000,-250.0000,
TRADE,21/12/2012 12:00:00,100.18000,27/12/2012 06:00:00,102.97000,@CL,-1,1,-2790.00,1.3300,250.0000,-3020.0000,
TRADE,31/12/2012 10:00:00,102.03000,04/01/2013,104.04000,@CL,-1,1,-2010.00,0.5500,100.0000,-3690.0000,
TRADE,11/01/2013 10:00:00,104.92000,16/01/2013,105.40000,@CL,-1,1,-480.00,0.4300,420.0000,-1370.0000,
TRADE,16/01/2013 06:00:00,105.00000,20/01/2013 20:00:00,107.11000,@CL,-1,1,-2110.00,0.4200,50.0000,-2890.0000,
TRADE,23/01/2013 16:00:00,107.11000,28/01/2013 06:00:00,107.22000,@CL,-1,1,-110.00,0.8900,760.0000,-970.0000,
TRADE,28/01/2013 14:00:00,107.75000,31/01/2013 04:00:00,109.09000,@CL,-1,1,-1340.00,0.8900,280.0000,-1890.0000,
TRADE,31/01/2013 12:00:00,108.52000,05/02/2013 02:00:00,107.45000,@CL,-1,1,1070.00,0.9500,1230.0000,-1030.0000,
TRADE,11/02/2013 14:00:00,108.13000,14/02/2013 04:00:00,108.52000,@CL,1,1,390.00,1.6800,1380.0000,-160.0000,
TRADE,14/02/2013 10:00:00,108.50000,18/02/2013 02:00:00,106.99000,@CL,-1,1,1510.00,0.4100,1890.0000,-610.0000,
TRADE,19/02/2013 17:00:00,107.95000,22/02/2013 08:00:00,103.89000,@CL,1,1,-4060.00,0.7400,390.0000,-4470.0000,
TRADE,07/03/2013 12:00:00,102.13000,12/03/2013 02:00:00,102.94000,@CL,1,1,810.00,0.8500,1000.0000,-450.0000,
TRADE,19/03/2013 16:00:00,103.26000,22/03/2013 06:00:00,103.05000,@CL,-1,1,210.00,1.1400,940.0000,-820.0000,
TRADE,22/03/2013 10:00:00,103.46000,26/03/2013 10:00:00,106.21000,@CL,1,1,2750.00,0.5000,2670.0000,-460.0000,
TRADE,02/04/2013 12:00:00,106.88000,04/04/2013 02:00:00,104.95000,@CL,-1,1,1930.00,1.3100,2220.0000,-1040.0000,
TRADE,11/04/2013 14:00:00,103.88000,14/04/2013 22:00:00,100.84000,@CL,-1,1,3040.00,1.0600,3130.0000,-340.0000,
TRADE,22/04/2013 12:00:00,98.73000,25/04/2013 02:00:00,102.03000,@CL,1,1,3300.00,1.0300,3420.0000,-850.0000,
TRADE,30/04/2013 17:00:00,103.26000,01/05/2013 22:00:00,101.06000,@CL,-1,1,2200.00,0.6500,2960.0000,-190.0000,
TRADE,02/05/2013 16:00:00,103.47000,07/05/2013 06:00:00,105.61000,@CL,1,1,2140.00,0.9300,3890.0000,-200.0000,
TRADE,09/05/2013 14:00:00,105.92000,14/05/2013 04:00:00,105.64000,@CL,-1,1,280.00,0.7400,2360.0000,-740.0000,
TRADE,29/05/2013 14:00:00,103.47000,03/06/2013 04:00:00,101.57000,@CL,-1,1,1900.00,1.7500,2310.0000,-420.0000,
TRADE,04/06/2013 14:00:00,104.04000,07/06/2013 04:00:00,104.81000,@CL,1,1,770.00,1.8700,1180.0000,-1350.0000,
TRADE,07/06/2013 12:00:00,104.38000,12/06/2013 02:00:00,104.70000,@CL,-1,1,-320.00,1.6000,440.0000,-1910.0000,
TRADE,13/06/2013 12:00:00,105.52000,18/06/2013 02:00:00,107.66000,@CL,-1,1,-2140.00,0.7600,40.0000,-3120.0000,
TRADE,27/06/2013 12:00:00,105.69000,02/07/2013 02:00:00,107.47000,@CL,1,1,1780.00,0.7700,2220.0000,-280.0000,
TRADE,22/07/2013 14:00:00,117.01000,24/07/2013 22:00:00,114.95000,@CL,-1,1,2060.00,1.0100,2460.0000,-270.0000,
TRADE,06/08/2013 06:00:00,115.86000,07/08/2013 22:00:00,114.02000,@CL,-1,1,1840.00,0.5600,2000.0000,-1170.0000,
TRADE,19/08/2013 12:00:00,117.04000,21/08/2013 20:00:00,113.76000,@CL,-1,1,3280.00,0.8800,3640.0000,-390.0000,
TRADE,23/08/2013 14:00:00,116.23000,28/08/2013,120.78000,@CL,1,1,4550.00,2.1700,3610.0000,-770.0000,
TRADE,29/08/2013 17:00:00,117.88000,03/09/2013 12:00:00,117.38000,@CL,-1,1,500.00,2.1200,3770.0000,-770.0000,
TRADE,03/09/2013 14:00:00,117.93000,06/09/2013 04:00:00,118.26000,@CL,1,1,330.00,1.1900,800.0000,-1260.0000,
TRADE,09/09/2013 22:00:00,118.41000,10/09/2013 22:00:00,116.57000,@CL,-1,1,1840.00,0.7700,2120.0000,-390.0000,
TRADE,15/09/2013 22:00:00,117.19000,17/09/2013 02:00:00,115.59000,@CL,-1,1,1600.00,1.8000,1570.0000,-710.0000,
TRADE,27/09/2013 14:00:00,113.85000,02/10/2013 04:00:00,112.01000,@CL,1,1,-1840.00,0.9200,20.0000,-2300.0000,
TRADE,02/10/2013 14:00:00,114.15000,07/10/2013 04:00:00,113.81000,@CL,1,1,-340.00,1.6200,730.0000,-770.0000,
TRADE,07/10/2013 06:00:00,113.30000,09/10/2013 20:00:00,111.96000,@CL,-1,1,1340.00,0.6200,1620.0000,-1280.0000,
TRADE,10/10/2013 14:00:00,113.65000,15/10/2013 04:00:00,112.59000,@CL,1,1,-1060.00,1.6700,420.0000,-2550.0000,
TRADE,16/10/2013 16:00:00,113.07000,21/10/2013 06:00:00,110.91000,@CL,1,1,-2160.00,0.9700,200.0000,-2540.0000,
TRADE,28/10/2013 14:00:00,108.70000,31/10/2013 04:00:00,106.70000,@CL,1,1,-2000.00,1.0000,350.0000,-2030.0000,
TRADE,06/11/2013 17:00:00,105.15000,11/11/2013 08:00:00,104.65000,@CL,1,1,-500.00,0.7000,460.0000,-1050.0000,
TRADE,11/11/2013 14:00:00,105.43000,14/11/2013 04:00:00,104.17000,@CL,1,1,-1260.00,0.7900,90.0000,-2270.0000,
TRADE,21/11/2013 12:00:00,103.94000,26/11/2013 02:00:00,104.03000,@CL,1,1,90.00,0.7500,1340.0000,-1210.0000,
TRADE,29/11/2013 14:00:00,103.26000,04/12/2013 02:00:00,106.88000,@CL,1,1,3620.00,0.8200,3780.0000,-1050.0000,
TRADE,11/12/2013 14:00:00,107.36000,16/12/2013 04:00:00,106.04000,@CL,-1,1,1320.00,0.7400,1450.0000,-470.0000,
TRADE,17/12/2013 12:00:00,107.42000,20/12/2013 02:00:00,108.20000,@CL,1,1,780.00,0.7800,1430.0000,-790.0000,
TRADE,30/12/2013 14:00:00,108.96000,02/01/2014 20:00:00,104.83000,@CL,-1,1,4130.00,0.4900,4260.0000,-10.0000,
TRADE,15/01/2014 10:00:00,102.24000,20/01/2014,103.15000,@CL,1,1,910.00,0.5300,2050.0000,-150.0000,
TRADE,20/01/2014 14:00:00,103.23000,23/01/2014 08:00:00,105.89000,@CL,-1,1,-2660.00,0.5100,250.0000,-2890.0000,
TRADE,27/01/2014 14:00:00,105.12000,30/01/2014 04:00:00,106.72000,@CL,-1,1,-1600.00,1.2600,690.0000,-1850.0000,
TRADE,02/02/2014 22:00:00,106.14000,05/02/2014 12:00:00,106.82000,@CL,-1,1,-680.00,0.7600,660.0000,-1340.0000,
TRADE,07/02/2014 12:00:00,107.58000,12/02/2014 02:00:00,109.64000,@CL,-1,1,-2060.00,1.3200,320.0000,-2240.0000,
TRADE,13/02/2014 12:00:00,109.48000,18/02/2014 06:00:00,109.83000,@CL,-1,1,-350.00,0.8200,830.0000,-870.0000,
TRADE,21/02/2014 14:00:00,111.26000,26/02/2014 04:00:00,111.20000,@CL,-1,1,60.00,0.9400,690.0000,-1740.0000,
TRADE,26/02/2014 14:00:00,112.35000,03/03/2014 04:00:00,113.34000,@CL,1,1,990.00,0.7800,1850.0000,-1050.0000,
TRADE,04/03/2014 16:00:00,112.75000,05/03/2014 22:00:00,110.51000,@CL,-1,1,2240.00,0.6700,2350.0000,-330.0000,
TRADE,18/03/2014 14:00:00,108.66000,21/03/2014 04:00:00,108.69000,@CL,1,1,30.00,0.8800,1160.0000,-200.0000,
TRADE,25/03/2014 14:00:00,110.38000,28/03/2014 04:00:00,111.97000,@CL,-1,1,-1590.00,1.4500,990.0000,-1690.0000,
TRADE,01/04/2014 12:00:00,111.35000,02/04/2014 02:00:00,109.95000,@CL,-1,1,1400.00,0.6200,1700.0000,-10.0000,
TRADE,04/04/2014 06:00:00,111.16000,08/04/2014 20:00:00,112.72000,@CL,1,1,1560.00,0.4700,1920.0000,-870.0000,
TRADE,16/04/2014 14:00:00,113.79000,22/04/2014 04:00:00,114.68000,@CL,-1,1,-890.00,1.5800,220.0000,-1360.0000,
TRADE,22/04/2014 12:00:00,113.39000,25/04/2014 02:00:00,113.29000,@CL,-1,1,100.00,1.2500,890.0000,-260.0000,
TRADE,29/04/2014 12:00:00,113.27000,02/05/2014 02:00:00,110.76000,@CL,1,1,-2510.00,1.0500,120.0000,-3230.0000,
TRADE,05/05/2014 14:00:00,110.45000,08/05/2014 04:00:00,112.00000,@CL,-1,1,-1550.00,0.7100,240.0000,-1840.0000,
TRADE,09/05/2014 17:00:00,111.36000,14/05/2014 08:00:00,113.34000,@CL,-1,1,-1980.00,0.3900,130.0000,-2120.0000,
TRADE,15/05/2014 16:00:00,112.82000,20/05/2014 06:00:00,113.91000,@CL,-1,1,-1090.00,0.3500,190.0000,-1340.0000,
TRADE,27/05/2014 12:00:00,115.36000,30/05/2014 02:00:00,115.07000,@CL,-1,1,290.00,0.8000,1080.0000,-700.0000,
TRADE,04/06/2014 12:00:00,115.03000,05/06/2014 22:00:00,114.05000,@CL,-1,1,980.00,0.3000,1760.0000,-330.0000,
TRADE,17/06/2014 16:00:00,117.91000,20/06/2014 06:00:00,118.24000,@CL,-1,1,-330.00,0.8200,640.0000,-720.0000,
TRADE,23/06/2014 14:00:00,118.10000,26/06/2014 04:00:00,118.86000,@CL,-1,1,-760.00,0.5400,690.0000,-1560.0000,
TRADE,26/06/2014 12:00:00,117.76000,01/07/2014 02:00:00,117.76000,@CL,-1,1,0.00,0.9600,940.0000,-590.0000,
TRADE,17/07/2014 06:00:00,114.30000,21/07/2014 20:00:00,116.11000,@CL,1,1,1810.00,0.9300,2010.0000,-250.0000,
TRADE,24/07/2014 16:00:00,115.59000,29/07/2014 06:00:00,114.95000,@CL,-1,1,640.00,0.3200,1350.0000,-280.0000,
TRADE,08/08/2014 02:00:00,111.35000,12/08/2014 16:00:00,111.00000,@CL,1,1,-350.00,0.8700,570.0000,-1200.0000,
TRADE,21/08/2014 14:00:00,109.59000,26/08/2014 06:00:00,109.07000,@CL,1,1,-520.00,0.7300,230.0000,-1300.0000,
TRADE,26/08/2014 12:00:00,109.61000,29/08/2014 02:00:00,110.15000,@CL,1,1,540.00,0.7800,580.0000,-890.0000,
TRADE,02/09/2014 10:00:00,110.42000,02/09/2014 22:00:00,108.57000,@CL,-1,1,1850.00,0.3300,2370.0000,-10.0000,
TRADE,16/09/2014 12:00:00,108.77000,19/09/2014 02:00:00,108.52000,@CL,1,1,-250.00,1.1100,1790.0000,-410.0000,
TRADE,22/09/2014 10:00:00,108.37000,25/09/2014,109.36000,@CL,1,1,990.00,0.6900,1510.0000,-1370.0000,
TRADE,30/09/2014 14:00:00,108.22000,02/10/2014 04:00:00,106.38000,@CL,-1,1,1840.00,2.8100,1160.0000,-1330.0000,
TRADE,16/10/2014 16:00:00,99.53000,21/10/2014 06:00:00,99.76000,@CL,1,1,230.00,3.7600,1550.0000,-1410.0000,
TRADE,21/10/2014 12:00:00,99.97000,24/10/2014 02:00:00,98.96000,@CL,1,1,-1010.00,1.2100,520.0000,-2580.0000,
TRADE,29/10/2014 06:00:00,99.14000,02/11/2014 20:00:00,97.93000,@CL,1,1,-1210.00,0.3000,1080.0000,-2250.0000,
TRADE,07/11/2014 12:00:00,96.22000,12/11/2014 02:00:00,94.75000,@CL,1,1,-1470.00,0.9500,970.0000,-2460.0000,
TRADE,25/11/2014 14:00:00,91.78000,27/11/2014 04:00:00,89.94000,@CL,-1,1,1840.00,2.2200,1850.0000,-820.0000,
TRADE,17/12/2014 14:00:00,75.65000,22/12/2014 04:00:00,74.99000,@CL,1,1,-660.00,4.1600,490.0000,-4380.0000,
TRADE,22/12/2014 10:00:00,73.75000,26/12/2014 04:00:00,72.78000,@CL,-1,1,970.00,1.3000,1700.0000,-800.0000,
TRADE,14/01/2015 17:00:00,65.32000,19/01/2015 08:00:00,65.17000,@CL,1,1,-150.00,2.5600,2940.0000,-2410.0000,
TRADE,20/01/2015 12:00:00,63.37000,23/01/2015 02:00:00,63.64000,@CL,-1,1,-270.00,1.4000,990.0000,-2230.0000,
TRADE,30/01/2015 16:00:00,63.10000,04/02/2015 06:00:00,68.66000,@CL,1,1,5560.00,1.9100,7650.0000,-140.0000,
TRADE,04/02/2015 16:00:00,65.37000,09/02/2015 06:00:00,68.31000,@CL,-1,1,-2940.00,1.6900,1500.0000,-4540.0000,
TRADE,10/02/2015 14:00:00,67.14000,13/02/2015 04:00:00,68.55000,@CL,-1,1,-1410.00,1.1000,2580.0000,-1460.0000,
TRADE,17/02/2015 12:00:00,68.12000,19/02/2015 04:00:00,66.96000,@CL,-1,1,1160.00,1.8300,1370.0000,-2540.0000,
TRADE,02/03/2015 14:00:00,66.33000,05/03/2015 04:00:00,67.65000,@CL,1,1,1320.00,1.9400,1490.0000,-1050.0000,
TRADE,06/03/2015 12:00:00,66.03000,11/03/2015 02:00:00,64.77000,@CL,-1,1,1260.00,1.2400,2000.0000,-590.0000,
TRADE,18/03/2015 17:00:00,60.94000,23/03/2015 08:00:00,59.31000,@CL,1,1,-1630.00,2.6200,330.0000,-2610.0000,
TRADE,23/03/2015 12:00:00,60.69000,26/03/2015,65.12000,@CL,1,1,4430.00,1.1500,3050.0000,-330.0000,
TRADE,27/03/2015 17:00:00,62.22000,01/04/2015 08:00:00,61.07000,@CL,-1,1,1150.00,1.6200,1330.0000,-780.0000,
TRADE,01/04/2015 14:00:00,63.56000,07/04/2015 04:00:00,65.70000,@CL,1,1,2140.00,1.9700,2520.0000,-1610.0000,
TRADE,08/04/2015 14:00:00,65.33000,10/04/2015 04:00:00,64.45000,@CL,-1,1,880.00,1.5300,1120.0000,-580.0000,
TRADE,13/04/2015 06:00:00,66.51000,15/04/2015 20:00:00,69.76000,@CL,1,1,3250.00,1.2700,4020.0000,-1150.0000,
TRADE,20/04/2015 10:00:00,69.13000,23/04/2015,68.95000,@CL,-1,1,180.00,1.3800,960.0000,-1940.0000,
TRADE,23/04/2015 14:00:00,70.46000,28/04/2015 04:00:00,68.69000,@CL,1,1,-1770.00,1.0100,390.0000,-1950.0000,
TRADE,28/04/2015 14:00:00,69.57000,01/05/2015 04:00:00,72.17000,@CL,1,1,2600.00,1.0600,2770.0000,-590.0000,
TRADE,07/05/2015 12:00:00,72.20000,12/05/2015 02:00:00,71.65000,@CL,-1,1,550.00,1.6600,1620.0000,-190.0000,
TRADE,12/05/2015 12:00:00,72.16000,15/05/2015 02:00:00,72.16000,@CL,-1,1,0.00,1.0400,360.0000,-2130.0000,
TRADE,21/05/2015 12:00:00,71.44000,26/05/2015 06:00:00,71.11000,@CL,1,1,-330.00,0.8100,980.0000,-860.0000,
TRADE,29/05/2015 14:00:00,71.01000,03/06/2015 04:00:00,72.33000,@CL,1,1,1320.00,1.4500,2050.0000,-200.0000,
TRADE,03/06/2015 16:00:00,71.14000,04/06/2015 22:00:00,69.43000,@CL,-1,1,1710.00,0.9100,1830.0000,-280.0000,
TRADE,09/06/2015 10:00:00,70.79000,12/06/2015,71.97000,@CL,1,1,1180.00,0.8100,2510.0000,-310.0000,
TRADE,17/06/2015 14:00:00,70.74000,22/06/2015 04:00:00,71.08000,@CL,-1,1,-340.00,1.9500,430.0000,-1660.0000,
TRADE,22/06/2015 12:00:00,70.74000,25/06/2015 02:00:00,71.36000,@CL,-1,1,-620.00,1.0700,400.0000,-1900.0000,
TRADE,26/06/2015 04:00:00,70.85000,30/06/2015 17:00:00,70.39000,@CL,1,1,-460.00,0.2100,180.0000,-1840.0000,
TRADE,12/07/2015 22:00:00,63.18000,15/07/2015 12:00:00,63.26000,@CL,-1,1,-80.00,1.0800,1230.0000,-1390.0000,
TRADE,29/07/2015 14:00:00,59.88000,03/08/2015 04:00:00,57.37000,@CL,1,1,-2510.00,1.9600,370.0000,-2780.0000,
TRADE,27/08/2015 14:00:00,51.83000,01/09/2015 04:00:00,57.94000,@CL,1,1,6110.00,1.4600,7710.0000,-40.0000,
TRADE,02/09/2015 14:00:00,53.69000,07/09/2015 04:00:00,55.89000,@CL,-1,1,-2200.00,2.2700,80.0000,-4940.0000,
TRADE,08/09/2015 06:00:00,54.96000,10/09/2015 20:00:00,55.92000,@CL,1,1,960.00,0.6500,1660.0000,-1390.0000,
TRADE,16/09/2015 06:00:00,55.37000,20/09/2015 20:00:00,55.22000,@CL,1,1,-150.00,0.5000,2550.0000,-870.0000,
TRADE,21/09/2015 04:00:00,55.51000,23/09/2015 17:00:00,54.61000,@CL,1,1,-900.00,0.3700,1550.0000,-1190.0000,
TRADE,25/09/2015 12:00:00,56.17000,30/09/2015 02:00:00,54.64000,@CL,1,1,-1530.00,1.2400,60.0000,-1960.0000,
TRADE,30/09/2015 14:00:00,55.36000,05/10/2015 04:00:00,55.72000,@CL,1,1,360.00,1.1200,1650.0000,-1480.0000,
TRADE,06/10/2015 06:00:00,55.70000,08/10/2015 20:00:00,59.60000,@CL,-1,1,-3900.00,0.6500,10.0000,-4280.0000,
TRADE,12/10/2015 12:00:00,58.57000,13/10/2015 22:00:00,56.62000,@CL,-1,1,1950.00,1.2700,2220.0000,-300.0000,
TRADE,28/10/2015 14:00:00,54.92000,02/11/2015 04:00:00,55.74000,@CL,1,1,820.00,2.0500,1470.0000,-400.0000,
TRADE,20/11/2015 16:00:00,50.73000,25/11/2015 06:00:00,50.73000,@CL,1,1,0.00,1.1200,1040.0000,-2010.0000,
TRADE,25/11/2015 12:00:00,50.24000,30/11/2015 10:00:00,50.21000,@CL,-1,1,30.00,0.6200,430.0000,-1370.0000,
TRADE,15/12/2015 12:00:00,45.27000,18/12/2015 02:00:00,43.20000,@CL,1,1,-2070.00,1.3000,920.0000,-2230.0000,
TRADE,23/12/2015 10:00:00,43.83000,29/12/2015 04:00:00,44.03000,@CL,1,1,200.00,0.3700,1530.0000,-150.0000,
TRADE,31/12/2015 14:00:00,44.79000,06/01/2016 04:00:00,43.12000,@CL,1,1,-1670.00,1.2700,680.0000,-1970.0000,
TRADE,22/01/2016 04:00:00,36.94000,26/01/2016 17:00:00,37.33000,@CL,1,1,390.00,1.2000,1910.0000,-1580.0000,
TRADE,01/02/2016 12:00:00,38.29000,03/02/2016 04:00:00,35.90000,@CL,-1,1,2390.00,0.7400,2780.0000,-220.0000,
TRADE,05/02/2016 12:00:00,37.44000,05/02/2016 12:00:00,37.44000,@CL,1,1,0.00,1.5300,0.0000,0.0000,
TRADE,05/02/2016 12:00:00,37.44000,09/02/2016 22:00:00,34.50000,@CL,-1,1,2940.00,1.5300,3590.0000,-800.0000,
TRADE,12/02/2016 14:00:00,34.97000,17/02/2016 08:00:00,35.85000,@CL,1,1,880.00,1.9900,2670.0000,-160.0000,
TRADE,19/02/2016 12:00:00,35.91000,24/02/2016 02:00:00,35.14000,@CL,-1,1,770.00,0.7700,860.0000,-1880.0000,
TRADE,25/02/2016 16:00:00,37.02000,01/03/2016 06:00:00,38.06000,@CL,1,1,1040.00,1.7700,1620.0000,-750.0000,
TRADE,16/03/2016 14:00:00,41.67000,18/03/2016 08:00:00,44.66000,@CL,1,1,2990.00,0.6500,2750.0000,-10.0000,
TRADE,23/03/2016 12:00:00,43.01000,24/03/2016 04:00:00,41.73000,@CL,-1,1,1280.00,0.7800,1070.0000,-270.0000,
TRADE,06/04/2016 14:00:00,40.20000,11/04/2016 04:00:00,42.15000,@CL,1,1,1950.00,1.1800,2760.0000,-1020.0000,
TRADE,15/04/2016 10:00:00,43.06000,17/04/2016 20:00:00,40.82000,@CL,-1,1,2240.00,0.6100,2020.0000,-130.0000,
TRADE,19/04/2016 14:00:00,43.61000,22/04/2016 04:00:00,44.92000,@CL,1,1,1310.00,0.8400,2020.0000,-1170.0000,
TRADE,25/04/2016 17:00:00,44.02000,28/04/2016 08:00:00,46.44000,@CL,-1,1,-2420.00,0.4900,380.0000,-2740.0000,
TRADE,02/05/2016 12:00:00,46.45000,04/05/2016,44.69000,@CL,-1,1,1760.00,1.0700,1990.0000,-190.0000,
TRADE,05/05/2016 06:00:00,46.43000,09/05/2016 20:00:00,44.39000,@CL,1,1,-2040.00,0.7100,780.0000,-2050.0000,
TRADE,11/05/2016 14:00:00,47.11000,16/05/2016 04:00:00,47.95000,@CL,1,1,840.00,2.1000,1050.0000,-360.0000,
TRADE,19/05/2016,48.43000,23/05/2016 14:00:00,48.11000,@CL,-1,1,320.00,0.6600,710.0000,-1320.0000,
TRADE,27/05/2016 12:00:00,49.32000,01/06/2016 06:00:00,49.06000,@CL,-1,1,260.00,0.5000,310.0000,-1240.0000,
TRADE,06/06/2016 12:00:00,50.22000,09/06/2016 02:00:00,52.00000,@CL,1,1,1780.00,0.6900,1910.0000,-650.0000,
TRADE,10/06/2016 04:00:00,50.65000,13/06/2016 22:00:00,48.85000,@CL,-1,1,1800.00,0.3400,2030.0000,-60.0000,
TRADE,22/06/2016 16:00:00,48.55000,27/06/2016 06:00:00,47.82000,@CL,-1,1,730.00,0.8500,1920.0000,-1830.0000,
TRADE,29/06/2016 14:00:00,49.04000,04/07/2016 04:00:00,49.14000,@CL,1,1,100.00,1.2900,890.0000,-1210.0000,
TRADE,05/07/2016,48.20000,07/07/2016 14:00:00,46.27000,@CL,-1,1,1930.00,0.4300,2350.0000,-160.0000,
TRADE,12/07/2016 14:00:00,46.62000,15/07/2016 04:00:00,45.17000,@CL,1,1,-1450.00,1.2300,240.0000,-2130.0000,
TRADE,15/07/2016 12:00:00,46.01000,20/07/2016 02:00:00,44.84000,@CL,1,1,-1170.00,0.5700,250.0000,-1500.0000,
TRADE,04/08/2016 06:00:00,40.14000,04/08/2016 06:00:00,40.14000,@CL,1,1,0.00,0.4100,0.0000,0.0000,
TRADE,04/08/2016 06:00:00,40.14000,08/08/2016 20:00:00,42.06000,@CL,-1,1,-1920.00,0.4100,480.0000,-2480.0000,
TRADE,10/08/2016 14:00:00,41.16000,15/08/2016 04:00:00,44.12000,@CL,-1,1,-2960.00,1.5700,830.0000,-3020.0000,
TRADE,22/08/2016 10:00:00,46.35000,24/08/2016 22:00:00,45.26000,@CL,-1,1,1090.00,0.4500,1400.0000,-470.0000,
TRADE,26/08/2016 14:00:00,46.04000,31/08/2016 04:00:00,44.79000,@CL,1,1,-1250.00,1.5200,210.0000,-1790.0000,
TRADE,05/09/2016 06:00:00,43.65000,08/09/2016,44.83000,@CL,1,1,1180.00,1.7600,1380.0000,-1310.0000,
TRADE,09/09/2016 16:00:00,44.49000,12/09/2016 04:00:00,43.49000,@CL,-1,1,1000.00,0.6100,960.0000,-90.0000,
TRADE,12/09/2016 12:00:00,44.11000,15/09/2016 02:00:00,42.16000,@CL,1,1,-1950.00,0.9800,900.0000,-2190.0000,
TRADE,20/09/2016 22:00:00,42.77000,23/09/2016 12:00:00,44.07000,@CL,1,1,1300.00,0.7100,1670.0000,-170.0000,
TRADE,23/09/2016 14:00:00,42.92000,28/09/2016 04:00:00,42.66000,@CL,-1,1,260.00,1.5200,840.0000,-1170.0000,
TRADE,07/10/2016 16:00:00,47.69000,12/10/2016 06:00:00,48.87000,@CL,-1,1,-1180.00,0.5300,650.0000,-1800.0000,
TRADE,12/10/2016 12:00:00,48.12000,17/10/2016 02:00:00,48.10000,@CL,-1,1,20.00,1.1600,870.0000,-910.0000,
TRADE,20/10/2016 12:00:00,48.37000,25/10/2016 02:00:00,47.92000,@CL,-1,1,450.00,0.4000,1290.0000,-130.0000,
TRADE,09/11/2016 14:00:00,43.27000,14/11/2016 04:00:00,40.74000,@CL,1,1,-2530.00,1.4800,100.0000,-2780.0000,
TRADE,15/11/2016 10:00:00,42.03000,18/11/2016,42.40000,@CL,1,1,370.00,0.5800,2020.0000,-190.0000,
TRADE,25/11/2016 02:00:00,44.54000,29/11/2016 20:00:00,42.17000,@CL,-1,1,2370.00,0.3700,2790.0000,-110.0000,
TRADE,06/12/2016 12:00:00,47.50000,09/12/2016 02:00:00,47.97000,@CL,-1,1,-470.00,0.8800,960.0000,-630.0000,
TRADE,09/12/2016 04:00:00,48.09000,11/12/2016 20:00:00,50.92000,@CL,1,1,2830.00,0.2600,1420.0000,-220.0000,
TRADE,14/12/2016 12:00:00,48.84000,15/12/2016 20:00:00,46.96000,@CL,-1,1,1880.00,0.4400,1960.0000,-870.0000,
TRADE,20/12/2016 10:00:00,49.25000,23/12/2016,48.50000,@CL,1,1,-750.00,0.3200,400.0000,-1310.0000,
TRADE,27/12/2016 06:00:00,49.12000,29/12/2016 20:00:00,49.73000,@CL,1,1,610.00,0.3400,1110.0000,-170.0000,
TRADE,30/12/2016 12:00:00,49.51000,04/01/2017 02:00:00,48.59000,@CL,-1,1,920.00,0.3900,1540.0000,-1590.0000,
TRADE,12/01/2017 10:00:00,48.80000,17/01/2017 04:00:00,48.15000,@CL,1,1,-650.00,0.4300,560.0000,-820.0000,
TRADE,17/01/2017 22:00:00,48.40000,19/01/2017,47.40000,@CL,-1,1,1000.00,0.8700,1600.0000,-290.0000,
TRADE,20/01/2017 12:00:00,48.44000,25/01/2017 02:00:00,48.10000,@CL,1,1,-340.00,0.7600,310.0000,-1150.0000,
TRADE,25/01/2017 06:00:00,47.92000,29/01/2017 20:00:00,48.23000,@CL,-1,1,-310.00,0.3500,280.0000,-1240.0000,
TRADE,30/01/2017 12:00:00,47.85000,02/02/2017 02:00:00,48.65000,@CL,-1,1,-800.00,0.6700,530.0000,-1140.0000,
TRADE,06/02/2017 14:00:00,48.24000,08/02/2017 02:00:00,46.66000,@CL,-1,1,1580.00,0.6300,1940.0000,-170.0000,
TRADE,10/02/2017 04:00:00,48.21000,14/02/2017 17:00:00,48.25000,@CL,1,1,40.00,0.1600,1000.0000,-360.0000,
TRADE,16/02/2017 06:00:00,48.24000,21/02/2017,48.77000,@CL,-1,1,-530.00,0.3200,480.0000,-690.0000,
TRADE,22/02/2017 12:00:00,48.27000,27/02/2017 02:00:00,48.93000,@CL,-1,1,-660.00,0.5500,230.0000,-1360.0000,
TRADE,07/03/2017 12:00:00,48.27000,10/03/2017 02:00:00,44.33000,@CL,1,1,-3940.00,0.3800,70.0000,-4990.0000,
TRADE,16/03/2017 06:00:00,44.16000,20/03/2017 20:00:00,43.11000,@CL,1,1,-1050.00,0.5000,50.0000,-1500.0000,
TRADE,28/03/2017 14:00:00,42.87000,31/03/2017 04:00:00,44.30000,@CL,1,1,1430.00,0.6200,1800.0000,-380.0000,
TRADE,17/04/2017 02:00:00,46.95000,19/04/2017 16:00:00,44.86000,@CL,-1,1,2090.00,0.2800,2230.0000,-460.0000,
TRADE,10/05/2017 14:00:00,41.23000,15/05/2017 04:00:00,42.34000,@CL,1,1,1110.00,1.1400,1210.0000,-260.0000,
TRADE,13/06/2017 12:00:00,39.32000,15/06/2017 04:00:00,38.11000,@CL,-1,1,1210.00,0.2700,1460.0000,-650.0000,
TRADE,27/06/2017 06:00:00,36.79000,29/06/2017 20:00:00,38.07000,@CL,1,1,1280.00,0.3500,1840.0000,-60.0000,
TRADE,11/07/2017 20:00:00,38.92000,14/07/2017 10:00:00,39.57000,@CL,1,1,650.00,0.7600,800.0000,-750.0000,
TRADE,18/07/2017 06:00:00,39.14000,20/07/2017 20:00:00,39.88000,@CL,-1,1,-740.00,0.2700,90.0000,-1570.0000,
TRADE,21/07/2017 10:00:00,39.44000,26/07/2017,41.26000,@CL,-1,1,-1820.00,0.8100,1070.0000,-2190.0000,
TRADE,01/08/2017 14:00:00,41.53000,04/08/2017 04:00:00,41.85000,@CL,-1,1,-320.00,1.3300,30.0000,-1400.0000,
TRADE,04/08/2017 10:00:00,41.78000,09/08/2017,41.91000,@CL,1,1,130.00,0.4300,980.0000,-270.0000,
TRADE,10/08/2017 16:00:00,41.68000,14/08/2017 22:00:00,40.56000,@CL,-1,1,1120.00,0.7500,1280.0000,-450.0000,
TRADE,18/08/2017 14:00:00,40.80000,23/08/2017 04:00:00,40.53000,@CL,1,1,-270.00,1.0900,930.0000,-770.0000,
TRADE,23/08/2017 12:00:00,40.60000,28/08/2017 02:00:00,40.50000,@CL,-1,1,100.00,0.2700,720.0000,-720.0000,
TRADE,28/08/2017 12:00:00,39.97000,31/08/2017 02:00:00,38.77000,@CL,1,1,-1200.00,0.5600,50.0000,-1570.0000,
TRADE,31/08/2017 14:00:00,39.97000,05/09/2017 08:00:00,40.61000,@CL,1,1,640.00,0.7700,720.0000,-590.0000,
TRADE,08/09/2017 14:00:00,40.99000,13/09/2017 04:00:00,41.06000,@CL,-1,1,-70.00,0.9800,1170.0000,-270.0000,
TRADE,18/09/2017 14:00:00,42.26000,21/09/2017 04:00:00,42.90000,@CL,-1,1,-640.00,0.7400,260.0000,-1120.0000,
TRADE,21/09/2017 10:00:00,42.40000,26/09/2017,44.38000,@CL,-1,1,-1980.00,0.5100,60.0000,-2150.0000,
TRADE,28/09/2017 14:00:00,43.82000,02/10/2017 22:00:00,42.81000,@CL,-1,1,1010.00,1.1100,1480.0000,-220.0000,
TRADE,05/10/2017 14:00:00,43.26000,10/10/2017 04:00:00,41.88000,@CL,1,1,-1380.00,0.8200,20.0000,-1890.0000,
TRADE,10/10/2017 10:00:00,42.45000,13/10/2017,43.12000,@CL,1,1,670.00,0.3800,1240.0000,-120.0000,
TRADE,17/10/2017 14:00:00,43.68000,20/10/2017 04:00:00,43.73000,@CL,-1,1,-50.00,0.9900,360.0000,-920.0000,
TRADE,24/10/2017 12:00:00,44.24000,27/10/2017 02:00:00,44.66000,@CL,-1,1,-420.00,0.3200,420.0000,-660.0000,
TRADE,10/11/2017 16:00:00,48.88000,15/11/2017,47.15000,@CL,-1,1,1730.00,0.5400,2030.0000,-310.0000,
TRADE,20/11/2017 14:00:00,48.01000,23/11/2017 04:00:00,49.77000,@CL,-1,1,-1760.00,0.5800,120.0000,-1990.0000,
TRADE,27/11/2017 14:00:00,49.78000,30/11/2017 04:00:00,49.34000,@CL,-1,1,440.00,0.5100,1180.0000,-440.0000,
TRADE,01/12/2017 12:00:00,50.54000,06/12/2017 02:00:00,49.24000,@CL,1,1,-1300.00,0.9300,190.0000,-1610.0000,
TRADE,08/12/2017 10:00:00,49.48000,13/12/2017,49.38000,@CL,1,1,-100.00,0.7300,930.0000,-780.0000,
TRADE,13/12/2017 12:00:00,49.07000,18/12/2017 02:00:00,49.22000,@CL,-1,1,-150.00,0.6700,1130.0000,-250.0000,
TRADE,18/12/2017 04:00:00,49.45000,20/12/2017 17:00:00,49.88000,@CL,1,1,430.00,0.3100,480.0000,-760.0000,
TRADE,05/01/2018 14:00:00,53.21000,10/01/2018 04:00:00,55.23000,@CL,-1,1,-2020.00,0.5700,70.0000,-2130.0000,
TRADE,16/01/2018 16:00:00,55.75000,19/01/2018 06:00:00,55.21000,@CL,-1,1,540.00,0.6400,1110.0000,-390.0000,
TRADE,22/01/2018 14:00:00,55.58000,25/01/2018 04:00:00,58.08000,@CL,1,1,2500.00,0.9200,2630.0000,-670.0000,
TRADE,29/01/2018 12:00:00,57.44000,31/01/2018 02:00:00,55.82000,@CL,-1,1,1620.00,0.5500,1910.0000,-100.0000,
TRADE,01/02/2018 12:00:00,57.20000,06/02/2018 02:00:00,55.20000,@CL,1,1,-2000.00,0.4300,960.0000,-2050.0000,
TRADE,21/02/2018 17:00:00,53.13000,26/02/2018 08:00:00,55.60000,@CL,-1,1,-2470.00,0.7900,350.0000,-2800.0000,
TRADE,27/02/2018 14:00:00,54.82000,01/03/2018 04:00:00,53.76000,@CL,-1,1,1060.00,1.1400,1430.0000,-650.0000,
TRADE,05/03/2018 14:00:00,54.71000,08/03/2018 04:00:00,53.21000,@CL,1,1,-1500.00,1.3400,600.0000,-2100.0000,
TRADE,09/03/2018 14:00:00,53.86000,14/03/2018 04:00:00,52.77000,@CL,1,1,-1090.00,1.0100,500.0000,-1560.0000,
TRADE,16/03/2018 14:00:00,54.23000,21/03/2018 04:00:00,55.59000,@CL,1,1,1360.00,1.3500,1720.0000,-810.0000,
TRADE,27/03/2018 17:00:00,56.77000,02/04/2018 08:00:00,57.13000,@CL,-1,1,-360.00,0.7200,1080.0000,-620.0000,
TRADE,10/04/2018 02:00:00,55.74000,11/04/2018 12:00:00,59.35000,@CL,1,1,3610.00,0.5400,2670.0000,-10.0000,
TRADE,23/04/2018 12:00:00,59.28000,26/04/2018 02:00:00,60.39000,@CL,-1,1,-1110.00,1.1200,190.0000,-2080.0000,
TRADE,26/04/2018 14:00:00,59.83000,01/05/2018 04:00:00,60.74000,@CL,-1,1,-910.00,0.6600,680.0000,-1490.0000,
TRADE,01/05/2018 12:00:00,59.55000,04/05/2018 02:00:00,60.34000,@CL,-1,1,-790.00,0.5700,720.0000,-1090.0000,
TRADE,04/05/2018 10:00:00,60.59000,09/05/2018,62.57000,@CL,1,1,1980.00,0.5100,2230.0000,-980.0000,
TRADE,11/05/2018 17:00:00,62.52000,16/05/2018 08:00:00,63.05000,@CL,-1,1,-530.00,0.6700,280.0000,-1380.0000,
TRADE,18/05/2018 14:00:00,63.38000,23/05/2018 04:00:00,63.82000,@CL,-1,1,-440.00,0.3300,390.0000,-1420.0000,
TRADE,31/05/2018 12:00:00,59.11000,04/06/2018 04:00:00,57.60000,@CL,-1,1,1510.00,1.0200,1700.0000,-960.0000,
TRADE,11/06/2018 10:00:00,56.94000,14/06/2018,58.59000,@CL,-1,1,-1650.00,0.4200,80.0000,-1850.0000,
TRADE,15/06/2018 12:00:00,57.84000,20/06/2018 02:00:00,57.23000,@CL,-1,1,610.00,1.0000,2330.0000,-90.0000,
TRADE,20/06/2018 12:00:00,57.79000,25/06/2018 02:00:00,60.52000,@CL,1,1,2730.00,0.9900,3700.0000,-1340.0000,
TRADE,03/07/2018 14:00:00,65.77000,06/07/2018 08:00:00,64.85000,@CL,-1,1,920.00,1.9700,1130.0000,-1240.0000,
TRADE,10/07/2018 12:00:00,66.59000,12/07/2018 12:00:00,61.59000,@CL,1,1,-5000.00,0.6600,60.0000,-4600.0000,
TRADE,19/07/2018 14:00:00,61.01000,24/07/2018 04:00:00,60.75000,@CL,1,1,-260.00,1.0000,1330.0000,-460.0000,
TRADE,27/07/2018 16:00:00,61.51000,01/08/2018 06:00:00,61.32000,@CL,-1,1,190.00,1.1400,500.0000,-1950.0000,
TRADE,08/08/2018 10:00:00,61.50000,08/08/2018 22:00:00,59.80000,@CL,-1,1,1700.00,0.8900,2150.0000,-120.0000,
TRADE,14/08/2018 12:00:00,60.93000,17/08/2018 02:00:00,58.47000,@CL,1,1,-2460.00,0.5400,240.0000,-3470.0000,
TRADE,21/08/2018 12:00:00,59.90000,24/08/2018 02:00:00,61.89000,@CL,1,1,1990.00,0.8800,2010.0000,-600.0000,
TRADE,04/09/2018 17:00:00,62.91000,06/09/2018 22:00:00,61.55000,@CL,-1,1,1360.00,1.0300,2300.0000,-290.0000,
TRADE,11/09/2018 14:00:00,62.75000,14/09/2018 04:00:00,62.35000,@CL,1,1,-400.00,1.4900,2120.0000,-790.0000,
TRADE,17/09/2018 14:00:00,62.44000,20/09/2018 04:00:00,65.04000,@CL,-1,1,-2600.00,1.0200,310.0000,-2750.0000,
TRADE,26/09/2018 16:00:00,65.33000,01/10/2018 06:00:00,67.18000,@CL,-1,1,-1850.00,0.5300,10.0000,-2240.0000,
TRADE,03/10/2018 14:00:00,69.30000,08/10/2018 04:00:00,67.67000,@CL,-1,1,1630.00,1.5300,1930.0000,-1440.0000,
TRADE,08/10/2018 14:00:00,67.83000,11/10/2018 04:00:00,65.95000,@CL,1,1,-1880.00,0.7100,1290.0000,-2190.0000,
TRADE,16/11/2018 16:00:00,50.55000,20/11/2018 20:00:00,47.09000,@CL,-1,1,3460.00,1.0900,4080.0000,-730.0000,
TRADE,02/12/2018 22:00:00,46.29000,05/12/2018 12:00:00,47.19000,@CL,1,1,900.00,2.1300,1960.0000,-540.0000,
TRADE,07/12/2018 12:00:00,47.33000,12/12/2018 02:00:00,45.98000,@CL,1,1,-1350.00,2.6900,590.0000,-3100.0000,
TRADE,12/12/2018 12:00:00,46.12000,12/12/2018 12:00:00,46.12000,@CL,1,1,0.00,0.6500,0.0000,0.0000,
TRADE,12/12/2018 12:00:00,46.12000,13/12/2018 04:00:00,44.88000,@CL,-1,1,1240.00,0.6500,1480.0000,-180.0000,
TRADE,13/12/2018 17:00:00,46.61000,18/12/2018 06:00:00,41.61000,@CL,1,1,-5000.00,1.2400,360.0000,-4350.0000,
TRADE,26/12/2018 17:00:00,40.40000,31/12/2018 08:00:00,39.22000,@CL,1,1,-1180.00,1.5100,10.0000,-2600.0000,
TRADE,02/01/2019 14:00:00,40.59000,07/01/2019 04:00:00,42.20000,@CL,1,1,1610.00,2.9000,2060.0000,-1810.0000,
TRADE,17/01/2019 10:00:00,44.63000,22/01/2019 04:00:00,46.81000,@CL,-1,1,-2180.00,0.6700,220.0000,-3070.0000,
TRADE,22/01/2019 12:00:00,45.83000,25/01/2019 02:00:00,46.99000,@CL,-1,1,-1160.00,0.7600,780.0000,-1300.0000,
TRADE,29/01/2019 14:00:00,46.62000,01/02/2019 04:00:00,46.91000,@CL,1,1,290.00,0.8800,1940.0000,-370.0000,
TRADE,04/02/2019 14:00:00,47.40000,07/02/2019 04:00:00,46.95000,@CL,-1,1,450.00,1.0200,1350.0000,-1000.0000,
TRADE,12/02/2019 12:00:00,46.88000,15/02/2019 02:00:00,47.90000,@CL,1,1,1020.00,0.6300,1320.0000,-740.0000,
TRADE,25/02/2019 10:00:00,49.11000,25/02/2019 22:00:00,47.95000,@CL,-1,1,1160.00,1.2500,1230.0000,-50.0000,
TRADE,27/02/2019 10:00:00,49.59000,04/03/2019,48.85000,@CL,1,1,-740.00,0.6600,1090.0000,-1220.0000,
TRADE,05/03/2019 14:00:00,49.32000,08/03/2019 04:00:00,49.03000,@CL,-1,1,290.00,0.6300,1100.0000,-470.0000,
TRADE,11/03/2019 22:00:00,49.78000,11/03/2019 22:00:00,49.78000,@CL,1,1,0.00,0.3500,0.0000,0.0000,
TRADE,11/03/2019 22:00:00,49.78000,14/03/2019 12:00:00,51.41000,@CL,-1,1,-1630.00,0.3500,230.0000,-1690.0000,
TRADE,15/03/2019 12:00:00,50.96000,20/03/2019 02:00:00,51.63000,@CL,-1,1,-670.00,0.7200,370.0000,-1400.0000,
TRADE,20/03/2019 10:00:00,51.25000,25/03/2019,50.96000,@CL,-1,1,290.00,0.5700,470.0000,-1640.0000,
TRADE,26/03/2019 12:00:00,52.83000,29/03/2019 02:00:00,52.11000,@CL,1,1,-720.00,0.6000,50.0000,-2130.0000,
TRADE,29/03/2019 10:00:00,52.68000,02/04/2019 22:00:00,55.31000,@CL,1,1,2630.00,0.4700,2570.0000,-430.0000,
TRADE,11/04/2019 12:00:00,56.53000,16/04/2019 02:00:00,55.82000,@CL,-1,1,710.00,0.5400,1000.0000,-620.0000,
TRADE,16/04/2019 06:00:00,55.89000,21/04/2019 20:00:00,56.46000,@CL,1,1,570.00,0.2500,1220.0000,-400.0000,
TRADE,25/04/2019 17:00:00,57.37000,28/04/2019 22:00:00,55.22000,@CL,-1,1,2150.00,0.9000,2700.0000,-200.0000,
TRADE,30/04/2019 12:00:00,56.35000,03/05/2019 02:00:00,54.09000,@CL,1,1,-2260.00,0.8800,180.0000,-3010.0000,
TRADE,13/05/2019 16:00:00,53.36000,16/05/2019 06:00:00,54.69000,@CL,-1,1,-1330.00,0.6800,280.0000,-1580.0000,
TRADE,21/05/2019 22:00:00,54.99000,22/05/2019 22:00:00,53.55000,@CL,-1,1,1440.00,0.3900,1760.0000,-40.0000,
TRADE,07/06/2019 14:00:00,46.31000,12/06/2019 04:00:00,44.50000,@CL,1,1,-1810.00,1.3200,730.0000,-1890.0000,
TRADE,18/06/2019 12:00:00,45.39000,21/06/2019 02:00:00,49.01000,@CL,1,1,3620.00,1.4000,4360.0000,-110.0000,
TRADE,28/06/2019 17:00:00,49.96000,03/07/2019 08:00:00,48.68000,@CL,-1,1,1280.00,1.6200,1960.0000,-2280.0000,
TRADE,08/07/2019 12:00:00,49.96000,11/07/2019 02:00:00,52.64000,@CL,1,1,2680.00,0.8400,2830.0000,-710.0000,
TRADE,15/07/2019 14:00:00,51.70000,17/07/2019,49.66000,@CL,-1,1,2040.00,0.9600,2670.0000,-320.0000,
TRADE,23/07/2019 20:00:00,49.05000,26/07/2019 10:00:00,48.30000,@CL,1,1,-750.00,0.6200,410.0000,-1900.0000,
TRADE,26/07/2019 12:00:00,48.04000,31/07/2019 02:00:00,50.27000,@CL,-1,1,-2230.00,0.5300,540.0000,-2310.0000,
TRADE,01/08/2019 12:00:00,48.68000,05/08/2019 06:00:00,46.75000,@CL,-1,1,1930.00,1.2300,3270.0000,-260.0000,
TRADE,09/08/2019 12:00:00,46.10000,14/08/2019 02:00:00,48.23000,@CL,1,1,2130.00,1.7500,3190.0000,-740.0000,
TRADE,14/08/2019 14:00:00,46.01000,19/08/2019 04:00:00,47.18000,@CL,-1,1,-1170.00,1.3300,420.0000,-1480.0000,
TRADE,22/08/2019 14:00:00,46.82000,27/08/2019 04:00:00,45.72000,@CL,-1,1,1100.00,1.1100,1990.0000,-920.0000,
TRADE,27/08/2019 20:00:00,47.58000,30/08/2019 10:00:00,47.82000,@CL,1,1,240.00,0.8300,1180.0000,-370.0000,
TRADE,30/08/2019 14:00:00,46.98000,04/09/2019 08:00:00,46.08000,@CL,-1,1,900.00,1.8700,2270.0000,-210.0000,
TRADE,04/09/2019 12:00:00,47.38000,09/09/2019 02:00:00,49.02000,@CL,1,1,1640.00,1.0200,2250.0000,-680.0000,
TRADE,11/09/2019 14:00:00,48.12000,12/09/2019 22:00:00,46.76000,@CL,-1,1,1360.00,2.1000,2250.0000,-160.0000,
TRADE,15/09/2019 22:00:00,53.22000,18/09/2019 12:00:00,50.51000,@CL,1,1,-2710.00,8.5200,2030.0000,-3250.0000,
TRADE,19/09/2019 12:00:00,50.77000,24/09/2019 02:00:00,50.48000,@CL,-1,1,290.00,1.0600,1290.0000,-730.0000,
TRADE,07/10/2019 14:00:00,45.77000,10/10/2019 04:00:00,44.68000,@CL,1,1,-1090.00,0.6800,100.0000,-2280.0000,
TRADE,14/10/2019 12:00:00,45.23000,17/10/2019 02:00:00,45.04000,@CL,-1,1,190.00,0.7400,730.0000,-670.0000,
TRADE,21/10/2019 12:00:00,45.21000,24/10/2019 02:00:00,47.51000,@CL,-1,1,-2300.00,0.9000,190.0000,-2870.0000,
TRADE,28/10/2019 16:00:00,47.88000,31/10/2019 06:00:00,47.38000,@CL,-1,1,500.00,0.5700,1450.0000,-60.0000,
TRADE,01/11/2019 16:00:00,47.68000,06/11/2019 06:00:00,48.90000,@CL,1,1,1220.00,0.8600,1830.0000,-80.0000,
TRADE,06/11/2019 14:00:00,48.33000,11/11/2019 04:00:00,48.62000,@CL,-1,1,-290.00,1.6500,560.0000,-1560.0000,
TRADE,14/11/2019 14:00:00,49.01000,19/11/2019 04:00:00,48.84000,@CL,-1,1,170.00,0.8900,570.0000,-1060.0000,
TRADE,21/11/2019 12:00:00,49.82000,26/11/2019 02:00:00,49.88000,@CL,1,1,60.00,0.8000,820.0000,-710.0000,
TRADE,27/11/2019 14:00:00,49.69000,02/12/2019 02:00:00,47.97000,@CL,-1,1,1720.00,0.9600,2770.0000,-510.0000,
TRADE,04/12/2019 12:00:00,49.97000,09/12/2019 02:00:00,50.81000,@CL,1,1,840.00,1.1800,1780.0000,-370.0000,
TRADE,11/12/2019 14:00:00,50.45000,16/12/2019 04:00:00,51.82000,@CL,-1,1,-1370.00,1.1100,60.0000,-1930.0000,
TRADE,20/12/2019 12:00:00,52.54000,26/12/2019 06:00:00,53.22000,@CL,-1,1,-680.00,0.7000,550.0000,-970.0000,
TRADE,30/12/2019 14:00:00,53.66000,03/01/2020 04:00:00,54.83000,@CL,-1,1,-1170.00,0.9800,1060.0000,-2150.0000,
TRADE,07/01/2020 14:00:00,54.45000,09/01/2020 02:00:00,52.10000,@CL,-1,1,2350.00,0.7500,3330.0000,-3170.0000,
TRADE,19/01/2020 22:00:00,51.19000,22/01/2020 16:00:00,48.96000,@CL,1,1,-2230.00,0.9300,30.0000,-2650.0000,
TRADE,06/02/2020 06:00:00,43.91000,09/02/2020 20:00:00,42.07000,@CL,-1,1,1840.00,0.5900,1860.0000,-40.0000,
TRADE,12/02/2020 12:00:00,43.40000,17/02/2020 02:00:00,43.95000,@CL,1,1,550.00,0.9900,940.0000,-840.0000,
TRADE,18/02/2020 06:00:00,43.31000,20/02/2020 20:00:00,45.43000,@CL,-1,1,-2120.00,0.4600,470.0000,-3040.0000,
TRADE,23/02/2020 22:00:00,43.56000,26/02/2020 12:00:00,41.76000,@CL,-1,1,1800.00,1.8000,2880.0000,-420.0000,
TRADE,02/04/2020 04:00:00,13.25000,02/04/2020 12:00:00,18.14000,@CL,1,1,4890.00,0.8100,660.0000,-240.0000,
TRADE,07/04/2020 16:00:00,16.36000,13/04/2020 06:00:00,14.23000,@CL,-1,1,2130.00,1.3800,3020.0000,-3310.0000,
TRADE,29/04/2020 14:00:00,1.64000,04/05/2020 04:00:00,4.06000,@CL,1,1,2420.00,1.6700,4490.0000,-1150.0000,
TRADE,22/05/2020 02:00:00,17.17000,26/05/2020 20:00:00,19.47000,@CL,-1,1,-2300.00,2.7600,520.0000,-2970.0000,
TRADE,27/05/2020 14:00:00,18.45000,01/06/2020 04:00:00,20.65000,@CL,-1,1,-2200.00,1.2700,1980.0000,-2780.0000,
TRADE,11/06/2020 12:00:00,22.05000,16/06/2020 02:00:00,22.24000,@CL,-1,1,-190.00,1.6100,2360.0000,-720.0000,
TRADE,16/06/2020 12:00:00,24.20000,19/06/2020 02:00:00,24.44000,@CL,1,1,240.00,1.1400,550.0000,-1800.0000,
TRADE,30/06/2020 14:00:00,24.66000,03/07/2020 04:00:00,25.25000,@CL,1,1,590.00,0.7500,1160.0000,-600.0000,
TRADE,09/07/2020 14:00:00,24.92000,14/07/2020 04:00:00,24.36000,@CL,-1,1,560.00,1.3100,1300.0000,-930.0000,
TRADE,17/07/2020 14:00:00,25.79000,22/07/2020 04:00:00,26.56000,@CL,-1,1,-770.00,0.7300,900.0000,-1640.0000,
TRADE,23/07/2020 17:00:00,26.21000,28/07/2020 08:00:00,26.30000,@CL,-1,1,-90.00,0.7400,810.0000,-640.0000,
TRADE,03/08/2020 14:00:00,25.94000,06/08/2020 04:00:00,27.33000,@CL,1,1,1390.00,0.8400,2500.0000,-880.0000,
TRADE,14/08/2020 16:00:00,26.69000,19/08/2020 06:00:00,27.47000,@CL,-1,1,-780.00,0.5100,30.0000,-1240.0000,
TRADE,20/08/2020 12:00:00,26.35000,25/08/2020 02:00:00,27.21000,@CL,-1,1,-860.00,1.1100,250.0000,-1250.0000,
TRADE,25/08/2020 12:00:00,27.86000,28/08/2020 02:00:00,27.65000,@CL,1,1,-210.00,0.7700,560.0000,-860.0000,
TRADE,28/08/2020 14:00:00,27.63000,02/09/2020 04:00:00,27.81000,@CL,-1,1,-180.00,0.4600,430.0000,-580.0000,
TRADE,15/09/2020 14:00:00,22.47000,17/09/2020 12:00:00,25.61000,@CL,1,1,3140.00,0.8400,2560.0000,-10.0000,
TRADE,21/09/2020 12:00:00,24.39000,24/09/2020 02:00:00,23.80000,@CL,-1,1,590.00,0.8100,1130.0000,-750.0000,
TRADE,24/09/2020 04:00:00,24.13000,28/09/2020 17:00:00,24.97000,@CL,1,1,840.00,0.4600,1060.0000,-310.0000,
TRADE,29/09/2020,24.65000,01/10/2020 14:00:00,22.59000,@CL,-1,1,2060.00,0.4500,2650.0000,-250.0000,
TRADE,05/10/2020 14:00:00,23.67000,08/10/2020 04:00:00,24.41000,@CL,1,1,740.00,0.8700,1580.0000,-210.0000,
TRADE,12/10/2020,24.72000,14/10/2020 14:00:00,25.22000,@CL,-1,1,-500.00,0.4700,1290.0000,-800.0000,
TRADE,20/10/2020 12:00:00,25.03000,22/10/2020 04:00:00,23.93000,@CL,-1,1,1100.00,0.6800,1210.0000,-980.0000,
TRADE,03/11/2020 06:00:00,21.68000,05/11/2020 20:00:00,22.65000,@CL,1,1,970.00,1.4300,1780.0000,-310.0000,
TRADE,06/11/2020 14:00:00,21.40000,11/11/2020 04:00:00,26.13000,@CL,-1,1,-4730.00,0.7900,230.0000,-4980.0000,
TRADE,13/11/2020,24.28000,17/11/2020 14:00:00,25.11000,@CL,-1,1,-830.00,0.6200,110.0000,-1920.0000,
TRADE,30/11/2020 04:00:00,28.53000,02/12/2020 17:00:00,29.02000,@CL,-1,1,-490.00,0.6300,720.0000,-1280.0000,
TRADE,03/12/2020 14:00:00,29.25000,08/12/2020 04:00:00,29.22000,@CL,1,1,-30.00,0.6500,1320.0000,-140.0000,
TRADE,08/12/2020 12:00:00,29.16000,11/12/2020 02:00:00,30.79000,@CL,-1,1,-1630.00,0.4800,320.0000,-2470.0000,
TRADE,14/12/2020 14:00:00,30.11000,17/12/2020 04:00:00,32.23000,@CL,-1,1,-2120.00,1.0800,10.0000,-2200.0000,
TRADE,21/12/2020,31.26000,23/12/2020 14:00:00,32.06000,@CL,-1,1,-800.00,0.9600,1420.0000,-920.0000,
TRADE,24/12/2020 02:00:00,32.18000,29/12/2020 20:00:00,31.81000,@CL,1,1,-370.00,0.4400,460.0000,-1000.0000,
TRADE,30/12/2020 12:00:00,31.95000,05/01/2021 02:00:00,31.27000,@CL,-1,1,680.00,0.8300,1090.0000,-1560.0000,
TRADE,14/01/2021 12:00:00,36.55000,19/01/2021 06:00:00,36.21000,@CL,-1,1,340.00,0.6500,1110.0000,-940.0000,
TRADE,19/01/2021 12:00:00,36.32000,22/01/2021 02:00:00,36.13000,@CL,-1,1,190.00,0.6700,470.0000,-1140.0000,
TRADE,27/01/2021 14:00:00,36.66000,01/02/2021 04:00:00,36.05000,@CL,1,1,-610.00,1.1400,550.0000,-1390.0000,
TRADE,18/02/2021 16:00:00,43.54000,23/02/2021 06:00:00,46.34000,@CL,-1,1,-2800.00,1.2600,1330.0000,-3070.0000,
TRADE,26/02/2021 12:00:00,46.22000,02/03/2021 22:00:00,43.02000,@CL,-1,1,3200.00,1.0700,3370.0000,-310.0000,
TRADE,04/03/2021 12:00:00,45.55000,07/03/2021 22:00:00,51.16000,@CL,1,1,5610.00,1.4300,5920.0000,-30.0000,
TRADE,10/03/2021 12:00:00,48.52000,15/03/2021 02:00:00,49.79000,@CL,-1,1,-1270.00,1.3900,1660.0000,-1490.0000,
TRADE,15/03/2021 12:00:00,48.05000,18/03/2021 02:00:00,47.75000,@CL,-1,1,300.00,1.2800,840.0000,-1100.0000,
TRADE,18/03/2021 10:00:00,47.74000,18/03/2021 16:00:00,42.74000,@CL,1,1,-5000.00,0.8300,50.0000,-3480.0000,
TRADE,29/03/2021 02:00:00,43.48000,31/03/2021 16:00:00,43.24000,@CL,-1,1,240.00,1.1600,790.0000,-2370.0000,
TRADE,01/04/2021 10:00:00,42.89000,07/04/2021,42.92000,@CL,-1,1,-30.00,1.6200,1680.0000,-2440.0000,
TRADE,12/04/2021 12:00:00,43.95000,15/04/2021 02:00:00,46.69000,@CL,1,1,2740.00,0.8900,3070.0000,-900.0000,
TRADE,20/04/2021 14:00:00,45.93000,23/04/2021 04:00:00,45.35000,@CL,-1,1,580.00,2.0800,1790.0000,-330.0000,
TRADE,27/04/2021 12:00:00,46.12000,30/04/2021 02:00:00,48.18000,@CL,1,1,2060.00,0.6700,2880.0000,-370.0000,
TRADE,30/04/2021 12:00:00,47.09000,05/05/2021 02:00:00,49.74000,@CL,-1,1,-2650.00,0.6500,650.0000,-3020.0000,
TRADE,06/05/2021 14:00:00,48.75000,11/05/2021 04:00:00,48.21000,@CL,-1,1,540.00,0.7800,1320.0000,-530.0000,
TRADE,17/05/2021 10:00:00,48.62000,19/05/2021 22:00:00,46.88000,@CL,-1,1,1740.00,0.4700,3150.0000,-1920.0000,
TRADE,08/06/2021 10:00:00,52.18000,11/06/2021,53.50000,@CL,-1,1,-1320.00,0.4600,150.0000,-1990.0000,
TRADE,17/06/2021 14:00:00,53.95000,22/06/2021 04:00:00,56.90000,@CL,-1,1,-2950.00,1.8100,660.0000,-3160.0000,
TRADE,24/06/2021 12:00:00,56.59000,29/06/2021 02:00:00,56.31000,@CL,-1,1,280.00,0.6100,350.0000,-1640.0000,
TRADE,06/07/2021 12:00:00,58.74000,06/07/2021 22:00:00,57.02000,@CL,-1,1,1720.00,1.8900,2020.0000,0.0000,
TRADE,07/07/2021 06:00:00,57.79000,11/07/2021 20:00:00,58.52000,@CL,1,1,730.00,0.8000,850.0000,-3250.0000,
TRADE,12/07/2021 06:00:00,57.69000,14/07/2021 20:00:00,56.74000,@CL,-1,1,950.00,0.5300,1700.0000,-1610.0000,
TRADE,21/07/2021 14:00:00,54.37000,26/07/2021 04:00:00,55.41000,@CL,1,1,1040.00,1.3400,2110.0000,-460.0000,
TRADE,02/08/2021 14:00:00,54.79000,04/08/2021 22:00:00,52.15000,@CL,-1,1,2640.00,2.4400,2890.0000,-1220.0000,
TRADE,11/08/2021 16:00:00,53.25000,16/08/2021 06:00:00,51.23000,@CL,1,1,-2020.00,1.9100,420.0000,-2370.0000,
TRADE,23/08/2021 14:00:00,49.85000,26/08/2021 04:00:00,52.33000,@CL,1,1,2480.00,0.9700,2990.0000,-210.0000,
TRADE,01/09/2021 12:00:00,51.61000,06/09/2021 02:00:00,52.85000,@CL,-1,1,-1240.00,1.7400,180.0000,-3300.0000,
TRADE,07/09/2021 10:00:00,52.72000,10/09/2021,52.37000,@CL,-1,1,350.00,0.6100,860.0000,-1470.0000,
TRADE,10/09/2021 02:00:00,52.79000,14/09/2021 16:00:00,54.66000,@CL,1,1,1870.00,0.5400,2730.0000,-90.0000,
TRADE,17/09/2021 12:00:00,55.79000,22/09/2021 02:00:00,55.80000,@CL,-1,1,-10.00,1.1100,1860.0000,-740.0000,
TRADE,22/09/2021 16:00:00,56.49000,26/09/2021 22:00:00,59.61000,@CL,1,1,3120.00,0.5400,2880.0000,-340.0000,
TRADE,29/09/2021 06:00:00,58.98000,03/10/2021 20:00:00,60.44000,@CL,-1,1,-1460.00,0.7500,1300.0000,-1630.0000,
TRADE,06/10/2021 17:00:00,61.59000,11/10/2021 08:00:00,65.93000,@CL,-1,1,-4340.00,1.0400,2090.0000,-4530.0000,
TRADE,20/10/2021 12:00:00,66.64000,25/10/2021 02:00:00,69.66000,@CL,-1,1,-3020.00,1.0900,760.0000,-3210.0000,
TRADE,27/10/2021 12:00:00,68.92000,27/10/2021 22:00:00,67.28000,@CL,-1,1,1640.00,1.0300,1820.0000,-430.0000,
TRADE,08/11/2021 10:00:00,67.07000,11/11/2021,66.70000,@CL,-1,1,370.00,1.0700,1170.0000,-2990.0000,
TRADE,11/11/2021 12:00:00,67.16000,16/11/2021 02:00:00,66.50000,@CL,1,1,-660.00,1.8000,260.0000,-2770.0000,
TRADE,23/11/2021 12:00:00,64.13000,26/11/2021 06:00:00,60.08000,@CL,1,1,-4050.00,2.5900,1210.0000,-4660.0000,
TRADE,06/12/2021 17:00:00,55.92000,09/12/2021 08:00:00,58.23000,@CL,1,1,2310.00,1.2400,3530.0000,-190.0000,
TRADE,09/12/2021 17:00:00,56.59000,14/12/2021 08:00:00,57.35000,@CL,-1,1,-760.00,0.9700,160.0000,-2520.0000,
TRADE,14/12/2021 12:00:00,56.55000,17/12/2021 02:00:00,57.79000,@CL,-1,1,-1240.00,1.6500,1050.0000,-2510.0000,
TRADE,17/12/2021 14:00:00,57.05000,22/12/2021 04:00:00,57.55000,@CL,-1,1,-500.00,1.4600,4610.0000,-1040.0000,
TRADE,31/12/2021 10:00:00,62.08000,05/01/2022,63.04000,@CL,-1,1,-960.00,1.0700,1490.0000,-1880.0000,
TRADE,10/01/2022 14:00:00,64.70000,13/01/2022 04:00:00,68.73000,@CL,-1,1,-4030.00,0.9500,520.0000,-4720.0000,
TRADE,20/01/2022 22:00:00,70.53000,25/01/2022 12:00:00,70.87000,@CL,-1,1,-340.00,1.5600,1790.0000,-2400.0000,
TRADE,26/01/2022 06:00:00,72.69000,30/01/2022 20:00:00,74.29000,@CL,1,1,1600.00,0.5000,2990.0000,-40.0000,
TRADE,01/02/2022 12:00:00,74.39000,04/02/2022 02:00:00,77.71000,@CL,-1,1,-3320.00,1.2500,800.0000,-3440.0000,
TRADE,09/02/2022 12:00:00,76.57000,14/02/2022 02:00:00,81.26000,@CL,1,1,4690.00,1.4100,5210.0000,-820.0000,
TRADE,15/02/2022 10:00:00,79.37000,18/02/2022,78.08000,@CL,-1,1,1290.00,1.1800,2530.0000,-2480.0000,
TRADE,21/02/2022 16:00:00,81.24000,24/02/2022 08:00:00,88.40000,@CL,1,1,7160.00,1.8300,7970.0000,-1930.0000,
TRADE,25/02/2022 14:00:00,80.03000,27/02/2022 20:00:00,85.03000,@CL,-1,1,-5000.00,1.9600,1300.0000,-3630.0000,
TRADE,09/03/2022 12:00:00,106.73000,10/03/2022 20:00:00,94.66000,@CL,-1,1,12070.00,5.1500,14430.0000,-1440.0000,
TRADE,04/04/2022 22:00:00,94.30000,06/04/2022 12:00:00,89.30000,@CL,1,1,-5000.00,1.3300,1290.0000,-4420.0000,
TRADE,12/04/2022 12:00:00,89.79000,18/04/2022 02:00:00,97.98000,@CL,1,1,8190.00,2.1800,8790.0000,-610.0000,
TRADE,19/04/2022 12:00:00,94.16000,22/04/2022 02:00:00,93.34000,@CL,-1,1,820.00,2.9300,3710.0000,-1830.0000,
TRADE,28/04/2022 14:00:00,94.42000,03/05/2022 04:00:00,95.67000,@CL,1,1,1250.00,2.9200,4140.0000,-3570.0000,
TRADE,03/05/2022 16:00:00,93.50000,04/05/2022 14:00:00,98.50000,@CL,-1,1,-5000.00,1.5400,830.0000,-4480.0000,
TRADE,09/05/2022 14:00:00,94.79000,12/05/2022 04:00:00,94.97000,@CL,-1,1,-180.00,3.8900,6020.0000,-2220.0000,
TRADE,13/05/2022,97.82000,17/05/2022 14:00:00,104.31000,@CL,1,1,6490.00,1.3800,8310.0000,-960.0000,
TRADE,18/05/2022 14:00:00,100.93000,23/05/2022 04:00:00,104.60000,@CL,-1,1,-3670.00,3.6600,4350.0000,-3800.0000,
TRADE,24/05/2022 12:00:00,104.35000,27/05/2022 02:00:00,107.46000,@CL,1,1,3110.00,1.5200,3820.0000,-1900.0000,
TRADE,31/05/2022 16:00:00,107.89000,03/06/2022 06:00:00,108.94000,@CL,-1,1,-1050.00,3.5500,3350.0000,-3320.0000,
TRADE,03/06/2022 14:00:00,111.89000,08/06/2022 04:00:00,113.53000,@CL,1,1,1640.00,1.8500,2440.0000,-1410.0000,
TRADE,10/06/2022 14:00:00,112.87000,15/06/2022 04:00:00,112.71000,@CL,-1,1,160.00,3.2900,2910.0000,-4150.0000,
TRADE,24/06/2022 14:00:00,103.13000,29/06/2022 04:00:00,106.95000,@CL,1,1,3820.00,3.4700,4930.0000,-1970.0000,
TRADE,30/06/2022 10:00:00,104.03000,05/07/2022 02:00:00,105.70000,@CL,-1,1,-1670.00,1.3900,3910.0000,-2980.0000,
TRADE,05/07/2022 12:00:00,98.78000,06/07/2022 22:00:00,93.30000,@CL,-1,1,5480.00,6.6900,8120.0000,-810.0000,
TRADE,08/07/2022 12:00:00,98.40000,12/07/2022 10:00:00,93.40000,@CL,1,1,-5000.00,3.4300,2400.0000,-4440.0000,
TRADE,18/07/2022 06:00:00,95.49000,20/07/2022 20:00:00,98.49000,@CL,1,1,3000.00,2.1100,4080.0000,-1280.0000,
TRADE,21/07/2022 06:00:00,96.19000,25/07/2022 20:00:00,94.91000,@CL,-1,1,1280.00,2.1500,4600.0000,-340.0000,
TRADE,26/07/2022 16:00:00,94.31000,29/07/2022 06:00:00,96.90000,@CL,-1,1,-2590.00,1.2300,1430.0000,-4110.0000,
TRADE,09/08/2022 10:00:00,90.33000,12/08/2022,92.34000,@CL,1,1,2010.00,2.1600,3300.0000,-4090.0000,
TRADE,12/08/2022 14:00:00,91.13000,16/08/2022 04:00:00,87.28000,@CL,-1,1,3850.00,1.6200,5730.0000,-190.0000,
TRADE,16/08/2022 12:00:00,88.31000,19/08/2022 02:00:00,88.75000,@CL,1,1,440.00,2.1800,1720.0000,-4000.0000,
TRADE,22/08/2022 12:00:00,85.85000,23/08/2022 04:00:00,90.85000,@CL,-1,1,-5000.00,4.0400,570.0000,-4490.0000,
TRADE,25/08/2022 17:00:00,92.11000,30/08/2022 08:00:00,94.33000,@CL,-1,1,-2220.00,1.1600,2030.0000,-4550.0000,
TRADE,30/08/2022 12:00:00,91.89000,31/08/2022 22:00:00,88.22000,@CL,-1,1,3670.00,2.4700,4620.0000,-620.0000,
TRADE,09/09/2022 16:00:00,85.74000,14/09/2022 06:00:00,85.86000,@CL,1,1,120.00,1.3200,2570.0000,-1680.0000,
TRADE,15/09/2022 12:00:00,85.18000,20/09/2022 02:00:00,84.83000,@CL,-1,1,350.00,1.8300,4000.0000,-450.0000,
TRADE,21/09/2022 06:00:00,85.87000,23/09/2022 08:00:00,80.87000,@CL,1,1,-5000.00,2.6200,110.0000,-4910.0000,
TRADE,28/09/2022 14:00:00,80.85000,03/10/2022 04:00:00,81.22000,@CL,1,1,370.00,2.0400,1540.0000,-2260.0000,
TRADE,11/10/2022 06:00:00,88.78000,13/10/2022 20:00:00,88.72000,@CL,-1,1,60.00,1.9100,3770.0000,-1030.0000,
TRADE,24/10/2022 12:00:00,85.41000,27/10/2022 02:00:00,88.53000,@CL,-1,1,-3120.00,2.2600,1970.0000,-3450.0000,
TRADE,31/10/2022 10:00:00,86.80000,03/11/2022,89.75000,@CL,-1,1,-2950.00,0.7700,1120.0000,-3940.0000,
TRADE,08/11/2022 16:00:00,89.72000,09/11/2022 22:00:00,86.13000,@CL,-1,1,3590.00,1.7200,3840.0000,-240.0000,
TRADE,11/11/2022 12:00:00,89.70000,15/11/2022 06:00:00,84.70000,@CL,1,1,-5000.00,1.0000,780.0000,-4480.0000,
TRADE,29/11/2022 12:00:00,79.99000,02/12/2022 02:00:00,82.18000,@CL,-1,1,-2190.00,1.5100,1940.0000,-4320.0000,
TRADE,05/12/2022 14:00:00,79.98000,06/12/2022 20:00:00,75.52000,@CL,-1,1,4460.00,2.5700,5600.0000,-150.0000,
TRADE,13/12/2022 12:00:00,76.04000,16/12/2022 02:00:00,76.70000,@CL,1,1,660.00,2.1700,2700.0000,-640.0000,
TRADE,16/12/2022 06:00:00,75.96000,20/12/2022 20:00:00,76.92000,@CL,-1,1,-960.00,1.3300,1630.0000,-1930.0000,
TRADE,28/12/2022 06:00:00,79.62000,02/01/2023 20:00:00,81.50000,@CL,-1,1,-1880.00,0.9800,1900.0000,-1980.0000,
TRADE,03/01/2023 14:00:00,78.35000,04/01/2023 22:00:00,74.40000,@CL,-1,1,3950.00,2.4200,4690.0000,-680.0000,
TRADE,09/01/2023 14:00:00,76.06000,12/01/2023 04:00:00,78.37000,@CL,1,1,2310.00,2.1300,2810.0000,-1290.0000,
TRADE,24/01/2023 14:00:00,80.84000,27/01/2023 04:00:00,81.98000,@CL,-1,1,-1140.00,1.1900,730.0000,-1960.0000,
TRADE,27/01/2023 14:00:00,80.76000,30/01/2023 22:00:00,78.65000,@CL,-1,1,2110.00,2.3300,2440.0000,-390.0000,
TRADE,07/02/2023 14:00:00,77.39000,10/02/2023 04:00:00,78.44000,@CL,1,1,1050.00,1.8700,2110.0000,-330.0000,
TRADE,14/02/2023 12:00:00,79.53000,17/02/2023 02:00:00,78.31000,@CL,-1,1,1220.00,2.0000,1620.0000,-650.0000,
TRADE,03/03/2023 12:00:00,78.02000,08/03/2023 02:00:00,78.06000,@CL,-1,1,-40.00,2.1300,540.0000,-3340.0000,
TRADE,09/03/2023 12:00:00,78.18000,13/03/2023 10:00:00,73.18000,@CL,1,1,-5000.00,1.7100,130.0000,-3380.0000,
TRADE,22/03/2023 10:00:00,69.51000,27/03/2023,69.45000,@CL,1,1,-60.00,0.6500,2410.0000,-2440.0000,
TRADE,10/04/2023 12:00:00,80.87000,13/04/2023 02:00:00,83.34000,@CL,-1,1,-2470.00,1.2900,1250.0000,-2910.0000,
TRADE,08/05/2023 06:00:00,72.59000,10/05/2023 20:00:00,73.02000,@CL,1,1,430.00,0.6600,1550.0000,-1000.0000,
TRADE,11/05/2023 12:00:00,71.73000,14/05/2023 20:00:00,70.29000,@CL,-1,1,1440.00,1.4400,1550.0000,-380.0000,
TRADE,17/05/2023 12:00:00,71.71000,22/05/2023 02:00:00,71.17000,@CL,1,1,-540.00,1.3400,2060.0000,-620.0000,
TRADE,25/05/2023 12:00:00,72.48000,30/05/2023 04:00:00,72.32000,@CL,-1,1,160.00,1.5700,1310.0000,-1260.0000,
TRADE,06/06/2023 06:00:00,71.11000,08/06/2023 20:00:00,71.13000,@CL,-1,1,-20.00,1.1400,1890.0000,-2360.0000,
TRADE,14/06/2023 10:00:00,70.07000,19/06/2023,71.08000,@CL,1,1,1010.00,0.7700,1960.0000,-1930.0000,
TRADE,20/06/2023 12:00:00,70.41000,23/06/2023 02:00:00,68.78000,@CL,-1,1,1630.00,1.9500,1670.0000,-2310.0000,
