TRADE,21/01/2010 16:00:00,3.92300,24/01/2010 19:00:00,3.93800,@HG,1,1,375.00,0.0180,1562.5000,-1100.0000,
TRADE,28/01/2010 16:00:00,3.72800,31/01/2010 19:00:00,3.65200,@HG,1,1,-1900.00,0.0185,950.0000,-2037.5000,
TRADE,04/02/2010 16:00:00,3.49200,07/02/2010 19:00:00,3.48200,@HG,1,1,-250.00,0.0150,587.5000,-1725.0000,
TRADE,15/02/2010 01:00:00,3.68850,16/02/2010 07:00:00,3.77450,@HG,-1,1,-2150.00,0.0130,325.0000,-2612.5000,
TRADE,22/02/2010 01:00:00,3.94200,23/02/2010 07:00:00,3.91950,@HG,-1,1,562.50,0.0175,1537.5000,-500.0000,
TRADE,25/02/2010 16:00:00,3.81050,28/02/2010 19:00:00,3.97750,@HG,1,1,4175.00,0.0235,4175.0000,-325.0000,
TRADE,01/03/2010 01:00:00,3.98850,02/03/2010 07:00:00,3.92350,@HG,-1,1,1625.00,0.0070,2600.0000,-725.0000,
TRADE,08/03/2010 01:00:00,4.03650,09/03/2010 07:00:00,3.95900,@HG,-1,1,1937.50,0.0080,2112.5000,-575.0000,
TRADE,11/03/2010 16:00:00,3.98300,14/03/2010 19:00:00,3.97750,@HG,1,1,-137.50,0.0115,450.0000,-750.0000,
TRADE,25/03/2010 16:00:00,3.94950,28/03/2010 19:00:00,4.00600,@HG,1,1,1412.50,0.0100,1975.0000,-437.5000,
TRADE,29/03/2010 01:00:00,4.05850,30/03/2010 04:00:00,4.11600,@HG,-1,1,-1437.50,0.0105,125.0000,-2125.0000,
TRADE,05/04/2010 01:00:00,4.21650,06/04/2010 07:00:00,4.20700,@HG,-1,1,237.50,0.0110,750.0000,-412.5000,
TRADE,12/04/2010 01:00:00,4.22450,13/04/2010 07:00:00,4.15750,@HG,-1,1,1675.00,0.0140,2150.0000,-75.0000,
TRADE,22/04/2010 16:00:00,4.09100,25/04/2010 19:00:00,4.11350,@HG,1,1,562.50,0.0075,762.5000,-912.5000,
TRADE,26/04/2010 01:00:00,4.14700,27/04/2010 07:00:00,4.07400,@HG,-1,1,1825.00,0.0100,1912.5000,-50.0000,
TRADE,29/04/2010 16:00:00,3.93800,02/05/2010 19:00:00,3.93350,@HG,1,1,-112.50,0.0075,825.0000,-625.0000,
TRADE,06/05/2010 16:00:00,3.63800,09/05/2010 19:00:00,3.76800,@HG,1,1,3250.00,0.0675,3250.0000,-262.5000,
TRADE,20/05/2010 16:00:00,3.58750,23/05/2010 19:00:00,3.66800,@HG,1,1,2012.50,0.0635,2612.5000,-1712.5000,
TRADE,24/05/2010 01:00:00,3.67500,25/05/2010 07:00:00,3.62050,@HG,-1,1,1362.50,0.0110,1475.0000,-1337.5000,
TRADE,31/05/2010 01:00:00,3.70750,01/06/2010 07:00:00,3.60350,@HG,-1,1,2600.00,0.0100,2787.5000,-300.0000,
TRADE,03/06/2010 16:00:00,3.53800,04/06/2010 12:00:00,3.41800,@HG,1,1,-3000.00,0.0190,787.5000,-2950.0000,
TRADE,10/06/2010 16:00:00,3.44900,13/06/2010 19:00:00,3.50500,@HG,1,1,1400.00,0.0130,1812.5000,-87.5000,
TRADE,14/06/2010 01:00:00,3.53450,15/06/2010 07:00:00,3.57350,@HG,-1,1,-975.00,0.0060,187.5000,-1650.0000,
TRADE,21/06/2010 01:00:00,3.54250,22/06/2010 07:00:00,3.51100,@HG,-1,1,787.50,0.0355,1337.5000,-1700.0000,
TRADE,28/06/2010 01:00:00,3.63350,29/06/2010 07:00:00,3.56300,@HG,-1,1,1762.50,0.0140,2187.5000,-1237.5000,
TRADE,01/07/2010 16:00:00,3.44800,04/07/2010 19:00:00,3.49200,@HG,1,1,1100.00,0.0230,1837.5000,-137.5000,
TRADE,12/07/2010 01:00:00,3.61350,13/07/2010 07:00:00,3.56550,@HG,-1,1,1200.00,0.0055,1950.0000,-100.0000,
TRADE,26/07/2010 01:00:00,3.73900,27/07/2010 04:00:00,3.77150,@HG,-1,1,-812.50,0.0175,162.5000,-1562.5000,
TRADE,02/08/2010 01:00:00,3.91250,03/08/2010 07:00:00,3.91600,@HG,-1,1,-87.50,0.0220,275.0000,-1187.5000,
TRADE,09/08/2010 01:00:00,3.93250,10/08/2010 07:00:00,3.85050,@HG,-1,1,2050.00,0.0090,2150.0000,-625.0000,
TRADE,12/08/2010 16:00:00,3.84050,15/08/2010 19:00:00,3.81700,@HG,1,1,-587.50,0.0095,875.0000,-1025.0000,
TRADE,26/08/2010 16:00:00,3.85150,29/08/2010 19:00:00,3.96350,@HG,1,1,2800.00,0.0205,2800.0000,-237.5000,
TRADE,30/08/2010 01:00:00,3.96100,31/08/2010 07:00:00,3.92150,@HG,-1,1,987.50,0.0065,1425.0000,-450.0000,
TRADE,06/09/2010 01:00:00,4.06100,07/09/2010 07:00:00,3.97900,@HG,-1,1,2050.00,0.0085,2162.5000,-512.5000,
TRADE,09/09/2010 16:00:00,3.99300,12/09/2010 19:00:00,3.96050,@HG,1,1,-812.50,0.0140,137.5000,-1275.0000,
TRADE,20/09/2010 01:00:00,4.08950,21/09/2010 07:00:00,4.06400,@HG,-1,1,637.50,0.0170,1287.5000,-325.0000,
TRADE,27/09/2010 01:00:00,4.15650,28/09/2010 07:00:00,4.13700,@HG,-1,1,487.50,0.0100,1012.5000,-325.0000,
TRADE,04/10/2010 01:00:00,4.25450,05/10/2010 07:00:00,4.23350,@HG,-1,1,525.00,0.0085,1575.0000,-287.5000,
TRADE,07/10/2010 16:00:00,4.21700,10/10/2010 19:00:00,4.33100,@HG,1,1,2850.00,0.0135,3287.5000,-337.5000,
TRADE,11/10/2010 01:00:00,4.35500,12/10/2010 07:00:00,4.29450,@HG,-1,1,1512.50,0.0235,2262.5000,-200.0000,
TRADE,18/10/2010 01:00:00,4.34250,19/10/2010 04:00:00,4.38850,@HG,-1,1,-1150.00,0.0065,437.5000,-2112.5000,
TRADE,21/10/2010 16:00:00,4.33250,24/10/2010 19:00:00,4.36000,@HG,1,1,687.50,0.0170,862.5000,-850.0000,
TRADE,25/10/2010 01:00:00,4.40950,26/10/2010 07:00:00,4.41200,@HG,-1,1,-62.50,0.0165,575.0000,-762.5000,
TRADE,28/10/2010 16:00:00,4.33800,31/10/2010 19:00:00,4.29500,@HG,1,1,-1075.00,0.0125,62.5000,-2187.5000,
TRADE,08/11/2010 01:00:00,4.49200,09/11/2010 04:00:00,4.52950,@HG,-1,1,-937.50,0.0150,625.0000,-1600.0000,
TRADE,18/11/2010 16:00:00,4.37950,21/11/2010 19:00:00,4.39300,@HG,1,1,337.50,0.0250,1000.0000,-1287.5000,
TRADE,06/12/2010 01:00:00,4.54700,07/12/2010 04:00:00,4.62600,@HG,-1,1,-1975.00,0.0190,875.0000,-2512.5000,
TRADE,13/12/2010 01:00:00,4.69550,14/12/2010 04:00:00,4.75200,@HG,-1,1,-1412.50,0.0100,87.5000,-1612.5000,
TRADE,16/12/2010 16:00:00,4.63200,19/12/2010 19:00:00,4.70650,@HG,1,1,1862.50,0.0220,2437.5000,-37.5000,
TRADE,20/12/2010 01:00:00,4.69950,21/12/2010 04:00:00,4.79350,@HG,-1,1,-2350.00,0.0110,0.0000,-2425.0000,
TRADE,27/12/2010 01:00:00,4.82850,28/12/2010 07:00:00,4.82900,@HG,-1,1,-12.50,0.0145,1075.0000,-412.5000,
TRADE,03/01/2011 01:00:00,5.01000,04/01/2011 07:00:00,4.97100,@HG,-1,1,975.00,0.0190,1312.5000,-637.5000,
TRADE,06/01/2011 16:00:00,4.85950,09/01/2011 19:00:00,4.82350,@HG,1,1,-900.00,0.0210,750.0000,-1787.5000,
TRADE,17/01/2011 01:00:00,4.94750,18/01/2011 07:00:00,4.97700,@HG,-1,1,-737.50,0.0070,1087.5000,-950.0000,
TRADE,20/01/2011 16:00:00,4.80300,23/01/2011 19:00:00,4.84650,@HG,1,1,1087.50,0.0155,1800.0000,-662.5000,
TRADE,31/01/2011 01:00:00,4.93750,01/02/2011 04:00:00,5.03050,@HG,-1,1,-2325.00,0.0220,250.0000,-2375.0000,
TRADE,07/02/2011 01:00:00,5.15650,08/02/2011 07:00:00,5.07000,@HG,-1,1,2162.50,0.0170,2200.0000,-462.5000,
TRADE,10/02/2011 16:00:00,5.07750,13/02/2011 19:00:00,5.08850,@HG,1,1,275.00,0.0065,987.5000,-1475.0000,
TRADE,14/02/2011 01:00:00,5.10250,15/02/2011 04:00:00,5.13250,@HG,-1,1,-750.00,0.0100,0.0000,-2112.5000,
TRADE,17/02/2011 16:00:00,5.03500,20/02/2011 19:00:00,5.02550,@HG,1,1,-237.50,0.0130,675.0000,-1912.5000,
TRADE,24/02/2011 16:00:00,4.87900,27/02/2011 19:00:00,4.98200,@HG,1,1,2575.00,0.0250,2912.5000,-537.5000,
TRADE,28/02/2011 01:00:00,4.97950,01/03/2011 06:00:00,5.01700,@HG,-1,1,-937.50,0.0100,437.5000,-1137.5000,
TRADE,07/03/2011 01:00:00,4.99950,07/03/2011 23:00:00,4.81550,@HG,-1,1,4600.00,0.0115,4512.5000,-825.0000,
TRADE,10/03/2011 16:00:00,4.71950,13/03/2011 19:00:00,4.74600,@HG,1,1,662.50,0.0085,1100.0000,-2875.0000,
TRADE,21/03/2011 01:00:00,4.86200,22/03/2011 07:00:00,4.81500,@HG,-1,1,1175.00,0.0155,1925.0000,-612.5000,
TRADE,28/03/2011 01:00:00,4.89550,29/03/2011 07:00:00,4.82250,@HG,-1,1,1825.00,0.0135,1862.5000,-50.0000,
TRADE,31/03/2011 16:00:00,4.81650,03/04/2011 19:00:00,4.77800,@HG,1,1,-962.50,0.0110,300.0000,-2150.0000,
TRADE,11/04/2011 01:00:00,5.02900,12/04/2011 07:00:00,4.97750,@HG,-1,1,1287.50,0.0135,1925.0000,-525.0000,
TRADE,14/04/2011 16:00:00,4.80750,17/04/2011 19:00:00,4.77050,@HG,1,1,-925.00,0.0140,650.0000,-1412.5000,
TRADE,25/04/2011 01:00:00,4.88550,26/04/2011 07:00:00,4.83050,@HG,-1,1,1375.00,0.0080,2887.5000,-250.0000,
TRADE,28/04/2011 16:00:00,4.76600,01/05/2011 19:00:00,4.68900,@HG,1,1,-1925.00,0.0050,500.0000,-2650.0000,
TRADE,05/05/2011 16:00:00,4.47800,08/05/2011 19:00:00,4.48700,@HG,1,1,225.00,0.0275,2087.5000,-1200.0000,
TRADE,12/05/2011 16:00:00,4.48500,15/05/2011 19:00:00,4.50700,@HG,1,1,550.00,0.0150,1600.0000,-812.5000,
TRADE,23/05/2011 01:00:00,4.55550,24/05/2011 07:00:00,4.55000,@HG,-1,1,137.50,0.0125,2575.0000,-150.0000,
TRADE,30/05/2011 01:00:00,4.66250,31/05/2011 07:00:00,4.69400,@HG,-1,1,-787.50,0.0190,637.5000,-975.0000,
TRADE,02/06/2011 16:00:00,4.60450,05/06/2011 19:00:00,4.62050,@HG,1,1,400.00,0.0200,1025.0000,-1362.5000,
TRADE,06/06/2011 01:00:00,4.63850,07/06/2011 07:00:00,4.64300,@HG,-1,1,-112.50,0.0110,675.0000,-937.5000,
TRADE,09/06/2011 16:00:00,4.61550,12/06/2011 19:00:00,4.54800,@HG,1,1,-1687.50,0.0105,237.5000,-2137.5000,
TRADE,23/06/2011 16:00:00,4.55650,26/06/2011 19:00:00,4.59000,@HG,1,1,837.50,0.0225,2137.5000,-262.5000,
TRADE,04/07/2011 01:00:00,4.80750,05/07/2011 07:00:00,4.78800,@HG,-1,1,487.50,0.0145,937.5000,-375.0000,
TRADE,11/07/2011 01:00:00,4.89450,12/07/2011 07:00:00,4.82550,@HG,-1,1,1725.00,0.0150,2312.5000,-212.5000,
TRADE,18/07/2011 01:00:00,4.90150,19/07/2011 04:00:00,4.92750,@HG,-1,1,-650.00,0.0160,1050.0000,-725.0000,
TRADE,21/07/2011 16:00:00,4.87500,24/07/2011 19:00:00,4.88500,@HG,1,1,250.00,0.0085,962.5000,-312.5000,
TRADE,01/08/2011 01:00:00,4.99000,02/08/2011 07:00:00,4.88500,@HG,-1,1,2625.00,0.0095,3075.0000,-250.0000,
TRADE,04/08/2011 16:00:00,4.72800,05/08/2011 12:00:00,4.60800,@HG,1,1,-3000.00,0.0185,125.0000,-2937.5000,
TRADE,11/08/2011 16:00:00,4.53250,14/08/2011 19:00:00,4.49800,@HG,1,1,-862.50,0.0380,662.5000,-1600.0000,
TRADE,18/08/2011 16:00:00,4.42400,21/08/2011 19:00:00,4.44350,@HG,1,1,487.50,0.0250,1950.0000,-275.0000,
TRADE,29/08/2011 01:00:00,4.57250,30/08/2011 04:00:00,4.60800,@HG,-1,1,-887.50,0.0070,487.5000,-1362.5000,
TRADE,15/09/2011 16:00:00,4.43300,18/09/2011 19:00:00,4.37900,@HG,1,1,-1350.00,0.0100,837.5000,-1350.0000,
TRADE,22/09/2011 16:00:00,3.91000,23/09/2011 02:00:00,3.79000,@HG,1,1,-3000.00,0.0360,1350.0000,-2437.5000,
TRADE,29/09/2011 16:00:00,3.69600,30/09/2011 11:00:00,3.57600,@HG,1,1,-3000.00,0.0500,2275.0000,-2737.5000,
TRADE,10/10/2011 01:00:00,3.76550,11/10/2011 07:00:00,3.75350,@HG,-1,1,300.00,0.0230,662.5000,-2362.5000,
TRADE,17/10/2011 01:00:00,3.87250,18/10/2011 07:00:00,3.75550,@HG,-1,1,2925.00,0.0215,3300.0000,-1500.0000,
TRADE,20/10/2011 16:00:00,3.55250,21/10/2011 17:00:00,3.73650,@HG,1,1,4600.00,0.0325,4087.5000,-162.5000,
TRADE,24/10/2011 01:00:00,3.79800,24/10/2011 12:00:00,3.91800,@HG,-1,1,-3000.00,0.0525,300.0000,-2937.5000,
TRADE,31/10/2011 01:00:00,4.04150,01/11/2011 07:00:00,3.96450,@HG,-1,1,1925.00,0.0530,1925.0000,-2112.5000,
TRADE,10/11/2011 16:00:00,3.82150,13/11/2011 19:00:00,3.94300,@HG,1,1,3037.50,0.0225,3212.5000,-237.5000,
TRADE,14/11/2011 01:00:00,4.02000,15/11/2011 07:00:00,3.93400,@HG,-1,1,2150.00,0.0185,2150.0000,-675.0000,
TRADE,17/11/2011 16:00:00,3.83750,20/11/2011 19:00:00,3.86750,@HG,1,1,750.00,0.0175,1800.0000,-937.5000,
TRADE,05/12/2011 01:00:00,4.03700,06/12/2011 07:00:00,4.01250,@HG,-1,1,612.50,0.0145,1437.5000,-1337.5000,
TRADE,08/12/2011 16:00:00,3.94800,11/12/2011 19:00:00,4.02150,@HG,1,1,1837.50,0.0135,2537.5000,-450.0000,
TRADE,15/12/2011 16:00:00,3.71700,18/12/2011 19:00:00,3.79950,@HG,1,1,2062.50,0.0230,2875.0000,-312.5000,
TRADE,29/12/2011 16:00:00,3.83100,02/01/2012 19:00:00,3.90850,@HG,1,1,1937.50,0.0085,2050.0000,0.0000,
TRADE,16/01/2012 01:00:00,4.07500,17/01/2012 01:00:00,4.19500,@HG,-1,1,-3000.00,0.0095,50.0000,-2987.5000,
TRADE,23/01/2012 01:00:00,4.20050,24/01/2012 04:00:00,4.26450,@HG,-1,1,-1600.00,0.0150,600.0000,-1837.5000,
TRADE,30/01/2012 01:00:00,4.29850,31/01/2012 07:00:00,4.31950,@HG,-1,1,-525.00,0.0085,1175.0000,-750.0000,
TRADE,02/02/2012 16:00:00,4.24150,05/02/2012 19:00:00,4.35600,@HG,1,1,2862.50,0.0130,3187.5000,-237.5000,
TRADE,06/02/2012 01:00:00,4.33150,07/02/2012 07:00:00,4.27850,@HG,-1,1,1325.00,0.0075,1412.5000,-350.0000,
TRADE,13/02/2012 01:00:00,4.35250,14/02/2012 07:00:00,4.30450,@HG,-1,1,1200.00,0.0115,2137.5000,-250.0000,
TRADE,16/02/2012 16:00:00,4.26550,19/02/2012 19:00:00,4.20950,@HG,1,1,-1400.00,0.0165,525.0000,-2937.5000,
TRADE,27/02/2012 01:00:00,4.30650,28/02/2012 04:00:00,4.34950,@HG,-1,1,-1075.00,0.0080,712.5000,-1137.5000,
TRADE,05/03/2012 01:00:00,4.34950,06/03/2012 07:00:00,4.24850,@HG,-1,1,2525.00,0.0055,2775.0000,-87.5000,
TRADE,08/03/2012 16:00:00,4.23750,11/03/2012 19:00:00,4.30000,@HG,1,1,1562.50,0.0160,2125.0000,-112.5000,
TRADE,12/03/2012 01:00:00,4.29250,13/03/2012 05:00:00,4.32500,@HG,-1,1,-812.50,0.0085,762.5000,-1037.5000,
TRADE,19/03/2012 01:00:00,4.31600,20/03/2012 07:00:00,4.30700,@HG,-1,1,225.00,0.0055,400.0000,-1212.5000,
TRADE,22/03/2012 16:00:00,4.21900,25/03/2012 19:00:00,4.25050,@HG,1,1,787.50,0.0075,1275.0000,-287.5000,
TRADE,29/03/2012 16:00:00,4.24700,01/04/2012 19:00:00,4.29500,@HG,1,1,1200.00,0.0165,1250.0000,-75.0000,
TRADE,02/04/2012 01:00:00,4.30750,03/04/2012 04:00:00,4.39000,@HG,-1,1,-2062.50,0.0075,850.0000,-2387.5000,
TRADE,05/04/2012 16:00:00,4.24100,09/04/2012 20:00:00,4.16500,@HG,1,1,-1900.00,0.0075,87.5000,-2275.0000,
TRADE,12/04/2012 16:00:00,4.16000,15/04/2012 19:00:00,4.07200,@HG,1,1,-2200.00,0.0060,187.5000,-2737.5000,
TRADE,19/04/2012 16:00:00,4.06500,22/04/2012 19:00:00,4.13200,@HG,1,1,1675.00,0.0125,2312.5000,-50.0000,
TRADE,23/04/2012 01:00:00,4.10800,24/04/2012 07:00:00,4.10200,@HG,-1,1,150.00,0.0115,1487.5000,-187.5000,
TRADE,30/04/2012 01:00:00,4.27350,01/05/2012 07:00:00,4.25650,@HG,-1,1,425.00,0.0025,925.0000,-700.0000,
TRADE,03/05/2012 16:00:00,4.17450,06/05/2012 19:00:00,4.14750,@HG,1,1,-675.00,0.0040,512.5000,-800.0000,
TRADE,10/05/2012 16:00:00,4.12500,13/05/2012 19:00:00,4.08800,@HG,1,1,-925.00,0.0070,37.5000,-1712.5000,
TRADE,17/05/2012 16:00:00,3.91050,20/05/2012 19:00:00,3.89000,@HG,1,1,-512.50,0.0105,1137.5000,-975.0000,
TRADE,24/05/2012 16:00:00,3.86550,27/05/2012 19:00:00,3.88900,@HG,1,1,587.50,0.0170,1050.0000,-200.0000,
TRADE,28/05/2012 01:00:00,3.92850,29/05/2012 07:00:00,3.91550,@HG,-1,1,325.00,0.0145,687.5000,-312.5000,
TRADE,31/05/2012 16:00:00,3.80500,03/06/2012 19:00:00,3.75350,@HG,1,1,-1287.50,0.0110,312.5000,-1625.0000,
TRADE,11/06/2012 01:00:00,3.81150,12/06/2012 07:00:00,3.77600,@HG,-1,1,887.50,0.0085,1712.5000,-162.5000,
TRADE,18/06/2012 01:00:00,3.85150,19/06/2012 07:00:00,3.82900,@HG,-1,1,562.50,0.0080,1100.0000,-325.0000,
TRADE,21/06/2012 16:00:00,3.74300,24/06/2012 19:00:00,3.74700,@HG,1,1,100.00,0.0135,337.5000,-1162.5000,
TRADE,28/06/2012 16:00:00,3.76200,29/06/2012 14:00:00,3.94600,@HG,1,1,4600.00,0.0070,4537.5000,0.0000,
TRADE,02/07/2012 01:00:00,3.90200,03/07/2012 04:00:00,3.95750,@HG,-1,1,-1387.50,0.0130,337.5000,-2025.0000,
TRADE,12/07/2012 16:00:00,3.86000,15/07/2012 19:00:00,3.93850,@HG,1,1,1962.50,0.0090,2050.0000,-325.0000,
TRADE,16/07/2012 01:00:00,3.92000,17/07/2012 07:00:00,3.92700,@HG,-1,1,-175.00,0.0105,500.0000,-675.0000,
TRADE,26/07/2012 16:00:00,3.82700,29/07/2012 19:00:00,3.86350,@HG,1,1,912.50,0.0045,1162.5000,-337.5000,
TRADE,30/07/2012 01:00:00,3.88600,31/07/2012 07:00:00,3.88000,@HG,-1,1,150.00,0.0150,1225.0000,-12.5000,
TRADE,02/08/2012 16:00:00,3.73050,05/08/2012 19:00:00,3.79950,@HG,1,1,1725.00,0.0095,1950.0000,-100.0000,
TRADE,13/08/2012 01:00:00,3.82850,14/08/2012 07:00:00,3.80200,@HG,-1,1,662.50,0.0060,1437.5000,-25.0000,
TRADE,16/08/2012 16:00:00,3.81800,19/08/2012 19:00:00,3.85600,@HG,1,1,950.00,0.0070,1025.0000,-212.5000,
TRADE,20/08/2012 01:00:00,3.83650,21/08/2012 07:00:00,3.84850,@HG,-1,1,-300.00,0.0060,1212.5000,-475.0000,
TRADE,27/08/2012 01:00:00,3.92150,28/08/2012 07:00:00,3.89550,@HG,-1,1,650.00,0.0050,1050.0000,-300.0000,
TRADE,30/08/2012 16:00:00,3.87550,02/09/2012 19:00:00,3.88800,@HG,1,1,312.50,0.0050,512.5000,-1000.0000,
TRADE,03/09/2012 01:00:00,3.90150,04/09/2012 07:00:00,3.91250,@HG,-1,1,-275.00,0.0100,50.0000,-662.5000,
TRADE,10/09/2012 01:00:00,4.08150,11/09/2012 04:00:00,4.11150,@HG,-1,1,-750.00,0.0100,125.0000,-1162.5000,
TRADE,17/09/2012 01:00:00,4.22900,18/09/2012 07:00:00,4.17650,@HG,-1,1,1312.50,0.0160,1850.0000,-262.5000,
TRADE,27/09/2012 16:00:00,4.17250,30/09/2012 19:00:00,4.17850,@HG,1,1,150.00,0.0045,812.5000,-137.5000,
TRADE,11/10/2012 16:00:00,4.17500,14/10/2012 19:00:00,4.13100,@HG,1,1,-1100.00,0.0075,237.5000,-1350.0000,
TRADE,25/10/2012 16:00:00,3.98300,28/10/2012 19:00:00,3.98900,@HG,1,1,150.00,0.0060,337.5000,-800.0000,
TRADE,08/11/2012 16:00:00,3.90000,11/11/2012 19:00:00,3.87600,@HG,1,1,-600.00,0.0075,500.0000,-1725.0000,
TRADE,19/11/2012 01:00:00,3.90150,20/11/2012 04:00:00,3.94650,@HG,-1,1,-1125.00,0.0045,100.0000,-1675.0000,
TRADE,26/11/2012 01:00:00,3.95200,27/11/2012 06:00:00,3.97850,@HG,-1,1,-662.50,0.0065,437.5000,-725.0000,
TRADE,03/12/2012 01:00:00,4.07350,04/12/2012 07:00:00,4.07200,@HG,-1,1,37.50,0.0030,662.5000,-87.5000,
TRADE,10/12/2012 01:00:00,4.09400,11/12/2012 07:00:00,4.11200,@HG,-1,1,-450.00,0.0030,25.0000,-962.5000,
TRADE,13/12/2012 16:00:00,4.07550,16/12/2012 19:00:00,4.09700,@HG,1,1,537.50,0.0040,812.5000,-37.5000,
TRADE,17/12/2012 01:00:00,4.10000,18/12/2012 07:00:00,4.07000,@HG,-1,1,750.00,0.0045,975.0000,-162.5000,
TRADE,20/12/2012 16:00:00,3.95000,23/12/2012 19:00:00,3.97400,@HG,1,1,600.00,0.0035,1075.0000,-62.5000,
TRADE,27/12/2012 16:00:00,4.01850,30/12/2012 19:00:00,4.00150,@HG,1,1,-425.00,0.0055,437.5000,-475.0000,
TRADE,31/12/2012 01:00:00,4.03300,02/01/2013 04:00:00,4.10700,@HG,-1,1,-1850.00,0.0035,487.5000,-2000.0000,
TRADE,07/01/2013 01:00:00,4.09800,08/01/2013 07:00:00,4.09050,@HG,-1,1,187.50,0.0040,800.0000,-175.0000,
TRADE,17/01/2013 16:00:00,4.07350,20/01/2013 19:00:00,4.09750,@HG,1,1,600.00,0.0060,937.5000,-125.0000,
TRADE,21/01/2013 01:00:00,4.08450,22/01/2013 07:00:00,4.10200,@HG,-1,1,-437.50,0.0030,225.0000,-750.0000,
TRADE,04/02/2013 01:00:00,4.19400,05/02/2013 07:00:00,4.18300,@HG,-1,1,275.00,0.0040,587.5000,-162.5000,
TRADE,07/02/2013 16:00:00,4.14250,10/02/2013 19:00:00,4.17600,@HG,1,1,837.50,0.0085,1137.5000,-62.5000,
TRADE,11/02/2013 01:00:00,4.17650,12/02/2013 07:00:00,4.13950,@HG,-1,1,925.00,0.0020,1375.0000,-125.0000,
TRADE,14/02/2013 16:00:00,4.15700,17/02/2013 19:00:00,4.15750,@HG,1,1,12.50,0.0050,237.5000,-612.5000,
TRADE,21/02/2013 16:00:00,3.96800,24/02/2013 19:00:00,3.95600,@HG,1,1,-300.00,0.0050,862.5000,-737.5000,
TRADE,28/02/2013 16:00:00,3.94200,03/03/2013 19:00:00,3.89750,@HG,1,1,-1112.50,0.0030,287.5000,-1850.0000,
TRADE,07/03/2013 16:00:00,3.91150,10/03/2013 19:00:00,3.90350,@HG,1,1,-200.00,0.0050,450.0000,-425.0000,
TRADE,21/03/2013 16:00:00,3.83600,24/03/2013 19:00:00,3.86100,@HG,1,1,625.00,0.0090,912.5000,-212.5000,
TRADE,25/03/2013 01:00:00,3.86850,26/03/2013 07:00:00,3.84750,@HG,-1,1,525.00,0.0060,862.5000,-287.5000,
TRADE,28/03/2013 16:00:00,3.79950,01/04/2013 20:00:00,3.76300,@HG,1,1,-912.50,0.0025,37.5000,-1600.0000,
TRADE,04/04/2013 16:00:00,3.75550,07/04/2013 19:00:00,3.73700,@HG,1,1,-462.50,0.0070,250.0000,-750.0000,
TRADE,18/04/2013 16:00:00,3.59500,21/04/2013 19:00:00,3.54200,@HG,1,1,-1325.00,0.0065,137.5000,-2237.5000,
TRADE,29/04/2013 01:00:00,3.56450,30/04/2013 04:00:00,3.61700,@HG,-1,1,-1312.50,0.0075,112.5000,-1825.0000,
TRADE,02/05/2013 16:00:00,3.49850,03/05/2013 11:00:00,3.68250,@HG,1,1,4600.00,0.0130,4425.0000,-125.0000,
TRADE,06/05/2013 01:00:00,3.69250,07/05/2013 07:00:00,3.69400,@HG,-1,1,-37.50,0.0140,675.0000,-1125.0000,
TRADE,13/05/2013 01:00:00,3.73900,14/05/2013 07:00:00,3.68500,@HG,-1,1,1350.00,0.0085,1437.5000,-750.0000,
TRADE,16/05/2013 16:00:00,3.68350,19/05/2013 19:00:00,3.70750,@HG,1,1,600.00,0.0055,1300.0000,-325.0000,
TRADE,30/05/2013 16:00:00,3.70300,02/06/2013 19:00:00,3.67100,@HG,1,1,-800.00,0.0070,437.5000,-1187.5000,
TRADE,03/06/2013 01:00:00,3.71100,04/06/2013 06:00:00,3.73700,@HG,-1,1,-650.00,0.0105,575.0000,-862.5000,
TRADE,13/06/2013 16:00:00,3.58700,16/06/2013 19:00:00,3.59200,@HG,1,1,125.00,0.0110,675.0000,-225.0000,
TRADE,20/06/2013 16:00:00,3.43400,23/06/2013 19:00:00,3.48500,@HG,1,1,1275.00,0.0220,1525.0000,-625.0000,
TRADE,27/06/2013 16:00:00,3.43650,30/06/2013 19:00:00,3.43150,@HG,1,1,-125.00,0.0100,975.0000,-862.5000,
TRADE,15/07/2013 01:00:00,3.54450,16/07/2013 07:00:00,3.54250,@HG,-1,1,50.00,0.0100,825.0000,-150.0000,
TRADE,18/07/2013 16:00:00,3.51800,21/07/2013 19:00:00,3.53200,@HG,1,1,350.00,0.0035,775.0000,-475.0000,
TRADE,22/07/2013 01:00:00,3.54450,23/07/2013 07:00:00,3.56150,@HG,-1,1,-425.00,0.0065,50.0000,-1425.0000,
TRADE,05/08/2013 01:00:00,3.54650,06/08/2013 06:00:00,3.57450,@HG,-1,1,-700.00,0.0085,312.5000,-737.5000,
TRADE,12/08/2013 01:00:00,3.68600,13/08/2013 06:00:00,3.72150,@HG,-1,1,-887.50,0.0145,175.0000,-950.0000,
TRADE,19/08/2013 01:00:00,3.74500,20/08/2013 07:00:00,3.70050,@HG,-1,1,1112.50,0.0065,1387.5000,-112.5000,
TRADE,22/08/2013 16:00:00,3.71150,25/08/2013 19:00:00,3.73350,@HG,1,1,550.00,0.0040,875.0000,-250.0000,
TRADE,26/08/2013 01:00:00,3.77300,27/08/2013 07:00:00,3.70450,@HG,-1,1,1712.50,0.0155,2325.0000,-37.5000,
TRADE,29/08/2013 16:00:00,3.64250,01/09/2013 19:00:00,3.63000,@HG,1,1,-312.50,0.0060,412.5000,-1000.0000,
TRADE,05/09/2013 16:00:00,3.62850,08/09/2013 19:00:00,3.64700,@HG,1,1,462.50,0.0055,1000.0000,-225.0000,
TRADE,09/09/2013 01:00:00,3.66500,10/09/2013 07:00:00,3.64050,@HG,-1,1,612.50,0.0075,812.5000,-337.5000,
TRADE,12/09/2013 16:00:00,3.58950,15/09/2013 19:00:00,3.61600,@HG,1,1,662.50,0.0045,662.5000,-487.5000,
TRADE,23/09/2013 01:00:00,3.65200,24/09/2013 07:00:00,3.64600,@HG,-1,1,150.00,0.0040,300.0000,-812.5000,
TRADE,30/09/2013 01:00:00,3.69450,01/10/2013 07:00:00,3.69250,@HG,-1,1,50.00,0.0035,137.5000,-612.5000,
TRADE,03/10/2013 16:00:00,3.65200,06/10/2013 19:00:00,3.67800,@HG,1,1,650.00,0.0045,1112.5000,-362.5000,
TRADE,07/10/2013 01:00:00,3.68150,08/10/2013 07:00:00,3.69450,@HG,-1,1,-325.00,0.0040,950.0000,-475.0000,
TRADE,10/10/2013 16:00:00,3.62750,13/10/2013 19:00:00,3.64750,@HG,1,1,500.00,0.0055,637.5000,-575.0000,
TRADE,21/10/2013 01:00:00,3.67150,22/10/2013 07:00:00,3.68350,@HG,-1,1,-300.00,0.0055,25.0000,-487.5000,
TRADE,24/10/2013 16:00:00,3.65150,27/10/2013 19:00:00,3.65550,@HG,1,1,100.00,0.0035,100.0000,-950.0000,
TRADE,07/11/2013 16:00:00,3.61950,10/11/2013 19:00:00,3.64200,@HG,1,1,562.50,0.0070,650.0000,-412.5000,
TRADE,14/11/2013 16:00:00,3.54400,17/11/2013 19:00:00,3.54750,@HG,1,1,87.50,0.0030,500.0000,-512.5000,
TRADE,25/11/2013 01:00:00,3.59250,26/11/2013 07:00:00,3.60450,@HG,-1,1,-300.00,0.0035,287.5000,-575.0000,
TRADE,09/12/2013 01:00:00,3.61200,10/12/2013 07:00:00,3.63400,@HG,-1,1,-550.00,0.0020,162.5000,-650.0000,
TRADE,16/12/2013 01:00:00,3.67800,17/12/2013 04:00:00,3.70400,@HG,-1,1,-650.00,0.0030,75.0000,-800.0000,
TRADE,19/12/2013 16:00:00,3.67000,22/12/2013 19:00:00,3.68000,@HG,1,1,250.00,0.0040,550.0000,-112.5000,
TRADE,30/12/2013 01:00:00,3.75350,31/12/2013 07:00:00,3.75600,@HG,-1,1,-62.50,0.0035,175.0000,-337.5000,
TRADE,09/01/2014 16:00:00,3.67100,12/01/2014 19:00:00,3.71950,@HG,1,1,1212.50,0.0025,1250.0000,-175.0000,
TRADE,20/01/2014 01:00:00,3.72250,21/01/2014 07:00:00,3.70100,@HG,-1,1,537.50,0.0025,700.0000,-37.5000,
TRADE,23/01/2014 16:00:00,3.65600,26/01/2014 19:00:00,3.63550,@HG,1,1,-512.50,0.0085,450.0000,-525.0000,
TRADE,30/01/2014 16:00:00,3.60200,02/02/2014 19:00:00,3.56800,@HG,1,1,-850.00,0.0045,75.0000,-925.0000,
TRADE,10/02/2014 01:00:00,3.62100,11/02/2014 07:00:00,3.59450,@HG,-1,1,662.50,0.0025,1100.0000,-150.0000,
TRADE,17/02/2014 01:00:00,3.66200,18/02/2014 07:00:00,3.64200,@HG,-1,1,500.00,0.0035,775.0000,-137.5000,
TRADE,27/02/2014 16:00:00,3.60800,02/03/2014 19:00:00,3.59550,@HG,1,1,-312.50,0.0025,250.0000,-600.0000,
TRADE,13/03/2014 16:00:00,3.32450,16/03/2014 19:00:00,3.35050,@HG,1,1,650.00,0.0045,1100.0000,-162.5000,
TRADE,20/03/2014 16:00:00,3.34150,23/03/2014 19:00:00,3.35300,@HG,1,1,287.50,0.0055,1112.5000,-462.5000,
TRADE,31/03/2014 01:00:00,3.43850,01/04/2014 07:00:00,3.43000,@HG,-1,1,212.50,0.0055,387.5000,-312.5000,
TRADE,14/04/2014 01:00:00,3.45100,15/04/2014 07:00:00,3.43700,@HG,-1,1,350.00,0.0160,587.5000,-275.0000,
TRADE,21/04/2014 01:00:00,3.45450,22/04/2014 07:00:00,3.43650,@HG,-1,1,450.00,0.0070,575.0000,-137.5000,
TRADE,28/04/2014 01:00:00,3.53950,29/04/2014 07:00:00,3.52550,@HG,-1,1,350.00,0.0040,750.0000,-12.5000,
TRADE,01/05/2014 16:00:00,3.46150,04/05/2014 19:00:00,3.51050,@HG,1,1,1225.00,0.0050,1362.5000,-262.5000,
TRADE,05/05/2014 01:00:00,3.49900,06/05/2014 07:00:00,3.49500,@HG,-1,1,100.00,0.0135,350.0000,-237.5000,
TRADE,12/05/2014 01:00:00,3.55250,13/05/2014 05:00:00,3.58150,@HG,-1,1,-725.00,0.0130,150.0000,-1012.5000,
TRADE,19/05/2014 01:00:00,3.61400,20/05/2014 07:00:00,3.59450,@HG,-1,1,487.50,0.0075,662.5000,-137.5000,
TRADE,22/05/2014 16:00:00,3.57650,25/05/2014 19:00:00,3.60300,@HG,1,1,662.50,0.0025,912.5000,-75.0000,
TRADE,26/05/2014 01:00:00,3.62050,27/05/2014 07:00:00,3.61250,@HG,-1,1,200.00,0.0070,437.5000,-237.5000,
TRADE,29/05/2014 16:00:00,3.58550,01/06/2014 19:00:00,3.56950,@HG,1,1,-400.00,0.0050,300.0000,-687.5000,
TRADE,05/06/2014 16:00:00,3.52800,08/06/2014 19:00:00,3.49550,@HG,1,1,-812.50,0.0025,112.5000,-1612.5000,
TRADE,12/06/2014 16:00:00,3.45100,15/06/2014 19:00:00,3.46300,@HG,1,1,300.00,0.0040,737.5000,-125.0000,
TRADE,23/06/2014 01:00:00,3.58050,24/06/2014 07:00:00,3.58800,@HG,-1,1,-187.50,0.0060,262.5000,-425.0000,
TRADE,30/06/2014 01:00:00,3.60400,01/07/2014 04:00:00,3.64850,@HG,-1,1,-1112.50,0.0030,75.0000,-1200.0000,
TRADE,07/07/2014 01:00:00,3.69250,08/07/2014 07:00:00,3.70700,@HG,-1,1,-362.50,0.0045,425.0000,-625.0000,
TRADE,14/07/2014 01:00:00,3.70650,15/07/2014 07:00:00,3.68450,@HG,-1,1,550.00,0.0050,1112.5000,-125.0000,
TRADE,17/07/2014 16:00:00,3.65850,20/07/2014 19:00:00,3.62600,@HG,1,1,-812.50,0.0025,0.0000,-1312.5000,
TRADE,28/07/2014 01:00:00,3.67600,29/07/2014 07:00:00,3.67250,@HG,-1,1,87.50,0.0075,262.5000,-425.0000,
TRADE,31/07/2014 16:00:00,3.67000,03/08/2014 19:00:00,3.65250,@HG,1,1,-437.50,0.0020,600.0000,-537.5000,
TRADE,07/08/2014 16:00:00,3.61200,10/08/2014 19:00:00,3.62050,@HG,1,1,212.50,0.0030,262.5000,-325.0000,
TRADE,14/08/2014 16:00:00,3.52850,17/08/2014 19:00:00,3.54150,@HG,1,1,325.00,0.0040,462.5000,-137.5000,
TRADE,25/08/2014 01:00:00,3.63850,26/08/2014 07:00:00,3.63600,@HG,-1,1,62.50,0.0085,175.0000,-675.0000,
TRADE,28/08/2014 16:00:00,3.56250,31/08/2014 19:00:00,3.57250,@HG,1,1,250.00,0.0020,725.0000,-125.0000,
TRADE,04/09/2014 16:00:00,3.56600,07/09/2014 19:00:00,3.57950,@HG,1,1,337.50,0.0030,475.0000,-287.5000,
TRADE,08/09/2014 01:00:00,3.58150,09/09/2014 07:00:00,3.56050,@HG,-1,1,525.00,0.0040,712.5000,-1000.0000,
TRADE,11/09/2014 16:00:00,3.50500,14/09/2014 19:00:00,3.49700,@HG,1,1,-200.00,0.0025,400.0000,-350.0000,
TRADE,18/09/2014 16:00:00,3.50750,21/09/2014 19:00:00,3.49600,@HG,1,1,-287.50,0.0015,337.5000,-625.0000,
TRADE,25/09/2014 16:00:00,3.44800,28/09/2014 19:00:00,3.44900,@HG,1,1,25.00,0.0015,425.0000,-200.0000,
TRADE,02/10/2014 16:00:00,3.42050,05/10/2014 19:00:00,3.41350,@HG,1,1,-175.00,0.0120,212.5000,-425.0000,
TRADE,13/10/2014 01:00:00,3.44300,14/10/2014 05:00:00,3.47300,@HG,-1,1,-750.00,0.0095,112.5000,-812.5000,
TRADE,16/10/2014 16:00:00,3.39050,19/10/2014 19:00:00,3.42050,@HG,1,1,750.00,0.0060,850.0000,-675.0000,
TRADE,27/10/2014 01:00:00,3.44150,28/10/2014 04:00:00,3.48050,@HG,-1,1,-975.00,0.0065,50.0000,-1112.5000,
TRADE,06/11/2014 16:00:00,3.42600,09/11/2014 19:00:00,3.45300,@HG,1,1,675.00,0.0045,875.0000,-62.5000,
TRADE,10/11/2014 01:00:00,3.45850,11/11/2014 07:00:00,3.40600,@HG,-1,1,1312.50,0.0020,1400.0000,-87.5000,
TRADE,13/11/2014 16:00:00,3.39750,16/11/2014 19:00:00,3.46300,@HG,1,1,1637.50,0.0090,1637.5000,-12.5000,
TRADE,17/11/2014 01:00:00,3.46000,18/11/2014 07:00:00,3.42700,@HG,-1,1,825.00,0.0035,825.0000,-62.5000,
TRADE,20/11/2014 16:00:00,3.43150,23/11/2014 19:00:00,3.45000,@HG,1,1,462.50,0.0025,1450.0000,-337.5000,
TRADE,24/11/2014 01:00:00,3.44750,25/11/2014 07:00:00,3.42300,@HG,-1,1,612.50,0.0050,1012.5000,-137.5000,
TRADE,04/12/2014 16:00:00,3.30550,07/12/2014 19:00:00,3.29250,@HG,1,1,-325.00,0.0025,625.0000,-337.5000,
TRADE,08/12/2014 01:00:00,3.30300,09/12/2014 07:00:00,3.26250,@HG,-1,1,1012.50,0.0015,1087.5000,-200.0000,
TRADE,15/12/2014 01:00:00,3.32700,16/12/2014 07:00:00,3.26600,@HG,-1,1,1525.00,0.0035,2100.0000,-287.5000,
TRADE,18/12/2014 16:00:00,3.24150,21/12/2014 19:00:00,3.28100,@HG,1,1,987.50,0.0085,1337.5000,-112.5000,
TRADE,22/12/2014 01:00:00,3.28500,23/12/2014 07:00:00,3.25600,@HG,-1,1,725.00,0.0030,762.5000,-287.5000,
TRADE,08/01/2015 16:00:00,3.15950,11/01/2015 19:00:00,3.14850,@HG,1,1,-275.00,0.0110,200.0000,-737.5000,
TRADE,15/01/2015 16:00:00,2.96350,18/01/2015 19:00:00,3.02500,@HG,1,1,1537.50,0.0175,1550.0000,-787.5000,
TRADE,22/01/2015 16:00:00,2.97050,25/01/2015 19:00:00,2.88650,@HG,1,1,-2100.00,0.0090,775.0000,-2250.0000,
TRADE,29/01/2015 16:00:00,2.84450,01/02/2015 19:00:00,2.86750,@HG,1,1,575.00,0.0120,1637.5000,-587.5000,
TRADE,09/02/2015 01:00:00,2.95800,10/02/2015 07:00:00,2.92550,@HG,-1,1,812.50,0.0040,912.5000,-600.0000,
TRADE,16/02/2015 01:00:00,2.98950,17/02/2015 07:00:00,2.98500,@HG,-1,1,112.50,0.0040,275.0000,-625.0000,
TRADE,23/02/2015 01:00:00,2.99900,24/02/2015 07:00:00,2.98800,@HG,-1,1,275.00,0.0030,1037.5000,-225.0000,
TRADE,02/03/2015 01:00:00,3.11300,03/03/2015 07:00:00,3.07150,@HG,-1,1,1037.50,0.0065,1200.0000,-412.5000,
TRADE,05/03/2015 16:00:00,3.06550,08/03/2015 19:00:00,3.02500,@HG,1,1,-1012.50,0.0050,50.0000,-1225.0000,
TRADE,16/03/2015 01:00:00,3.08750,17/03/2015 07:00:00,3.02850,@HG,-1,1,1475.00,0.0085,1525.0000,-212.5000,
TRADE,23/03/2015 01:00:00,3.18300,23/03/2015 16:00:00,3.30300,@HG,-1,1,-3000.00,0.0095,387.5000,-2775.0000,
TRADE,30/03/2015 01:00:00,3.17850,31/03/2015 07:00:00,3.15650,@HG,-1,1,550.00,0.0085,787.5000,-637.5000,
TRADE,02/04/2015 16:00:00,3.14500,07/04/2015 16:00:00,3.17050,@HG,1,1,637.50,0.0100,2437.5000,-1000.0000,
TRADE,09/04/2015 16:00:00,3.13950,12/04/2015 19:00:00,3.14750,@HG,1,1,200.00,0.0045,1300.0000,-162.5000,
TRADE,20/04/2015 01:00:00,3.20550,21/04/2015 07:00:00,3.13750,@HG,-1,1,1700.00,0.0090,2212.5000,-75.0000,
TRADE,23/04/2015 16:00:00,3.11250,26/04/2015 19:00:00,3.15750,@HG,1,1,1125.00,0.0095,1500.0000,-425.0000,
TRADE,27/04/2015 01:00:00,3.16600,28/04/2015 07:00:00,3.17900,@HG,-1,1,-325.00,0.0080,350.0000,-762.5000,
TRADE,04/05/2015 01:00:00,3.31050,05/05/2015 07:00:00,3.33900,@HG,-1,1,-712.50,0.0085,250.0000,-800.0000,
TRADE,11/05/2015 01:00:00,3.30550,12/05/2015 06:00:00,3.33750,@HG,-1,1,-800.00,0.0055,125.0000,-887.5000,
TRADE,18/05/2015 01:00:00,3.33100,19/05/2015 07:00:00,3.26500,@HG,-1,1,1650.00,0.0085,1737.5000,-287.5000,
TRADE,21/05/2015 16:00:00,3.25500,24/05/2015 19:00:00,3.20400,@HG,1,1,-1275.00,0.0045,125.0000,-1450.0000,
TRADE,28/05/2015 16:00:00,3.17750,31/05/2015 19:00:00,3.13250,@HG,1,1,-1125.00,0.0040,275.0000,-1212.5000,
TRADE,04/06/2015 16:00:00,3.09200,07/06/2015 19:00:00,3.10700,@HG,1,1,375.00,0.0055,512.5000,-437.5000,
TRADE,11/06/2015 16:00:00,3.07900,14/06/2015 19:00:00,3.08000,@HG,1,1,25.00,0.0035,237.5000,-362.5000,
TRADE,18/06/2015 16:00:00,3.01150,21/06/2015 19:00:00,2.97650,@HG,1,1,-875.00,0.0040,237.5000,-1225.0000,
TRADE,29/06/2015 01:00:00,3.03650,30/06/2015 07:00:00,3.01300,@HG,-1,1,587.50,0.0035,825.0000,-662.5000,
TRADE,09/07/2015 16:00:00,2.95300,12/07/2015 19:00:00,2.93800,@HG,1,1,-375.00,0.0070,675.0000,-587.5000,
TRADE,23/07/2015 16:00:00,2.77550,26/07/2015 19:00:00,2.79200,@HG,1,1,412.50,0.0245,787.5000,-425.0000,
TRADE,30/07/2015 16:00:00,2.78650,02/08/2015 19:00:00,2.76400,@HG,1,1,-562.50,0.0050,437.5000,-762.5000,
TRADE,06/08/2015 16:00:00,2.75300,09/08/2015 19:00:00,2.72800,@HG,1,1,-625.00,0.0050,225.0000,-800.0000,
TRADE,20/08/2015 16:00:00,2.72950,23/08/2015 19:00:00,2.70200,@HG,1,1,-687.50,0.0065,112.5000,-1162.5000,
TRADE,31/08/2015 01:00:00,2.75100,01/09/2015 07:00:00,2.74450,@HG,-1,1,162.50,0.0080,912.5000,-350.0000,
TRADE,07/09/2015 01:00:00,2.74700,08/09/2015 07:00:00,2.81650,@HG,-1,1,-1737.50,0.0055,87.5000,-1775.0000,
TRADE,14/09/2015 01:00:00,2.85600,15/09/2015 07:00:00,2.81450,@HG,-1,1,1037.50,0.0055,1162.5000,-100.0000,
TRADE,24/09/2015 16:00:00,2.72450,27/09/2015 19:00:00,2.70100,@HG,1,1,-587.50,0.0080,412.5000,-662.5000,
TRADE,05/10/2015 01:00:00,2.77700,06/10/2015 07:00:00,2.75950,@HG,-1,1,437.50,0.0125,762.5000,-437.5000,
TRADE,12/10/2015 01:00:00,2.84250,13/10/2015 07:00:00,2.81550,@HG,-1,1,675.00,0.0140,862.5000,-387.5000,
TRADE,22/10/2015 16:00:00,2.80250,25/10/2015 19:00:00,2.77100,@HG,1,1,-787.50,0.0050,912.5000,-987.5000,
TRADE,29/10/2015 16:00:00,2.74250,01/11/2015 19:00:00,2.72700,@HG,1,1,-387.50,0.0070,400.0000,-387.5000,
TRADE,05/11/2015 16:00:00,2.67300,08/11/2015 19:00:00,2.65600,@HG,1,1,-425.00,0.0050,475.0000,-425.0000,
TRADE,12/11/2015 16:00:00,2.59250,15/11/2015 19:00:00,2.57950,@HG,1,1,-325.00,0.0060,25.0000,-512.5000,
TRADE,19/11/2015 16:00:00,2.49400,22/11/2015 19:00:00,2.46350,@HG,1,1,-762.50,0.0040,750.0000,-1062.5000,
TRADE,03/12/2015 16:00:00,2.47100,06/12/2015 19:00:00,2.49050,@HG,1,1,487.50,0.0070,950.0000,-425.0000,
TRADE,07/12/2015 01:00:00,2.50050,08/12/2015 07:00:00,2.46100,@HG,-1,1,987.50,0.0020,1137.5000,-37.5000,
TRADE,14/12/2015 01:00:00,2.53650,15/12/2015 07:00:00,2.49550,@HG,-1,1,1025.00,0.0020,1150.0000,0.0000,
TRADE,17/12/2015 16:00:00,2.45550,20/12/2015 19:00:00,2.53100,@HG,1,1,1887.50,0.0030,1887.5000,-75.0000,
TRADE,21/12/2015 01:00:00,2.51900,22/12/2015 07:00:00,2.53600,@HG,-1,1,-425.00,0.0040,25.0000,-925.0000,
TRADE,28/12/2015 01:00:00,2.51450,29/12/2015 07:00:00,2.52200,@HG,-1,1,-187.50,0.0025,662.5000,-500.0000,
TRADE,07/01/2016 16:00:00,2.43500,10/01/2016 19:00:00,2.42500,@HG,1,1,-250.00,0.0060,712.5000,-300.0000,
TRADE,14/01/2016 16:00:00,2.39050,17/01/2016 19:00:00,2.35050,@HG,1,1,-1000.00,0.0025,162.5000,-1050.0000,
TRADE,25/01/2016 01:00:00,2.41100,26/01/2016 07:00:00,2.43550,@HG,-1,1,-612.50,0.0045,450.0000,-712.5000,
TRADE,01/02/2016 01:00:00,2.45450,02/02/2016 04:00:00,2.49250,@HG,-1,1,-950.00,0.0025,350.0000,-1050.0000,
TRADE,08/02/2016 01:00:00,2.49700,09/02/2016 07:00:00,2.47500,@HG,-1,1,550.00,0.0060,575.0000,-537.5000,
TRADE,11/02/2016 16:00:00,2.42050,14/02/2016 19:00:00,2.45150,@HG,1,1,775.00,0.0085,887.5000,-112.5000,
TRADE,15/02/2016 01:00:00,2.48300,16/02/2016 07:00:00,2.47300,@HG,-1,1,250.00,0.0040,425.0000,-350.0000,
TRADE,22/02/2016 01:00:00,2.51650,23/02/2016 07:00:00,2.51500,@HG,-1,1,37.50,0.0040,325.0000,-612.5000,
TRADE,25/02/2016 16:00:00,2.49050,28/02/2016 19:00:00,2.53150,@HG,1,1,1025.00,0.0045,2012.5000,-87.5000,
TRADE,29/02/2016 01:00:00,2.51750,01/03/2016 07:00:00,2.54000,@HG,-1,1,-562.50,0.0040,375.0000,-600.0000,
TRADE,07/03/2016 01:00:00,2.65800,08/03/2016 07:00:00,2.66400,@HG,-1,1,-150.00,0.0015,350.0000,-862.5000,
TRADE,14/03/2016 01:00:00,2.67300,15/03/2016 07:00:00,2.61850,@HG,-1,1,1362.50,0.0145,1475.0000,-150.0000,
TRADE,21/03/2016 01:00:00,2.68650,22/03/2016 07:00:00,2.69850,@HG,-1,1,-300.00,0.0120,237.5000,-562.5000,
TRADE,24/03/2016 16:00:00,2.64400,29/03/2016 07:00:00,2.61850,@HG,1,1,-637.50,0.0050,462.5000,-675.0000,
TRADE,31/03/2016 16:00:00,2.59250,03/04/2016 19:00:00,2.57200,@HG,1,1,-512.50,0.0040,462.5000,-675.0000,
TRADE,07/04/2016 16:00:00,2.47850,10/04/2016 19:00:00,2.49150,@HG,1,1,325.00,0.0080,625.0000,-25.0000,
TRADE,18/04/2016 01:00:00,2.55700,19/04/2016 07:00:00,2.55600,@HG,-1,1,25.00,0.0120,550.0000,-750.0000,
TRADE,25/04/2016 01:00:00,2.66750,26/04/2016 07:00:00,2.64150,@HG,-1,1,650.00,0.0050,862.5000,-300.0000,
TRADE,28/04/2016 16:00:00,2.63500,01/05/2016 19:00:00,2.68950,@HG,1,1,1362.50,0.0040,1650.0000,-250.0000,
TRADE,02/05/2016 01:00:00,2.67650,03/05/2016 07:00:00,2.64050,@HG,-1,1,900.00,0.0060,1075.0000,-500.0000,
TRADE,05/05/2016 16:00:00,2.55350,08/05/2016 19:00:00,2.55250,@HG,1,1,-25.00,0.0060,475.0000,-387.5000,
TRADE,12/05/2016 16:00:00,2.47800,15/05/2016 19:00:00,2.47650,@HG,1,1,-37.50,0.0060,312.5000,-325.0000,
TRADE,19/05/2016 16:00:00,2.46650,22/05/2016 19:00:00,2.45600,@HG,1,1,-262.50,0.0045,550.0000,-312.5000,
TRADE,30/05/2016 01:00:00,2.50050,31/05/2016 07:00:00,2.50400,@HG,-1,1,-87.50,0.0070,162.5000,-450.0000,
TRADE,02/06/2016 16:00:00,2.47150,05/06/2016 19:00:00,2.52250,@HG,1,1,1275.00,0.0035,1662.5000,-100.0000,
TRADE,06/06/2016 01:00:00,2.53800,07/06/2016 07:00:00,2.48100,@HG,-1,1,1425.00,0.0040,1500.0000,-237.5000,
TRADE,09/06/2016 16:00:00,2.43750,12/06/2016 19:00:00,2.43500,@HG,1,1,-62.50,0.0060,262.5000,-437.5000,
TRADE,16/06/2016 16:00:00,2.45500,19/06/2016 19:00:00,2.45650,@HG,1,1,37.50,0.0080,525.0000,-175.0000,
TRADE,20/06/2016 01:00:00,2.47600,21/06/2016 07:00:00,2.48250,@HG,-1,1,-162.50,0.0065,325.0000,-650.0000,
TRADE,27/06/2016 01:00:00,2.51400,28/06/2016 04:00:00,2.56150,@HG,-1,1,-1187.50,0.0040,75.0000,-1250.0000,
TRADE,04/07/2016 01:00:00,2.63450,05/07/2016 07:00:00,2.58950,@HG,-1,1,1125.00,0.0115,1212.5000,-312.5000,
TRADE,07/07/2016 16:00:00,2.51800,10/07/2016 19:00:00,2.52400,@HG,1,1,150.00,0.0040,575.0000,-62.5000,
TRADE,18/07/2016 01:00:00,2.61850,19/07/2016 07:00:00,2.64450,@HG,-1,1,-650.00,0.0085,412.5000,-675.0000,
TRADE,28/07/2016 16:00:00,2.61250,31/07/2016 19:00:00,2.63000,@HG,1,1,437.50,0.0030,650.0000,-600.0000,
TRADE,04/08/2016 16:00:00,2.57250,07/08/2016 19:00:00,2.55500,@HG,1,1,-437.50,0.0035,200.0000,-575.0000,
TRADE,25/08/2016 16:00:00,2.47650,28/08/2016 19:00:00,2.46950,@HG,1,1,-175.00,0.0025,550.0000,-175.0000,
TRADE,01/09/2016 16:00:00,2.47000,04/09/2016 19:00:00,2.46750,@HG,1,1,-62.50,0.0040,412.5000,-62.5000,
TRADE,05/09/2016 01:00:00,2.47950,06/09/2016 07:00:00,2.48600,@HG,-1,1,-162.50,0.0020,362.5000,-250.0000,
TRADE,19/09/2016 01:00:00,2.54000,20/09/2016 07:00:00,2.55500,@HG,-1,1,-375.00,0.0030,50.0000,-437.5000,
TRADE,26/09/2016 01:00:00,2.58900,27/09/2016 07:00:00,2.57850,@HG,-1,1,262.50,0.0035,450.0000,-162.5000,
TRADE,03/10/2016 01:00:00,2.60350,04/10/2016 07:00:00,2.56600,@HG,-1,1,937.50,0.0050,1087.5000,-137.5000,
TRADE,06/10/2016 16:00:00,2.54800,09/10/2016 19:00:00,2.56250,@HG,1,1,362.50,0.0020,700.0000,-187.5000,
TRADE,13/10/2016 16:00:00,2.51800,16/10/2016 19:00:00,2.50200,@HG,1,1,-400.00,0.0040,175.0000,-512.5000,
TRADE,20/10/2016 16:00:00,2.48800,23/10/2016 19:00:00,2.48200,@HG,1,1,-150.00,0.0020,150.0000,-225.0000,
TRADE,31/10/2016 01:00:00,2.58250,01/11/2016 05:00:00,2.60800,@HG,-1,1,-637.50,0.0040,200.0000,-687.5000,
TRADE,07/11/2016 01:00:00,2.67300,08/11/2016 04:00:00,2.70150,@HG,-1,1,-712.50,0.0030,0.0000,-962.5000,
TRADE,14/11/2016 01:00:00,2.93700,15/11/2016 07:00:00,2.86150,@HG,-1,1,1887.50,0.0090,2950.0000,-862.5000,
TRADE,21/11/2016 01:00:00,2.90550,22/11/2016 04:00:00,2.95950,@HG,-1,1,-1350.00,0.0090,287.5000,-1575.0000,
TRADE,28/11/2016 01:00:00,3.07450,29/11/2016 07:00:00,3.01400,@HG,-1,1,1512.50,0.0055,2387.5000,-1450.0000,
TRADE,05/12/2016 01:00:00,3.04300,06/12/2016 07:00:00,3.04950,@HG,-1,1,-162.50,0.0065,287.5000,-1237.5000,
TRADE,08/12/2016 16:00:00,3.00400,11/12/2016 19:00:00,3.02850,@HG,1,1,612.50,0.0040,1037.5000,-100.0000,
TRADE,12/12/2016 01:00:00,3.04800,13/12/2016 07:00:00,2.99350,@HG,-1,1,1362.50,0.0030,1887.5000,-25.0000,
TRADE,15/12/2016 16:00:00,2.98250,18/12/2016 19:00:00,2.92450,@HG,1,1,-1450.00,0.0035,312.5000,-1500.0000,
TRADE,22/12/2016 16:00:00,2.88500,26/12/2016 19:00:00,2.84550,@HG,1,1,-987.50,0.0035,312.5000,-987.5000,
TRADE,29/12/2016 16:00:00,2.86950,02/01/2017 19:00:00,2.88650,@HG,1,1,425.00,0.0025,725.0000,-100.0000,
TRADE,09/01/2017 01:00:00,2.92600,10/01/2017 07:00:00,2.94800,@HG,-1,1,-550.00,0.0040,675.0000,-700.0000,
TRADE,16/01/2017 01:00:00,3.06300,17/01/2017 07:00:00,3.01150,@HG,-1,1,1287.50,0.0035,1837.5000,-262.5000,
TRADE,19/01/2017 16:00:00,2.98800,22/01/2017 19:00:00,3.00050,@HG,1,1,312.50,0.0055,912.5000,-525.0000,
TRADE,23/01/2017 01:00:00,3.03300,24/01/2017 07:00:00,3.04700,@HG,-1,1,-350.00,0.0045,850.0000,-437.5000,
TRADE,30/01/2017 01:00:00,3.06700,31/01/2017 07:00:00,3.07550,@HG,-1,1,-212.50,0.0040,1337.5000,-512.5000,
TRADE,02/02/2017 16:00:00,3.06300,05/02/2017 19:00:00,2.99900,@HG,1,1,-1600.00,0.0040,262.5000,-1787.5000,
TRADE,09/02/2017 16:00:00,3.03600,12/02/2017 19:00:00,3.15600,@HG,1,1,3000.00,0.0035,3362.5000,-500.0000,
TRADE,13/02/2017 01:00:00,3.17700,14/02/2017 07:00:00,3.17450,@HG,-1,1,62.50,0.0040,612.5000,-337.5000,
TRADE,23/02/2017 16:00:00,3.02200,26/02/2017 19:00:00,3.05000,@HG,1,1,700.00,0.0040,1212.5000,-137.5000,
TRADE,02/03/2017 16:00:00,3.04850,05/03/2017 19:00:00,3.07150,@HG,1,1,575.00,0.0085,675.0000,-175.0000,
TRADE,09/03/2017 16:00:00,2.94250,12/03/2017 19:00:00,2.96300,@HG,1,1,512.50,0.0025,937.5000,-125.0000,
TRADE,20/03/2017 01:00:00,3.03650,21/03/2017 07:00:00,3.00950,@HG,-1,1,675.00,0.0050,1337.5000,-687.5000,
TRADE,03/04/2017 01:00:00,3.01150,04/04/2017 07:00:00,2.96850,@HG,-1,1,1075.00,0.0025,1337.5000,-325.0000,
TRADE,13/04/2017 16:00:00,2.93150,18/04/2017 12:00:00,2.89550,@HG,1,1,-900.00,0.0045,1100.0000,-1037.5000,
TRADE,20/04/2017 16:00:00,2.90950,23/04/2017 19:00:00,2.91000,@HG,1,1,12.50,0.0065,512.5000,-525.0000,
TRADE,01/05/2017 01:00:00,2.94950,02/05/2017 04:00:00,2.97800,@HG,-1,1,-712.50,0.0020,100.0000,-2412.5000,
TRADE,04/05/2017 16:00:00,2.86350,07/05/2017 19:00:00,2.88900,@HG,1,1,637.50,0.0035,675.0000,-225.0000,
TRADE,11/05/2017 16:00:00,2.85850,14/05/2017 19:00:00,2.87650,@HG,1,1,450.00,0.0045,562.5000,-75.0000,
TRADE,15/05/2017 01:00:00,2.88550,16/05/2017 07:00:00,2.88400,@HG,-1,1,37.50,0.0035,300.0000,-575.0000,
TRADE,22/05/2017 01:00:00,2.92400,23/05/2017 07:00:00,2.93050,@HG,-1,1,-162.50,0.0080,87.5000,-800.0000,
TRADE,12/06/2017 01:00:00,2.98700,13/06/2017 07:00:00,2.94850,@HG,-1,1,962.50,0.0045,1050.0000,-212.5000,
TRADE,15/06/2017 16:00:00,2.91850,18/06/2017 19:00:00,2.91950,@HG,1,1,25.00,0.0025,287.5000,-300.0000,
TRADE,26/06/2017 01:00:00,2.97400,27/06/2017 07:00:00,2.98250,@HG,-1,1,-212.50,0.0045,225.0000,-600.0000,
TRADE,03/07/2017 01:00:00,3.04200,04/07/2017 07:00:00,3.01450,@HG,-1,1,687.50,0.0065,950.0000,-175.0000,
TRADE,06/07/2017 16:00:00,2.99750,09/07/2017 19:00:00,2.98950,@HG,1,1,-200.00,0.0015,225.0000,-500.0000,
TRADE,17/07/2017 01:00:00,3.03900,18/07/2017 07:00:00,3.05400,@HG,-1,1,-375.00,0.0115,62.5000,-887.5000,
TRADE,24/07/2017 01:00:00,3.06200,25/07/2017 04:00:00,3.11500,@HG,-1,1,-1325.00,0.0035,175.0000,-1475.0000,
TRADE,31/07/2017 01:00:00,3.23150,01/08/2017 07:00:00,3.21200,@HG,-1,1,487.50,0.0075,550.0000,-637.5000,
TRADE,07/08/2017 01:00:00,3.21650,08/08/2017 07:00:00,3.23200,@HG,-1,1,-387.50,0.0035,50.0000,-1175.0000,
TRADE,14/08/2017 01:00:00,3.24450,15/08/2017 07:00:00,3.24200,@HG,-1,1,62.50,0.0050,500.0000,-87.5000,
TRADE,21/08/2017 01:00:00,3.28650,22/08/2017 04:00:00,3.34650,@HG,-1,1,-1500.00,0.0070,50.0000,-1537.5000,
TRADE,28/08/2017 01:00:00,3.38750,29/08/2017 04:00:00,3.41200,@HG,-1,1,-612.50,0.0020,62.5000,-912.5000,
TRADE,04/09/2017 01:00:00,3.45650,05/09/2017 07:00:00,3.47950,@HG,-1,1,-575.00,0.0100,225.0000,-900.0000,
TRADE,14/09/2017 16:00:00,3.27450,17/09/2017 19:00:00,3.25800,@HG,1,1,-412.50,0.0030,375.0000,-737.5000,
TRADE,21/09/2017 16:00:00,3.24950,24/09/2017 19:00:00,3.25700,@HG,1,1,187.50,0.0015,525.0000,-1037.5000,
TRADE,02/10/2017 01:00:00,3.28550,03/10/2017 07:00:00,3.27300,@HG,-1,1,312.50,0.0040,1137.5000,-37.5000,
TRADE,09/10/2017 01:00:00,3.33800,10/10/2017 07:00:00,3.35100,@HG,-1,1,-325.00,0.0075,200.0000,-875.0000,
TRADE,16/10/2017 01:00:00,3.46750,17/10/2017 04:00:00,3.52850,@HG,-1,1,-1525.00,0.0310,62.5000,-2650.0000,
TRADE,23/10/2017 01:00:00,3.47900,24/10/2017 04:00:00,3.53050,@HG,-1,1,-1287.50,0.0040,312.5000,-1850.0000,
TRADE,26/10/2017 16:00:00,3.48950,29/10/2017 19:00:00,3.41850,@HG,1,1,-1775.00,0.0020,100.0000,-2562.5000,
TRADE,02/11/2017 16:00:00,3.45400,05/11/2017 19:00:00,3.42700,@HG,1,1,-675.00,0.0025,375.0000,-875.0000,
TRADE,06/11/2017 01:00:00,3.45800,07/11/2017 07:00:00,3.44100,@HG,-1,1,425.00,0.0055,625.0000,-725.0000,
TRADE,09/11/2017 16:00:00,3.40350,12/11/2017 19:00:00,3.38900,@HG,1,1,-362.50,0.0030,500.0000,-562.5000,
TRADE,16/11/2017 16:00:00,3.36700,19/11/2017 19:00:00,3.38400,@HG,1,1,425.00,0.0055,487.5000,-537.5000,
TRADE,27/11/2017 01:00:00,3.47500,28/11/2017 07:00:00,3.38950,@HG,-1,1,2137.50,0.0025,2300.0000,-12.5000,
TRADE,30/11/2017 16:00:00,3.36500,03/12/2017 19:00:00,3.38750,@HG,1,1,562.50,0.0025,1287.5000,-175.0000,
TRADE,07/12/2017 16:00:00,3.25750,10/12/2017 19:00:00,3.27250,@HG,1,1,375.00,0.0045,625.0000,-175.0000,
TRADE,18/12/2017 01:00:00,3.41300,19/12/2017 07:00:00,3.41900,@HG,-1,1,-150.00,0.0020,275.0000,-637.5000,
TRADE,04/01/2018 16:00:00,3.55350,07/01/2018 19:00:00,3.52450,@HG,1,1,-725.00,0.0030,337.5000,-1000.0000,
TRADE,11/01/2018 16:00:00,3.52250,14/01/2018 19:00:00,3.51500,@HG,1,1,-187.50,0.0020,437.5000,-387.5000,
TRADE,15/01/2018 01:00:00,3.56000,16/01/2018 07:00:00,3.48300,@HG,-1,1,1925.00,0.0035,2137.5000,-550.0000,
TRADE,18/01/2018 16:00:00,3.48950,21/01/2018 19:00:00,3.47750,@HG,1,1,-300.00,0.0030,887.5000,-462.5000,
TRADE,29/01/2018 01:00:00,3.51650,30/01/2018 07:00:00,3.47150,@HG,-1,1,1125.00,0.0050,1837.5000,-250.0000,
TRADE,08/02/2018 16:00:00,3.37650,11/02/2018 19:00:00,3.34100,@HG,1,1,-887.50,0.0035,0.0000,-1487.5000,
TRADE,19/02/2018 01:00:00,3.52650,20/02/2018 07:00:00,3.47700,@HG,-1,1,1237.50,0.0080,1300.0000,-125.0000,
TRADE,26/02/2018 01:00:00,3.50650,27/02/2018 07:00:00,3.47450,@HG,-1,1,800.00,0.0060,962.5000,-512.5000,
TRADE,01/03/2018 16:00:00,3.39200,04/03/2018 19:00:00,3.40300,@HG,1,1,275.00,0.0150,600.0000,-325.0000,
TRADE,08/03/2018 16:00:00,3.34700,11/03/2018 19:00:00,3.41750,@HG,1,1,1762.50,0.0055,1762.5000,-525.0000,
TRADE,12/03/2018 01:00:00,3.40550,13/03/2018 07:00:00,3.39800,@HG,-1,1,187.50,0.0040,812.5000,-212.5000,
TRADE,15/03/2018 16:00:00,3.39400,18/03/2018 19:00:00,3.38550,@HG,1,1,-212.50,0.0040,650.0000,-837.5000,
TRADE,22/03/2018 16:00:00,3.30050,25/03/2018 19:00:00,3.25000,@HG,1,1,-1262.50,0.0075,62.5000,-1487.5000,
TRADE,02/04/2018 01:00:00,3.32050,03/04/2018 07:00:00,3.33250,@HG,-1,1,-300.00,0.0055,325.0000,-562.5000,
TRADE,09/04/2018 01:00:00,3.31950,10/04/2018 04:00:00,3.37300,@HG,-1,1,-1337.50,0.0045,25.0000,-1550.0000,
TRADE,12/04/2018 16:00:00,3.33200,15/04/2018 19:00:00,3.33500,@HG,1,1,75.00,0.0045,775.0000,-225.0000,
TRADE,23/04/2018 01:00:00,3.42750,24/04/2018 07:00:00,3.41050,@HG,-1,1,425.00,0.0105,1975.0000,-62.5000,
TRADE,26/04/2018 16:00:00,3.39250,29/04/2018 19:00:00,3.31950,@HG,1,1,-1825.00,0.0030,25.0000,-2325.0000,
TRADE,03/05/2018 16:00:00,3.34200,06/05/2018 19:00:00,3.33250,@HG,1,1,-237.50,0.0080,262.5000,-1037.5000,
TRADE,14/05/2018 01:00:00,3.36700,15/05/2018 07:00:00,3.34350,@HG,-1,1,587.50,0.0055,1162.5000,-287.5000,
TRADE,21/05/2018 01:00:00,3.33350,22/05/2018 05:00:00,3.37000,@HG,-1,1,-912.50,0.0045,262.5000,-1012.5000,
TRADE,31/05/2018 16:00:00,3.31000,03/06/2018 19:00:00,3.34550,@HG,1,1,887.50,0.0095,937.5000,-162.5000,
TRADE,04/06/2018 01:00:00,3.35200,05/06/2018 04:00:00,3.39450,@HG,-1,1,-1062.50,0.0035,362.5000,-1087.5000,
TRADE,11/06/2018 01:00:00,3.53450,12/06/2018 07:00:00,3.49300,@HG,-1,1,1037.50,0.0045,1237.5000,-87.5000,
TRADE,14/06/2018 16:00:00,3.45800,17/06/2018 19:00:00,3.38350,@HG,1,1,-1862.50,0.0095,187.5000,-1987.5000,
TRADE,21/06/2018 16:00:00,3.27700,24/06/2018 19:00:00,3.27500,@HG,1,1,-50.00,0.0060,425.0000,-400.0000,
TRADE,28/06/2018 16:00:00,3.19000,01/07/2018 19:00:00,3.19350,@HG,1,1,87.50,0.0100,775.0000,-200.0000,
TRADE,05/07/2018 16:00:00,3.05300,08/07/2018 19:00:00,3.04750,@HG,1,1,-137.50,0.0090,250.0000,-1162.5000,
TRADE,12/07/2018 16:00:00,3.00150,15/07/2018 19:00:00,3.00000,@HG,1,1,-37.50,0.0030,275.0000,-700.0000,
TRADE,19/07/2018 16:00:00,2.92450,22/07/2018 19:00:00,2.97550,@HG,1,1,1275.00,0.0090,1512.5000,-450.0000,
TRADE,30/07/2018 01:00:00,3.01350,31/07/2018 07:00:00,3.00600,@HG,-1,1,187.50,0.0070,775.0000,-450.0000,
TRADE,02/08/2018 16:00:00,2.95450,05/08/2018 19:00:00,2.97950,@HG,1,1,625.00,0.0115,1337.5000,-537.5000,
TRADE,16/08/2018 16:00:00,2.83150,19/08/2018 19:00:00,2.87900,@HG,1,1,1187.50,0.0100,1537.5000,-225.0000,
TRADE,23/08/2018 16:00:00,2.86900,26/08/2018 19:00:00,2.91800,@HG,1,1,1225.00,0.0040,1787.5000,-87.5000,
TRADE,27/08/2018 01:00:00,2.93300,28/08/2018 07:00:00,2.95900,@HG,-1,1,-650.00,0.0070,462.5000,-725.0000,
TRADE,30/08/2018 16:00:00,2.89600,02/09/2018 19:00:00,2.86900,@HG,1,1,-675.00,0.0325,450.0000,-812.5000,
TRADE,06/09/2018 16:00:00,2.83900,09/09/2018 19:00:00,2.81300,@HG,1,1,-650.00,0.0075,375.0000,-1100.0000,
TRADE,24/09/2018 01:00:00,3.04050,25/09/2018 07:00:00,3.02650,@HG,-1,1,350.00,0.0070,1250.0000,-700.0000,
TRADE,27/09/2018 16:00:00,2.97250,30/09/2018 19:00:00,3.00250,@HG,1,1,750.00,0.0065,1050.0000,-200.0000,
TRADE,04/10/2018 16:00:00,2.98250,07/10/2018 19:00:00,2.97000,@HG,1,1,-312.50,0.0130,337.5000,-887.5000,
TRADE,11/10/2018 16:00:00,2.95600,14/10/2018 19:00:00,3.01000,@HG,1,1,1350.00,0.0465,1950.0000,-187.5000,
TRADE,15/10/2018 01:00:00,3.01250,16/10/2018 07:00:00,2.97600,@HG,-1,1,912.50,0.0090,1325.0000,-700.0000,
TRADE,18/10/2018 16:00:00,2.93550,21/10/2018 19:00:00,2.97850,@HG,1,1,1075.00,0.0060,1350.0000,-150.0000,
TRADE,22/10/2018 01:00:00,3.00300,23/10/2018 07:00:00,2.96750,@HG,-1,1,887.50,0.0145,1162.5000,-800.0000,
TRADE,25/10/2018 16:00:00,2.96100,28/10/2018 19:00:00,2.94850,@HG,1,1,-312.50,0.0070,50.0000,-1300.0000,
TRADE,05/11/2018 01:00:00,2.99100,06/11/2018 07:00:00,2.95250,@HG,-1,1,962.50,0.0055,1262.5000,-200.0000,
TRADE,08/11/2018 16:00:00,2.92700,11/11/2018 19:00:00,2.88250,@HG,1,1,-1112.50,0.0150,162.5000,-1212.5000,
TRADE,19/11/2018 01:00:00,2.96600,20/11/2018 04:00:00,2.99850,@HG,-1,1,-812.50,0.0055,112.5000,-1125.0000,
TRADE,26/11/2018 01:00:00,2.96500,27/11/2018 07:00:00,2.92850,@HG,-1,1,912.50,0.0060,1175.0000,-450.0000,
TRADE,03/12/2018 01:00:00,3.03150,04/12/2018 07:00:00,2.99700,@HG,-1,1,862.50,0.0055,1525.0000,-100.0000,
TRADE,06/12/2018 16:00:00,2.92650,09/12/2018 19:00:00,2.91950,@HG,1,1,-175.00,0.0105,787.5000,-175.0000,
TRADE,17/12/2018 01:00:00,2.93850,18/12/2018 07:00:00,2.89400,@HG,-1,1,1112.50,0.0025,1450.0000,-62.5000,
TRADE,20/12/2018 16:00:00,2.88750,23/12/2018 19:00:00,2.85050,@HG,1,1,-925.00,0.0190,187.5000,-1012.5000,
TRADE,27/12/2018 16:00:00,2.85400,30/12/2018 19:00:00,2.86100,@HG,1,1,175.00,0.0070,1362.5000,-75.0000,
TRADE,31/12/2018 01:00:00,2.88250,03/01/2019 01:00:00,2.79450,@HG,-1,1,2200.00,0.0060,2862.5000,-100.0000,
TRADE,03/01/2019 16:00:00,2.75850,06/01/2019 19:00:00,2.83300,@HG,1,1,1862.50,0.0155,1987.5000,-212.5000,
TRADE,10/01/2019 16:00:00,2.81850,13/01/2019 19:00:00,2.83650,@HG,1,1,450.00,0.0045,787.5000,-50.0000,
TRADE,21/01/2019 01:00:00,2.88950,22/01/2019 07:00:00,2.85600,@HG,-1,1,837.50,0.0020,1025.0000,0.0000,
TRADE,24/01/2019 16:00:00,2.82900,27/01/2019 19:00:00,2.91600,@HG,1,1,2175.00,0.0030,2275.0000,-37.5000,
TRADE,28/01/2019 01:00:00,2.90050,29/01/2019 07:00:00,2.88650,@HG,-1,1,350.00,0.0025,1037.5000,-100.0000,
TRADE,04/02/2019 01:00:00,2.94350,05/02/2019 04:00:00,2.99650,@HG,-1,1,-1325.00,0.0045,250.0000,-1337.5000,
TRADE,14/02/2019 16:00:00,2.95600,17/02/2019 19:00:00,2.99600,@HG,1,1,1000.00,0.0035,1212.5000,-537.5000,
TRADE,18/02/2019 01:00:00,3.00050,19/02/2019 07:00:00,3.01500,@HG,-1,1,-362.50,0.0015,37.5000,-762.5000,
TRADE,25/02/2019 01:00:00,3.13300,26/02/2019 07:00:00,3.13550,@HG,-1,1,-62.50,0.0020,425.0000,-662.5000,
TRADE,04/03/2019 01:00:00,3.12450,05/03/2019 07:00:00,3.11150,@HG,-1,1,325.00,0.0025,1225.0000,-87.5000,
TRADE,07/03/2019 16:00:00,3.08950,10/03/2019 19:00:00,3.07050,@HG,1,1,-475.00,0.0050,200.0000,-900.0000,
TRADE,14/03/2019 16:00:00,3.07000,17/03/2019 19:00:00,3.08850,@HG,1,1,462.50,0.0050,837.5000,-175.0000,
TRADE,18/03/2019 01:00:00,3.09950,19/03/2019 07:00:00,3.11800,@HG,-1,1,-462.50,0.0075,412.5000,-587.5000,
TRADE,21/03/2019 16:00:00,3.08950,24/03/2019 19:00:00,3.02200,@HG,1,1,-1687.50,0.0120,112.5000,-1775.0000,
TRADE,28/03/2019 16:00:00,3.05850,31/03/2019 19:00:00,3.12050,@HG,1,1,1550.00,0.0040,1625.0000,-62.5000,
TRADE,01/04/2019 01:00:00,3.14000,02/04/2019 07:00:00,3.09150,@HG,-1,1,1212.50,0.0035,1275.0000,-25.0000,
TRADE,11/04/2019 16:00:00,3.07100,14/04/2019 19:00:00,3.12450,@HG,1,1,1337.50,0.0040,1612.5000,0.0000,
TRADE,15/04/2019 01:00:00,3.11900,16/04/2019 07:00:00,3.11200,@HG,-1,1,175.00,0.0070,587.5000,-200.0000,
TRADE,18/04/2019 16:00:00,3.10100,23/04/2019 10:00:00,3.07150,@HG,1,1,-737.50,0.0010,262.5000,-912.5000,
TRADE,25/04/2019 16:00:00,3.03900,28/04/2019 19:00:00,3.06650,@HG,1,1,687.50,0.0035,800.0000,-37.5000,
TRADE,02/05/2019 16:00:00,2.95600,05/05/2019 19:00:00,2.97200,@HG,1,1,400.00,0.0040,1250.0000,-200.0000,
TRADE,09/05/2019 16:00:00,2.94100,12/05/2019 19:00:00,2.94100,@HG,1,1,0.00,0.0060,725.0000,-300.0000,
TRADE,16/05/2019 16:00:00,2.91900,19/05/2019 19:00:00,2.90550,@HG,1,1,-337.50,0.0030,175.0000,-625.0000,
TRADE,23/05/2019 16:00:00,2.85500,26/05/2019 19:00:00,2.87400,@HG,1,1,475.00,0.0055,662.5000,-37.5000,
TRADE,30/05/2019 16:00:00,2.82000,02/06/2019 19:00:00,2.80350,@HG,1,1,-412.50,0.0055,225.0000,-437.5000,
TRADE,06/06/2019 16:00:00,2.81900,09/06/2019 19:00:00,2.80350,@HG,1,1,-387.50,0.0105,375.0000,-1162.5000,
TRADE,24/06/2019 01:00:00,2.88000,25/06/2019 07:00:00,2.89900,@HG,-1,1,-475.00,0.0040,675.0000,-650.0000,
TRADE,01/07/2019 01:00:00,2.91950,02/07/2019 07:00:00,2.85000,@HG,-1,1,1737.50,0.0045,1950.0000,-212.5000,
TRADE,15/07/2019 01:00:00,2.88250,16/07/2019 07:00:00,2.88650,@HG,-1,1,-100.00,0.0060,250.0000,-512.5000,
TRADE,22/07/2019 01:00:00,2.92400,23/07/2019 07:00:00,2.87950,@HG,-1,1,1112.50,0.0045,1137.5000,-150.0000,
TRADE,25/07/2019 16:00:00,2.87900,28/07/2019 19:00:00,2.86400,@HG,1,1,-375.00,0.0040,162.5000,-537.5000,
TRADE,01/08/2019 16:00:00,2.80050,04/08/2019 19:00:00,2.73400,@HG,1,1,-1662.50,0.0135,50.0000,-1675.0000,
TRADE,08/08/2019 16:00:00,2.77150,11/08/2019 19:00:00,2.77100,@HG,1,1,-12.50,0.0055,487.5000,-400.0000,
TRADE,19/08/2019 01:00:00,2.77050,20/08/2019 07:00:00,2.75850,@HG,-1,1,300.00,0.0030,362.5000,-725.0000,
TRADE,22/08/2019 16:00:00,2.73400,25/08/2019 19:00:00,2.68950,@HG,1,1,-1112.50,0.0025,375.0000,-1112.5000,
TRADE,09/09/2019 01:00:00,2.79350,10/09/2019 07:00:00,2.77550,@HG,-1,1,450.00,0.0035,512.5000,-437.5000,
TRADE,16/09/2019 01:00:00,2.83950,17/09/2019 07:00:00,2.78800,@HG,-1,1,1287.50,0.0040,1400.0000,-237.5000,
TRADE,19/09/2019 16:00:00,2.77550,22/09/2019 19:00:00,2.76200,@HG,1,1,-337.50,0.0060,662.5000,-537.5000,
TRADE,26/09/2019 16:00:00,2.74550,29/09/2019 19:00:00,2.76600,@HG,1,1,512.50,0.0030,887.5000,-175.0000,
TRADE,30/09/2019 01:00:00,2.78250,01/10/2019 07:00:00,2.70550,@HG,-1,1,1925.00,0.0055,2000.0000,-25.0000,
TRADE,03/10/2019 16:00:00,2.72450,06/10/2019 19:00:00,2.72500,@HG,1,1,12.50,0.0035,237.5000,-662.5000,
TRADE,14/10/2019 01:00:00,2.79650,15/10/2019 07:00:00,2.78850,@HG,-1,1,200.00,0.0090,862.5000,-325.0000,
TRADE,21/10/2019 01:00:00,2.81050,22/10/2019 07:00:00,2.80550,@HG,-1,1,125.00,0.0025,325.0000,-437.5000,
TRADE,28/10/2019 01:00:00,2.84550,29/10/2019 07:00:00,2.85450,@HG,-1,1,-225.00,0.0045,125.0000,-487.5000,
TRADE,31/10/2019 16:00:00,2.80150,03/11/2019 19:00:00,2.83050,@HG,1,1,725.00,0.0025,762.5000,-50.0000,
TRADE,14/11/2019 16:00:00,2.78900,17/11/2019 19:00:00,2.80500,@HG,1,1,400.00,0.0065,550.0000,-12.5000,
TRADE,21/11/2019 16:00:00,2.79350,24/11/2019 19:00:00,2.81350,@HG,1,1,500.00,0.0035,675.0000,-250.0000,
TRADE,25/11/2019 01:00:00,2.81600,26/11/2019 07:00:00,2.80850,@HG,-1,1,187.50,0.0045,312.5000,-550.0000,
TRADE,02/12/2019 01:00:00,2.82150,03/12/2019 07:00:00,2.78350,@HG,-1,1,950.00,0.0025,1037.5000,-137.5000,
TRADE,05/12/2019 16:00:00,2.81250,08/12/2019 19:00:00,2.89350,@HG,1,1,2025.00,0.0045,2225.0000,-50.0000,
TRADE,09/12/2019 01:00:00,2.87950,10/12/2019 04:00:00,2.91500,@HG,-1,1,-887.50,0.0020,225.0000,-887.5000,
TRADE,16/12/2019 01:00:00,2.93700,17/12/2019 04:00:00,2.96600,@HG,-1,1,-725.00,0.0035,25.0000,-937.5000,
TRADE,30/12/2019 01:00:00,2.98050,31/12/2019 07:00:00,2.95700,@HG,-1,1,587.50,0.0015,662.5000,-137.5000,
TRADE,02/01/2020 16:00:00,2.96700,05/01/2020 19:00:00,2.91300,@HG,1,1,-1350.00,0.0030,162.5000,-1487.5000,
TRADE,09/01/2020 16:00:00,2.94650,12/01/2020 19:00:00,2.95350,@HG,1,1,175.00,0.0030,937.5000,-75.0000,
TRADE,13/01/2020 01:00:00,2.97250,14/01/2020 04:00:00,3.00550,@HG,-1,1,-825.00,0.0050,337.5000,-987.5000,
TRADE,20/01/2020 01:00:00,3.00050,21/01/2020 07:00:00,2.94550,@HG,-1,1,1375.00,0.0030,1537.5000,-212.5000,
TRADE,23/01/2020 16:00:00,2.88600,26/01/2020 19:00:00,2.81550,@HG,1,1,-1762.50,0.0050,12.5000,-1762.5000,
TRADE,30/01/2020 16:00:00,2.67750,02/02/2020 19:00:00,2.63800,@HG,1,1,-987.50,0.0140,850.0000,-987.5000,
TRADE,10/02/2020 01:00:00,2.71500,11/02/2020 07:00:00,2.72850,@HG,-1,1,-337.50,0.0035,637.5000,-600.0000,
TRADE,17/02/2020 01:00:00,2.77250,18/02/2020 07:00:00,2.75000,@HG,-1,1,562.50,0.0025,762.5000,-175.0000,
TRADE,20/02/2020 16:00:00,2.73650,23/02/2020 19:00:00,2.73950,@HG,1,1,75.00,0.0035,725.0000,-700.0000,
TRADE,27/02/2020 16:00:00,2.71800,01/03/2020 19:00:00,2.66600,@HG,1,1,-1300.00,0.0175,87.5000,-1700.0000,
TRADE,05/03/2020 16:00:00,2.70850,08/03/2020 19:00:00,2.67900,@HG,1,1,-737.50,0.0105,312.5000,-812.5000,
TRADE,12/03/2020 16:00:00,2.60200,15/03/2020 19:00:00,2.65400,@HG,1,1,1300.00,0.0120,1850.0000,-1412.5000,
TRADE,19/03/2020 16:00:00,2.32200,22/03/2020 19:00:00,2.29050,@HG,1,1,-787.50,0.0225,1462.5000,-2125.0000,
TRADE,26/03/2020 16:00:00,2.32500,29/03/2020 19:00:00,2.29050,@HG,1,1,-862.50,0.0085,562.5000,-862.5000,
TRADE,06/04/2020 01:00:00,2.35300,07/04/2020 04:00:00,2.41650,@HG,-1,1,-1587.50,0.0070,125.0000,-1800.0000,
TRADE,13/04/2020 01:00:00,2.46800,14/04/2020 07:00:00,2.45900,@HG,-1,1,225.00,0.0095,562.5000,-712.5000,
TRADE,20/04/2020 01:00:00,2.49250,21/04/2020 07:00:00,2.37400,@HG,-1,1,2962.50,0.0045,3112.5000,-87.5000,
TRADE,27/04/2020 01:00:00,2.51700,28/04/2020 07:00:00,2.50400,@HG,-1,1,325.00,0.0045,1412.5000,-312.5000,
TRADE,11/05/2020 01:00:00,2.56950,12/05/2020 07:00:00,2.51550,@HG,-1,1,1350.00,0.0050,1487.5000,-50.0000,
TRADE,14/05/2020 16:00:00,2.49650,17/05/2020 19:00:00,2.48650,@HG,1,1,-250.00,0.0040,700.0000,-475.0000,
TRADE,25/05/2020 01:00:00,2.54250,26/05/2020 07:00:00,2.57500,@HG,-1,1,-812.50,0.0050,137.5000,-1012.5000,
TRADE,01/06/2020 01:00:00,2.59900,02/06/2020 06:00:00,2.62550,@HG,-1,1,-662.50,0.0055,625.0000,-775.0000,
TRADE,08/06/2020 01:00:00,2.69550,09/06/2020 04:00:00,2.73300,@HG,-1,1,-937.50,0.0070,237.5000,-1225.0000,
TRADE,15/06/2020 01:00:00,2.72550,16/06/2020 04:00:00,2.75700,@HG,-1,1,-787.50,0.0115,975.0000,-962.5000,
TRADE,18/06/2020 16:00:00,2.74250,21/06/2020 19:00:00,2.75050,@HG,1,1,200.00,0.0065,1412.5000,-150.0000,
TRADE,22/06/2020 01:00:00,2.77500,23/06/2020 04:00:00,2.80750,@HG,-1,1,-812.50,0.0070,350.0000,-987.5000,
TRADE,29/06/2020 01:00:00,2.82950,30/06/2020 07:00:00,2.85000,@HG,-1,1,-512.50,0.0060,250.0000,-675.0000,
TRADE,06/07/2020 01:00:00,2.87850,07/07/2020 04:00:00,2.90950,@HG,-1,1,-775.00,0.0075,137.5000,-1262.5000,
TRADE,13/07/2020 01:00:00,3.11500,14/07/2020 07:00:00,3.05550,@HG,-1,1,1487.50,0.0230,2137.5000,-300.0000,
TRADE,20/07/2020 01:00:00,3.03150,21/07/2020 04:00:00,3.06550,@HG,-1,1,-850.00,0.0080,162.5000,-1162.5000,
TRADE,30/07/2020 16:00:00,3.04750,02/08/2020 19:00:00,3.00050,@HG,1,1,-1175.00,0.0060,450.0000,-1675.0000,
TRADE,13/08/2020 16:00:00,2.91800,16/08/2020 19:00:00,2.99450,@HG,1,1,1912.50,0.0355,2012.5000,-37.5000,
TRADE,24/08/2020 01:00:00,3.06600,25/08/2020 07:00:00,3.05400,@HG,-1,1,300.00,0.0055,512.5000,-787.5000,
TRADE,31/08/2020 01:00:00,3.15850,01/09/2020 04:00:00,3.20650,@HG,-1,1,-1200.00,0.0070,312.5000,-1225.0000,
TRADE,03/09/2020 16:00:00,3.08850,06/09/2020 19:00:00,3.18950,@HG,1,1,2525.00,0.0090,2725.0000,-250.0000,
TRADE,07/09/2020 01:00:00,3.18450,08/09/2020 07:00:00,3.15500,@HG,-1,1,737.50,0.0070,762.5000,-337.5000,
TRADE,10/09/2020 16:00:00,3.09400,13/09/2020 19:00:00,3.16100,@HG,1,1,1675.00,0.0350,1812.5000,-612.5000,
TRADE,14/09/2020 01:00:00,3.17000,15/09/2020 07:00:00,3.18150,@HG,-1,1,-287.50,0.0125,687.5000,-712.5000,
TRADE,21/09/2020 01:00:00,3.22700,22/09/2020 07:00:00,3.16950,@HG,-1,1,1437.50,0.0075,2487.5000,-50.0000,
TRADE,24/09/2020 16:00:00,3.07600,27/09/2020 19:00:00,3.09750,@HG,1,1,537.50,0.0180,825.0000,-450.0000,
TRADE,01/10/2020 16:00:00,2.98600,04/10/2020 19:00:00,3.09400,@HG,1,1,2700.00,0.0185,2862.5000,-937.5000,
TRADE,12/10/2020 01:00:00,3.19150,13/10/2020 07:00:00,3.16650,@HG,-1,1,625.00,0.0085,1275.0000,-387.5000,
TRADE,19/10/2020 01:00:00,3.18600,20/10/2020 06:00:00,3.21250,@HG,-1,1,-662.50,0.0090,325.0000,-900.0000,
TRADE,26/10/2020 01:00:00,3.23700,27/10/2020 07:00:00,3.20800,@HG,-1,1,725.00,0.0065,1150.0000,-112.5000,
TRADE,29/10/2020 16:00:00,3.18050,01/11/2020 19:00:00,3.15700,@HG,1,1,-587.50,0.0070,337.5000,-737.5000,
TRADE,09/11/2020 01:00:00,3.29200,10/11/2020 07:00:00,3.24450,@HG,-1,1,1187.50,0.0055,1362.5000,-750.0000,
TRADE,16/11/2020 01:00:00,3.36200,17/11/2020 07:00:00,3.33150,@HG,-1,1,762.50,0.0075,1100.0000,-325.0000,
TRADE,23/11/2020 01:00:00,3.39650,24/11/2020 05:00:00,3.42200,@HG,-1,1,-637.50,0.0045,1187.5000,-825.0000,
TRADE,30/11/2020 01:00:00,3.56900,01/12/2020 07:00:00,3.58250,@HG,-1,1,-337.50,0.0050,987.5000,-737.5000,
TRADE,07/12/2020 01:00:00,3.59700,08/12/2020 07:00:00,3.57050,@HG,-1,1,662.50,0.0105,912.5000,-362.5000,
TRADE,14/12/2020 01:00:00,3.64450,15/12/2020 07:00:00,3.62650,@HG,-1,1,450.00,0.0030,1275.0000,0.0000,
TRADE,21/12/2020 01:00:00,3.69850,22/12/2020 07:00:00,3.62000,@HG,-1,1,1962.50,0.0070,2375.0000,-550.0000,
TRADE,28/12/2020 01:00:00,3.70400,29/12/2020 07:00:00,3.66450,@HG,-1,1,987.50,0.0070,1587.5000,-100.0000,
TRADE,31/12/2020 16:00:00,3.61550,05/01/2021 16:00:00,3.74950,@HG,1,1,3350.00,0.0080,3525.0000,-100.0000,
TRADE,11/01/2021 01:00:00,3.71100,12/01/2021 07:00:00,3.72300,@HG,-1,1,-300.00,0.0170,1650.0000,-637.5000,
TRADE,25/01/2021 01:00:00,3.72450,26/01/2021 07:00:00,3.68750,@HG,-1,1,925.00,0.0050,1250.0000,-237.5000,
TRADE,28/01/2021 16:00:00,3.67750,31/01/2021 19:00:00,3.64900,@HG,1,1,-712.50,0.0065,712.5000,-1300.0000,
TRADE,04/02/2021 16:00:00,3.64100,07/02/2021 19:00:00,3.73250,@HG,1,1,2287.50,0.0030,2312.5000,-62.5000,
TRADE,08/02/2021 01:00:00,3.72000,09/02/2021 04:00:00,3.77850,@HG,-1,1,-1462.50,0.0050,100.0000,-1775.0000,
TRADE,15/02/2021 01:00:00,3.92300,16/02/2021 07:00:00,3.92350,@HG,-1,1,-12.50,0.0100,750.0000,-387.5000,
TRADE,22/02/2021 01:00:00,4.26450,23/02/2021 07:00:00,4.21900,@HG,-1,1,1137.50,0.0090,2450.0000,-1337.5000,
TRADE,01/03/2021 01:00:00,4.22400,02/03/2021 07:00:00,4.23750,@HG,-1,1,-337.50,0.0125,2450.0000,-625.0000,
TRADE,04/03/2021 16:00:00,4.02200,07/03/2021 19:00:00,4.20150,@HG,1,1,4487.50,0.0960,4487.5000,-900.0000,
TRADE,15/03/2021 01:00:00,4.22950,16/03/2021 07:00:00,4.15100,@HG,-1,1,1962.50,0.0160,2212.5000,-237.5000,
TRADE,18/03/2021 16:00:00,4.16750,21/03/2021 19:00:00,4.19200,@HG,1,1,612.50,0.0310,962.5000,-1812.5000,
TRADE,22/03/2021 01:00:00,4.19350,23/03/2021 07:00:00,4.16150,@HG,-1,1,800.00,0.0140,925.0000,-1400.0000,
TRADE,25/03/2021 16:00:00,4.07650,28/03/2021 19:00:00,4.16450,@HG,1,1,2200.00,0.0135,2275.0000,-87.5000,
TRADE,01/04/2021 16:00:00,4.09150,06/04/2021 16:00:00,4.19350,@HG,1,1,2550.00,0.0140,3825.0000,-137.5000,
TRADE,19/04/2021 01:00:00,4.28150,20/04/2021 04:00:00,4.36100,@HG,-1,1,-1987.50,0.0125,87.5000,-2487.5000,
TRADE,26/04/2021 01:00:00,4.46550,27/04/2021 02:00:00,4.58550,@HG,-1,1,-3000.00,0.0400,125.0000,-2862.5000,
TRADE,03/05/2021 01:00:00,4.55600,04/05/2021 04:00:00,4.59550,@HG,-1,1,-987.50,0.0080,850.0000,-1662.5000,
TRADE,10/05/2021 01:00:00,4.91100,11/05/2021 07:00:00,4.87250,@HG,-1,1,962.50,0.0145,4037.5000,-1600.0000,
TRADE,20/05/2021 16:00:00,4.62950,23/05/2021 19:00:00,4.58900,@HG,1,1,-1012.50,0.0190,500.0000,-1837.5000,
TRADE,31/05/2021 01:00:00,4.76150,01/06/2021 07:00:00,4.75450,@HG,-1,1,175.00,0.0130,550.0000,-662.5000,
TRADE,03/06/2021 16:00:00,4.54100,06/06/2021 19:00:00,4.61000,@HG,1,1,1725.00,0.0075,2137.5000,-425.0000,
TRADE,10/06/2021 16:00:00,4.57800,13/06/2021 19:00:00,4.62950,@HG,1,1,1287.50,0.0045,2600.0000,-337.5000,
TRADE,14/06/2021 01:00:00,4.61450,15/06/2021 07:00:00,4.43600,@HG,-1,1,4462.50,0.0190,4600.0000,-287.5000,
TRADE,17/06/2021 16:00:00,4.26650,20/06/2021 19:00:00,4.21200,@HG,1,1,-1362.50,0.0170,975.0000,-1487.5000,
TRADE,28/06/2021 01:00:00,4.35550,29/06/2021 07:00:00,4.30750,@HG,-1,1,1200.00,0.0080,1575.0000,-1062.5000,
TRADE,01/07/2021 16:00:00,4.32800,04/07/2021 19:00:00,4.37050,@HG,1,1,1062.50,0.0125,1400.0000,-275.0000,
TRADE,05/07/2021 01:00:00,4.39450,06/07/2021 07:00:00,4.47550,@HG,-1,1,-2025.00,0.0115,75.0000,-2437.5000,
TRADE,08/07/2021 16:00:00,4.34950,11/07/2021 19:00:00,4.43600,@HG,1,1,2162.50,0.0070,2725.0000,-162.5000,
TRADE,12/07/2021 01:00:00,4.40750,13/07/2021 07:00:00,4.37550,@HG,-1,1,800.00,0.0125,937.5000,-612.5000,
TRADE,26/07/2021 01:00:00,4.53850,26/07/2021 10:00:00,4.65850,@HG,-1,1,-3000.00,0.0190,500.0000,-2925.0000,
TRADE,02/08/2021 01:00:00,4.58550,03/08/2021 07:00:00,4.48700,@HG,-1,1,2462.50,0.0125,2887.5000,-887.5000,
TRADE,05/08/2021 16:00:00,4.43550,08/08/2021 19:00:00,4.42600,@HG,1,1,-237.50,0.0095,1887.5000,-362.5000,
TRADE,19/08/2021 16:00:00,4.13200,22/08/2021 19:00:00,4.22200,@HG,1,1,2250.00,0.0145,2612.5000,-100.0000,
TRADE,30/08/2021 01:00:00,4.43950,31/08/2021 07:00:00,4.42600,@HG,-1,1,337.50,0.0165,487.5000,-1400.0000,
TRADE,06/09/2021 01:00:00,4.39100,07/09/2021 07:00:00,4.35400,@HG,-1,1,925.00,0.0095,1462.5000,-687.5000,
TRADE,09/09/2021 16:00:00,4.36500,12/09/2021 19:00:00,4.50350,@HG,1,1,3462.50,0.0080,4537.5000,-362.5000,
TRADE,13/09/2021 01:00:00,4.51350,14/09/2021 07:00:00,4.39800,@HG,-1,1,2887.50,0.0255,3125.0000,-887.5000,
TRADE,16/09/2021 16:00:00,4.34500,19/09/2021 19:00:00,4.31700,@HG,1,1,-700.00,0.0140,2287.5000,-912.5000,
TRADE,23/09/2021 16:00:00,4.31050,26/09/2021 19:00:00,4.37000,@HG,1,1,1487.50,0.0075,1725.0000,-750.0000,
TRADE,27/09/2021 01:00:00,4.36600,28/09/2021 07:00:00,4.32150,@HG,-1,1,1112.50,0.0145,1212.5000,-462.5000,
TRADE,30/09/2021 16:00:00,4.18650,03/10/2021 19:00:00,4.29200,@HG,1,1,2637.50,0.0195,2637.5000,-1262.5000,
TRADE,11/10/2021 01:00:00,4.36300,12/10/2021 05:00:00,4.40300,@HG,-1,1,-1000.00,0.0125,25.0000,-2487.5000,
TRADE,18/10/2021 01:00:00,4.85250,19/10/2021 07:00:00,4.85450,@HG,-1,1,-50.00,0.0195,2237.5000,-1000.0000,
TRADE,21/10/2021 16:00:00,4.62900,24/10/2021 19:00:00,4.59150,@HG,1,1,-937.50,0.0125,1687.5000,-2262.5000,
TRADE,28/10/2021 16:00:00,4.51100,31/10/2021 19:00:00,4.45500,@HG,1,1,-1400.00,0.0080,487.5000,-2487.5000,
TRADE,04/11/2021 16:00:00,4.38650,07/11/2021 19:00:00,4.43750,@HG,1,1,1275.00,0.0095,1612.5000,-675.0000,
TRADE,15/11/2021 01:00:00,4.49700,16/11/2021 07:00:00,4.47250,@HG,-1,1,612.50,0.0045,1037.5000,-875.0000,
TRADE,18/11/2021 16:00:00,4.39450,21/11/2021 19:00:00,4.48100,@HG,1,1,2162.50,0.0070,2550.0000,-637.5000,
TRADE,22/11/2021 01:00:00,4.45550,23/11/2021 05:00:00,4.49200,@HG,-1,1,-912.50,0.0075,650.0000,-1275.0000,
TRADE,02/12/2021 16:00:00,4.35650,05/12/2021 19:00:00,4.34300,@HG,1,1,-337.50,0.0080,1187.5000,-1125.0000,
TRADE,13/12/2021 01:00:00,4.38650,14/12/2021 07:00:00,4.34400,@HG,-1,1,1062.50,0.0080,1512.5000,-312.5000,
TRADE,16/12/2021 16:00:00,4.35100,19/12/2021 19:00:00,4.35400,@HG,1,1,75.00,0.0250,1150.0000,-300.0000,
TRADE,27/12/2021 01:00:00,4.44000,28/12/2021 04:00:00,4.49700,@HG,-1,1,-1425.00,0.0120,725.0000,-2937.5000,
TRADE,03/01/2022 01:00:00,4.50750,04/01/2022 07:00:00,4.45900,@HG,-1,1,1212.50,0.0075,2662.5000,-862.5000,
TRADE,06/01/2022 16:00:00,4.42450,09/01/2022 19:00:00,4.46750,@HG,1,1,1075.00,0.0080,1475.0000,-375.0000,
TRADE,24/01/2022 01:00:00,4.55400,25/01/2022 07:00:00,4.46650,@HG,-1,1,2187.50,0.0060,2537.5000,-87.5000,
TRADE,27/01/2022 16:00:00,4.47750,30/01/2022 19:00:00,4.39350,@HG,1,1,-2100.00,0.0255,962.5000,-2825.0000,
TRADE,07/02/2022 01:00:00,4.54350,08/02/2022 07:00:00,4.47350,@HG,-1,1,1750.00,0.0105,2062.5000,-275.0000,
TRADE,17/02/2022 16:00:00,4.57000,20/02/2022 19:00:00,4.57600,@HG,1,1,150.00,0.0105,1700.0000,-287.5000,
TRADE,24/02/2022 16:00:00,4.54250,27/02/2022 19:00:00,4.55400,@HG,1,1,287.50,0.0235,1187.5000,-625.0000,
TRADE,07/03/2022 01:00:00,5.07400,07/03/2022 09:00:00,4.89000,@HG,-1,1,4600.00,0.0250,3762.5000,-475.0000,
TRADE,10/03/2022 16:00:00,4.70200,13/03/2022 19:00:00,4.65950,@HG,1,1,-1062.50,0.0240,2087.5000,-1150.0000,
TRADE,21/03/2022 01:00:00,4.72950,22/03/2022 06:00:00,4.75950,@HG,-1,1,-750.00,0.0230,300.0000,-1512.5000,
TRADE,07/04/2022 16:00:00,4.77850,10/04/2022 19:00:00,4.78850,@HG,1,1,250.00,0.0100,1212.5000,-375.0000,
TRADE,14/04/2022 16:00:00,4.77300,19/04/2022 16:00:00,4.77150,@HG,1,1,-37.50,0.0115,3275.0000,-775.0000,
TRADE,21/04/2022 16:00:00,4.74950,24/04/2022 19:00:00,4.64300,@HG,1,1,-2662.50,0.0195,462.5000,-2950.0000,
TRADE,28/04/2022 16:00:00,4.48050,01/05/2022 19:00:00,4.43150,@HG,1,1,-1225.00,0.0230,1750.0000,-1762.5000,
TRADE,05/05/2022 16:00:00,4.32900,08/05/2022 19:00:00,4.27650,@HG,1,1,-1312.50,0.0165,712.5000,-1487.5000,
TRADE,12/05/2022 16:00:00,4.11300,15/05/2022 19:00:00,4.21800,@HG,1,1,2625.00,0.0220,2762.5000,-487.5000,
TRADE,23/05/2022 01:00:00,4.34150,24/05/2022 07:00:00,4.33350,@HG,-1,1,200.00,0.0170,775.0000,-1300.0000,
TRADE,30/05/2022 01:00:00,4.37350,31/05/2022 07:00:00,4.37950,@HG,-1,1,-150.00,0.0155,562.5000,-787.5000,
TRADE,06/06/2022 01:00:00,4.44900,07/06/2022 07:00:00,4.41700,@HG,-1,1,800.00,0.0115,950.0000,-1125.0000,
TRADE,09/06/2022 16:00:00,4.40950,12/06/2022 19:00:00,4.31600,@HG,1,1,-2337.50,0.0140,300.0000,-2412.5000,
TRADE,16/06/2022 16:00:00,4.14250,19/06/2022 19:00:00,4.03600,@HG,1,1,-2662.50,0.0150,300.0000,-2850.0000,
TRADE,23/06/2022 16:00:00,3.77600,26/06/2022 19:00:00,3.77800,@HG,1,1,50.00,0.0225,1512.5000,-2437.5000,
TRADE,30/06/2022 16:00:00,3.72350,01/07/2022 04:00:00,3.60350,@HG,1,1,-3000.00,0.0200,350.0000,-2862.5000,
TRADE,07/07/2022 16:00:00,3.58300,10/07/2022 19:00:00,3.55250,@HG,1,1,-762.50,0.0085,587.5000,-2600.0000,
TRADE,14/07/2022 16:00:00,3.27200,17/07/2022 19:00:00,3.28150,@HG,1,1,237.50,0.0415,1012.5000,-2637.5000,
TRADE,25/07/2022 01:00:00,3.37050,26/07/2022 04:00:00,3.47450,@HG,-1,1,-2600.00,0.0200,462.5000,-2862.5000,
TRADE,01/08/2022 01:00:00,3.60400,02/08/2022 07:00:00,3.54300,@HG,-1,1,1525.00,0.0275,3012.5000,-700.0000,
TRADE,08/08/2022 01:00:00,3.58550,09/08/2022 04:00:00,3.62000,@HG,-1,1,-862.50,0.0155,425.0000,-1800.0000,
TRADE,15/08/2022 01:00:00,3.66400,16/08/2022 07:00:00,3.64850,@HG,-1,1,387.50,0.0085,2075.0000,-312.5000,
TRADE,22/08/2022 01:00:00,3.71200,23/08/2022 07:00:00,3.70800,@HG,-1,1,100.00,0.0190,1825.0000,-162.5000,
TRADE,01/09/2022 16:00:00,3.44250,04/09/2022 19:00:00,3.43450,@HG,1,1,-200.00,0.0135,1187.5000,-650.0000,
TRADE,12/09/2022 01:00:00,3.57550,13/09/2022 04:00:00,3.65250,@HG,-1,1,-1925.00,0.0090,150.0000,-2512.5000,
TRADE,15/09/2022 16:00:00,3.50600,18/09/2022 19:00:00,3.58750,@HG,1,1,2037.50,0.0150,2037.5000,-1062.5000,
TRADE,22/09/2022 16:00:00,3.49950,23/09/2022 06:00:00,3.37950,@HG,1,1,-3000.00,0.0140,225.0000,-2787.5000,
TRADE,20/10/2022 16:00:00,3.43150,23/10/2022 19:00:00,3.52000,@HG,1,1,2212.50,0.0140,2212.5000,-1275.0000,
TRADE,24/10/2022 01:00:00,3.50250,25/10/2022 07:00:00,3.40550,@HG,-1,1,2425.00,0.0095,2550.0000,-525.0000,
TRADE,03/11/2022 16:00:00,3.46250,04/11/2022 09:00:00,3.64650,@HG,1,1,4600.00,0.0100,4500.0000,-237.5000,
TRADE,07/11/2022 01:00:00,3.67900,08/11/2022 07:00:00,3.63550,@HG,-1,1,1087.50,0.0110,2037.5000,-412.5000,
TRADE,14/11/2022 01:00:00,3.93150,15/11/2022 07:00:00,3.86850,@HG,-1,1,1575.00,0.0140,2000.0000,-812.5000,
TRADE,17/11/2022 16:00:00,3.71150,20/11/2022 19:00:00,3.67850,@HG,1,1,-825.00,0.0190,775.0000,-1225.0000,
TRADE,24/11/2022 19:00:00,3.66750,28/11/2022 01:00:00,3.59850,@HG,1,1,-1725.00,0.0045,1400.0000,-2212.5000,
TRADE,05/12/2022 01:00:00,3.91000,06/12/2022 07:00:00,3.83500,@HG,-1,1,1875.00,0.0140,2625.0000,-300.0000,
TRADE,15/12/2022 16:00:00,3.80500,18/12/2022 19:00:00,3.80150,@HG,1,1,-87.50,0.0080,800.0000,-1000.0000,
TRADE,22/12/2022 16:00:00,3.79400,26/12/2022 19:00:00,3.87200,@HG,1,1,1950.00,0.0135,1950.0000,-62.5000,
TRADE,09/01/2023 01:00:00,4.00000,10/01/2023 04:00:00,4.03500,@HG,-1,1,-875.00,0.0100,387.5000,-1912.5000,
TRADE,16/01/2023 01:00:00,4.22250,17/01/2023 07:00:00,4.18650,@HG,-1,1,900.00,0.0115,2000.0000,-75.0000,
TRADE,23/01/2023 01:00:00,4.32700,24/01/2023 07:00:00,4.28200,@HG,-1,1,1125.00,0.0090,1725.0000,-37.5000,
TRADE,02/02/2023 16:00:00,4.11400,05/02/2023 19:00:00,4.07350,@HG,1,1,-1012.50,0.0280,1350.0000,-1287.5000,
TRADE,09/02/2023 16:00:00,4.10400,12/02/2023 19:00:00,4.05050,@HG,1,1,-1337.50,0.0155,262.5000,-1675.0000,
TRADE,20/02/2023 01:00:00,4.14700,21/02/2023 06:00:00,4.20400,@HG,-1,1,-1425.00,0.0155,125.0000,-2075.0000,
TRADE,23/02/2023 16:00:00,4.08550,26/02/2023 19:00:00,3.99500,@HG,1,1,-2262.50,0.0130,712.5000,-2525.0000,
TRADE,02/03/2023 16:00:00,4.11400,05/03/2023 19:00:00,4.10000,@HG,1,1,-350.00,0.0145,962.5000,-462.5000,
TRADE,09/03/2023 16:00:00,4.04600,12/03/2023 19:00:00,4.04250,@HG,1,1,-87.50,0.0140,1312.5000,-1100.0000,
TRADE,13/03/2023 01:00:00,4.09700,14/03/2023 07:00:00,4.05150,@HG,-1,1,1137.50,0.0160,3512.5000,-175.0000,
TRADE,16/03/2023 16:00:00,3.90250,19/03/2023 19:00:00,3.94350,@HG,1,1,1025.00,0.0080,2125.0000,0.0000,
TRADE,27/03/2023 01:00:00,4.12000,28/03/2023 07:00:00,4.10850,@HG,-1,1,287.50,0.0230,1537.5000,-700.0000,
TRADE,06/04/2023 16:00:00,4.05200,10/04/2023 20:00:00,4.02500,@HG,1,1,-675.00,0.0105,562.5000,-1350.0000,
TRADE,17/04/2023 01:00:00,4.14200,18/04/2023 07:00:00,4.10800,@HG,-1,1,850.00,0.0105,1225.0000,-650.0000,
TRADE,20/04/2023 16:00:00,4.05100,23/04/2023 19:00:00,4.01850,@HG,1,1,-812.50,0.0170,400.0000,-1062.5000,
TRADE,27/04/2023 16:00:00,3.91150,30/04/2023 19:00:00,3.91300,@HG,1,1,37.50,0.0095,625.0000,-912.5000,
TRADE,04/05/2023 16:00:00,3.87500,07/05/2023 19:00:00,3.91050,@HG,1,1,887.50,0.0080,1225.0000,-800.0000,
TRADE,08/05/2023 01:00:00,3.91200,09/05/2023 07:00:00,3.92200,@HG,-1,1,-250.00,0.0135,325.0000,-1637.5000,
TRADE,11/05/2023 16:00:00,3.71750,14/05/2023 19:00:00,3.74150,@HG,1,1,600.00,0.0070,1300.0000,-562.5000,
TRADE,18/05/2023 16:00:00,3.71250,21/05/2023 19:00:00,3.74550,@HG,1,1,825.00,0.0095,1825.0000,-450.0000,
TRADE,25/05/2023 16:00:00,3.61300,28/05/2023 19:00:00,3.70000,@HG,1,1,2175.00,0.0105,2237.5000,-300.0000,
TRADE,29/05/2023 01:00:00,3.69350,30/05/2023 07:00:00,3.68700,@HG,-1,1,162.50,0.0080,1212.5000,-887.5000,
TRADE,05/06/2023 01:00:00,3.72250,06/06/2023 04:00:00,3.76400,@HG,-1,1,-1037.50,0.0100,462.5000,-2000.0000,
TRADE,12/06/2023 01:00:00,3.77400,13/06/2023 04:00:00,3.80350,@HG,-1,1,-737.50,0.0070,525.0000,-950.0000,
TRADE,19/06/2023 01:00:00,3.88000,20/06/2023 07:00:00,3.87550,@HG,-1,1,112.50,0.0095,625.0000,-675.0000,
