TRADE,09/12/2010 20:00:00,1.34830,10/12/2010 16:00:00,1.34550,@JY,1,1,-350.00,0.0043,537.5000,-475.0000,
TRADE,26/12/2010 20:00:00,1.36050,27/12/2010 16:00:00,1.36020,@JY,1,1,-37.50,0.0020,475.0000,-150.0000,
TRADE,28/12/2010 20:00:00,1.36760,29/12/2010 16:00:00,1.37610,@JY,1,1,1062.50,0.0063,1087.5000,-62.5000,
TRADE,03/01/2011 20:00:00,1.37770,04/01/2011 04:00:00,1.37020,@JY,1,1,-937.50,0.0033,212.5000,-900.0000,
TRADE,06/01/2011 20:00:00,1.35440,07/01/2011 08:00:00,1.35440,@JY,-1,1,0.00,0.0034,762.5000,-100.0000,
TRADE,09/01/2011 20:00:00,1.35620,10/01/2011 16:00:00,1.36240,@JY,1,1,775.00,0.0036,912.5000,-200.0000,
TRADE,10/01/2011 20:00:00,1.36290,13/01/2011 08:00:00,1.35840,@JY,-1,1,562.50,0.0018,1437.5000,-25.0000,
TRADE,18/01/2011 20:00:00,1.36430,19/01/2011 16:00:00,1.37430,@JY,1,1,1250.00,0.0033,1362.5000,-162.5000,
TRADE,25/01/2011 20:00:00,1.37000,26/01/2011 16:00:00,1.36650,@JY,1,1,-437.50,0.0063,412.5000,-487.5000,
TRADE,27/01/2011 20:00:00,1.36040,28/01/2011 16:00:00,1.37080,@JY,1,1,1300.00,0.0030,1600.0000,-137.5000,
TRADE,30/01/2011 20:00:00,1.37110,01/02/2011 04:00:00,1.37840,@JY,-1,1,-912.50,0.0022,237.5000,-687.5000,
TRADE,01/02/2011 20:00:00,1.38200,02/02/2011 16:00:00,1.37790,@JY,1,1,-512.50,0.0027,137.5000,-875.0000,
TRADE,03/02/2011 20:00:00,1.37910,04/02/2011 08:00:00,1.37910,@JY,1,1,0.00,0.0037,1012.5000,-362.5000,
TRADE,07/02/2011 20:00:00,1.36780,08/02/2011 12:00:00,1.37350,@JY,-1,1,-712.50,0.0027,37.5000,-637.5000,
TRADE,08/02/2011 20:00:00,1.36830,09/02/2011 16:00:00,1.36750,@JY,1,1,-100.00,0.0076,100.0000,-675.0000,
TRADE,13/02/2011 20:00:00,1.35110,16/02/2011 08:00:00,1.34930,@JY,-1,1,225.00,0.0028,775.0000,-712.5000,
TRADE,22/02/2011 20:00:00,1.36110,23/02/2011 16:00:00,1.36700,@JY,1,1,737.50,0.0034,875.0000,-187.5000,
TRADE,23/02/2011 20:00:00,1.36630,24/02/2011 04:00:00,1.37430,@JY,-1,1,-1000.00,0.0039,100.0000,-862.5000,
TRADE,27/02/2011 20:00:00,1.37770,02/03/2011 08:00:00,1.37380,@JY,-1,1,487.50,0.0033,1062.5000,-112.5000,
TRADE,07/03/2011 20:00:00,1.36840,10/03/2011 08:00:00,1.35950,@JY,-1,1,1112.50,0.0021,1212.5000,-162.5000,
TRADE,10/03/2011 20:00:00,1.35930,11/03/2011 16:00:00,1.37440,@JY,1,1,1887.50,0.0037,2412.5000,-700.0000,
TRADE,21/03/2011 20:00:00,1.38690,24/03/2011 08:00:00,1.38900,@JY,-1,1,-262.50,0.0026,412.5000,-687.5000,
TRADE,27/03/2011 20:00:00,1.38190,28/03/2011 16:00:00,1.37710,@JY,1,1,-600.00,0.0028,12.5000,-875.0000,
TRADE,29/03/2011 20:00:00,1.36590,30/03/2011,1.35805,@JY,1,1,-981.25,0.0015,162.5000,-887.5000,
TRADE,05/04/2011 20:00:00,1.32800,06/04/2011 16:00:00,1.32560,@JY,1,1,-300.00,0.0042,462.5000,-712.5000,
TRADE,12/04/2011 20:00:00,1.34930,13/04/2011 16:00:00,1.34620,@JY,1,1,-387.50,0.0044,162.5000,-1200.0000,
TRADE,18/04/2011 20:00:00,1.36470,19/04/2011 16:00:00,1.36610,@JY,1,1,175.00,0.0049,362.5000,-437.5000,
TRADE,26/04/2011 20:00:00,1.37850,26/04/2011 20:00:00,1.37850,@JY,1,1,0.00,0.0041,625.0000,-12.5000,
TRADE,02/05/2011 20:00:00,1.38340,03/05/2011 16:00:00,1.38760,@JY,1,1,525.00,0.0014,1087.5000,-50.0000,
TRADE,09/05/2011 20:00:00,1.39820,12/05/2011 08:00:00,1.38680,@JY,-1,1,1425.00,0.0060,2012.5000,-287.5000,
TRADE,17/05/2011 20:00:00,1.38110,18/05/2011 12:00:00,1.38110,@JY,1,1,0.00,0.0042,900.0000,-262.5000,
TRADE,23/05/2011 20:00:00,1.37330,24/05/2011 16:00:00,1.37110,@JY,1,1,-275.00,0.0044,587.5000,-550.0000,
TRADE,29/05/2011 20:00:00,1.38960,01/06/2011 08:00:00,1.38960,@JY,-1,1,0.00,0.0017,1762.5000,-262.5000,
TRADE,02/06/2011 20:00:00,1.38820,03/06/2011 08:00:00,1.39620,@JY,-1,1,-1000.00,0.0024,137.5000,-787.5000,
TRADE,06/06/2011 20:00:00,1.40180,08/06/2011,1.40685,@JY,-1,1,-631.25,0.0027,462.5000,-525.0000,
TRADE,09/06/2011 20:00:00,1.39720,10/06/2011 16:00:00,1.39930,@JY,1,1,262.50,0.0052,825.0000,-150.0000,
TRADE,16/06/2011 20:00:00,1.39370,17/06/2011 12:00:00,1.40070,@JY,-1,1,-875.00,0.0027,87.5000,-825.0000,
TRADE,22/06/2011 20:00:00,1.39850,23/06/2011 08:00:00,1.39125,@JY,1,1,-906.25,0.0040,12.5000,-725.0000,
TRADE,26/06/2011 20:00:00,1.39640,29/06/2011 08:00:00,1.38610,@JY,-1,1,1287.50,0.0026,1600.0000,-62.5000,
TRADE,29/06/2011 20:00:00,1.39040,30/06/2011 12:00:00,1.39040,@JY,1,1,0.00,0.0029,1075.0000,-87.5000,
TRADE,05/07/2011 20:00:00,1.38620,06/07/2011 16:00:00,1.38860,@JY,1,1,300.00,0.0022,637.5000,-37.5000,
TRADE,11/07/2011 20:00:00,1.39940,12/07/2011 04:00:00,1.40690,@JY,-1,1,-937.50,0.0042,250.0000,-912.5000,
TRADE,13/07/2011 20:00:00,1.42050,14/07/2011 04:00:00,1.42050,@JY,-1,1,0.00,0.0015,1400.0000,-875.0000,
TRADE,14/07/2011 20:00:00,1.41630,15/07/2011 16:00:00,1.41870,@JY,1,1,300.00,0.0029,550.0000,-212.5000,
TRADE,19/07/2011 20:00:00,1.41640,20/07/2011 16:00:00,1.42280,@JY,1,1,800.00,0.0062,912.5000,-312.5000,
TRADE,26/07/2011 20:00:00,1.43590,27/07/2011 12:00:00,1.43590,@JY,1,1,0.00,0.0043,787.5000,-137.5000,
TRADE,31/07/2011 20:00:00,1.44560,01/08/2011 16:00:00,1.45350,@JY,1,1,987.50,0.0080,2287.5000,-1412.5000,
TRADE,02/08/2011 20:00:00,1.44660,05/08/2011 08:00:00,1.42730,@JY,-1,1,2412.50,0.0043,5912.5000,-1137.5000,
TRADE,07/08/2011 20:00:00,1.43240,07/08/2011 20:00:00,1.43240,@JY,-1,1,0.00,0.0036,612.5000,-525.0000,
TRADE,18/08/2011 20:00:00,1.45950,18/08/2011 20:00:00,1.45450,@JY,1,1,-625.00,0.0021,50.0000,-387.5000,
TRADE,24/08/2011 20:00:00,1.45230,25/08/2011 12:00:00,1.44350,@JY,1,1,-1100.00,0.0055,225.0000,-1075.0000,
TRADE,31/08/2011 20:00:00,1.45700,01/09/2011,1.44890,@JY,1,1,-1012.50,0.0035,12.5000,-1000.0000,
TRADE,06/09/2011 20:00:00,1.44190,07/09/2011 16:00:00,1.44580,@JY,1,1,487.50,0.0039,1062.5000,-325.0000,
TRADE,07/09/2011 20:00:00,1.44750,09/09/2011 12:00:00,1.44750,@JY,-1,1,0.00,0.0026,1312.5000,-187.5000,
TRADE,15/09/2011 20:00:00,1.45530,16/09/2011 16:00:00,1.45170,@JY,1,1,-450.00,0.0025,50.0000,-600.0000,
TRADE,25/09/2011 20:00:00,1.45690,27/09/2011 20:00:00,1.45690,@JY,-1,1,0.00,0.0080,762.5000,-900.0000,
TRADE,29/09/2011 20:00:00,1.45290,30/09/2011 04:00:00,1.45290,@JY,1,1,0.00,0.0038,712.5000,-100.0000,
TRADE,06/10/2011 20:00:00,1.45490,07/10/2011 16:00:00,1.45340,@JY,1,1,-187.50,0.0026,237.5000,-637.5000,
TRADE,12/10/2011 20:00:00,1.44490,13/10/2011 16:00:00,1.45170,@JY,1,1,850.00,0.0029,1287.5000,-37.5000,
TRADE,13/10/2011 20:00:00,1.45160,14/10/2011 12:00:00,1.45160,@JY,-1,1,0.00,0.0017,662.5000,-50.0000,
TRADE,20/10/2011 20:00:00,1.45310,21/10/2011 16:00:00,1.46270,@JY,1,1,1200.00,0.0034,2275.0000,-275.0000,
TRADE,24/10/2011 20:00:00,1.46460,25/10/2011 12:00:00,1.46980,@JY,-1,1,-650.00,0.0022,412.5000,-500.0000,
TRADE,25/10/2011 20:00:00,1.46500,26/10/2011 12:00:00,1.46500,@JY,1,1,0.00,0.0045,837.5000,-162.5000,
TRADE,27/10/2011 20:00:00,1.46690,28/10/2011 16:00:00,1.47100,@JY,1,1,512.50,0.0034,612.5000,-50.0000,
TRADE,31/10/2011 20:00:00,1.43210,01/11/2011 16:00:00,1.42800,@JY,1,1,-512.50,0.0044,112.5000,-1925.0000,
TRADE,01/11/2011 20:00:00,1.42720,02/11/2011 08:00:00,1.43310,@JY,-1,1,-737.50,0.0028,75.0000,-600.0000,
TRADE,08/11/2011 20:00:00,1.43700,09/11/2011 16:00:00,1.43730,@JY,1,1,37.50,0.0028,412.5000,-100.0000,
TRADE,15/11/2011 20:00:00,1.44870,16/11/2011 16:00:00,1.44850,@JY,1,1,-25.00,0.0016,375.0000,-225.0000,
TRADE,20/11/2011 20:00:00,1.45030,21/11/2011 16:00:00,1.45000,@JY,1,1,-37.50,0.0019,362.5000,-137.5000,
TRADE,21/11/2011 20:00:00,1.45070,22/11/2011 04:00:00,1.45070,@JY,-1,1,0.00,0.0019,937.5000,-12.5000,
TRADE,22/11/2011 20:00:00,1.44980,23/11/2011 12:00:00,1.44590,@JY,1,1,-487.50,0.0014,62.5000,-587.5000,
TRADE,27/11/2011 20:00:00,1.44070,28/11/2011 12:00:00,1.43440,@JY,1,1,-787.50,0.0023,75.0000,-737.5000,
TRADE,01/12/2011 20:00:00,1.43690,05/12/2011 16:00:00,1.43690,@JY,-1,1,0.00,0.0034,800.0000,0.0000,
TRADE,08/12/2011 20:00:00,1.43790,09/12/2011 16:00:00,1.43820,@JY,1,1,37.50,0.0023,212.5000,-300.0000,
TRADE,11/12/2011 20:00:00,1.43870,13/12/2011 12:00:00,1.43870,@JY,-1,1,0.00,0.0029,750.0000,-125.0000,
TRADE,15/12/2011 20:00:00,1.43460,16/12/2011 16:00:00,1.43630,@JY,1,1,212.50,0.0016,550.0000,-162.5000,
TRADE,28/12/2011 20:00:00,1.43290,29/12/2011 16:00:00,1.43650,@JY,1,1,450.00,0.0022,550.0000,-62.5000,
TRADE,29/12/2011 20:00:00,1.43790,30/12/2011 08:00:00,1.44300,@JY,-1,1,-637.50,0.0021,250.0000,-475.0000,
TRADE,03/01/2012 20:00:00,1.45270,06/01/2012 12:00:00,1.44360,@JY,-1,1,1137.50,0.0024,1325.0000,-250.0000,
TRADE,11/01/2012 20:00:00,1.44990,12/01/2012 16:00:00,1.45270,@JY,1,1,350.00,0.0015,400.0000,-262.5000,
TRADE,17/01/2012 20:00:00,1.45000,18/01/2012 16:00:00,1.45110,@JY,1,1,137.50,0.0006,412.5000,-62.5000,
TRADE,22/01/2012 20:00:00,1.44750,25/01/2012 08:00:00,1.42820,@JY,-1,1,2412.50,0.0019,2412.5000,-237.5000,
TRADE,26/01/2012 20:00:00,1.43930,27/01/2012,1.44685,@JY,-1,1,-943.75,0.0020,62.5000,-912.5000,
TRADE,29/01/2012 20:00:00,1.45130,30/01/2012 16:00:00,1.45890,@JY,1,1,950.00,0.0023,1175.0000,-62.5000,
TRADE,05/02/2012 20:00:00,1.45510,06/02/2012 16:00:00,1.45440,@JY,1,1,-87.50,0.0014,50.0000,-612.5000,
TRADE,07/02/2012 20:00:00,1.45070,08/02/2012 16:00:00,1.44660,@JY,1,1,-512.50,0.0039,137.5000,-875.0000,
TRADE,14/02/2012 20:00:00,1.42360,15/02/2012 16:00:00,1.42450,@JY,1,1,112.50,0.0024,425.0000,-525.0000,
TRADE,15/02/2012 20:00:00,1.42380,20/02/2012 08:00:00,1.40540,@JY,-1,1,2300.00,0.0050,3012.5000,-50.0000,
TRADE,21/02/2012 20:00:00,1.40220,22/02/2012,1.39700,@JY,1,1,-650.00,0.0019,12.5000,-550.0000,
TRADE,28/02/2012 20:00:00,1.39050,02/03/2012 08:00:00,1.37370,@JY,-1,1,2100.00,0.0020,2362.5000,-450.0000,
TRADE,06/03/2012 20:00:00,1.38590,07/03/2012 16:00:00,1.38220,@JY,1,1,-462.50,0.0048,375.0000,-712.5000,
TRADE,12/03/2012 20:00:00,1.36360,15/03/2012 08:00:00,1.34190,@JY,-1,1,2712.50,0.0013,3462.5000,-587.5000,
TRADE,15/03/2012 20:00:00,1.34500,16/03/2012 16:00:00,1.34780,@JY,1,1,350.00,0.0050,637.5000,-725.0000,
TRADE,25/03/2012 20:00:00,1.36100,28/03/2012 08:00:00,1.35430,@JY,-1,1,837.50,0.0038,1750.0000,0.0000,
TRADE,28/03/2012 20:00:00,1.35430,29/03/2012 16:00:00,1.36140,@JY,1,1,887.50,0.0025,1837.5000,-150.0000,
TRADE,05/04/2012 20:00:00,1.36200,08/04/2012 20:00:00,1.37400,@JY,1,1,1500.00,0.0019,1987.5000,-375.0000,
TRADE,10/04/2012 20:00:00,1.38660,11/04/2012 16:00:00,1.38280,@JY,1,1,-475.00,0.0027,300.0000,-762.5000,
TRADE,16/04/2012 20:00:00,1.39130,17/04/2012 16:00:00,1.38610,@JY,1,1,-650.00,0.0030,162.5000,-762.5000,
TRADE,23/04/2012 20:00:00,1.37930,24/04/2012 04:00:00,1.37930,@JY,1,1,0.00,0.0020,637.5000,-12.5000,
TRADE,30/04/2012 20:00:00,1.40010,03/05/2012 08:00:00,1.39220,@JY,-1,1,987.50,0.0014,1525.0000,-375.0000,
TRADE,06/05/2012 20:00:00,1.40070,07/05/2012 16:00:00,1.39850,@JY,1,1,-275.00,0.0020,337.5000,-412.5000,
TRADE,08/05/2012 20:00:00,1.39910,09/05/2012 16:00:00,1.40260,@JY,1,1,437.50,0.0015,925.0000,-100.0000,
TRADE,14/05/2012 20:00:00,1.39970,15/05/2012 12:00:00,1.39565,@JY,1,1,-506.25,0.0011,75.0000,-475.0000,
TRADE,20/05/2012 20:00:00,1.40990,23/05/2012 08:00:00,1.40630,@JY,-1,1,450.00,0.0025,1912.5000,-175.0000,
TRADE,29/05/2012 20:00:00,1.40450,30/05/2012 16:00:00,1.41330,@JY,1,1,1100.00,0.0024,1337.5000,-62.5000,
TRADE,04/06/2012 20:00:00,1.42360,07/06/2012 08:00:00,1.40600,@JY,-1,1,2200.00,0.0018,2325.0000,-487.5000,
TRADE,07/06/2012 20:00:00,1.40240,08/06/2012 16:00:00,1.40600,@JY,1,1,450.00,0.0020,1087.5000,-175.0000,
TRADE,14/06/2012 20:00:00,1.40580,15/06/2012 16:00:00,1.41730,@JY,1,1,1437.50,0.0027,1625.0000,-200.0000,
TRADE,24/06/2012 20:00:00,1.38880,25/06/2012 04:00:00,1.39545,@JY,-1,1,-831.25,0.0017,262.5000,-775.0000,
TRADE,28/06/2012 20:00:00,1.40540,29/06/2012 04:00:00,1.40540,@JY,1,1,0.00,0.0020,625.0000,-12.5000,
TRADE,02/07/2012 20:00:00,1.40410,05/07/2012 12:00:00,1.39560,@JY,-1,1,1062.50,0.0021,1175.0000,-200.0000,
TRADE,05/07/2012 20:00:00,1.39750,06/07/2012 16:00:00,1.40210,@JY,1,1,575.00,0.0013,1237.5000,-200.0000,
TRADE,17/07/2012 20:00:00,1.41060,18/07/2012 16:00:00,1.41430,@JY,1,1,462.50,0.0015,587.5000,-162.5000,
TRADE,19/07/2012 20:00:00,1.41750,20/07/2012 16:00:00,1.41950,@JY,1,1,250.00,0.0008,362.5000,-337.5000,
TRADE,24/07/2012 20:00:00,1.42510,26/07/2012 08:00:00,1.42910,@JY,-1,1,-500.00,0.0014,225.0000,-262.5000,
TRADE,26/07/2012 20:00:00,1.42410,27/07/2012 12:00:00,1.41760,@JY,1,1,-812.50,0.0021,312.5000,-737.5000,
TRADE,30/07/2012 20:00:00,1.42480,02/08/2012 08:00:00,1.42160,@JY,-1,1,400.00,0.0017,725.0000,-562.5000,
TRADE,06/08/2012 20:00:00,1.42350,08/08/2012 08:00:00,1.42350,@JY,-1,1,0.00,0.0016,1000.0000,-200.0000,
TRADE,09/08/2012 20:00:00,1.41810,10/08/2012 16:00:00,1.42340,@JY,1,1,662.50,0.0031,862.5000,-125.0000,
TRADE,14/08/2012 20:00:00,1.41600,15/08/2012 16:00:00,1.41210,@JY,1,1,-487.50,0.0016,225.0000,-700.0000,
TRADE,19/08/2012 20:00:00,1.40200,21/08/2012 04:00:00,1.40620,@JY,-1,1,-525.00,0.0012,162.5000,-562.5000,
TRADE,22/08/2012,1.40750,22/08/2012 20:00:00,1.41850,@JY,1,1,1375.00,0.0024,1925.0000,-300.0000,
TRADE,23/08/2012 20:00:00,1.41870,28/08/2012,1.41870,@JY,-1,1,0.00,0.0011,650.0000,-150.0000,
TRADE,29/08/2012 20:00:00,1.41640,30/08/2012 16:00:00,1.41830,@JY,1,1,237.50,0.0015,350.0000,-162.5000,
TRADE,04/09/2012 20:00:00,1.42030,05/09/2012 16:00:00,1.42150,@JY,1,1,150.00,0.0010,250.0000,-237.5000,
TRADE,10/09/2012 20:00:00,1.42280,11/09/2012 04:00:00,1.42530,@JY,-1,1,-312.50,0.0009,12.5000,-212.5000,
TRADE,13/09/2012 20:00:00,1.43550,14/09/2012 08:00:00,1.42585,@JY,1,1,-1206.25,0.0043,25.0000,-1012.5000,
TRADE,25/09/2012 20:00:00,1.43020,26/09/2012 16:00:00,1.43060,@JY,1,1,50.00,0.0030,462.5000,-200.0000,
TRADE,03/10/2012 20:00:00,1.41910,04/10/2012 16:00:00,1.42130,@JY,1,1,275.00,0.0013,350.0000,-500.0000,
TRADE,08/10/2012 20:00:00,1.42150,10/10/2012 20:00:00,1.42550,@JY,-1,1,-500.00,0.0031,212.5000,-437.5000,
TRADE,11/10/2012 20:00:00,1.42050,12/10/2012 16:00:00,1.42110,@JY,1,1,75.00,0.0026,200.0000,-300.0000,
TRADE,14/10/2012 20:00:00,1.41970,17/10/2012 08:00:00,1.41500,@JY,-1,1,587.50,0.0015,1100.0000,-225.0000,
TRADE,21/10/2012 20:00:00,1.40580,24/10/2012 08:00:00,1.39810,@JY,-1,1,962.50,0.0018,1425.0000,-137.5000,
TRADE,25/10/2012 20:00:00,1.38930,26/10/2012 16:00:00,1.39870,@JY,1,1,1175.00,0.0026,1662.5000,-100.0000,
TRADE,29/10/2012 20:00:00,1.39770,30/10/2012 04:00:00,1.39770,@JY,-1,1,0.00,0.0011,687.5000,-225.0000,
TRADE,31/10/2012 20:00:00,1.39750,01/11/2012 12:00:00,1.39165,@JY,1,1,-731.25,0.0031,75.0000,-650.0000,
TRADE,07/11/2012 20:00:00,1.39490,08/11/2012 16:00:00,1.39990,@JY,1,1,625.00,0.0025,712.5000,-62.5000,
TRADE,08/11/2012 20:00:00,1.40270,13/11/2012,1.40620,@JY,-1,1,-437.50,0.0054,325.0000,-800.0000,
TRADE,13/11/2012 20:00:00,1.40350,14/11/2012 04:00:00,1.39840,@JY,1,1,-637.50,0.0007,62.5000,-487.5000,
TRADE,18/11/2012 20:00:00,1.37280,21/11/2012 08:00:00,1.36090,@JY,-1,1,1487.50,0.0043,1600.0000,-600.0000,
TRADE,26/11/2012 20:00:00,1.36270,27/11/2012 16:00:00,1.36130,@JY,1,1,-175.00,0.0029,400.0000,-475.0000,
TRADE,05/12/2012 20:00:00,1.35750,06/12/2012 16:00:00,1.35810,@JY,1,1,75.00,0.0024,400.0000,-362.5000,
TRADE,09/12/2012 20:00:00,1.35580,10/12/2012 16:00:00,1.35780,@JY,1,1,250.00,0.0027,750.0000,-200.0000,
TRADE,10/12/2012 20:00:00,1.35840,13/12/2012 08:00:00,1.34390,@JY,-1,1,1812.50,0.0016,2425.0000,-75.0000,
TRADE,13/12/2012 20:00:00,1.33960,14/12/2012 16:00:00,1.34230,@JY,1,1,337.50,0.0027,562.5000,-575.0000,
TRADE,23/12/2012 20:00:00,1.32880,27/12/2012 20:00:00,1.30370,@JY,-1,1,3137.50,0.0022,3137.5000,-125.0000,
TRADE,30/12/2012 20:00:00,1.30860,03/01/2013 20:00:00,1.28700,@JY,-1,1,2700.00,0.0040,2700.0000,-50.0000,
TRADE,07/01/2013 20:00:00,1.28700,10/01/2013 08:00:00,1.27820,@JY,-1,1,1100.00,0.0029,1375.0000,-1025.0000,
TRADE,10/01/2013 20:00:00,1.26820,11/01/2013 16:00:00,1.26530,@JY,1,1,-362.50,0.0088,287.5000,-837.5000,
TRADE,15/01/2013 20:00:00,1.26960,16/01/2013 16:00:00,1.27340,@JY,1,1,475.00,0.0044,1625.0000,-87.5000,
TRADE,20/01/2013 20:00:00,1.25270,21/01/2013 04:00:00,1.26270,@JY,-1,1,-1250.00,0.0021,137.5000,-1187.5000,
TRADE,22/01/2013 20:00:00,1.27000,22/01/2013 20:00:00,1.27000,@JY,1,1,0.00,0.0017,612.5000,-62.5000,
TRADE,23/01/2013 20:00:00,1.27260,28/01/2013 08:00:00,1.24550,@JY,-1,1,3387.50,0.0027,4187.5000,-212.5000,
TRADE,30/01/2013 20:00:00,1.24130,31/01/2013 16:00:00,1.23830,@JY,1,1,-375.00,0.0041,500.0000,-450.0000,
TRADE,04/02/2013 20:00:00,1.22880,05/02/2013 04:00:00,1.22880,@JY,-1,1,0.00,0.0050,650.0000,-100.0000,
TRADE,05/02/2013 20:00:00,1.21030,06/02/2013 16:00:00,1.21360,@JY,1,1,412.50,0.0049,625.0000,-500.0000,
TRADE,07/02/2013 20:00:00,1.21050,08/02/2013 16:00:00,1.22140,@JY,1,1,1362.50,0.0032,2237.5000,-62.5000,
TRADE,12/02/2013 20:00:00,1.21560,13/02/2013 04:00:00,1.21560,@JY,1,1,0.00,0.0044,637.5000,-262.5000,
TRADE,13/02/2013 20:00:00,1.21550,14/02/2013 08:00:00,1.21550,@JY,-1,1,0.00,0.0021,662.5000,-187.5000,
TRADE,17/02/2013 20:00:00,1.20840,18/02/2013 20:00:00,1.20780,@JY,1,1,-75.00,0.0035,250.0000,-487.5000,
TRADE,20/02/2013 20:00:00,1.21060,21/02/2013 16:00:00,1.21960,@JY,1,1,1125.00,0.0058,1325.0000,-262.5000,
TRADE,27/02/2013 20:00:00,1.22760,28/02/2013,1.22760,@JY,-1,1,0.00,0.0071,687.5000,-50.0000,
TRADE,07/03/2013 20:00:00,1.19670,08/03/2013 08:00:00,1.18725,@JY,1,1,-1181.25,0.0022,87.5000,-1112.5000,
TRADE,14/03/2013 20:00:00,1.18310,15/03/2013 16:00:00,1.19140,@JY,1,1,1037.50,0.0052,1400.0000,-262.5000,
TRADE,21/03/2013 20:00:00,1.19510,22/03/2013 08:00:00,1.19510,@JY,1,1,0.00,0.0067,1125.0000,-200.0000,
TRADE,02/04/2013 20:00:00,1.21350,03/04/2013 16:00:00,1.21910,@JY,1,1,700.00,0.0026,812.5000,-475.0000,
TRADE,08/04/2013 20:00:00,1.14770,11/04/2013 08:00:00,1.14600,@JY,-1,1,212.50,0.0061,537.5000,-1112.5000,
TRADE,14/04/2013 20:00:00,1.15930,15/04/2013 16:00:00,1.16180,@JY,1,1,312.50,0.0097,1012.5000,-512.5000,
TRADE,21/04/2013 20:00:00,1.14450,22/04/2013 16:00:00,1.14890,@JY,1,1,550.00,0.0057,1000.0000,-175.0000,
TRADE,23/04/2013 20:00:00,1.14800,24/04/2013 16:00:00,1.14800,@JY,1,1,0.00,0.0093,300.0000,-450.0000,
TRADE,28/04/2013 20:00:00,1.16240,29/04/2013 12:00:00,1.16240,@JY,1,1,0.00,0.0047,875.0000,0.0000,
TRADE,02/05/2013 20:00:00,1.16310,03/05/2013 08:00:00,1.15440,@JY,1,1,-1087.50,0.0022,50.0000,-537.5000,
TRADE,07/05/2013 20:00:00,1.15230,08/05/2013 16:00:00,1.15340,@JY,1,1,137.50,0.0011,525.0000,-225.0000,
TRADE,13/05/2013 20:00:00,1.12440,16/05/2013 08:00:00,1.11760,@JY,-1,1,850.00,0.0021,1175.0000,-637.5000,
TRADE,22/05/2013 20:00:00,1.11170,23/05/2013 16:00:00,1.12330,@JY,1,1,1450.00,0.0085,2750.0000,-537.5000,
TRADE,26/05/2013 20:00:00,1.12980,29/05/2013 08:00:00,1.12980,@JY,-1,1,0.00,0.0049,1575.0000,-600.0000,
TRADE,05/06/2013 20:00:00,1.15030,06/06/2013 16:00:00,1.17680,@JY,1,1,3312.50,0.0039,4300.0000,-400.0000,
TRADE,10/06/2013 20:00:00,1.15150,11/06/2013,1.16185,@JY,-1,1,-1293.75,0.0043,50.0000,-1062.5000,
TRADE,13/06/2013 20:00:00,1.18730,14/06/2013 16:00:00,1.20250,@JY,1,1,1900.00,0.0117,2250.0000,-187.5000,
TRADE,19/06/2013 20:00:00,1.17920,20/06/2013 04:00:00,1.16300,@JY,1,1,-2025.00,0.0207,175.0000,-1800.0000,
TRADE,30/06/2013 20:00:00,1.14910,01/07/2013 16:00:00,1.14400,@JY,1,1,-637.50,0.0024,25.0000,-862.5000,
TRADE,02/07/2013 20:00:00,1.13460,03/07/2013 16:00:00,1.14000,@JY,1,1,675.00,0.0031,1737.5000,-275.0000,
TRADE,07/07/2013 20:00:00,1.12850,08/07/2013 16:00:00,1.13270,@JY,1,1,525.00,0.0025,550.0000,-337.5000,
TRADE,14/07/2013 20:00:00,1.14770,16/07/2013 08:00:00,1.14770,@JY,-1,1,0.00,0.0026,1525.0000,-325.0000,
TRADE,17/07/2013 20:00:00,1.14500,18/07/2013 12:00:00,1.13550,@JY,1,1,-1187.50,0.0031,150.0000,-987.5000,
TRADE,24/07/2013 20:00:00,1.13800,25/07/2013 16:00:00,1.14470,@JY,1,1,837.50,0.0029,1062.5000,-212.5000,
TRADE,31/07/2013 20:00:00,1.16280,01/08/2013 12:00:00,1.15280,@JY,1,1,-1250.00,0.0078,250.0000,-1350.0000,
TRADE,01/08/2013 20:00:00,1.14560,02/08/2013 08:00:00,1.14560,@JY,-1,1,0.00,0.0029,600.0000,-312.5000,
TRADE,06/08/2013 20:00:00,1.16350,07/08/2013 16:00:00,1.17610,@JY,1,1,1575.00,0.0020,1800.0000,0.0000,
TRADE,13/08/2013 20:00:00,1.15840,14/08/2013 16:00:00,1.15930,@JY,1,1,112.50,0.0029,512.5000,-212.5000,
TRADE,15/08/2013 20:00:00,1.16870,16/08/2013 16:00:00,1.16480,@JY,1,1,-487.50,0.0087,300.0000,-662.5000,
TRADE,18/08/2013 20:00:00,1.16500,19/08/2013 16:00:00,1.16500,@JY,-1,1,0.00,0.0022,650.0000,-362.5000,
TRADE,20/08/2013 20:00:00,1.16840,21/08/2013 16:00:00,1.16520,@JY,1,1,-400.00,0.0015,237.5000,-600.0000,
TRADE,27/08/2013 20:00:00,1.17100,28/08/2013 12:00:00,1.16285,@JY,1,1,-1018.75,0.0030,312.5000,-975.0000,
TRADE,03/09/2013 20:00:00,1.14490,04/09/2013 16:00:00,1.14390,@JY,1,1,-125.00,0.0040,312.5000,-287.5000,
TRADE,04/09/2013 20:00:00,1.14300,06/09/2013 08:00:00,1.14930,@JY,-1,1,-787.50,0.0027,587.5000,-337.5000,
TRADE,09/09/2013 20:00:00,1.14390,11/09/2013 20:00:00,1.14390,@JY,-1,1,0.00,0.0010,1225.0000,-212.5000,
TRADE,12/09/2013 20:00:00,1.14540,13/09/2013 16:00:00,1.14700,@JY,1,1,200.00,0.0049,312.5000,-612.5000,
TRADE,25/09/2013 20:00:00,1.15600,26/09/2013,1.15025,@JY,1,1,-718.75,0.0028,225.0000,-675.0000,
TRADE,08/10/2013 20:00:00,1.17250,09/10/2013 04:00:00,1.16610,@JY,1,1,-800.00,0.0026,75.0000,-787.5000,
TRADE,15/10/2013 20:00:00,1.15860,16/10/2013 12:00:00,1.15090,@JY,1,1,-962.50,0.0067,62.5000,-937.5000,
TRADE,20/10/2013 20:00:00,1.16140,22/10/2013 08:00:00,1.16140,@JY,-1,1,0.00,0.0019,737.5000,-100.0000,
TRADE,22/10/2013 20:00:00,1.15920,23/10/2013 16:00:00,1.16820,@JY,1,1,1125.00,0.0017,1275.0000,-87.5000,
TRADE,29/10/2013 20:00:00,1.15850,30/10/2013 16:00:00,1.15810,@JY,1,1,-50.00,0.0015,150.0000,-175.0000,
TRADE,05/11/2013 20:00:00,1.15470,06/11/2013 16:00:00,1.15370,@JY,1,1,-125.00,0.0013,187.5000,-262.5000,
TRADE,10/11/2013 20:00:00,1.14820,13/11/2013 08:00:00,1.14520,@JY,-1,1,375.00,0.0024,787.5000,-325.0000,
TRADE,19/11/2013 20:00:00,1.13810,20/11/2013 16:00:00,1.13870,@JY,1,1,75.00,0.0021,500.0000,-62.5000,
TRADE,27/11/2013 20:00:00,1.11820,28/11/2013 20:00:00,1.11740,@JY,1,1,-100.00,0.0008,337.5000,-187.5000,
TRADE,01/12/2013 20:00:00,1.11540,02/12/2013 12:00:00,1.11030,@JY,1,1,-637.50,0.0010,350.0000,-625.0000,
TRADE,05/12/2013 20:00:00,1.12220,10/12/2013 08:00:00,1.10880,@JY,-1,1,1675.00,0.0019,1875.0000,-187.5000,
TRADE,12/12/2013 20:00:00,1.10560,13/12/2013 16:00:00,1.10840,@JY,1,1,350.00,0.0033,675.0000,-425.0000,
TRADE,19/12/2013 20:00:00,1.09940,23/12/2013 08:00:00,1.10340,@JY,-1,1,-500.00,0.0019,500.0000,-475.0000,
TRADE,29/12/2013 20:00:00,1.08960,30/12/2013 16:00:00,1.09150,@JY,1,1,237.50,0.0013,350.0000,-162.5000,
TRADE,09/01/2014 20:00:00,1.09350,10/01/2014 08:00:00,1.09350,@JY,-1,1,0.00,0.0014,637.5000,-75.0000,
TRADE,12/01/2014 20:00:00,1.10040,13/01/2014 16:00:00,1.10920,@JY,1,1,1100.00,0.0021,1300.0000,-50.0000,
TRADE,13/01/2014 20:00:00,1.11020,16/01/2014 08:00:00,1.09450,@JY,-1,1,1962.50,0.0029,2187.5000,-25.0000,
TRADE,21/01/2014 20:00:00,1.09850,22/01/2014 16:00:00,1.09740,@JY,1,1,-137.50,0.0022,375.0000,-325.0000,
TRADE,27/01/2014 20:00:00,1.11410,29/01/2014 08:00:00,1.11410,@JY,-1,1,0.00,0.0042,937.5000,-112.5000,
TRADE,29/01/2014 20:00:00,1.11850,30/01/2014 16:00:00,1.11240,@JY,1,1,-762.50,0.0050,75.0000,-875.0000,
TRADE,09/02/2014 20:00:00,1.11450,10/02/2014 16:00:00,1.11810,@JY,1,1,450.00,0.0018,687.5000,-87.5000,
TRADE,13/02/2014 20:00:00,1.11750,14/02/2014 16:00:00,1.12170,@JY,1,1,525.00,0.0019,825.0000,-200.0000,
TRADE,18/02/2014 20:00:00,1.11620,19/02/2014 16:00:00,1.11720,@JY,1,1,125.00,0.0013,712.5000,-25.0000,
TRADE,26/02/2014 20:00:00,1.11630,27/02/2014 16:00:00,1.11890,@JY,1,1,325.00,0.0026,775.0000,-87.5000,
TRADE,03/03/2014 20:00:00,1.12530,06/03/2014 08:00:00,1.11310,@JY,-1,1,1525.00,0.0010,1662.5000,-37.5000,
TRADE,06/03/2014 20:00:00,1.10960,07/03/2014 08:00:00,1.10500,@JY,1,1,-575.00,0.0015,275.0000,-512.5000,
TRADE,13/03/2014 20:00:00,1.12120,14/03/2014 16:00:00,1.12490,@JY,1,1,462.50,0.0032,800.0000,-25.0000,
TRADE,20/03/2014 20:00:00,1.11580,21/03/2014 04:00:00,1.11920,@JY,-1,1,-425.00,0.0018,12.5000,-387.5000,
TRADE,24/03/2014 20:00:00,1.11770,25/03/2014 16:00:00,1.11710,@JY,1,1,-75.00,0.0014,150.0000,-337.5000,
TRADE,30/03/2014 20:00:00,1.11150,02/04/2014 08:00:00,1.10280,@JY,-1,1,1087.50,0.0015,1262.5000,-87.5000,
TRADE,06/04/2014 20:00:00,1.10710,07/04/2014 16:00:00,1.10900,@JY,1,1,237.50,0.0015,400.0000,-75.0000,
TRADE,07/04/2014 20:00:00,1.10960,08/04/2014 04:00:00,1.11405,@JY,-1,1,-556.25,0.0015,62.5000,-537.5000,
TRADE,08/04/2014 20:00:00,1.12130,09/04/2014 16:00:00,1.12080,@JY,1,1,-62.50,0.0041,112.5000,-375.0000,
TRADE,09/04/2014 20:00:00,1.11990,10/04/2014 08:00:00,1.12500,@JY,-1,1,-637.50,0.0032,187.5000,-575.0000,
TRADE,10/04/2014 20:00:00,1.12500,11/04/2014 16:00:00,1.12360,@JY,1,1,-175.00,0.0022,162.5000,-512.5000,
TRADE,15/04/2014 20:00:00,1.12110,16/04/2014 16:00:00,1.11730,@JY,1,1,-475.00,0.0044,62.5000,-612.5000,
TRADE,22/04/2014 20:00:00,1.11390,23/04/2014 16:00:00,1.11710,@JY,1,1,400.00,0.0009,512.5000,-112.5000,
TRADE,30/04/2014 20:00:00,1.11750,01/05/2014 16:00:00,1.11710,@JY,1,1,-50.00,0.0018,112.5000,-212.5000,
TRADE,01/05/2014 20:00:00,1.11640,02/05/2014 12:00:00,1.11640,@JY,-1,1,0.00,0.0009,1087.5000,-100.0000,
TRADE,04/05/2014 20:00:00,1.11730,05/05/2014 16:00:00,1.11900,@JY,1,1,212.50,0.0017,450.0000,-12.5000,
TRADE,05/05/2014 20:00:00,1.11820,06/05/2014 08:00:00,1.12095,@JY,-1,1,-343.75,0.0010,50.0000,-325.0000,
TRADE,06/05/2014 20:00:00,1.12240,07/05/2014 16:00:00,1.12270,@JY,1,1,37.50,0.0020,337.5000,-350.0000,
TRADE,13/05/2014 20:00:00,1.11700,14/05/2014 16:00:00,1.12180,@JY,1,1,600.00,0.0009,662.5000,-25.0000,
TRADE,18/05/2014 20:00:00,1.12440,19/05/2014 08:00:00,1.12815,@JY,-1,1,-468.75,0.0013,112.5000,-450.0000,
TRADE,21/05/2014 20:00:00,1.12520,22/05/2014 16:00:00,1.12160,@JY,1,1,-450.00,0.0029,62.5000,-475.0000,
TRADE,27/05/2014 20:00:00,1.11940,28/05/2014 16:00:00,1.12160,@JY,1,1,275.00,0.0018,450.0000,-37.5000,
TRADE,02/06/2014 20:00:00,1.11570,03/06/2014 16:00:00,1.11470,@JY,1,1,-125.00,0.0014,150.0000,-150.0000,
TRADE,03/06/2014 20:00:00,1.11430,06/06/2014 08:00:00,1.11670,@JY,-1,1,-300.00,0.0008,312.5000,-362.5000,
TRADE,08/06/2014 20:00:00,1.11400,10/06/2014,1.11620,@JY,-1,1,-275.00,0.0012,112.5000,-250.0000,
TRADE,12/06/2014 20:00:00,1.12210,13/06/2014 16:00:00,1.11920,@JY,1,1,-362.50,0.0028,62.5000,-512.5000,
TRADE,24/06/2014 20:00:00,1.11970,25/06/2014 08:00:00,1.13230,@JY,1,1,1575.00,0.0019,600.0000,-25.0000,
TRADE,26/06/2014 20:00:00,1.12220,27/06/2014,1.12550,@JY,-1,1,-412.50,0.0011,175.0000,-350.0000,
TRADE,02/07/2014 20:00:00,1.12140,03/07/2014 08:00:00,1.11840,@JY,1,1,-375.00,0.0009,12.5000,-237.5000,
TRADE,07/07/2014 20:00:00,1.12050,08/07/2014 16:00:00,1.12360,@JY,1,1,387.50,0.0010,462.5000,-25.0000,
TRADE,13/07/2014 20:00:00,1.12570,16/07/2014 08:00:00,1.12190,@JY,-1,1,475.00,0.0017,562.5000,0.0000,
TRADE,17/07/2014 20:00:00,1.12730,18/07/2014 16:00:00,1.12500,@JY,1,1,-287.50,0.0023,87.5000,-350.0000,
TRADE,22/07/2014 20:00:00,1.12430,23/07/2014 16:00:00,1.12420,@JY,1,1,-12.50,0.0007,175.0000,-100.0000,
TRADE,24/07/2014 20:00:00,1.12080,25/07/2014 16:00:00,1.12080,@JY,1,1,0.00,0.0009,137.5000,-150.0000,
TRADE,29/07/2014 20:00:00,1.11780,30/07/2014 08:00:00,1.11520,@JY,1,1,-325.00,0.0009,112.5000,-212.5000,
TRADE,31/07/2014 20:00:00,1.11130,01/08/2014 12:00:00,1.11475,@JY,-1,1,-431.25,0.0012,275.0000,-375.0000,
TRADE,04/08/2014 20:00:00,1.11360,06/08/2014 12:00:00,1.11720,@JY,-1,1,-450.00,0.0013,437.5000,-400.0000,
TRADE,07/08/2014 20:00:00,1.11810,08/08/2014,1.12190,@JY,-1,1,-475.00,0.0015,62.5000,-362.5000,
TRADE,11/08/2014 20:00:00,1.11710,14/08/2014 08:00:00,1.11470,@JY,-1,1,300.00,0.0009,562.5000,-125.0000,
TRADE,17/08/2014 20:00:00,1.11550,18/08/2014 16:00:00,1.11360,@JY,1,1,-237.50,0.0012,137.5000,-287.5000,
TRADE,20/08/2014 20:00:00,1.10270,21/08/2014 16:00:00,1.10170,@JY,1,1,-125.00,0.0048,137.5000,-275.0000,
TRADE,28/08/2014 20:00:00,1.10260,29/08/2014 12:00:00,1.10010,@JY,1,1,-312.50,0.0012,75.0000,-325.0000,
TRADE,02/09/2014 20:00:00,1.09020,03/09/2014 16:00:00,1.09210,@JY,1,1,237.50,0.0010,262.5000,-275.0000,
TRADE,03/09/2014 20:00:00,1.09220,05/09/2014 08:00:00,1.09220,@JY,-1,1,0.00,0.0013,962.5000,-100.0000,
TRADE,08/09/2014 20:00:00,1.08170,11/09/2014 08:00:00,1.07310,@JY,-1,1,1075.00,0.0024,1137.5000,-62.5000,
TRADE,11/09/2014 20:00:00,1.07280,12/09/2014 16:00:00,1.07130,@JY,1,1,-187.50,0.0030,0.0000,-425.0000,
TRADE,18/09/2014 20:00:00,1.05760,19/09/2014 08:00:00,1.05760,@JY,-1,1,0.00,0.0013,712.5000,-62.5000,
TRADE,22/09/2014 20:00:00,1.05710,23/09/2014 04:00:00,1.06160,@JY,-1,1,-562.50,0.0018,25.0000,-450.0000,
TRADE,25/09/2014 20:00:00,1.05760,26/09/2014 16:00:00,1.05270,@JY,1,1,-612.50,0.0023,312.5000,-675.0000,
TRADE,28/09/2014 20:00:00,1.05260,01/10/2014 08:00:00,1.04870,@JY,-1,1,487.50,0.0032,775.0000,-225.0000,
TRADE,05/10/2014 20:00:00,1.04940,06/10/2014 12:00:00,1.05440,@JY,-1,1,-625.00,0.0014,137.5000,-600.0000,
TRADE,07/10/2014 20:00:00,1.06310,08/10/2014 16:00:00,1.06010,@JY,1,1,-375.00,0.0049,375.0000,-462.5000,
TRADE,14/10/2014 20:00:00,1.07150,15/10/2014 16:00:00,1.08300,@JY,1,1,1437.50,0.0023,2137.5000,-412.5000,
TRADE,16/10/2014 20:00:00,1.07900,21/10/2014 04:00:00,1.07900,@JY,-1,1,0.00,0.0034,1237.5000,-150.0000,
TRADE,23/10/2014 20:00:00,1.06140,24/10/2014 16:00:00,1.06330,@JY,1,1,237.50,0.0025,537.5000,-12.5000,
TRADE,28/10/2014 20:00:00,1.06270,29/10/2014 16:00:00,1.06260,@JY,1,1,-12.50,0.0017,212.5000,-112.5000,
TRADE,03/11/2014 20:00:00,1.01640,06/11/2014 08:00:00,1.01070,@JY,-1,1,712.50,0.0034,1612.5000,-637.5000,
TRADE,06/11/2014 20:00:00,1.00580,07/11/2014 16:00:00,1.00980,@JY,1,1,500.00,0.0028,700.0000,-375.0000,
TRADE,11/11/2014 20:00:00,1.00110,12/11/2014 16:00:00,1.00390,@JY,1,1,350.00,0.0062,887.5000,-87.5000,
TRADE,16/11/2014 20:00:00,0.99560,17/11/2014 16:00:00,0.99620,@JY,1,1,75.00,0.0019,1037.5000,-450.0000,
TRADE,20/11/2014 20:00:00,0.98350,21/11/2014 16:00:00,0.98680,@JY,1,1,412.50,0.0030,787.5000,-125.0000,
TRADE,25/11/2014 20:00:00,0.98570,26/11/2014 16:00:00,0.98760,@JY,1,1,237.50,0.0021,437.5000,-12.5000,
TRADE,30/11/2014 20:00:00,0.97930,01/12/2014 16:00:00,0.98340,@JY,1,1,512.50,0.0004,862.5000,-287.5000,
TRADE,02/12/2014 20:00:00,0.97640,05/12/2014 08:00:00,0.96860,@JY,-1,1,975.00,0.0010,1000.0000,-100.0000,
TRADE,11/12/2014 20:00:00,0.97930,12/12/2014 12:00:00,0.97930,@JY,1,1,0.00,0.0069,675.0000,-350.0000,
TRADE,17/12/2014 20:00:00,0.97900,22/12/2014 08:00:00,0.97190,@JY,-1,1,887.50,0.0134,950.0000,-512.5000,
TRADE,29/12/2014 20:00:00,0.96580,30/12/2014 16:00:00,0.97430,@JY,1,1,1062.50,0.0010,1600.0000,0.0000,
TRADE,04/01/2015 20:00:00,0.96720,05/01/2015 16:00:00,0.97330,@JY,1,1,762.50,0.0021,962.5000,-150.0000,
TRADE,07/01/2015 20:00:00,0.97510,09/01/2015 12:00:00,0.98140,@JY,-1,1,-787.50,0.0049,550.0000,-675.0000,
TRADE,11/01/2015 20:00:00,0.98210,12/01/2015 16:00:00,0.98240,@JY,1,1,37.50,0.0015,212.5000,-862.5000,
TRADE,12/01/2015 20:00:00,0.98180,14/01/2015,0.99110,@JY,-1,1,-1162.50,0.0019,412.5000,-1087.5000,
TRADE,18/01/2015 20:00:00,0.98900,21/01/2015 04:00:00,0.98900,@JY,-1,1,0.00,0.0022,1325.0000,-437.5000,
TRADE,27/01/2015 20:00:00,0.98620,28/01/2015 16:00:00,0.98600,@JY,1,1,-25.00,0.0020,200.0000,-437.5000,
TRADE,03/02/2015 20:00:00,0.98790,04/02/2015 16:00:00,0.98790,@JY,1,1,0.00,0.0032,262.5000,-425.0000,
TRADE,08/02/2015 20:00:00,0.97670,09/02/2015 16:00:00,0.97960,@JY,1,1,362.50,0.0030,575.0000,-12.5000,
TRADE,09/02/2015 20:00:00,0.98020,12/02/2015 08:00:00,0.97270,@JY,-1,1,937.50,0.0028,1662.5000,-175.0000,
TRADE,12/02/2015 20:00:00,0.97640,13/02/2015 08:00:00,0.97640,@JY,1,1,0.00,0.0020,625.0000,-25.0000,
TRADE,15/02/2015 20:00:00,0.97960,16/02/2015 12:00:00,0.98360,@JY,-1,1,-500.00,0.0013,112.5000,-275.0000,
TRADE,17/02/2015 20:00:00,0.97580,18/02/2015 16:00:00,0.97540,@JY,1,1,-50.00,0.0023,287.5000,-187.5000,
TRADE,24/02/2015 20:00:00,0.97730,25/02/2015 16:00:00,0.97770,@JY,1,1,50.00,0.0017,312.5000,-75.0000,
TRADE,26/02/2015 20:00:00,0.97430,27/02/2015 16:00:00,0.97200,@JY,1,1,-287.50,0.0009,250.0000,-350.0000,
TRADE,03/03/2015 20:00:00,0.97230,04/03/2015 16:00:00,0.97170,@JY,1,1,-75.00,0.0017,187.5000,-112.5000,
TRADE,05/03/2015 20:00:00,0.96920,06/03/2015 08:00:00,0.96535,@JY,1,1,-481.25,0.0010,212.5000,-62.5000,
TRADE,09/03/2015 20:00:00,0.96190,10/03/2015 08:00:00,0.96190,@JY,-1,1,0.00,0.0019,712.5000,0.0000,
TRADE,12/03/2015 20:00:00,0.96070,13/03/2015 16:00:00,0.96120,@JY,1,1,62.50,0.0013,187.5000,-187.5000,
TRADE,24/03/2015 20:00:00,0.97190,25/03/2015 16:00:00,0.97360,@JY,1,1,212.50,0.0015,650.0000,-112.5000,
TRADE,01/04/2015 20:00:00,0.97160,02/04/2015 16:00:00,0.97170,@JY,1,1,12.50,0.0021,250.0000,-137.5000,
TRADE,07/04/2015 20:00:00,0.96780,08/04/2015 16:00:00,0.97020,@JY,1,1,300.00,0.0015,550.0000,-75.0000,
TRADE,13/04/2015 20:00:00,0.96850,14/04/2015 16:00:00,0.97420,@JY,1,1,712.50,0.0016,962.5000,-12.5000,
TRADE,15/04/2015 20:00:00,0.97570,20/04/2015 08:00:00,0.97790,@JY,-1,1,-275.00,0.0031,312.5000,-525.0000,
TRADE,23/04/2015 20:00:00,0.97230,24/04/2015 16:00:00,0.97620,@JY,1,1,487.50,0.0021,637.5000,-62.5000,
TRADE,03/05/2015 20:00:00,0.96750,05/05/2015 12:00:00,0.97060,@JY,-1,1,-387.50,0.0015,212.5000,-375.0000,
TRADE,05/05/2015 20:00:00,0.97030,06/05/2015 16:00:00,0.97220,@JY,1,1,237.50,0.0013,587.5000,-162.5000,
TRADE,12/05/2015 20:00:00,0.97020,13/05/2015 16:00:00,0.97570,@JY,1,1,687.50,0.0014,737.5000,-87.5000,
TRADE,19/05/2015 20:00:00,0.96460,20/05/2015 12:00:00,0.96095,@JY,1,1,-456.25,0.0011,75.0000,-437.5000,
TRADE,21/05/2015 20:00:00,0.96180,26/05/2015 12:00:00,0.94740,@JY,-1,1,1800.00,0.0011,1825.0000,-375.0000,
TRADE,26/05/2015 20:00:00,0.94840,27/05/2015 12:00:00,0.94330,@JY,1,1,-637.50,0.0020,237.5000,-600.0000,
TRADE,28/05/2015 20:00:00,0.94250,02/06/2015 08:00:00,0.93880,@JY,-1,1,462.50,0.0032,887.5000,-287.5000,
TRADE,02/06/2015 20:00:00,0.94140,03/06/2015 16:00:00,0.93980,@JY,1,1,-200.00,0.0019,275.0000,-450.0000,
TRADE,03/06/2015 20:00:00,0.94050,08/06/2015 08:00:00,0.93330,@JY,-1,1,900.00,0.0016,1287.5000,-387.5000,
TRADE,11/06/2015 20:00:00,0.94550,12/06/2015 16:00:00,0.94640,@JY,1,1,112.50,0.0022,287.5000,-275.0000,
TRADE,21/06/2015 20:00:00,0.94920,24/06/2015 08:00:00,0.94290,@JY,-1,1,787.50,0.0012,1050.0000,-300.0000,
TRADE,24/06/2015 20:00:00,0.94265,25/06/2015 16:00:00,0.94470,@JY,1,1,256.25,0.0018,481.2500,-43.7500,
TRADE,30/06/2015 20:00:00,0.95150,03/07/2015 08:00:00,0.94820,@JY,-1,1,412.50,0.0027,993.7500,-93.7500,
TRADE,06/07/2015 20:00:00,0.95150,07/07/2015 16:00:00,0.95330,@JY,1,1,225.00,0.0017,450.0000,-275.0000,
TRADE,09/07/2015 20:00:00,0.95885,14/07/2015 08:00:00,0.94540,@JY,-1,1,1681.25,0.0014,1912.5000,0.0000,
TRADE,21/07/2015 20:00:00,0.94240,22/07/2015 16:00:00,0.94120,@JY,1,1,-150.00,0.0015,256.2500,-231.2500,
TRADE,27/07/2015 20:00:00,0.94670,28/07/2015 16:00:00,0.94435,@JY,1,1,-293.75,0.0014,131.2500,-468.7500,
TRADE,30/07/2015 20:00:00,0.94035,31/07/2015 16:00:00,0.94175,@JY,1,1,175.00,0.0020,550.0000,-156.2500,
TRADE,03/08/2015 20:00:00,0.94150,06/08/2015 08:00:00,0.93590,@JY,-1,1,700.00,0.0012,818.7500,-175.0000,
TRADE,06/08/2015 20:00:00,0.93685,07/08/2015 08:00:00,0.93935,@JY,-1,1,-312.50,0.0012,112.5000,-131.2500,
TRADE,09/08/2015 20:00:00,0.94025,10/08/2015 16:00:00,0.93790,@JY,1,1,-293.75,0.0010,0.0000,-468.7500,
TRADE,11/08/2015 20:00:00,0.93415,12/08/2015 16:00:00,0.94175,@JY,1,1,950.00,0.0011,1093.7500,-112.5000,
TRADE,13/08/2015 20:00:00,0.93895,18/08/2015 08:00:00,0.93945,@JY,-1,1,-62.50,0.0009,156.2500,-268.7500,
TRADE,18/08/2015 20:00:00,0.93910,19/08/2015 16:00:00,0.94105,@JY,1,1,243.75,0.0005,518.7500,-93.7500,
TRADE,25/08/2015 20:00:00,0.97615,28/08/2015 08:00:00,0.96275,@JY,-1,1,1675.00,0.0094,2193.7500,-387.5000,
TRADE,01/09/2015 20:00:00,0.97245,02/09/2015 16:00:00,0.96725,@JY,1,1,-650.00,0.0044,12.5000,-937.5000,
TRADE,06/09/2015 20:00:00,0.97585,07/09/2015 20:00:00,0.97355,@JY,1,1,-287.50,0.0023,87.5000,-562.5000,
TRADE,10/09/2015 20:00:00,0.96360,11/09/2015 16:00:00,0.96355,@JY,1,1,-6.25,0.0014,250.0000,-268.7500,
TRADE,17/09/2015 20:00:00,0.96685,18/09/2015 16:00:00,0.96945,@JY,1,1,325.00,0.0088,1006.2500,-181.2500,
TRADE,24/09/2015 20:00:00,0.96650,25/09/2015 16:00:00,0.96280,@JY,1,1,-462.50,0.0058,181.2500,-875.0000,
TRADE,27/09/2015 20:00:00,0.96435,28/09/2015 12:00:00,0.96940,@JY,-1,1,-631.25,0.0033,68.7500,-593.7500,
TRADE,29/09/2015 20:00:00,0.96920,30/09/2015 16:00:00,0.97000,@JY,1,1,100.00,0.0026,193.7500,-500.0000,
TRADE,05/10/2015 20:00:00,0.96450,07/10/2015,0.96795,@JY,-1,1,-431.25,0.0010,100.0000,-300.0000,
TRADE,13/10/2015 20:00:00,0.96910,14/10/2015 16:00:00,0.97315,@JY,1,1,506.25,0.0009,606.2500,-25.0000,
TRADE,21/10/2015 20:00:00,0.96790,22/10/2015 12:00:00,0.96405,@JY,1,1,-481.25,0.0011,268.7500,-468.7500,
TRADE,26/10/2015 20:00:00,0.96025,27/10/2015 04:00:00,0.96475,@JY,-1,1,-562.50,0.0013,50.0000,-525.0000,
TRADE,28/10/2015 20:00:00,0.95955,29/10/2015 16:00:00,0.95965,@JY,1,1,12.50,0.0101,456.2500,-56.2500,
TRADE,02/11/2015 20:00:00,0.96200,05/11/2015 08:00:00,0.95415,@JY,-1,1,981.25,0.0010,987.5000,-131.2500,
TRADE,12/11/2015 20:00:00,0.94900,13/11/2015 16:00:00,0.94735,@JY,1,1,-206.25,0.0021,187.5000,-281.2500,
TRADE,19/11/2015 20:00:00,0.94715,20/11/2015 16:00:00,0.94790,@JY,1,1,93.75,0.0010,168.7500,-100.0000,
TRADE,24/11/2015 20:00:00,0.94975,25/11/2015 16:00:00,0.94885,@JY,1,1,-112.50,0.0018,237.5000,-331.2500,
TRADE,25/11/2015 20:00:00,0.94855,27/11/2015 04:00:00,0.95030,@JY,-1,1,-218.75,0.0010,12.5000,-181.2500,
TRADE,29/11/2015 20:00:00,0.94810,30/11/2015 04:00:00,0.94610,@JY,1,1,-250.00,0.0004,81.2500,-212.5000,
TRADE,06/12/2015 20:00:00,0.94500,08/12/2015 08:00:00,0.94730,@JY,-1,1,-287.50,0.0013,200.0000,-275.0000,
TRADE,10/12/2015 20:00:00,0.95575,11/12/2015 16:00:00,0.96140,@JY,1,1,706.25,0.0020,900.0000,-518.7500,
TRADE,20/12/2015 20:00:00,0.95740,21/12/2015 16:00:00,0.95880,@JY,1,1,175.00,0.0021,425.0000,-131.2500,
TRADE,29/12/2015 20:00:00,0.96285,30/12/2015 16:00:00,0.96200,@JY,1,1,-106.25,0.0012,112.5000,-137.5000,
TRADE,05/01/2016 20:00:00,0.97220,06/01/2016 20:00:00,0.97870,@JY,-1,1,-812.50,0.0015,56.2500,-762.5000,
TRADE,10/01/2016 20:00:00,0.98855,13/01/2016 08:00:00,0.97810,@JY,-1,1,1306.25,0.0046,1412.5000,-43.7500,
TRADE,14/01/2016 20:00:00,0.97895,15/01/2016 16:00:00,0.98890,@JY,1,1,1243.75,0.0020,1487.5000,-125.0000,
TRADE,19/01/2016 20:00:00,0.98275,20/01/2016 16:00:00,0.99095,@JY,1,1,1025.00,0.0027,1493.7500,-75.0000,
TRADE,24/01/2016 20:00:00,0.97430,25/01/2016 20:00:00,0.97955,@JY,-1,1,-656.25,0.0028,75.0000,-625.0000,
TRADE,28/01/2016 20:00:00,0.97405,29/01/2016,0.97405,@JY,1,1,0.00,0.0017,631.2500,-618.7500,
TRADE,01/02/2016 20:00:00,0.95850,02/02/2016,0.96280,@JY,-1,1,-537.50,0.0016,12.5000,-418.7500,
TRADE,03/02/2016 20:00:00,0.97930,04/02/2016 16:00:00,0.98835,@JY,1,1,1131.25,0.0068,1268.7500,-162.5000,
TRADE,04/02/2016 20:00:00,0.98800,08/02/2016 04:00:00,0.98800,@JY,-1,1,0.00,0.0026,600.0000,-550.0000,
TRADE,09/02/2016 20:00:00,1.00115,10/02/2016,1.00115,@JY,1,1,0.00,0.0042,787.5000,-168.7500,
TRADE,14/02/2016 20:00:00,1.01315,17/02/2016 04:00:00,1.01315,@JY,-1,1,0.00,0.0027,1318.7500,-231.2500,
TRADE,17/02/2016 20:00:00,1.00850,18/02/2016 16:00:00,1.01335,@JY,1,1,606.25,0.0043,618.7500,-218.7500,
TRADE,23/02/2016 20:00:00,1.02480,24/02/2016 16:00:00,1.02965,@JY,1,1,606.25,0.0018,975.0000,-262.5000,
TRADE,06/03/2016 20:00:00,1.01020,07/03/2016 16:00:00,1.01230,@JY,1,1,262.50,0.0039,418.7500,-50.0000,
TRADE,10/03/2016 20:00:00,1.01535,11/03/2016 16:00:00,1.01075,@JY,1,1,-575.00,0.0045,362.5000,-768.7500,
TRADE,20/03/2016 20:00:00,1.02785,22/03/2016 04:00:00,1.02785,@JY,-1,1,0.00,0.0024,675.0000,-325.0000,
TRADE,22/03/2016 20:00:00,1.02130,23/03/2016 16:00:00,1.01860,@JY,1,1,-337.50,0.0034,193.7500,-575.0000,
TRADE,29/03/2016 20:00:00,1.01835,30/03/2016 08:00:00,1.01835,@JY,1,1,0.00,0.0030,656.2500,-137.5000,
TRADE,05/04/2016 20:00:00,1.03700,06/04/2016 16:00:00,1.04220,@JY,1,1,650.00,0.0030,831.2500,-312.5000,
TRADE,10/04/2016 20:00:00,1.05620,13/04/2016 08:00:00,1.04640,@JY,-1,1,1225.00,0.0035,1250.0000,-462.5000,
TRADE,14/04/2016 20:00:00,1.04445,15/04/2016 16:00:00,1.05070,@JY,1,1,781.25,0.0030,850.0000,-350.0000,
TRADE,18/04/2016 20:00:00,1.04930,19/04/2016 16:00:00,1.04670,@JY,1,1,-325.00,0.0013,25.0000,-706.2500,
TRADE,28/04/2016 20:00:00,1.05460,29/04/2016 16:00:00,1.06605,@JY,1,1,1431.25,0.0042,1643.7500,-56.2500,
TRADE,01/05/2016 20:00:00,1.07010,03/05/2016 04:00:00,1.07655,@JY,-1,1,-806.25,0.0053,506.2500,-800.0000,
TRADE,08/05/2016 20:00:00,1.06260,09/05/2016 08:00:00,1.05385,@JY,1,1,-1093.75,0.0051,56.2500,-1087.5000,
TRADE,12/05/2016 20:00:00,1.04700,13/05/2016 16:00:00,1.04825,@JY,1,1,156.25,0.0027,531.2500,-568.7500,
TRADE,17/05/2016 20:00:00,1.04595,18/05/2016 16:00:00,1.04090,@JY,1,1,-631.25,0.0015,431.2500,-743.7500,
TRADE,19/05/2016 20:00:00,1.03910,22/05/2016 20:00:00,1.03910,@JY,-1,1,0.00,0.0020,668.7500,-87.5000,
TRADE,23/05/2016 20:00:00,1.04495,24/05/2016 12:00:00,1.04020,@JY,1,1,-593.75,0.0024,68.7500,-575.0000,
TRADE,25/05/2016 20:00:00,1.03715,26/05/2016 08:00:00,1.03715,@JY,1,1,0.00,0.0018,775.0000,-68.7500,
TRADE,31/05/2016 20:00:00,1.03225,01/06/2016 16:00:00,1.04120,@JY,1,1,1118.75,0.0025,1756.2500,-87.5000,
TRADE,02/06/2016 20:00:00,1.04805,03/06/2016 08:00:00,1.05450,@JY,-1,1,-806.25,0.0018,312.5000,-362.5000,
TRADE,06/06/2016 20:00:00,1.05870,08/06/2016,1.06560,@JY,-1,1,-862.50,0.0071,350.0000,-800.0000,
TRADE,09/06/2016 20:00:00,1.06400,10/06/2016 16:00:00,1.06285,@JY,1,1,-143.75,0.0053,343.7500,-318.7500,
TRADE,19/06/2016 20:00:00,1.08415,20/06/2016 16:00:00,1.09080,@JY,-1,1,-831.25,0.0019,162.5000,-593.7500,
TRADE,23/06/2016 20:00:00,1.06810,24/06/2016,1.12425,@JY,1,1,7018.75,0.0043,3943.7500,-181.2500,
TRADE,27/06/2016 20:00:00,1.11005,30/06/2016 08:00:00,1.10110,@JY,-1,1,1118.75,0.0032,1268.7500,-468.7500,
TRADE,30/06/2016 20:00:00,1.09665,01/07/2016 16:00:00,1.10395,@JY,1,1,912.50,0.0016,1000.0000,-18.7500,
TRADE,05/07/2016 20:00:00,1.11145,06/07/2016 16:00:00,1.11445,@JY,1,1,375.00,0.0028,1893.7500,-31.2500,
TRADE,13/07/2016 20:00:00,1.08620,18/07/2016 08:00:00,1.07465,@JY,-1,1,1443.75,0.0025,2168.7500,-475.0000,
TRADE,21/07/2016 20:00:00,1.06965,22/07/2016 04:00:00,1.06965,@JY,1,1,0.00,0.0029,712.5000,-12.5000,
TRADE,26/07/2016 20:00:00,1.08290,27/07/2016,1.07335,@JY,1,1,-1193.75,0.0036,62.5000,-950.0000,
TRADE,01/08/2016 20:00:00,1.10475,02/08/2016 04:00:00,1.11170,@JY,-1,1,-868.75,0.0023,581.2500,-812.5000,
TRADE,02/08/2016 20:00:00,1.11875,03/08/2016 16:00:00,1.11445,@JY,1,1,-537.50,0.0027,193.7500,-818.7500,
TRADE,07/08/2016 20:00:00,1.10850,08/08/2016 12:00:00,1.10205,@JY,1,1,-806.25,0.0014,68.7500,-775.0000,
TRADE,10/08/2016 20:00:00,1.11550,11/08/2016 16:00:00,1.11135,@JY,1,1,-518.75,0.0016,225.0000,-575.0000,
TRADE,14/08/2016 20:00:00,1.11490,15/08/2016 16:00:00,1.11510,@JY,1,1,25.00,0.0024,475.0000,-243.7500,
TRADE,16/08/2016 20:00:00,1.12450,17/08/2016 16:00:00,1.12405,@JY,1,1,-56.25,0.0017,137.5000,-1106.2500,
TRADE,28/08/2016 20:00:00,1.10770,29/08/2016 16:00:00,1.10550,@JY,1,1,-275.00,0.0065,125.0000,-550.0000,
TRADE,29/08/2016 20:00:00,1.10820,01/09/2016 08:00:00,1.09270,@JY,-1,1,1937.50,0.0030,2125.0000,-162.5000,
TRADE,01/09/2016 20:00:00,1.09510,02/09/2016 12:00:00,1.08635,@JY,1,1,-1093.75,0.0021,587.5000,-1062.5000,
TRADE,06/09/2016,1.09135,06/09/2016 12:00:00,1.09745,@JY,-1,1,-762.50,0.0034,206.2500,-568.7500,
TRADE,13/09/2016 20:00:00,1.10120,14/09/2016 16:00:00,1.10195,@JY,1,1,93.75,0.0052,312.5000,-937.5000,
TRADE,18/09/2016 20:00:00,1.10385,19/09/2016 16:00:00,1.10905,@JY,1,1,650.00,0.0021,843.7500,-181.2500,
TRADE,22/09/2016 20:00:00,1.11795,26/09/2016 20:00:00,1.12435,@JY,-1,1,-800.00,0.0021,575.0000,-762.5000,
TRADE,27/09/2016 20:00:00,1.12170,28/09/2016 16:00:00,1.11985,@JY,1,1,-231.25,0.0020,168.7500,-531.2500,
TRADE,29/09/2016 20:00:00,1.11435,30/09/2016 16:00:00,1.11105,@JY,1,1,-412.50,0.0034,431.2500,-906.2500,
TRADE,04/10/2016 20:00:00,1.09620,05/10/2016 12:00:00,1.09020,@JY,1,1,-750.00,0.0030,318.7500,-637.5000,
TRADE,10/10/2016 20:00:00,1.08925,13/10/2016,1.08925,@JY,-1,1,0.00,0.0017,1175.0000,-562.5000,
TRADE,20/10/2016 20:00:00,1.08545,21/10/2016 16:00:00,1.08605,@JY,1,1,75.00,0.0009,550.0000,-256.2500,
TRADE,25/10/2016 20:00:00,1.08330,26/10/2016 16:00:00,1.07995,@JY,1,1,-418.75,0.0017,237.5000,-456.2500,
TRADE,26/10/2016 20:00:00,1.08050,28/10/2016 16:00:00,1.08050,@JY,-1,1,0.00,0.0019,1162.5000,-250.0000,
TRADE,31/10/2016 20:00:00,1.07775,01/11/2016 16:00:00,1.08455,@JY,-1,1,-850.00,0.0030,362.5000,-800.0000,
TRADE,01/11/2016 20:00:00,1.08420,02/11/2016 16:00:00,1.09330,@JY,1,1,1137.50,0.0054,1168.7500,-87.5000,
TRADE,03/11/2016 20:00:00,1.09440,08/11/2016 08:00:00,1.08025,@JY,-1,1,1768.75,0.0019,1906.2500,-193.7500,
TRADE,09/11/2016 20:00:00,1.06950,10/11/2016,1.06950,@JY,1,1,0.00,0.0050,812.5000,-318.7500,
TRADE,10/11/2016 20:00:00,1.05940,15/11/2016 08:00:00,1.04725,@JY,-1,1,1518.75,0.0035,1881.2500,-862.5000,
TRADE,17/11/2016 20:00:00,1.03035,18/11/2016 16:00:00,1.02565,@JY,1,1,-587.50,0.0035,412.5000,-750.0000,
TRADE,23/11/2016 20:00:00,1.01115,24/11/2016 20:00:00,1.00545,@JY,1,1,-712.50,0.0029,156.2500,-950.0000,
TRADE,27/11/2016 20:00:00,1.00815,28/11/2016 16:00:00,1.01280,@JY,1,1,581.25,0.0014,1581.2500,-37.5000,
TRADE,29/11/2016 20:00:00,1.01170,02/12/2016 08:00:00,1.00190,@JY,-1,1,1225.00,0.0032,2293.7500,-425.0000,
TRADE,08/12/2016 20:00:00,0.99865,09/12/2016 08:00:00,0.99095,@JY,1,1,-962.50,0.0022,87.5000,-850.0000,
TRADE,14/12/2016 20:00:00,0.97485,15/12/2016 16:00:00,0.97000,@JY,1,1,-606.25,0.0202,125.0000,-1287.5000,
TRADE,18/12/2016 20:00:00,0.96990,19/12/2016 16:00:00,0.97840,@JY,1,1,1062.50,0.0031,1231.2500,0.0000,
TRADE,28/12/2016 20:00:00,0.97530,29/12/2016 16:00:00,0.97940,@JY,1,1,512.50,0.0038,781.2500,-100.0000,
TRADE,04/01/2017 20:00:00,0.97320,05/01/2017 04:00:00,0.98280,@JY,-1,1,-1200.00,0.0049,131.2500,-1106.2500,
TRADE,08/01/2017 20:00:00,0.97415,09/01/2017 12:00:00,0.98210,@JY,-1,1,-993.75,0.0030,362.5000,-918.7500,
TRADE,11/01/2017 20:00:00,0.98650,12/01/2017 16:00:00,0.99700,@JY,1,1,1312.50,0.0106,1593.7500,0.0000,
TRADE,12/01/2017 20:00:00,0.99170,13/01/2017 12:00:00,0.99170,@JY,-1,1,0.00,0.0060,681.2500,-543.7500,
TRADE,17/01/2017 20:00:00,1.00675,18/01/2017 16:00:00,1.00170,@JY,1,1,-631.25,0.0041,125.0000,-856.2500,
TRADE,30/01/2017 20:00:00,0.99855,31/01/2017 16:00:00,1.00440,@JY,1,1,731.25,0.0023,1643.7500,-200.0000,
TRADE,01/02/2017 20:00:00,1.00220,06/02/2017 08:00:00,1.00785,@JY,-1,1,-706.25,0.0067,218.7500,-1193.7500,
TRADE,09/02/2017 20:00:00,1.00180,10/02/2017 16:00:00,1.00125,@JY,1,1,-68.75,0.0025,237.5000,-562.5000,
TRADE,14/02/2017 20:00:00,0.99380,15/02/2017 16:00:00,0.99455,@JY,1,1,93.75,0.0026,443.7500,-618.7500,
TRADE,21/02/2017 20:00:00,0.99840,22/02/2017 16:00:00,1.00005,@JY,1,1,206.25,0.0017,775.0000,-43.7500,
TRADE,02/03/2017 20:00:00,0.99270,06/03/2017 04:00:00,0.99890,@JY,-1,1,-775.00,0.0020,343.7500,-768.7500,
TRADE,09/03/2017 20:00:00,0.98695,10/03/2017 16:00:00,0.98880,@JY,1,1,231.25,0.0021,318.7500,-381.2500,
TRADE,21/03/2017 20:00:00,1.01255,22/03/2017 16:00:00,1.01850,@JY,1,1,743.75,0.0033,1031.2500,-25.0000,
TRADE,23/03/2017 20:00:00,1.01840,28/03/2017 08:00:00,1.02085,@JY,-1,1,-306.25,0.0035,487.5000,-918.7500,
TRADE,30/03/2017 20:00:00,1.01095,31/03/2017 16:00:00,1.01545,@JY,1,1,562.50,0.0046,593.7500,-337.5000,
TRADE,05/04/2017 20:00:00,1.02155,06/04/2017 16:00:00,1.01875,@JY,1,1,-350.00,0.0073,243.7500,-625.0000,
TRADE,10/04/2017 20:00:00,1.01895,11/04/2017 12:00:00,1.02425,@JY,-1,1,-662.50,0.0022,37.5000,-637.5000,
TRADE,11/04/2017 20:00:00,1.02950,12/04/2017 16:00:00,1.02915,@JY,1,1,-43.75,0.0027,225.0000,-225.0000,
TRADE,18/04/2017 20:00:00,1.03895,19/04/2017 12:00:00,1.03315,@JY,1,1,-725.00,0.0023,43.7500,-700.0000,
TRADE,20/04/2017 20:00:00,1.03125,21/04/2017 16:00:00,1.03405,@JY,1,1,350.00,0.0025,400.0000,-125.0000,
TRADE,24/04/2017 20:00:00,1.02725,25/04/2017 04:00:00,1.02165,@JY,1,1,-700.00,0.0025,200.0000,-693.7500,
TRADE,27/04/2017 20:00:00,1.01475,02/05/2017 08:00:00,1.00735,@JY,-1,1,925.00,0.0013,943.7500,-206.2500,
TRADE,02/05/2017 20:00:00,1.00865,03/05/2017 08:00:00,1.00605,@JY,1,1,-325.00,0.0017,50.0000,-231.2500,
TRADE,15/05/2017 20:00:00,0.99560,16/05/2017 12:00:00,1.00050,@JY,-1,1,-612.50,0.0021,143.7500,-512.5000,
TRADE,16/05/2017 20:00:00,0.99960,17/05/2017 16:00:00,1.01315,@JY,1,1,1693.75,0.0029,1881.2500,-12.5000,
TRADE,21/05/2017 20:00:00,1.01470,24/05/2017 08:00:00,1.00930,@JY,-1,1,675.00,0.0030,875.0000,-331.2500,
TRADE,24/05/2017 20:00:00,1.01130,25/05/2017 16:00:00,1.01010,@JY,1,1,-150.00,0.0050,68.7500,-375.0000,
TRADE,28/05/2017 20:00:00,1.01385,29/05/2017 20:00:00,1.01365,@JY,1,1,-25.00,0.0018,100.0000,-206.2500,
TRADE,30/05/2017 20:00:00,1.01710,31/05/2017 16:00:00,1.01870,@JY,1,1,200.00,0.0012,381.2500,-375.0000,
TRADE,06/06/2017 20:00:00,1.02935,07/06/2017 16:00:00,1.02895,@JY,1,1,-50.00,0.0030,243.7500,-343.7500,
TRADE,07/06/2017 20:00:00,1.02535,12/06/2017 08:00:00,1.02360,@JY,-1,1,218.75,0.0045,1031.2500,-450.0000,
TRADE,15/06/2017 20:00:00,1.01630,16/06/2017 16:00:00,1.01645,@JY,1,1,18.75,0.0013,212.5000,-587.5000,
TRADE,26/06/2017 20:00:00,1.00765,27/06/2017 16:00:00,1.00355,@JY,1,1,-512.50,0.0027,406.2500,-600.0000,
TRADE,02/07/2017 20:00:00,1.00430,05/07/2017 12:00:00,0.99345,@JY,-1,1,1356.25,0.0024,1437.5000,-37.5000,
TRADE,05/07/2017 20:00:00,0.99650,06/07/2017 16:00:00,0.99565,@JY,1,1,-106.25,0.0043,306.2500,-256.2500,
TRADE,10/07/2017 20:00:00,0.98985,12/07/2017,0.99490,@JY,-1,1,-631.25,0.0014,418.7500,-625.0000,
TRADE,18/07/2017 20:00:00,1.00545,19/07/2017 16:00:00,1.00805,@JY,1,1,325.00,0.0011,475.0000,-193.7500,
TRADE,23/07/2017 20:00:00,1.01245,26/07/2017 08:00:00,1.00645,@JY,-1,1,750.00,0.0011,968.7500,-518.7500,
TRADE,01/08/2017 20:00:00,1.01815,02/08/2017 16:00:00,1.01790,@JY,1,1,-31.25,0.0021,106.2500,-612.5000,
TRADE,08/08/2017 20:00:00,1.01825,09/08/2017 16:00:00,1.02150,@JY,1,1,406.25,0.0023,806.2500,0.0000,
TRADE,10/08/2017 20:00:00,1.02795,15/08/2017 08:00:00,1.01770,@JY,-1,1,1281.25,0.0020,1375.0000,-468.7500,
TRADE,15/08/2017 20:00:00,1.01595,16/08/2017 16:00:00,1.01475,@JY,1,1,-150.00,0.0026,50.0000,-362.5000,
TRADE,21/08/2017 20:00:00,1.02925,23/08/2017 16:00:00,1.02925,@JY,-1,1,0.00,0.0028,912.5000,-75.0000,
TRADE,27/08/2017 20:00:00,1.02635,28/08/2017 16:00:00,1.02705,@JY,1,1,87.50,0.0020,268.7500,-143.7500,
TRADE,29/08/2017 20:00:00,1.02305,30/08/2017 16:00:00,1.01785,@JY,1,1,-650.00,0.0067,125.0000,-806.2500,
TRADE,30/08/2017 20:00:00,1.01795,01/09/2017 08:00:00,1.02255,@JY,-1,1,-575.00,0.0018,425.0000,-400.0000,
TRADE,05/09/2017 20:00:00,1.03075,06/09/2017 16:00:00,1.02715,@JY,1,1,-450.00,0.0023,281.2500,-493.7500,
TRADE,11/09/2017 20:00:00,1.02510,14/09/2017 08:00:00,1.01610,@JY,-1,1,1125.00,0.0035,1468.7500,-112.5000,
TRADE,14/09/2017 20:00:00,1.01750,14/09/2017 20:00:00,1.01750,@JY,1,1,0.00,0.0056,706.2500,-62.5000,
TRADE,25/09/2017 20:00:00,1.00515,26/09/2017 12:00:00,0.99910,@JY,1,1,-756.25,0.0014,231.2500,-693.7500,
TRADE,28/09/2017 20:00:00,0.99990,03/10/2017 08:00:00,0.99360,@JY,-1,1,787.50,0.0020,868.7500,-125.0000,
TRADE,08/10/2017 20:00:00,0.99720,09/10/2017 16:00:00,0.99685,@JY,1,1,-43.75,0.0013,300.0000,-118.7500,
TRADE,10/10/2017 20:00:00,0.99910,11/10/2017 16:00:00,0.99880,@JY,1,1,-37.50,0.0027,300.0000,-206.2500,
TRADE,18/10/2017 20:00:00,0.99400,19/10/2017 16:00:00,0.99720,@JY,1,1,400.00,0.0011,662.5000,-181.2500,
TRADE,23/10/2017 20:00:00,0.99000,26/10/2017,0.99000,@JY,-1,1,0.00,0.0042,825.0000,-225.0000,
TRADE,26/10/2017 20:00:00,0.98555,30/10/2017 12:00:00,0.98995,@JY,-1,1,-550.00,0.0029,425.0000,-487.5000,
TRADE,01/11/2017 20:00:00,0.98430,02/11/2017 16:00:00,0.98425,@JY,1,1,-6.25,0.0038,581.2500,-81.2500,
TRADE,08/11/2017 20:00:00,0.98625,09/11/2017 16:00:00,0.99135,@JY,1,1,637.50,0.0015,725.0000,-206.2500,
TRADE,12/11/2017 20:00:00,0.98830,15/11/2017,0.99235,@JY,-1,1,-506.25,0.0010,331.2500,-400.0000,
TRADE,15/11/2017 20:00:00,0.99370,16/11/2017 16:00:00,0.99365,@JY,1,1,-6.25,0.0029,131.2500,-462.5000,
TRADE,16/11/2017 20:00:00,0.99180,17/11/2017 12:00:00,0.99650,@JY,-1,1,-587.50,0.0017,37.5000,-700.0000,
TRADE,19/11/2017 20:00:00,0.99920,20/11/2017 16:00:00,0.99585,@JY,1,1,-418.75,0.0020,281.2500,-425.0000,
TRADE,22/11/2017 20:00:00,1.00665,23/11/2017 20:00:00,1.00655,@JY,1,1,-12.50,0.0037,150.0000,-168.7500,
TRADE,26/11/2017 20:00:00,1.00350,27/11/2017 16:00:00,1.00785,@JY,1,1,543.75,0.0002,756.2500,-100.0000,
TRADE,04/12/2017 20:00:00,0.99610,07/12/2017 08:00:00,0.99460,@JY,-1,1,187.50,0.0039,387.5000,-487.5000,
TRADE,10/12/2017 20:00:00,0.98700,11/12/2017 16:00:00,0.98830,@JY,1,1,162.50,0.0008,350.0000,-68.7500,
TRADE,14/12/2017 20:00:00,0.99665,15/12/2017 16:00:00,0.99445,@JY,1,1,-275.00,0.0029,356.2500,-318.7500,
TRADE,27/12/2017 20:00:00,0.98885,28/12/2017 16:00:00,0.99110,@JY,1,1,281.25,0.0012,493.7500,-112.5000,
TRADE,08/01/2018 20:00:00,0.98845,08/01/2018 20:00:00,0.99160,@JY,-1,1,-393.75,0.0009,25.0000,-368.7500,
TRADE,09/01/2018 20:00:00,0.99280,10/01/2018 16:00:00,1.00185,@JY,1,1,1131.25,0.0014,1343.7500,-175.0000,
TRADE,11/01/2018 20:00:00,1.00365,15/01/2018 12:00:00,1.00960,@JY,-1,1,-743.75,0.0025,462.5000,-725.0000,
TRADE,16/01/2018 20:00:00,1.01020,17/01/2018 16:00:00,1.00740,@JY,1,1,-350.00,0.0040,237.5000,-512.5000,
TRADE,23/01/2018 20:00:00,1.01115,24/01/2018 16:00:00,1.02005,@JY,1,1,1112.50,0.0017,1337.5000,-56.2500,
TRADE,28/01/2018 20:00:00,1.02455,31/01/2018 08:00:00,1.02405,@JY,-1,1,62.50,0.0067,593.7500,-250.0000,
TRADE,31/01/2018 20:00:00,1.01985,01/02/2018 16:00:00,1.01665,@JY,1,1,-400.00,0.0039,100.0000,-593.7500,
TRADE,07/02/2018 20:00:00,1.01795,08/02/2018 12:00:00,1.02440,@JY,-1,1,-806.25,0.0039,443.7500,-762.5000,
TRADE,11/02/2018 20:00:00,1.02230,12/02/2018 16:00:00,1.02365,@JY,1,1,168.75,0.0071,443.7500,-50.0000,
TRADE,13/02/2018 20:00:00,1.03090,14/02/2018 16:00:00,1.03760,@JY,1,1,837.50,0.0020,1212.5000,-81.2500,
TRADE,20/02/2018 20:00:00,1.03510,21/02/2018,1.03010,@JY,1,1,-625.00,0.0013,6.2500,-600.0000,
TRADE,27/02/2018 20:00:00,1.03445,28/02/2018 16:00:00,1.03975,@JY,1,1,662.50,0.0014,843.7500,-212.5000,
TRADE,05/03/2018 20:00:00,1.04385,06/03/2018 20:00:00,1.05005,@JY,-1,1,-775.00,0.0010,275.0000,-587.5000,
TRADE,11/03/2018 20:00:00,1.03865,12/03/2018 16:00:00,1.04070,@JY,1,1,256.25,0.0020,468.7500,-237.5000,
TRADE,15/03/2018 20:00:00,1.04260,16/03/2018 16:00:00,1.04430,@JY,1,1,212.50,0.0043,787.5000,-56.2500,
TRADE,26/03/2018 20:00:00,1.04945,29/03/2018 08:00:00,1.03805,@JY,-1,1,1425.00,0.0034,1787.5000,-118.7500,
TRADE,01/04/2018 20:00:00,1.04125,02/04/2018 16:00:00,1.04545,@JY,-1,1,-525.00,0.0016,181.2500,-481.2500,
TRADE,03/04/2018 20:00:00,1.03875,04/04/2018 12:00:00,1.03875,@JY,1,1,0.00,0.0022,650.0000,-143.7500,
TRADE,10/04/2018 20:00:00,1.03295,11/04/2018 16:00:00,1.03550,@JY,1,1,318.75,0.0022,562.5000,-75.0000,
TRADE,19/04/2018 20:00:00,1.03035,20/04/2018 12:00:00,1.02640,@JY,1,1,-493.75,0.0024,12.5000,-475.0000,
TRADE,29/04/2018 20:00:00,1.01515,30/04/2018 16:00:00,1.01510,@JY,1,1,-6.25,0.0014,93.7500,-362.5000,
TRADE,02/05/2018 20:00:00,1.00845,03/05/2018 16:00:00,1.01440,@JY,1,1,743.75,0.0031,975.0000,-18.7500,
TRADE,06/05/2018 20:00:00,1.01505,09/05/2018 08:00:00,1.00915,@JY,-1,1,737.50,0.0017,787.5000,-337.5000,
TRADE,13/05/2018 20:00:00,1.01240,16/05/2018 08:00:00,1.00525,@JY,-1,1,893.75,0.0014,1175.0000,-137.5000,
TRADE,16/05/2018 20:00:00,1.00415,21/05/2018 08:00:00,0.99580,@JY,-1,1,1043.75,0.0027,1137.5000,-231.2500,
TRADE,23/05/2018 20:00:00,1.00645,24/05/2018 16:00:00,1.01180,@JY,1,1,668.75,0.0028,1056.2500,-75.0000,
TRADE,24/05/2018 20:00:00,1.01260,28/05/2018 20:00:00,1.01260,@JY,-1,1,0.00,0.0012,618.7500,-118.7500,
TRADE,29/05/2018 20:00:00,1.01770,30/05/2018 16:00:00,1.01500,@JY,1,1,-337.50,0.0058,262.5000,-500.0000,
TRADE,30/05/2018 20:00:00,1.01510,04/06/2018 08:00:00,1.00960,@JY,-1,1,687.50,0.0012,937.5000,-531.2500,
TRADE,07/06/2018 20:00:00,1.00785,08/06/2018 16:00:00,1.00955,@JY,1,1,212.50,0.0026,525.0000,-162.5000,
TRADE,14/06/2018 20:00:00,0.99950,15/06/2018 16:00:00,0.99990,@JY,1,1,50.00,0.0023,256.2500,-281.2500,
TRADE,20/06/2018 20:00:00,1.00135,22/06/2018 12:00:00,1.00545,@JY,-1,1,-512.50,0.0025,400.0000,-562.5000,
TRADE,25/06/2018 20:00:00,1.00655,26/06/2018 16:00:00,1.00430,@JY,1,1,-281.25,0.0056,381.2500,-325.0000,
TRADE,28/06/2018 20:00:00,0.99975,03/07/2018 08:00:00,0.99600,@JY,-1,1,468.75,0.0027,675.0000,-125.0000,
TRADE,05/07/2018 20:00:00,0.99770,06/07/2018 16:00:00,0.99945,@JY,1,1,218.75,0.0017,312.5000,-112.5000,
TRADE,12/07/2018 20:00:00,0.98220,17/07/2018 08:00:00,0.98355,@JY,-1,1,-168.75,0.0010,262.5000,-300.0000,
TRADE,17/07/2018 20:00:00,0.97925,18/07/2018 16:00:00,0.97995,@JY,1,1,87.50,0.0010,181.2500,-237.5000,
TRADE,23/07/2018 20:00:00,0.99140,25/07/2018 12:00:00,0.99495,@JY,-1,1,-443.75,0.0018,187.5000,-393.7500,
TRADE,25/07/2018 20:00:00,0.99470,26/07/2018 16:00:00,0.99310,@JY,1,1,-200.00,0.0036,318.7500,-331.2500,
TRADE,31/07/2018 20:00:00,0.98700,01/08/2018 16:00:00,0.98815,@JY,1,1,143.75,0.0015,181.2500,-337.5000,
TRADE,01/08/2018 20:00:00,0.98765,03/08/2018 12:00:00,0.99120,@JY,-1,1,-443.75,0.0029,181.2500,-412.5000,
TRADE,07/08/2018 20:00:00,0.98995,08/08/2018 16:00:00,0.99345,@JY,1,1,437.50,0.0022,575.0000,-43.7500,
TRADE,21/08/2018 20:00:00,0.99915,22/08/2018 16:00:00,0.99615,@JY,1,1,-375.00,0.0029,150.0000,-462.5000,
TRADE,29/08/2018 20:00:00,0.98595,30/08/2018 16:00:00,0.98980,@JY,1,1,481.25,0.0012,581.2500,-50.0000,
TRADE,04/09/2018 20:00:00,0.98785,05/09/2018 16:00:00,0.98760,@JY,1,1,-31.25,0.0011,56.2500,-312.5000,
TRADE,05/09/2018 20:00:00,0.98750,06/09/2018 12:00:00,0.99135,@JY,-1,1,-481.25,0.0009,56.2500,-475.0000,
TRADE,10/09/2018 20:00:00,0.99025,13/09/2018 08:00:00,0.98680,@JY,-1,1,431.25,0.0012,562.5000,-31.2500,
TRADE,13/09/2018 20:00:00,0.98335,14/09/2018 16:00:00,0.98250,@JY,1,1,-106.25,0.0016,168.7500,-262.5000,
TRADE,26/09/2018 20:00:00,0.97630,27/09/2018 12:00:00,0.97190,@JY,1,1,-550.00,0.0040,143.7500,-537.5000,
TRADE,01/10/2018 20:00:00,0.96595,02/10/2018 04:00:00,0.96825,@JY,-1,1,-287.50,0.0008,31.2500,-256.2500,
TRADE,02/10/2018 20:00:00,0.96875,03/10/2018 12:00:00,0.96510,@JY,1,1,-456.25,0.0019,100.0000,-412.5000,
TRADE,07/10/2018 20:00:00,0.96740,08/10/2018 04:00:00,0.97110,@JY,-1,1,-462.50,0.0020,181.2500,-431.2500,
TRADE,09/10/2018 20:00:00,0.97330,10/10/2018 16:00:00,0.97560,@JY,1,1,287.50,0.0017,393.7500,-287.5000,
TRADE,14/10/2018 20:00:00,0.97980,17/10/2018 08:00:00,0.97905,@JY,-1,1,93.75,0.0025,306.2500,-525.0000,
TRADE,18/10/2018 20:00:00,0.97900,19/10/2018 16:00:00,0.97695,@JY,1,1,-256.25,0.0027,43.7500,-462.5000,
TRADE,23/10/2018 20:00:00,0.97680,24/10/2018 16:00:00,0.97590,@JY,1,1,-112.50,0.0024,125.0000,-312.5000,
TRADE,29/10/2018 20:00:00,0.97720,01/11/2018 08:00:00,0.97260,@JY,-1,1,575.00,0.0029,1043.7500,-37.5000,
TRADE,04/11/2018 20:00:00,0.96975,05/11/2018 16:00:00,0.97015,@JY,1,1,50.00,0.0020,143.7500,-125.0000,
TRADE,07/11/2018 20:00:00,0.96690,08/11/2018 12:00:00,0.96370,@JY,1,1,-400.00,0.0030,37.5000,-387.5000,
TRADE,13/11/2018 20:00:00,0.96460,14/11/2018 16:00:00,0.96605,@JY,1,1,181.25,0.0024,218.7500,-193.7500,
TRADE,20/11/2018 20:00:00,0.97245,21/11/2018 16:00:00,0.97025,@JY,1,1,-275.00,0.0018,81.2500,-412.5000,
TRADE,26/11/2018 20:00:00,0.96580,27/11/2018 16:00:00,0.96405,@JY,1,1,-218.75,0.0012,137.5000,-287.5000,
TRADE,03/12/2018 20:00:00,0.96470,04/12/2018 16:00:00,0.97150,@JY,1,1,850.00,0.0010,893.7500,0.0000,
TRADE,05/12/2018 20:00:00,0.96820,05/12/2018 20:00:00,0.97135,@JY,-1,1,-393.75,0.0010,6.2500,-368.7500,
TRADE,06/12/2018 20:00:00,0.97180,07/12/2018 16:00:00,0.97155,@JY,1,1,-31.25,0.0026,131.2500,-231.2500,
TRADE,09/12/2018 20:00:00,0.97220,12/12/2018 08:00:00,0.96535,@JY,-1,1,856.25,0.0016,900.0000,-381.2500,
TRADE,13/12/2018 20:00:00,0.96370,14/12/2018 16:00:00,0.96605,@JY,1,1,293.75,0.0008,331.2500,-43.7500,
TRADE,26/12/2018 20:00:00,0.98070,27/12/2018 16:00:00,0.98610,@JY,1,1,675.00,0.0048,775.0000,-25.0000,
TRADE,02/01/2019 20:00:00,1.01695,02/01/2019 20:00:00,1.01695,@JY,1,1,0.00,0.0050,675.0000,-537.5000,
TRADE,06/01/2019 20:00:00,1.00380,09/01/2019 08:00:00,0.99970,@JY,-1,1,512.50,0.0021,693.7500,-475.0000,
TRADE,15/01/2019 20:00:00,1.00140,16/01/2019 16:00:00,0.99880,@JY,1,1,-325.00,0.0030,312.5000,-362.5000,
TRADE,22/01/2019 20:00:00,0.99500,23/01/2019 08:00:00,0.99105,@JY,1,1,-493.75,0.0026,25.0000,-487.5000,
TRADE,30/01/2019 20:00:00,0.99680,31/01/2019 16:00:00,0.99865,@JY,1,1,231.25,0.0063,587.5000,-12.5000,
TRADE,31/01/2019 20:00:00,0.99845,05/02/2019 08:00:00,0.98855,@JY,-1,1,1237.50,0.0013,1393.7500,-118.7500,
TRADE,06/02/2019 20:00:00,0.98855,07/02/2019 16:00:00,0.98990,@JY,1,1,168.75,0.0025,381.2500,-131.2500,
TRADE,11/02/2019 20:00:00,0.98480,12/02/2019 16:00:00,0.98380,@JY,1,1,-125.00,0.0009,50.0000,-262.5000,
TRADE,13/02/2019 20:00:00,0.97930,14/02/2019 16:00:00,0.98280,@JY,1,1,437.50,0.0016,531.2500,-112.5000,
TRADE,17/02/2019 20:00:00,0.98360,20/02/2019 12:00:00,0.98095,@JY,-1,1,331.25,0.0015,493.7500,-31.2500,
TRADE,25/02/2019 20:00:00,0.97820,26/02/2019 16:00:00,0.98115,@JY,1,1,368.75,0.0015,425.0000,0.0000,
TRADE,03/03/2019 20:00:00,0.97130,06/03/2019 08:00:00,0.97125,@JY,-1,1,6.25,0.0014,268.7500,-243.7500,
TRADE,07/03/2019 20:00:00,0.97320,08/03/2019 16:00:00,0.97770,@JY,1,1,562.50,0.0017,968.7500,-56.2500,
TRADE,11/03/2019 20:00:00,0.97610,14/03/2019 08:00:00,0.97195,@JY,-1,1,518.75,0.0007,537.5000,-212.5000,
TRADE,14/03/2019 20:00:00,0.97225,15/03/2019 16:00:00,0.97345,@JY,1,1,150.00,0.0007,287.5000,-256.2500,
TRADE,21/03/2019 20:00:00,0.97835,22/03/2019 08:00:00,0.98250,@JY,-1,1,-518.75,0.0010,37.5000,-512.5000,
TRADE,25/03/2019 20:00:00,0.98545,28/03/2019 08:00:00,0.98240,@JY,-1,1,381.25,0.0027,781.2500,-12.5000,
TRADE,03/04/2019 20:00:00,0.97255,04/04/2019 16:00:00,0.97155,@JY,1,1,-125.00,0.0008,87.5000,-218.7500,
TRADE,07/04/2019 20:00:00,0.97040,08/04/2019 16:00:00,0.97225,@JY,1,1,231.25,0.0007,406.2500,-50.0000,
TRADE,09/04/2019 20:00:00,0.97485,10/04/2019 16:00:00,0.97685,@JY,1,1,250.00,0.0006,256.2500,-168.7500,
TRADE,15/04/2019 20:00:00,0.96725,18/04/2019 08:00:00,0.96795,@JY,-1,1,-87.50,0.0007,168.7500,-212.5000,
TRADE,23/04/2019 20:00:00,0.96760,24/04/2019 16:00:00,0.96745,@JY,1,1,-18.75,0.0008,218.7500,-81.2500,
TRADE,29/04/2019 20:00:00,0.96870,30/04/2019 04:00:00,0.97110,@JY,-1,1,-300.00,0.0014,25.0000,-243.7500,
TRADE,30/04/2019 20:00:00,0.97055,01/05/2019 16:00:00,0.97275,@JY,1,1,275.00,0.0013,312.5000,-118.7500,
TRADE,13/05/2019 20:00:00,0.98835,15/05/2019 08:00:00,0.98835,@JY,-1,1,0.00,0.0024,606.2500,-50.0000,
TRADE,19/05/2019 20:00:00,0.98060,20/05/2019 16:00:00,0.98145,@JY,1,1,106.25,0.0022,268.7500,-256.2500,
TRADE,21/05/2019 20:00:00,0.97690,22/05/2019 16:00:00,0.97895,@JY,1,1,256.25,0.0019,262.5000,-125.0000,
TRADE,23/05/2019 20:00:00,0.98395,24/05/2019 16:00:00,0.98600,@JY,1,1,256.25,0.0013,362.5000,-131.2500,
TRADE,28/05/2019 20:00:00,0.98590,29/05/2019 16:00:00,0.98580,@JY,1,1,-12.50,0.0020,218.7500,-131.2500,
TRADE,30/05/2019 20:00:00,0.98350,31/05/2019,0.98750,@JY,-1,1,-500.00,0.0020,12.5000,-468.7500,
TRADE,03/06/2019 20:00:00,0.99650,06/06/2019 08:00:00,0.99525,@JY,-1,1,156.25,0.0038,468.7500,-256.2500,
TRADE,09/06/2019 20:00:00,0.99270,10/06/2019 16:00:00,0.99185,@JY,1,1,-106.25,0.0015,93.7500,-275.0000,
TRADE,13/06/2019 20:00:00,0.99290,14/06/2019 16:00:00,0.99140,@JY,1,1,-187.50,0.0017,300.0000,-206.2500,
TRADE,24/06/2019 20:00:00,1.00145,25/06/2019,1.00445,@JY,-1,1,-375.00,0.0011,131.2500,-312.5000,
TRADE,25/06/2019 20:00:00,1.00285,26/06/2019 08:00:00,0.99815,@JY,1,1,-587.50,0.0030,25.0000,-400.0000,
TRADE,01/07/2019 20:00:00,0.99130,02/07/2019 16:00:00,0.99585,@JY,1,1,568.75,0.0007,687.5000,-81.2500,
TRADE,08/07/2019 04:00:00,0.99185,08/07/2019 20:00:00,0.98840,@JY,1,1,-431.25,0.0014,37.5000,-531.2500,
TRADE,16/07/2019 20:00:00,0.99185,17/07/2019 16:00:00,0.99310,@JY,1,1,156.25,0.0019,187.5000,-106.2500,
TRADE,21/07/2019 20:00:00,0.99565,24/07/2019 08:00:00,0.99280,@JY,-1,1,356.25,0.0025,600.0000,-62.5000,
TRADE,25/07/2019 20:00:00,0.98770,26/07/2019 16:00:00,0.98695,@JY,1,1,-93.75,0.0011,68.7500,-218.7500,
TRADE,30/07/2019 20:00:00,0.98785,31/07/2019 16:00:00,0.98775,@JY,1,1,-12.50,0.0008,100.0000,-81.2500,
TRADE,06/08/2019 20:00:00,1.00600,07/08/2019 08:00:00,1.01195,@JY,-1,1,-743.75,0.0023,25.0000,-681.2500,
TRADE,13/08/2019 20:00:00,1.00305,14/08/2019 16:00:00,1.01165,@JY,1,1,1075.00,0.0030,1187.5000,-12.5000,
TRADE,22/08/2019 20:00:00,1.00485,23/08/2019 16:00:00,1.01400,@JY,1,1,1143.75,0.0008,1281.2500,-337.5000,
TRADE,27/08/2019 20:00:00,1.01075,30/08/2019 08:00:00,1.00450,@JY,-1,1,781.25,0.0010,1087.5000,-100.0000,
TRADE,03/09/2019 20:00:00,1.00865,04/09/2019 16:00:00,1.00525,@JY,1,1,-425.00,0.0019,106.2500,-468.7500,
TRADE,12/09/2019 20:00:00,0.98870,13/09/2019 16:00:00,0.98845,@JY,1,1,-31.25,0.0015,212.5000,-168.7500,
TRADE,19/09/2019 20:00:00,0.98920,20/09/2019 16:00:00,0.99010,@JY,1,1,112.50,0.0019,281.2500,-56.2500,
TRADE,24/09/2019 20:00:00,0.99690,25/09/2019 12:00:00,0.99045,@JY,1,1,-806.25,0.0041,125.0000,-793.7500,
TRADE,26/09/2019 20:00:00,0.99015,01/10/2019 08:00:00,0.98500,@JY,-1,1,643.75,0.0021,712.5000,-181.2500,
TRADE,01/10/2019 20:00:00,0.99050,02/10/2019 16:00:00,0.99605,@JY,1,1,693.75,0.0012,737.5000,-143.7500,
TRADE,02/10/2019 20:00:00,0.99570,03/10/2019 12:00:00,1.00040,@JY,-1,1,-587.50,0.0018,181.2500,-275.0000,
TRADE,06/10/2019 20:00:00,0.99970,09/10/2019 08:00:00,0.99420,@JY,-1,1,687.50,0.0010,900.0000,-6.2500,
TRADE,10/10/2019 20:00:00,0.98885,11/10/2019 08:00:00,0.98415,@JY,1,1,-587.50,0.0024,6.2500,-468.7500,
TRADE,13/10/2019 20:00:00,0.98390,16/10/2019 08:00:00,0.98130,@JY,-1,1,325.00,0.0026,531.2500,-412.5000,
TRADE,23/10/2019 20:00:00,0.98110,24/10/2019 16:00:00,0.98165,@JY,1,1,68.75,0.0008,168.7500,-106.2500,
TRADE,30/10/2019 20:00:00,0.97880,31/10/2019 16:00:00,0.98620,@JY,1,1,925.00,0.0048,1012.5000,-12.5000,
TRADE,03/11/2019 20:00:00,0.98405,06/11/2019 08:00:00,0.97780,@JY,-1,1,781.25,0.0016,1168.7500,-37.5000,
TRADE,10/11/2019 20:00:00,0.97515,11/11/2019 08:00:00,0.97800,@JY,-1,1,-356.25,0.0009,6.2500,-350.0000,
TRADE,13/11/2019 20:00:00,0.97880,14/11/2019 16:00:00,0.98250,@JY,1,1,462.50,0.0017,550.0000,-93.7500,
TRADE,18/11/2019 20:00:00,0.97970,19/11/2019 16:00:00,0.98095,@JY,1,1,156.25,0.0011,212.5000,-200.0000,
TRADE,26/11/2019 20:00:00,0.97570,27/11/2019 12:00:00,0.97360,@JY,1,1,-262.50,0.0010,31.2500,-256.2500,
TRADE,01/12/2019 20:00:00,0.97155,02/12/2019 16:00:00,0.97580,@JY,1,1,531.25,0.0002,568.7500,-200.0000,
TRADE,04/12/2019 20:00:00,0.97710,06/12/2019 08:00:00,0.97990,@JY,-1,1,-350.00,0.0010,156.2500,-318.7500,
TRADE,12/12/2019 20:00:00,0.97150,13/12/2019 16:00:00,0.97265,@JY,1,1,143.75,0.0020,262.5000,-256.2500,
TRADE,16/12/2019 20:00:00,0.97015,18/12/2019 04:00:00,0.97190,@JY,-1,1,-218.75,0.0007,18.7500,-212.5000,
TRADE,19/12/2019 20:00:00,0.97170,20/12/2019 16:00:00,0.97040,@JY,1,1,-162.50,0.0016,100.0000,-162.5000,
TRADE,26/12/2019 20:00:00,0.96900,27/12/2019 16:00:00,0.96970,@JY,1,1,87.50,0.0006,137.5000,-37.5000,
TRADE,06/01/2020 20:00:00,0.97895,07/01/2020 20:00:00,0.98210,@JY,-1,1,-393.75,0.0013,293.7500,-362.5000,
TRADE,08/01/2020 20:00:00,0.97260,09/01/2020 12:00:00,0.96840,@JY,1,1,-525.00,0.0020,56.2500,-518.7500,
TRADE,09/01/2020 20:00:00,0.96915,14/01/2020 08:00:00,0.96450,@JY,-1,1,581.25,0.0012,781.2500,-43.7500,
TRADE,14/01/2020 20:00:00,0.96470,15/01/2020 16:00:00,0.96555,@JY,1,1,106.25,0.0022,212.5000,-18.7500,
TRADE,21/01/2020 20:00:00,0.96530,22/01/2020 16:00:00,0.96535,@JY,1,1,6.25,0.0016,43.7500,-256.2500,
TRADE,28/01/2020 20:00:00,0.97040,30/01/2020,0.97345,@JY,-1,1,-381.25,0.0007,75.0000,-362.5000,
TRADE,30/01/2020 20:00:00,0.97270,31/01/2020 16:00:00,0.97705,@JY,1,1,543.75,0.0035,656.2500,-218.7500,
TRADE,03/02/2020 20:00:00,0.97480,06/02/2020 08:00:00,0.96465,@JY,-1,1,1268.75,0.0013,1406.2500,-131.2500,
TRADE,09/02/2020 20:00:00,0.96575,10/02/2020 16:00:00,0.96590,@JY,1,1,18.75,0.0011,150.0000,-187.5000,
TRADE,12/02/2020 20:00:00,0.96240,13/02/2020 16:00:00,0.96500,@JY,1,1,325.00,0.0011,481.2500,-12.5000,
TRADE,18/02/2020 20:00:00,0.96390,19/02/2020 04:00:00,0.96165,@JY,1,1,-281.25,0.0008,25.0000,-275.0000,
TRADE,23/02/2020 20:00:00,0.95095,24/02/2020 12:00:00,0.95570,@JY,-1,1,-593.75,0.0016,250.0000,-506.2500,
TRADE,02/03/2020 20:00:00,0.97705,03/03/2020 16:00:00,0.98710,@JY,-1,1,-1256.25,0.0067,300.0000,-1231.2500,
TRADE,08/03/2020 20:00:00,1.01075,09/03/2020 16:00:00,1.03310,@JY,1,1,2793.75,0.0036,3818.7500,-106.2500,
TRADE,12/03/2020 20:00:00,1.00635,13/03/2020 08:00:00,0.98615,@JY,1,1,-2525.00,0.0128,400.0000,-2468.7500,
TRADE,19/03/2020 20:00:00,0.95550,20/03/2020 12:00:00,0.95550,@JY,1,1,0.00,0.0077,1568.7500,-337.5000,
TRADE,23/03/2020 20:00:00,0.95255,24/03/2020 12:00:00,0.95255,@JY,1,1,0.00,0.0035,1212.5000,-25.0000,
TRADE,26/03/2020 20:00:00,0.96635,27/03/2020 16:00:00,0.97920,@JY,1,1,1606.25,0.0036,1743.7500,-56.2500,
TRADE,29/03/2020 20:00:00,0.98125,30/03/2020 12:00:00,0.98125,@JY,-1,1,0.00,0.0046,612.5000,-643.7500,
TRADE,07/04/2020 20:00:00,0.97035,08/04/2020 16:00:00,0.97170,@JY,1,1,168.75,0.0023,312.5000,-331.2500,
TRADE,12/04/2020 20:00:00,0.97340,13/04/2020 16:00:00,0.98065,@JY,1,1,906.25,0.0032,937.5000,-125.0000,
TRADE,15/04/2020 20:00:00,0.98140,16/04/2020 16:00:00,0.97880,@JY,1,1,-325.00,0.0030,281.2500,-712.5000,
TRADE,21/04/2020 20:00:00,0.97790,22/04/2020 16:00:00,0.97765,@JY,1,1,-31.25,0.0016,300.0000,-175.0000,
TRADE,23/04/2020 20:00:00,0.97985,24/04/2020 16:00:00,0.98065,@JY,1,1,100.00,0.0023,193.7500,-225.0000,
TRADE,26/04/2020 20:00:00,0.98025,27/04/2020 04:00:00,0.98405,@JY,-1,1,-475.00,0.0013,125.0000,-462.5000,
TRADE,28/04/2020 20:00:00,0.98590,29/04/2020 16:00:00,0.98730,@JY,1,1,175.00,0.0007,537.5000,-56.2500,
TRADE,03/05/2020 20:00:00,0.98600,05/05/2020 20:00:00,0.98995,@JY,-1,1,-493.75,0.0017,281.2500,-437.5000,
TRADE,06/05/2020 20:00:00,0.99240,07/05/2020 08:00:00,0.98840,@JY,1,1,-500.00,0.0016,106.2500,-493.7500,
TRADE,13/05/2020 20:00:00,0.98395,14/05/2020 16:00:00,0.98245,@JY,1,1,-187.50,0.0008,275.0000,-212.5000,
TRADE,17/05/2020 20:00:00,0.98295,18/05/2020 16:00:00,0.98185,@JY,1,1,-137.50,0.0029,68.7500,-406.2500,
TRADE,20/05/2020 20:00:00,0.97940,25/05/2020 08:00:00,0.97760,@JY,-1,1,225.00,0.0013,337.5000,-231.2500,
TRADE,26/05/2020 20:00:00,0.97905,27/05/2020 16:00:00,0.97755,@JY,1,1,-187.50,0.0014,225.0000,-406.2500,
TRADE,01/06/2020 20:00:00,0.97810,04/06/2020 08:00:00,0.96620,@JY,-1,1,1487.50,0.0007,1600.0000,-168.7500,
TRADE,11/06/2020 20:00:00,0.98560,12/06/2020 08:00:00,0.97920,@JY,1,1,-800.00,0.0020,243.7500,-793.7500,
TRADE,18/06/2020 20:00:00,0.98410,19/06/2020 16:00:00,0.98505,@JY,1,1,118.75,0.0025,206.2500,-112.5000,
TRADE,23/06/2020 20:00:00,0.98835,24/06/2020 16:00:00,0.98500,@JY,1,1,-418.75,0.0013,87.5000,-587.5000,
TRADE,24/06/2020 20:00:00,0.98330,29/06/2020 08:00:00,0.98165,@JY,-1,1,206.25,0.0022,468.7500,-250.0000,
TRADE,29/06/2020 20:00:00,0.97845,30/06/2020 16:00:00,0.97625,@JY,1,1,-275.00,0.0024,43.7500,-406.2500,
TRADE,06/07/2020 20:00:00,0.97995,07/07/2020 08:00:00,0.97655,@JY,1,1,-425.00,0.0016,156.2500,-406.2500,
TRADE,13/07/2020 20:00:00,0.98095,15/07/2020 04:00:00,0.98320,@JY,-1,1,-281.25,0.0013,193.7500,-256.2500,
TRADE,15/07/2020 20:00:00,0.98345,16/07/2020 16:00:00,0.98135,@JY,1,1,-262.50,0.0006,137.5000,-293.7500,
TRADE,20/07/2020 20:00:00,0.98060,21/07/2020 16:00:00,0.98535,@JY,1,1,593.75,0.0007,600.0000,-93.7500,
TRADE,22/07/2020 20:00:00,0.98155,23/07/2020 12:00:00,0.98345,@JY,-1,1,-237.50,0.0012,75.0000,-231.2500,
TRADE,26/07/2020 20:00:00,0.99160,27/07/2020 16:00:00,0.99810,@JY,1,1,812.50,0.0043,1025.0000,-68.7500,
TRADE,27/07/2020 20:00:00,0.99745,29/07/2020 04:00:00,1.00195,@JY,-1,1,-562.50,0.0016,350.0000,-493.7500,
TRADE,02/08/2020 20:00:00,0.99370,03/08/2020 16:00:00,0.99085,@JY,1,1,-356.25,0.0020,218.7500,-775.0000,
TRADE,03/08/2020 20:00:00,0.99200,05/08/2020 12:00:00,0.99685,@JY,-1,1,-606.25,0.0019,262.5000,-562.5000,
TRADE,09/08/2020 20:00:00,0.99260,10/08/2020 16:00:00,0.99295,@JY,1,1,43.75,0.0012,206.2500,-350.0000,
TRADE,11/08/2020 20:00:00,0.98715,12/08/2020 16:00:00,0.98425,@JY,1,1,-362.50,0.0022,68.7500,-593.7500,
TRADE,18/08/2020 20:00:00,0.99695,19/08/2020 16:00:00,0.99390,@JY,1,1,-381.25,0.0011,331.2500,-456.2500,
TRADE,20/08/2020 20:00:00,0.99325,25/08/2020 08:00:00,0.98850,@JY,-1,1,593.75,0.0016,643.7500,-406.2500,
TRADE,25/08/2020 20:00:00,0.98795,26/08/2020 16:00:00,0.99145,@JY,1,1,437.50,0.0015,450.0000,-181.2500,
TRADE,31/08/2020 20:00:00,0.99255,03/09/2020 08:00:00,0.98915,@JY,-1,1,425.00,0.0012,531.2500,-312.5000,
TRADE,03/09/2020 20:00:00,0.99010,04/09/2020 16:00:00,0.98910,@JY,1,1,-125.00,0.0017,81.2500,-406.2500,
TRADE,09/09/2020 20:00:00,0.98985,10/09/2020 16:00:00,0.98970,@JY,1,1,-18.75,0.0010,206.2500,-150.0000,
TRADE,20/09/2020 20:00:00,1.00405,21/09/2020 04:00:00,1.00855,@JY,-1,1,-562.50,0.0024,0.0000,-506.2500,
TRADE,22/09/2020 20:00:00,1.00080,25/09/2020 08:00:00,0.99605,@JY,-1,1,593.75,0.0012,718.7500,-6.2500,
TRADE,29/09/2020 20:00:00,0.99415,30/09/2020 16:00:00,0.99525,@JY,1,1,137.50,0.0006,275.0000,-175.0000,
TRADE,04/10/2020 20:00:00,0.99585,05/10/2020 12:00:00,0.99305,@JY,1,1,-350.00,0.0007,43.7500,-262.5000,
TRADE,07/10/2020 20:00:00,0.99110,08/10/2020 16:00:00,0.99075,@JY,1,1,-43.75,0.0013,50.0000,-156.2500,
TRADE,11/10/2020 20:00:00,0.99325,12/10/2020 16:00:00,0.99695,@JY,1,1,462.50,0.0011,556.2500,-6.2500,
TRADE,20/10/2020 20:00:00,0.99535,21/10/2020 16:00:00,1.00420,@JY,1,1,1106.25,0.0014,1306.2500,-50.0000,
TRADE,22/10/2020 20:00:00,1.00115,27/10/2020 08:00:00,1.00215,@JY,-1,1,-125.00,0.0012,243.7500,-331.2500,
TRADE,28/10/2020 20:00:00,1.00585,29/10/2020 16:00:00,1.00280,@JY,1,1,-381.25,0.0010,343.7500,-450.0000,
TRADE,04/11/2020 20:00:00,1.00405,05/11/2020 16:00:00,1.01135,@JY,1,1,912.50,0.0019,1087.5000,-6.2500,
TRADE,05/11/2020 20:00:00,1.01240,10/11/2020 08:00:00,0.99665,@JY,-1,1,1968.75,0.0030,2343.7500,-500.0000,
TRADE,10/11/2020 20:00:00,0.99710,13/11/2020 08:00:00,0.99925,@JY,-1,1,-268.75,0.0011,468.7500,-456.2500,
TRADE,16/11/2020 20:00:00,1.00330,17/11/2020 16:00:00,1.00650,@JY,1,1,400.00,0.0010,587.5000,0.0000,
TRADE,18/11/2020 20:00:00,1.01010,19/11/2020 16:00:00,1.01020,@JY,1,1,12.50,0.0011,150.0000,-443.7500,
TRADE,23/11/2020 20:00:00,1.00385,24/11/2020 16:00:00,1.00280,@JY,1,1,-131.25,0.0026,425.0000,-287.5000,
TRADE,29/11/2020 20:00:00,1.00810,30/11/2020 16:00:00,1.00585,@JY,1,1,-281.25,0.0003,243.7500,-400.0000,
TRADE,01/12/2020 20:00:00,1.00560,03/12/2020 12:00:00,1.00925,@JY,-1,1,-456.25,0.0012,518.7500,-412.5000,
TRADE,03/12/2020 20:00:00,1.00960,04/12/2020 16:00:00,1.00730,@JY,1,1,-287.50,0.0016,150.0000,-431.2500,
TRADE,06/12/2020 20:00:00,1.00665,09/12/2020 08:00:00,1.00770,@JY,-1,1,-131.25,0.0013,143.7500,-312.5000,
TRADE,10/12/2020 20:00:00,1.00630,11/12/2020 16:00:00,1.00915,@JY,1,1,356.25,0.0015,456.2500,-56.2500,
TRADE,15/12/2020 20:00:00,1.01130,16/12/2020 04:00:00,1.01495,@JY,-1,1,-456.25,0.0016,62.5000,-412.5000,
TRADE,20/12/2020 20:00:00,1.01420,21/12/2020 16:00:00,1.01420,@JY,-1,1,0.00,0.0006,637.5000,-137.5000,
TRADE,21/12/2020 20:00:00,1.01440,22/12/2020 12:00:00,1.01125,@JY,1,1,-393.75,0.0013,93.7500,-368.7500,
TRADE,22/12/2020 20:00:00,1.01190,28/12/2020 08:00:00,1.01305,@JY,-1,1,-143.75,0.0013,206.2500,-318.7500,
TRADE,28/12/2020 20:00:00,1.00965,29/12/2020 16:00:00,1.01205,@JY,1,1,300.00,0.0009,375.0000,-31.2500,
TRADE,04/01/2021 20:00:00,1.01560,05/01/2021 16:00:00,1.02015,@JY,1,1,568.75,0.0008,631.2500,-62.5000,
TRADE,11/01/2021 20:00:00,1.00560,12/01/2021 16:00:00,1.00875,@JY,-1,1,-393.75,0.0012,162.5000,-362.5000,
TRADE,13/01/2021 20:00:00,1.00875,14/01/2021 16:00:00,1.01070,@JY,1,1,243.75,0.0013,343.7500,-400.0000,
TRADE,19/01/2021 20:00:00,1.00810,20/01/2021 16:00:00,1.01110,@JY,1,1,375.00,0.0008,550.0000,-18.7500,
TRADE,25/01/2021 20:00:00,1.00940,26/01/2021 16:00:00,1.01030,@JY,1,1,112.50,0.0006,256.2500,-68.7500,
TRADE,27/01/2021 20:00:00,1.00645,28/01/2021 16:00:00,1.00470,@JY,1,1,-218.75,0.0015,18.7500,-437.5000,
TRADE,28/01/2021 20:00:00,1.00500,02/02/2021 08:00:00,0.99870,@JY,-1,1,787.50,0.0009,912.5000,-25.0000,
TRADE,04/02/2021 20:00:00,0.99320,05/02/2021 16:00:00,0.99480,@JY,1,1,200.00,0.0013,212.5000,-268.7500,
TRADE,14/02/2021 20:00:00,0.99835,15/02/2021 04:00:00,0.99465,@JY,1,1,-462.50,0.0007,12.5000,-450.0000,
TRADE,16/02/2021 20:00:00,0.98790,17/02/2021 16:00:00,0.99070,@JY,1,1,350.00,0.0020,375.0000,-131.2500,
TRADE,18/02/2021 20:00:00,0.99170,19/02/2021 04:00:00,0.99485,@JY,-1,1,-393.75,0.0006,81.2500,-381.2500,
TRADE,23/02/2021 20:00:00,0.99570,26/02/2021 08:00:00,0.98450,@JY,-1,1,1400.00,0.0011,1443.7500,-50.0000,
TRADE,01/03/2021 20:00:00,0.98185,04/03/2021 08:00:00,0.97695,@JY,-1,1,612.50,0.0011,637.5000,-118.7500,
TRADE,04/03/2021 20:00:00,0.97150,05/03/2021 04:00:00,0.96685,@JY,1,1,-581.25,0.0018,156.2500,-575.0000,
TRADE,11/03/2021 20:00:00,0.96675,12/03/2021 04:00:00,0.96255,@JY,1,1,-525.00,0.0014,12.5000,-475.0000,
TRADE,21/03/2021 20:00:00,0.96615,24/03/2021 08:00:00,0.96555,@JY,-1,1,75.00,0.0006,406.2500,-181.2500,
TRADE,24/03/2021 20:00:00,0.96480,25/03/2021 04:00:00,0.96160,@JY,1,1,-400.00,0.0014,12.5000,-393.7500,
TRADE,01/04/2021 20:00:00,0.94930,05/04/2021 12:00:00,0.95235,@JY,-1,1,-381.25,0.0008,181.2500,-337.5000,
TRADE,05/04/2021 20:00:00,0.95300,06/04/2021 16:00:00,0.95510,@JY,1,1,262.50,0.0014,481.2500,-443.7500,
TRADE,13/04/2021 20:00:00,0.96185,14/04/2021 16:00:00,0.96275,@JY,1,1,112.50,0.0015,325.0000,-37.5000,
TRADE,19/04/2021 20:00:00,0.96955,20/04/2021 16:00:00,0.96960,@JY,1,1,6.25,0.0011,181.2500,-431.2500,
TRADE,20/04/2021 20:00:00,0.97020,23/04/2021 08:00:00,0.97150,@JY,-1,1,-162.50,0.0009,237.5000,-275.0000,
TRADE,28/04/2021 20:00:00,0.96535,29/04/2021 12:00:00,0.96025,@JY,1,1,-637.50,0.0037,193.7500,-618.7500,
TRADE,29/04/2021 20:00:00,0.96280,03/05/2021 12:00:00,0.96280,@JY,-1,1,0.00,0.0008,818.7500,-218.7500,
TRADE,06/05/2021 20:00:00,0.96160,07/05/2021 16:00:00,0.96490,@JY,1,1,412.50,0.0010,756.2500,-250.0000,
TRADE,10/05/2021 20:00:00,0.96345,11/05/2021 12:00:00,0.96690,@JY,-1,1,-431.25,0.0012,156.2500,-356.2500,
TRADE,13/05/2021 20:00:00,0.95800,17/05/2021 08:00:00,0.96135,@JY,-1,1,-418.75,0.0010,181.2500,-393.7500,
TRADE,19/05/2021 20:00:00,0.96035,20/05/2021 16:00:00,0.96375,@JY,1,1,425.00,0.0041,468.7500,-118.7500,
TRADE,25/05/2021 20:00:00,0.96395,26/05/2021 12:00:00,0.96155,@JY,1,1,-300.00,0.0017,43.7500,-287.5000,
TRADE,01/06/2021 20:00:00,0.95780,02/06/2021 04:00:00,0.95460,@JY,1,1,-400.00,0.0010,37.5000,-387.5000,
TRADE,07/06/2021 20:00:00,0.95975,10/06/2021 08:00:00,0.95775,@JY,-1,1,250.00,0.0005,450.0000,-50.0000,
TRADE,10/06/2021 20:00:00,0.95905,11/06/2021 12:00:00,0.95550,@JY,1,1,-443.75,0.0015,18.7500,-431.2500,
TRADE,20/06/2021 20:00:00,0.95165,21/06/2021,0.95550,@JY,-1,1,-481.25,0.0011,37.5000,-412.5000,
TRADE,27/06/2021 20:00:00,0.94715,28/06/2021 16:00:00,0.94885,@JY,1,1,212.50,0.0011,281.2500,-218.7500,
TRADE,06/07/2021 20:00:00,0.94825,07/07/2021 16:00:00,0.94780,@JY,1,1,-56.25,0.0008,231.2500,-206.2500,
TRADE,11/07/2021 20:00:00,0.95235,14/07/2021 08:00:00,0.94910,@JY,-1,1,406.25,0.0009,606.2500,-143.7500,
TRADE,15/07/2021 20:00:00,0.95465,16/07/2021 12:00:00,0.95060,@JY,1,1,-506.25,0.0022,106.2500,-531.2500,
TRADE,19/07/2021 20:00:00,0.95775,20/07/2021 16:00:00,0.95400,@JY,1,1,-468.75,0.0011,137.5000,-531.2500,
TRADE,20/07/2021 20:00:00,0.95420,23/07/2021 08:00:00,0.94915,@JY,-1,1,631.25,0.0010,631.2500,-75.0000,
TRADE,26/07/2021 20:00:00,0.95010,27/07/2021 16:00:00,0.95630,@JY,1,1,775.00,0.0008,818.7500,-18.7500,
TRADE,02/08/2021 20:00:00,0.95885,03/08/2021 16:00:00,0.96090,@JY,1,1,256.25,0.0011,456.2500,-31.2500,
TRADE,05/08/2021 20:00:00,0.95495,10/08/2021 08:00:00,0.94905,@JY,-1,1,737.50,0.0006,762.5000,-68.7500,
TRADE,11/08/2021 20:00:00,0.94950,12/08/2021 16:00:00,0.94970,@JY,1,1,25.00,0.0014,112.5000,-125.0000,
TRADE,15/08/2021 20:00:00,0.95625,16/08/2021 16:00:00,0.95935,@JY,1,1,387.50,0.0011,518.7500,-143.7500,
TRADE,19/08/2021 20:00:00,0.95505,20/08/2021 16:00:00,0.95450,@JY,1,1,-68.75,0.0006,193.7500,-137.5000,
TRADE,25/08/2021 20:00:00,0.95285,26/08/2021 16:00:00,0.95180,@JY,1,1,-131.25,0.0013,87.5000,-225.0000,
TRADE,31/08/2021 20:00:00,0.95310,01/09/2021 16:00:00,0.95260,@JY,1,1,-62.50,0.0009,106.2500,-462.5000,
TRADE,02/09/2021 20:00:00,0.95335,03/09/2021 08:00:00,0.95570,@JY,-1,1,-293.75,0.0008,131.2500,-156.2500,
TRADE,05/09/2021 20:00:00,0.95485,06/09/2021 20:00:00,0.95415,@JY,1,1,-87.50,0.0012,56.2500,-181.2500,
TRADE,07/09/2021,0.95470,09/09/2021 12:00:00,0.95370,@JY,-1,1,125.00,0.0009,693.7500,-100.0000,
TRADE,09/09/2021 20:00:00,0.95500,10/09/2021 16:00:00,0.95340,@JY,1,1,-200.00,0.0010,43.7500,-262.5000,
TRADE,20/09/2021 20:00:00,0.95785,21/09/2021 16:00:00,0.95900,@JY,1,1,143.75,0.0009,212.5000,-331.2500,
TRADE,21/09/2021 20:00:00,0.95925,24/09/2021 08:00:00,0.94925,@JY,-1,1,1250.00,0.0010,1412.5000,-112.5000,
TRADE,26/09/2021 20:00:00,0.94670,27/09/2021 16:00:00,0.94450,@JY,1,1,-275.00,0.0007,193.7500,-356.2500,
TRADE,29/09/2021 20:00:00,0.93665,30/09/2021 12:00:00,0.94030,@JY,-1,1,-456.25,0.0009,118.7500,-425.0000,
TRADE,06/10/2021 20:00:00,0.94105,07/10/2021 16:00:00,0.93935,@JY,1,1,-212.50,0.0012,187.5000,-218.7500,
TRADE,10/10/2021 20:00:00,0.93440,11/10/2021 04:00:00,0.92920,@JY,1,1,-650.00,0.0010,68.7500,-643.7500,
TRADE,11/10/2021 20:00:00,0.92570,14/10/2021 08:00:00,0.92505,@JY,-1,1,81.25,0.0010,443.7500,-337.5000,
TRADE,17/10/2021 20:00:00,0.91855,18/10/2021 16:00:00,0.91885,@JY,1,1,37.50,0.0011,243.7500,-181.2500,
TRADE,20/10/2021 20:00:00,0.91810,21/10/2021 16:00:00,0.92310,@JY,1,1,625.00,0.0022,650.0000,-87.5000,
TRADE,27/10/2021 20:00:00,0.92205,28/10/2021 16:00:00,0.92485,@JY,1,1,350.00,0.0019,537.5000,-56.2500,
TRADE,28/10/2021 20:00:00,0.92400,02/11/2021 04:00:00,0.92400,@JY,-1,1,0.00,0.0012,862.5000,-156.2500,
TRADE,02/11/2021 20:00:00,0.92090,03/11/2021 16:00:00,0.92000,@JY,1,1,-112.50,0.0010,225.0000,-193.7500,
TRADE,04/11/2021 20:00:00,0.92235,05/11/2021 16:00:00,0.92535,@JY,1,1,375.00,0.0010,387.5000,-268.7500,
TRADE,08/11/2021 20:00:00,0.92630,09/11/2021,0.92950,@JY,-1,1,-400.00,0.0007,37.5000,-387.5000,
TRADE,09/11/2021 20:00:00,0.92900,10/11/2021 08:00:00,0.92535,@JY,1,1,-456.25,0.0010,125.0000,-431.2500,
TRADE,11/11/2021 20:00:00,0.92000,16/11/2021 08:00:00,0.91895,@JY,-1,1,131.25,0.0005,256.2500,-300.0000,
TRADE,16/11/2021 20:00:00,0.91405,17/11/2021 16:00:00,0.91990,@JY,1,1,731.25,0.0023,800.0000,-131.2500,
TRADE,22/11/2021 20:00:00,0.91385,25/11/2021 08:00:00,0.91000,@JY,-1,1,481.25,0.0011,637.5000,-350.0000,
TRADE,28/11/2021 20:00:00,0.92480,29/11/2021 16:00:00,0.92215,@JY,1,1,-331.25,0.0016,425.0000,-518.7500,
TRADE,29/11/2021 20:00:00,0.92330,30/11/2021 12:00:00,0.93045,@JY,-1,1,-893.75,0.0021,268.7500,-931.2500,
TRADE,01/12/2021 20:00:00,0.92955,03/12/2021 12:00:00,0.92955,@JY,-1,1,0.00,0.0017,781.2500,-106.2500,
TRADE,09/12/2021 20:00:00,0.92445,10/12/2021 16:00:00,0.92535,@JY,1,1,112.50,0.0020,231.2500,-331.2500,
TRADE,29/12/2021 20:00:00,0.91245,30/12/2021 04:00:00,0.90985,@JY,1,1,-325.00,0.0006,25.0000,-193.7500,
TRADE,03/01/2022 20:00:00,0.90945,04/01/2022,0.90660,@JY,1,1,-356.25,0.0008,56.2500,-306.2500,
TRADE,05/01/2022 20:00:00,0.90380,07/01/2022 08:00:00,0.90670,@JY,-1,1,-362.50,0.0018,75.0000,-450.0000,
TRADE,12/01/2022 20:00:00,0.91465,13/01/2022 16:00:00,0.91925,@JY,1,1,575.00,0.0028,637.5000,-37.5000,
TRADE,13/01/2022 20:00:00,0.91840,14/01/2022 08:00:00,0.92300,@JY,-1,1,-575.00,0.0010,43.7500,-518.7500,
TRADE,17/01/2022 20:00:00,0.91510,19/01/2022 20:00:00,0.91935,@JY,-1,1,-531.25,0.0005,431.2500,-431.2500,
TRADE,06/02/2022 20:00:00,0.90995,07/02/2022 16:00:00,0.91075,@JY,1,1,100.00,0.0007,331.2500,-106.2500,
TRADE,10/02/2022 20:00:00,0.90425,11/02/2022 16:00:00,0.90530,@JY,1,1,131.25,0.0022,243.7500,-131.2500,
TRADE,13/02/2022 20:00:00,0.90830,16/02/2022 08:00:00,0.90700,@JY,-1,1,162.50,0.0069,375.0000,-450.0000,
TRADE,17/02/2022 20:00:00,0.91235,18/02/2022 16:00:00,0.91135,@JY,1,1,-125.00,0.0017,143.7500,-337.5000,
TRADE,22/02/2022 20:00:00,0.91155,23/02/2022 16:00:00,0.91125,@JY,1,1,-37.50,0.0019,75.0000,-156.2500,
TRADE,24/02/2022 20:00:00,0.90815,25/02/2022 16:00:00,0.90620,@JY,1,1,-243.75,0.0029,325.0000,-250.0000,
TRADE,27/02/2022 20:00:00,0.90780,28/02/2022 16:00:00,0.91255,@JY,-1,1,-593.75,0.0020,193.7500,-562.5000,
TRADE,06/03/2022 20:00:00,0.91290,07/03/2022 16:00:00,0.90860,@JY,1,1,-537.50,0.0035,50.0000,-600.0000,
TRADE,10/03/2022 20:00:00,0.90295,11/03/2022,0.89970,@JY,1,1,-406.25,0.0007,0.0000,-400.0000,
TRADE,22/03/2022 20:00:00,0.86930,23/03/2022 16:00:00,0.86760,@JY,1,1,-212.50,0.0012,187.5000,-512.5000,
TRADE,23/03/2022 20:00:00,0.86700,28/03/2022 08:00:00,0.84355,@JY,-1,1,2931.25,0.0010,3275.0000,-162.5000,
TRADE,29/03/2022 20:00:00,0.85545,31/03/2022 04:00:00,0.86200,@JY,-1,1,-818.75,0.0020,287.5000,-1287.5000,
TRADE,06/04/2022 20:00:00,0.84925,07/04/2022 16:00:00,0.84835,@JY,1,1,-112.50,0.0032,250.0000,-187.5000,
TRADE,10/04/2022 20:00:00,0.84615,11/04/2022,0.84185,@JY,1,1,-537.50,0.0010,87.5000,-500.0000,
TRADE,19/04/2022 20:00:00,0.81680,20/04/2022 16:00:00,0.82305,@JY,1,1,781.25,0.0017,1112.5000,-375.0000,
TRADE,21/04/2022 20:00:00,0.81975,26/04/2022 08:00:00,0.82310,@JY,-1,1,-418.75,0.0032,525.0000,-818.7500,
TRADE,26/04/2022 20:00:00,0.82725,27/04/2022 12:00:00,0.82065,@JY,1,1,-825.00,0.0030,193.7500,-806.2500,
TRADE,28/04/2022 20:00:00,0.80520,29/04/2022 16:00:00,0.81210,@JY,1,1,862.50,0.0023,1100.0000,-87.5000,
TRADE,01/05/2022 20:00:00,0.81090,04/05/2022 08:00:00,0.80980,@JY,-1,1,137.50,0.0037,456.2500,-193.7500,
TRADE,04/05/2022 20:00:00,0.81520,05/05/2022 12:00:00,0.80685,@JY,1,1,-1043.75,0.0106,293.7500,-1006.2500,
TRADE,11/05/2022 20:00:00,0.80995,12/05/2022 16:00:00,0.81955,@JY,1,1,1200.00,0.0037,1868.7500,-50.0000,
TRADE,19/05/2022 20:00:00,0.82285,20/05/2022 16:00:00,0.82350,@JY,1,1,81.25,0.0018,218.7500,-368.7500,
TRADE,24/05/2022 20:00:00,0.82885,25/05/2022 16:00:00,0.82490,@JY,1,1,-493.75,0.0024,131.2500,-500.0000,
TRADE,31/05/2022 20:00:00,0.81715,01/06/2022 08:00:00,0.81175,@JY,1,1,-675.00,0.0019,50.0000,-625.0000,
TRADE,09/06/2022 20:00:00,0.78400,10/06/2022 08:00:00,0.78400,@JY,1,1,0.00,0.0024,712.5000,-68.7500,
TRADE,14/06/2022 20:00:00,0.77820,15/06/2022 08:00:00,0.78500,@JY,-1,1,-850.00,0.0041,18.7500,-843.7500,
TRADE,20/06/2022 20:00:00,0.78065,23/06/2022 08:00:00,0.77855,@JY,-1,1,262.50,0.0008,1112.5000,-118.7500,
TRADE,29/06/2022 20:00:00,0.77220,30/06/2022 16:00:00,0.77695,@JY,1,1,593.75,0.0010,668.7500,-175.0000,
TRADE,05/07/2022 20:00:00,0.77575,06/07/2022 12:00:00,0.77575,@JY,1,1,0.00,0.0016,618.7500,-18.7500,
TRADE,07/07/2022 20:00:00,0.77470,12/07/2022 08:00:00,0.76825,@JY,-1,1,806.25,0.0008,1168.7500,-468.7500,
TRADE,13/07/2022 20:00:00,0.76725,14/07/2022 04:00:00,0.76135,@JY,1,1,-737.50,0.0018,43.7500,-725.0000,
TRADE,17/07/2022 20:00:00,0.76130,19/07/2022 04:00:00,0.76490,@JY,-1,1,-450.00,0.0008,56.2500,-443.7500,
TRADE,19/07/2022 20:00:00,0.76265,20/07/2022 16:00:00,0.76235,@JY,1,1,-37.50,0.0012,200.0000,-131.2500,
TRADE,21/07/2022 20:00:00,0.76705,22/07/2022 16:00:00,0.77420,@JY,1,1,893.75,0.0034,1206.2500,-406.2500,
TRADE,25/07/2022 20:00:00,0.77070,28/07/2022,0.77675,@JY,-1,1,-756.25,0.0008,550.0000,-706.2500,
TRADE,01/08/2022 20:00:00,0.79820,04/08/2022 08:00:00,0.78290,@JY,-1,1,1912.50,0.0024,2062.5000,-918.7500,
TRADE,07/08/2022 20:00:00,0.77835,08/08/2022 16:00:00,0.78105,@JY,1,1,337.50,0.0017,525.0000,-331.2500,
TRADE,10/08/2022 20:00:00,0.79050,11/08/2022 12:00:00,0.79050,@JY,1,1,0.00,0.0041,825.0000,-300.0000,
TRADE,16/08/2022 20:00:00,0.78270,17/08/2022 08:00:00,0.77690,@JY,1,1,-725.00,0.0020,225.0000,-718.7500,
TRADE,23/08/2022 20:00:00,0.76885,24/08/2022 16:00:00,0.76680,@JY,1,1,-256.25,0.0025,350.0000,-375.0000,
TRADE,28/08/2022 20:00:00,0.76335,29/08/2022 16:00:00,0.75780,@JY,1,1,-693.75,0.0027,12.5000,-875.0000,
TRADE,29/08/2022 20:00:00,0.75780,01/09/2022 08:00:00,0.75495,@JY,-1,1,356.25,0.0012,650.0000,-443.7500,
TRADE,01/09/2022 20:00:00,0.74995,02/09/2022 16:00:00,0.74980,@JY,1,1,-18.75,0.0016,206.2500,-381.2500,
TRADE,04/09/2022 20:00:00,0.75015,07/09/2022 08:00:00,0.73070,@JY,-1,1,2431.25,0.0013,2631.2500,-25.0000,
TRADE,08/09/2022 20:00:00,0.73025,09/09/2022,0.73630,@JY,-1,1,-756.25,0.0014,6.2500,-637.5000,
TRADE,15/09/2022 20:00:00,0.73310,16/09/2022 16:00:00,0.73535,@JY,1,1,281.25,0.0011,412.5000,-118.7500,
TRADE,25/09/2022 20:00:00,0.73280,28/09/2022 08:00:00,0.72645,@JY,-1,1,793.75,0.0016,912.5000,-106.2500,
TRADE,28/09/2022 20:00:00,0.72915,29/09/2022 16:00:00,0.72725,@JY,1,1,-237.50,0.0017,31.2500,-418.7500,
TRADE,02/10/2022 20:00:00,0.72630,03/10/2022 16:00:00,0.72710,@JY,1,1,100.00,0.0007,325.0000,-381.2500,
TRADE,09/10/2022 20:00:00,0.72265,10/10/2022 16:00:00,0.72065,@JY,1,1,-250.00,0.0010,75.0000,-268.7500,
TRADE,11/10/2022 20:00:00,0.72040,12/10/2022 08:00:00,0.71680,@JY,1,1,-450.00,0.0017,106.2500,-437.5000,
TRADE,16/10/2022 20:00:00,0.70760,19/10/2022 08:00:00,0.70325,@JY,-1,1,543.75,0.0014,575.0000,-200.0000,
TRADE,20/10/2022 20:00:00,0.70005,21/10/2022 04:00:00,0.69710,@JY,1,1,-368.75,0.0017,18.7500,-306.2500,
TRADE,24/10/2022 20:00:00,0.70485,25/10/2022 12:00:00,0.70840,@JY,-1,1,-443.75,0.0015,68.7500,-325.0000,
TRADE,27/10/2022 20:00:00,0.71690,28/10/2022 16:00:00,0.71035,@JY,1,1,-818.75,0.0018,206.2500,-906.2500,
TRADE,01/11/2022 20:00:00,0.70755,02/11/2022 16:00:00,0.71290,@JY,1,1,668.75,0.0009,812.5000,-100.0000,
TRADE,06/11/2022 20:00:00,0.71330,07/11/2022 16:00:00,0.71530,@JY,1,1,250.00,0.0031,506.2500,-362.5000,
TRADE,09/11/2022 20:00:00,0.71530,10/11/2022 16:00:00,0.73625,@JY,1,1,2618.75,0.0030,3012.5000,-87.5000,
TRADE,14/11/2022 20:00:00,0.74685,15/11/2022 08:00:00,0.75400,@JY,-1,1,-893.75,0.0033,425.0000,-637.5000,
TRADE,21/11/2022 20:00:00,0.73530,22/11/2022 16:00:00,0.73965,@JY,1,1,543.75,0.0010,637.5000,-93.7500,
TRADE,23/11/2022 20:00:00,0.74795,24/11/2022 16:00:00,0.75395,@JY,1,1,750.00,0.0042,981.2500,-6.2500,
TRADE,28/11/2022 20:00:00,0.75100,29/11/2022 16:00:00,0.75335,@JY,1,1,293.75,0.0012,687.5000,-287.5000,
TRADE,05/12/2022 20:00:00,0.76205,07/12/2022 08:00:00,0.76205,@JY,-1,1,0.00,0.0018,762.5000,-506.2500,
TRADE,11/12/2022 20:00:00,0.76255,12/12/2022 12:00:00,0.75665,@JY,1,1,-737.50,0.0020,6.2500,-725.0000,
TRADE,15/12/2022 20:00:00,0.75530,16/12/2022 16:00:00,0.76240,@JY,1,1,887.50,0.0029,912.5000,-37.5000,
TRADE,21/12/2022 20:00:00,0.78485,27/12/2022 08:00:00,0.77970,@JY,-1,1,643.75,0.0021,668.7500,-487.5000,
TRADE,28/12/2022 20:00:00,0.77220,29/12/2022 16:00:00,0.77985,@JY,1,1,956.25,0.0025,1043.7500,0.0000,
TRADE,08/01/2023 20:00:00,0.78430,09/01/2023 16:00:00,0.78640,@JY,1,1,262.50,0.0012,593.7500,-387.5000,
TRADE,12/01/2023 20:00:00,0.80030,13/01/2023 16:00:00,0.81010,@JY,1,1,1225.00,0.0035,1412.5000,-100.0000,
TRADE,15/01/2023 20:00:00,0.80940,18/01/2023 08:00:00,0.79940,@JY,-1,1,1250.00,0.0017,2862.5000,-437.5000,
TRADE,18/01/2023 20:00:00,0.80280,19/01/2023 08:00:00,0.80280,@JY,1,1,0.00,0.0022,781.2500,-50.0000,
TRADE,19/01/2023 20:00:00,0.80505,24/01/2023 08:00:00,0.79445,@JY,-1,1,1325.00,0.0021,1881.2500,-50.0000,
TRADE,30/01/2023 20:00:00,0.79210,31/01/2023 16:00:00,0.79330,@JY,1,1,150.00,0.0013,487.5000,-93.7500,
TRADE,06/02/2023 20:00:00,0.77850,07/02/2023 12:00:00,0.78370,@JY,-1,1,-650.00,0.0020,68.7500,-656.2500,
TRADE,09/02/2023 20:00:00,0.78440,10/02/2023 12:00:00,0.78440,@JY,1,1,0.00,0.0030,1250.0000,-281.2500,
TRADE,14/02/2023 20:00:00,0.77490,15/02/2023 16:00:00,0.76825,@JY,1,1,-831.25,0.0021,393.7500,-881.2500,
TRADE,21/02/2023 20:00:00,0.76355,22/02/2023 16:00:00,0.76475,@JY,1,1,150.00,0.0013,412.5000,-75.0000,
TRADE,28/02/2023 20:00:00,0.75645,01/03/2023 12:00:00,0.75645,@JY,1,1,0.00,0.0025,631.2500,-193.7500,
TRADE,07/03/2023 20:00:00,0.75075,08/03/2023 16:00:00,0.75030,@JY,1,1,-56.25,0.0023,431.2500,-531.2500,
TRADE,12/03/2023 20:00:00,0.76735,12/03/2023 20:00:00,0.76735,@JY,1,1,0.00,0.0027,618.7500,-18.7500,
TRADE,14/03/2023 20:00:00,0.76570,15/03/2023 08:00:00,0.76570,@JY,-1,1,0.00,0.0024,612.5000,-156.2500,
TRADE,16/03/2023 20:00:00,0.76825,17/03/2023 08:00:00,0.77695,@JY,-1,1,-1087.50,0.0024,0.0000,-1050.0000,
TRADE,22/03/2023 20:00:00,0.78135,23/03/2023 08:00:00,0.78135,@JY,1,1,0.00,0.0097,668.7500,-131.2500,
TRADE,29/03/2023 20:00:00,0.77205,30/03/2023 16:00:00,0.77430,@JY,1,1,281.25,0.0023,412.5000,-131.2500,
TRADE,02/04/2023 20:00:00,0.76915,03/04/2023 16:00:00,0.77370,@JY,1,1,568.75,0.0020,756.2500,-362.5000,
TRADE,04/04/2023 20:00:00,0.77775,05/04/2023 16:00:00,0.78085,@JY,1,1,387.50,0.0011,825.0000,-93.7500,
TRADE,10/04/2023 20:00:00,0.76620,11/04/2023 16:00:00,0.76560,@JY,1,1,-75.00,0.0009,462.5000,-81.2500,
TRADE,17/04/2023 20:00:00,0.76100,20/04/2023 08:00:00,0.75915,@JY,-1,1,231.25,0.0006,525.0000,-393.7500,
TRADE,23/04/2023 20:00:00,0.76235,24/04/2023 16:00:00,0.76055,@JY,1,1,-225.00,0.0009,118.7500,-468.7500,
TRADE,25/04/2023 20:00:00,0.76420,26/04/2023 16:00:00,0.76350,@JY,1,1,-87.50,0.0029,487.5000,-187.5000,
TRADE,27/04/2023 20:00:00,0.76240,02/05/2023 08:00:00,0.74210,@JY,-1,1,2537.50,0.0014,2706.2500,-418.7500,
TRADE,02/05/2023 20:00:00,0.74735,03/05/2023 16:00:00,0.75370,@JY,1,1,793.75,0.0016,1018.7500,-25.0000,
TRADE,10/05/2023 20:00:00,0.75905,11/05/2023 16:00:00,0.75830,@JY,1,1,-93.75,0.0016,387.5000,-393.7500,
TRADE,16/05/2023 20:00:00,0.74715,17/05/2023 08:00:00,0.74275,@JY,1,1,-550.00,0.0019,43.7500,-512.5000,
TRADE,24/05/2023 20:00:00,0.73025,25/05/2023 16:00:00,0.72725,@JY,1,1,-375.00,0.0034,343.7500,-400.0000,
TRADE,29/05/2023 20:00:00,0.72445,30/05/2023 08:00:00,0.72820,@JY,-1,1,-468.75,0.0008,318.7500,-443.7500,
TRADE,30/05/2023 20:00:00,0.72770,31/05/2023 16:00:00,0.72790,@JY,1,1,25.00,0.0012,293.7500,-418.7500,
TRADE,01/06/2023 20:00:00,0.73225,06/06/2023 08:00:00,0.72990,@JY,-1,1,293.75,0.0008,1081.2500,-131.2500,
TRADE,07/06/2023 20:00:00,0.72490,08/06/2023 16:00:00,0.73100,@JY,1,1,762.50,0.0010,831.2500,-87.5000,
TRADE,13/06/2023 20:00:00,0.72380,14/06/2023 16:00:00,0.72835,@JY,1,1,568.75,0.0024,618.7500,-31.2500,
TRADE,15/06/2023 20:00:00,0.72310,16/06/2023 04:00:00,0.71790,@JY,1,1,-650.00,0.0009,275.0000,-593.7500,
TRADE,19/06/2023 20:00:00,0.71420,22/06/2023 08:00:00,0.71380,@JY,-1,1,50.00,0.0005,262.5000,-481.2500,
TRADE,28/06/2023 20:00:00,0.70105,29/06/2023 16:00:00,0.69880,@JY,1,1,-281.25,0.0021,156.2500,-312.5000,
