TRADE,15/01/2010 06:30:00,289.85000,20/01/2010 09:00:00,285.15000,@KC,-1,1,1762.50,0.2500,1818.7500,-168.7500,
TRADE,25/01/2010 12:15:00,285.45000,27/01/2010 11:15:00,280.75000,@KC,-1,1,1762.50,0.3500,1800.0000,-243.7500,
TRADE,04/02/2010 04:45:00,279.15000,08/02/2010 11:30:00,277.20000,@KC,-1,1,731.25,0.4500,1687.5000,-56.2500,
TRADE,12/02/2010 10:00:00,276.70000,17/02/2010 09:15:00,279.25000,@KC,-1,1,-956.25,0.2500,0.0000,-1612.5000,
TRADE,22/02/2010 11:00:00,277.05000,25/02/2010 08:30:00,275.30000,@KC,-1,1,656.25,0.4000,900.0000,-300.0000,
TRADE,04/03/2010 10:00:00,275.00000,08/03/2010 09:30:00,276.15000,@KC,-1,1,-431.25,0.7000,656.2500,-450.0000,
TRADE,15/03/2010 07:45:00,276.65000,17/03/2010 07:45:00,277.85000,@KC,-1,1,-450.00,0.3000,900.0000,-487.5000,
TRADE,22/03/2010 06:30:00,277.05000,24/03/2010 06:15:00,278.35000,@KC,-1,1,-487.50,0.2500,618.7500,-937.5000,
TRADE,31/03/2010 12:15:00,280.20000,05/04/2010 12:15:00,284.30000,@KC,-1,1,-1537.50,0.2500,150.0000,-1575.0000,
TRADE,08/04/2010 05:15:00,281.75000,12/04/2010 12:00:00,278.10000,@KC,-1,1,1368.75,0.2000,1762.5000,-75.0000,
TRADE,27/04/2010 09:30:00,273.55000,29/04/2010 08:45:00,277.65000,@KC,-1,1,-1537.50,0.3500,187.5000,-1556.2500,
TRADE,06/05/2010 10:30:00,279.10000,11/05/2010 08:00:00,276.85000,@KC,-1,1,843.75,0.4000,1912.5000,-131.2500,
TRADE,14/05/2010 12:15:00,276.30000,19/05/2010 09:45:00,275.45000,@KC,-1,1,318.75,0.3000,581.2500,-487.5000,
TRADE,04/06/2010 09:45:00,277.45000,09/06/2010 07:15:00,277.00000,@KC,-1,1,168.75,0.3500,806.2500,-93.7500,
TRADE,22/06/2010 09:00:00,300.80000,24/06/2010 06:15:00,313.60000,@KC,-1,1,-4800.00,2.2000,281.2500,-4275.0000,
TRADE,29/06/2010 11:15:00,304.35000,01/07/2010 10:30:00,307.70000,@KC,-1,1,-1256.25,1.4000,975.0000,-2287.5000,
TRADE,02/07/2010 11:00:00,306.95000,06/07/2010 13:00:00,299.60000,@KC,-1,1,2756.25,0.5000,2681.2500,-243.7500,
TRADE,12/07/2010 07:15:00,301.70000,14/07/2010 06:30:00,307.70000,@KC,-1,1,-2250.00,0.3000,75.0000,-2437.5000,
TRADE,19/07/2010 09:15:00,304.60000,21/07/2010 04:30:00,300.30000,@KC,-1,1,1612.50,0.6500,1931.2500,-675.0000,
TRADE,03/08/2010 10:45:00,309.20000,05/08/2010 10:00:00,312.20000,@KC,-1,1,-1125.00,0.7000,1068.7500,-1743.7500,
TRADE,18/08/2010 13:00:00,317.10000,20/08/2010 12:15:00,323.65000,@KC,-1,1,-2456.25,0.2500,18.7500,-2868.7500,
TRADE,24/08/2010 07:45:00,316.40000,24/08/2010 13:30:00,309.05000,@KC,-1,1,2756.25,1.2500,2681.2500,-93.7500,
TRADE,13/09/2010 07:30:00,330.55000,15/09/2010 06:45:00,334.70000,@KC,-1,1,-1556.25,0.2000,1050.0000,-2175.0000,
TRADE,17/09/2010 06:15:00,333.30000,20/09/2010 08:15:00,325.95000,@KC,-1,1,2756.25,0.4000,2531.2500,-112.5000,
TRADE,30/09/2010 13:00:00,320.55000,04/10/2010 08:45:00,316.00000,@KC,-1,1,1706.25,0.6500,1931.2500,-1950.0000,
TRADE,18/10/2010 07:45:00,324.55000,20/10/2010 07:00:00,331.55000,@KC,-1,1,-2625.00,0.2000,168.7500,-3000.0000,
TRADE,28/10/2010 09:00:00,339.25000,01/11/2010 08:30:00,341.70000,@KC,-1,1,-918.75,1.8000,1275.0000,-1612.5000,
TRADE,01/11/2010 11:45:00,338.55000,04/11/2010 09:00:00,340.30000,@KC,-1,1,-656.25,1.0500,2325.0000,-1012.5000,
TRADE,11/11/2010 12:00:00,346.20000,16/11/2010 08:30:00,341.00000,@KC,-1,1,1950.00,0.8000,2737.5000,-975.0000,
TRADE,23/11/2010 07:30:00,341.05000,26/11/2010 08:00:00,342.50000,@KC,-1,1,-543.75,0.6000,1031.2500,-3206.2500,
TRADE,08/12/2010 08:45:00,342.75000,10/12/2010 11:15:00,344.35000,@KC,-1,1,-600.00,0.9500,1743.7500,-1031.2500,
TRADE,04/01/2011 08:45:00,371.20000,07/01/2011 06:15:00,370.85000,@KC,-1,1,131.25,2.4500,1631.2500,-2306.2500,
TRADE,14/01/2011 10:30:00,371.10000,20/01/2011 08:00:00,369.05000,@KC,-1,1,768.75,0.5500,1181.2500,-1218.7500,
TRADE,25/01/2011 10:30:00,371.45000,27/01/2011 09:45:00,372.95000,@KC,-1,1,-562.50,1.0000,1612.5000,-2587.5000,
TRADE,08/02/2011 07:00:00,385.25000,10/02/2011 06:15:00,389.15000,@KC,-1,1,-1462.50,0.5500,506.2500,-2118.7500,
TRADE,24/02/2011 08:15:00,404.05000,28/02/2011 07:30:00,406.60000,@KC,-1,1,-956.25,1.5000,2756.2500,-975.0000,
TRADE,02/03/2011 06:00:00,403.30000,04/03/2011 05:15:00,412.25000,@KC,-1,1,-3356.25,0.3500,543.7500,-3356.2500,
TRADE,11/03/2011 05:30:00,411.30000,14/03/2011 08:15:00,403.95000,@KC,-1,1,2756.25,0.6500,2493.7500,-750.0000,
TRADE,22/03/2011 12:15:00,405.25000,24/03/2011 08:00:00,400.25000,@KC,-1,1,1875.00,1.4000,1950.0000,-1781.2500,
TRADE,01/04/2011 10:45:00,397.05000,05/04/2011 05:00:00,390.70000,@KC,-1,1,2381.25,2.3500,2550.0000,-187.5000,
TRADE,25/04/2011 13:00:00,422.35000,27/04/2011 12:15:00,425.70000,@KC,-1,1,-1256.25,0.4000,693.7500,-3318.7500,
TRADE,04/05/2011 12:30:00,426.40000,05/05/2011 10:45:00,419.05000,@KC,-1,1,2756.25,0.8000,2456.2500,-243.7500,
TRADE,19/05/2011 04:45:00,401.50000,20/05/2011 08:15:00,395.55000,@KC,-1,1,2231.25,0.4000,2756.2500,0.0000,
TRADE,01/06/2011 06:15:00,395.20000,01/06/2011 13:15:00,387.85000,@KC,-1,1,2756.25,0.4000,2718.7500,-525.0000,
TRADE,07/06/2011 05:45:00,393.80000,09/06/2011 05:00:00,396.55000,@KC,-1,1,-1031.25,0.4000,1537.5000,-1275.0000,
TRADE,10/06/2011 12:15:00,394.25000,14/06/2011 11:45:00,398.90000,@KC,-1,1,-1743.75,0.5000,581.2500,-2812.5000,
TRADE,15/06/2011 13:30:00,394.30000,17/06/2011 09:45:00,386.95000,@KC,-1,1,2756.25,1.8500,2531.2500,-600.0000,
TRADE,11/07/2011 05:00:00,390.00000,12/07/2011 08:45:00,385.10000,@KC,-1,1,1837.50,0.6000,2681.2500,-487.5000,
TRADE,14/07/2011 13:00:00,385.30000,18/07/2011 06:30:00,377.95000,@KC,-1,1,2756.25,1.7500,2718.7500,-1312.5000,
TRADE,27/07/2011 07:45:00,369.45000,01/08/2011 04:45:00,370.80000,@KC,-1,1,-506.25,0.6000,1481.2500,-1293.7500,
TRADE,01/08/2011 10:30:00,368.95000,03/08/2011 10:30:00,370.15000,@KC,-1,1,-450.00,1.2000,337.5000,-2925.0000,
TRADE,04/08/2011 08:45:00,369.30000,05/08/2011 11:30:00,361.95000,@KC,-1,1,2756.25,0.8500,2362.5000,-2512.5000,
TRADE,06/09/2011 07:00:00,405.50000,08/09/2011 06:15:00,406.55000,@KC,-1,1,-393.75,1.0500,1537.5000,-1687.5000,
TRADE,20/09/2011 11:15:00,388.55000,21/09/2011 08:30:00,381.20000,@KC,-1,1,2756.25,1.3500,2606.2500,0.0000,
TRADE,28/09/2011 08:00:00,363.75000,29/09/2011 08:00:00,356.40000,@KC,-1,1,2756.25,1.4000,2606.2500,-150.0000,
TRADE,10/10/2011 06:00:00,351.25000,11/10/2011 11:15:00,346.65000,@KC,-1,1,1725.00,0.4500,1800.0000,-1987.5000,
TRADE,18/10/2011 05:00:00,355.30000,19/10/2011 13:30:00,360.45000,@KC,-1,1,-1931.25,1.9000,412.5000,-3281.2500,
TRADE,20/10/2011 07:00:00,359.75000,24/10/2011 06:15:00,369.85000,@KC,-1,1,-3787.50,0.1500,1968.7500,-4406.2500,
TRADE,26/10/2011 05:30:00,363.10000,28/10/2011 06:00:00,358.10000,@KC,-1,1,1875.00,0.6000,2400.0000,-993.7500,
TRADE,09/11/2011 08:00:00,352.65000,11/11/2011 07:30:00,354.85000,@KC,-1,1,-825.00,0.6000,337.5000,-1856.2500,
TRADE,14/11/2011 12:45:00,354.10000,16/11/2011 12:00:00,361.40000,@KC,-1,1,-2737.50,0.8000,18.7500,-3975.0000,
TRADE,18/11/2011 05:15:00,358.50000,22/11/2011 12:00:00,358.25000,@KC,-1,1,93.75,0.5000,937.5000,-1200.0000,
TRADE,25/11/2011 05:00:00,355.90000,28/11/2011 12:45:00,350.50000,@KC,-1,1,2025.00,0.7500,2231.2500,-1462.5000,
TRADE,02/12/2011 13:30:00,349.70000,06/12/2011 12:45:00,355.95000,@KC,-1,1,-2343.75,0.7500,93.7500,-3525.0000,
TRADE,07/12/2011 08:00:00,356.20000,08/12/2011 11:30:00,349.85000,@KC,-1,1,2381.25,0.5500,2606.2500,-543.7500,
TRADE,27/12/2011 08:00:00,342.05000,29/12/2011 07:15:00,346.90000,@KC,-1,1,-1818.75,2.3000,187.5000,-3243.7500,
TRADE,05/01/2012 07:45:00,346.80000,05/01/2012 12:00:00,339.45000,@KC,-1,1,2756.25,0.6000,2587.5000,0.0000,
TRADE,17/01/2012 05:00:00,349.25000,18/01/2012 09:30:00,344.10000,@KC,-1,1,1931.25,0.4500,2531.2500,-525.0000,
TRADE,06/02/2012 07:15:00,335.70000,08/02/2012 06:30:00,342.05000,@KC,-1,1,-2381.25,2.3000,75.0000,-3056.2500,
TRADE,10/02/2012 06:45:00,338.40000,13/02/2012 11:45:00,332.15000,@KC,-1,1,2343.75,0.8000,2400.0000,-187.5000,
TRADE,22/02/2012 13:00:00,321.75000,24/02/2012 12:15:00,322.95000,@KC,-1,1,-450.00,1.6000,337.5000,-1218.7500,
TRADE,27/02/2012 06:00:00,322.55000,29/02/2012 05:15:00,325.25000,@KC,-1,1,-1012.50,0.2000,731.2500,-1537.5000,
TRADE,29/02/2012 11:45:00,321.50000,05/03/2012 09:15:00,318.95000,@KC,-1,1,956.25,0.8000,1181.2500,-1087.5000,
TRADE,16/03/2012 12:00:00,302.10000,20/03/2012 12:30:00,303.35000,@KC,-1,1,-468.75,0.7000,412.5000,-1012.5000,
TRADE,21/03/2012 05:45:00,303.60000,22/03/2012 13:00:00,298.50000,@KC,-1,1,1912.50,0.2500,2231.2500,-1556.2500,
TRADE,29/03/2012 09:45:00,298.65000,02/04/2012 09:00:00,302.65000,@KC,-1,1,-1500.00,0.5500,1293.7500,-1762.5000,
TRADE,04/04/2012 07:45:00,300.30000,10/04/2012 08:30:00,298.55000,@KC,-1,1,656.25,0.5000,1275.0000,-3543.7500,
TRADE,16/04/2012 05:30:00,296.40000,17/04/2012 12:30:00,291.65000,@KC,-1,1,1781.25,0.3000,2062.5000,-731.2500,
TRADE,26/04/2012 05:30:00,293.80000,30/04/2012 11:00:00,295.35000,@KC,-1,1,-581.25,0.5000,562.5000,-862.5000,
TRADE,03/05/2012 13:00:00,292.80000,09/05/2012 04:30:00,293.05000,@KC,-1,1,-93.75,1.0500,825.0000,-731.2500,
TRADE,14/05/2012 11:30:00,292.75000,16/05/2012 10:45:00,296.90000,@KC,-1,1,-1556.25,1.0000,93.7500,-2400.0000,
TRADE,17/05/2012 06:15:00,294.90000,21/05/2012 05:30:00,298.35000,@KC,-1,1,-1293.75,0.1000,562.5000,-1481.2500,
TRADE,21/05/2012 12:00:00,294.35000,23/05/2012 06:15:00,288.55000,@KC,-1,1,2175.00,0.2500,2306.2500,-18.7500,
TRADE,21/06/2012 06:30:00,267.70000,25/06/2012 05:45:00,269.55000,@KC,-1,1,-693.75,0.3000,187.5000,-2718.7500,
TRADE,09/07/2012 07:00:00,291.75000,11/07/2012 06:15:00,299.40000,@KC,-1,1,-2868.75,0.2500,468.7500,-3768.7500,
TRADE,17/07/2012 05:30:00,298.65000,18/07/2012 09:15:00,293.80000,@KC,-1,1,1818.75,1.0500,1912.5000,-206.2500,
TRADE,24/07/2012 09:15:00,298.65000,24/07/2012 13:30:00,291.30000,@KC,-1,1,2756.25,1.3000,2587.5000,-750.0000,
TRADE,31/07/2012 10:45:00,288.40000,03/08/2012 08:15:00,287.60000,@KC,-1,1,300.00,1.2000,975.0000,-1106.2500,
TRADE,08/08/2012 05:15:00,287.95000,09/08/2012 09:45:00,283.05000,@KC,-1,1,1837.50,0.2500,1856.2500,0.0000,
TRADE,22/08/2012 09:15:00,273.75000,24/08/2012 11:45:00,275.60000,@KC,-1,1,-693.75,0.7500,225.0000,-1068.7500,
TRADE,31/08/2012 06:15:00,277.35000,05/09/2012 13:00:00,273.55000,@KC,-1,1,1425.00,0.2500,1462.5000,-993.7500,
TRADE,18/09/2012 05:15:00,286.05000,20/09/2012 12:00:00,283.40000,@KC,-1,1,993.75,0.2000,1331.2500,-1687.5000,
TRADE,26/09/2012 10:15:00,281.75000,28/09/2012 09:30:00,283.40000,@KC,-1,1,-618.75,0.4500,243.7500,-1987.5000,
TRADE,04/10/2012 13:15:00,286.70000,08/10/2012 06:00:00,279.35000,@KC,-1,1,2756.25,1.1500,2718.7500,-731.2500,
TRADE,16/10/2012 11:00:00,273.30000,19/10/2012 08:30:00,270.60000,@KC,-1,1,1012.50,0.4000,1518.7500,-656.2500,
TRADE,24/10/2012 10:30:00,271.70000,29/10/2012 08:15:00,269.40000,@KC,-1,1,862.50,0.8500,1237.5000,-862.5000,
TRADE,30/10/2012 12:15:00,269.90000,01/11/2012 12:15:00,265.10000,@KC,-1,1,1800.00,0.6500,1875.0000,-393.7500,
TRADE,13/11/2012 08:30:00,261.60000,15/11/2012 09:00:00,257.00000,@KC,-1,1,1725.00,0.8000,2137.5000,-112.5000,
TRADE,20/11/2012 13:15:00,258.90000,26/11/2012 11:15:00,256.95000,@KC,-1,1,731.25,0.5000,1818.7500,-637.5000,
TRADE,03/12/2012 05:45:00,256.25000,05/12/2012 12:30:00,255.15000,@KC,-1,1,412.50,0.4000,1293.7500,-1256.2500,
TRADE,07/12/2012 08:45:00,256.10000,12/12/2012 06:15:00,255.35000,@KC,-1,1,281.25,0.6500,1125.0000,-2062.5000,
TRADE,19/12/2012 06:15:00,251.15000,21/12/2012 13:00:00,251.70000,@KC,-1,1,-206.25,0.0500,1087.5000,-581.2500,
TRADE,31/12/2012 07:00:00,252.15000,03/01/2013 09:30:00,257.50000,@KC,-1,1,-2006.25,0.2500,1668.7500,-2343.7500,
TRADE,04/01/2013 05:45:00,251.50000,08/01/2013 05:00:00,256.05000,@KC,-1,1,-1706.25,0.3000,918.7500,-2231.2500,
TRADE,09/01/2013 04:30:00,253.30000,10/01/2013 13:00:00,255.10000,@KC,-1,1,-675.00,1.5500,337.5000,-1068.7500,
TRADE,22/01/2013 12:00:00,255.90000,25/01/2013 09:30:00,253.80000,@KC,-1,1,787.50,2.4000,1256.2500,-881.2500,
TRADE,30/01/2013 13:15:00,254.40000,04/02/2013 10:45:00,251.60000,@KC,-1,1,1050.00,0.2500,1275.0000,-693.7500,
TRADE,28/02/2013 10:30:00,245.75000,04/03/2013 09:45:00,247.15000,@KC,-1,1,-525.00,0.6500,300.0000,-693.7500,
TRADE,05/03/2013 12:45:00,244.55000,07/03/2013 12:00:00,245.70000,@KC,-1,1,-431.25,0.5500,468.7500,-862.5000,
TRADE,13/03/2013 04:45:00,245.30000,15/03/2013 12:00:00,241.55000,@KC,-1,1,1406.25,0.3500,1556.2500,-843.7500,
TRADE,02/04/2013 13:00:00,239.80000,04/04/2013 12:15:00,242.40000,@KC,-1,1,-975.00,0.7500,243.7500,-1237.5000,
TRADE,09/04/2013 05:15:00,239.50000,11/04/2013 12:15:00,239.90000,@KC,-1,1,-150.00,0.1500,562.5000,-600.0000,
TRADE,18/04/2013 06:00:00,238.65000,22/04/2013 05:15:00,243.50000,@KC,-1,1,-1818.75,0.2500,168.7500,-2325.0000,
TRADE,23/04/2013 12:30:00,239.35000,26/04/2013 10:00:00,237.30000,@KC,-1,1,768.75,0.2000,900.0000,-525.0000,
TRADE,14/05/2013 13:00:00,246.20000,16/05/2013 09:00:00,241.45000,@KC,-1,1,1781.25,0.7500,1931.2500,-150.0000,
TRADE,06/06/2013 06:00:00,228.75000,10/06/2013 12:45:00,229.45000,@KC,-1,1,-262.50,0.1000,600.0000,-750.0000,
TRADE,11/06/2013 09:15:00,227.35000,13/06/2013 08:30:00,222.55000,@KC,-1,1,1800.00,0.8000,1837.5000,-581.2500,
TRADE,20/06/2013 05:00:00,221.70000,24/06/2013 11:45:00,218.65000,@KC,-1,1,1143.75,0.1500,2137.5000,-187.5000,
TRADE,01/07/2013 05:00:00,219.50000,02/07/2013 13:30:00,223.35000,@KC,-1,1,-1443.75,0.1500,393.7500,-1575.0000,
TRADE,05/07/2013 12:00:00,219.60000,10/07/2013 04:30:00,221.05000,@KC,-1,1,-543.75,0.8500,206.2500,-1575.0000,
TRADE,12/07/2013 10:45:00,219.55000,16/07/2013 10:00:00,223.80000,@KC,-1,1,-1593.75,0.5500,768.7500,-2287.5000,
TRADE,22/07/2013 06:15:00,224.10000,24/07/2013 13:00:00,220.95000,@KC,-1,1,1181.25,0.1000,1500.0000,-487.5000,
TRADE,26/07/2013 13:00:00,221.25000,31/07/2013 10:00:00,216.55000,@KC,-1,1,1762.50,0.6000,1856.2500,-375.0000,
TRADE,06/08/2013 08:45:00,216.85000,08/08/2013 08:00:00,220.50000,@KC,-1,1,-1368.75,0.9500,318.7500,-1443.7500,
TRADE,13/08/2013 11:30:00,218.65000,15/08/2013 13:30:00,220.50000,@KC,-1,1,-693.75,0.5000,356.2500,-1631.2500,
TRADE,29/08/2013 12:30:00,213.30000,04/09/2013 07:45:00,214.60000,@KC,-1,1,-487.50,0.2500,375.0000,-806.2500,
TRADE,04/09/2013 13:00:00,213.15000,09/09/2013 10:15:00,214.80000,@KC,-1,1,-618.75,0.2500,637.5000,-787.5000,
TRADE,11/09/2013 06:30:00,213.20000,13/09/2013 05:45:00,216.25000,@KC,-1,1,-1143.75,0.0500,93.7500,-1518.7500,
TRADE,17/09/2013 06:45:00,215.10000,18/09/2013 12:00:00,210.50000,@KC,-1,1,1725.00,0.1500,1856.2500,-112.5000,
TRADE,26/09/2013 09:15:00,211.60000,01/10/2013 06:45:00,210.20000,@KC,-1,1,525.00,0.5000,693.7500,-206.2500,
TRADE,07/10/2013 04:30:00,210.55000,09/10/2013 08:45:00,211.70000,@KC,-1,1,-431.25,0.3000,318.7500,-543.7500,
TRADE,11/10/2013 08:30:00,211.05000,15/10/2013 09:45:00,212.50000,@KC,-1,1,-543.75,0.6000,131.2500,-1050.0000,
TRADE,17/10/2013 06:30:00,212.15000,21/10/2013 13:15:00,209.30000,@KC,-1,1,1068.75,0.1000,1368.7500,-112.5000,
TRADE,13/11/2013 13:00:00,199.20000,15/11/2013 12:15:00,202.30000,@KC,-1,1,-1162.50,0.7500,281.2500,-1331.2500,
TRADE,22/11/2013 12:30:00,201.45000,26/11/2013 11:45:00,202.65000,@KC,-1,1,-450.00,0.2500,806.2500,-581.2500,
TRADE,27/11/2013 07:45:00,201.80000,02/12/2013 07:15:00,204.05000,@KC,-1,1,-843.75,0.2000,543.7500,-1068.7500,
TRADE,04/12/2013 13:30:00,201.70000,09/12/2013 11:00:00,199.25000,@KC,-1,1,918.75,0.3000,1087.5000,-150.0000,
TRADE,20/12/2013 05:15:00,206.90000,24/12/2013 04:30:00,209.35000,@KC,-1,1,-918.75,0.1000,18.7500,-1406.2500,
TRADE,24/12/2013 12:30:00,208.30000,30/12/2013 06:45:00,209.90000,@KC,-1,1,-600.00,0.3500,187.5000,-1218.7500,
TRADE,30/12/2013 13:30:00,208.10000,06/01/2014 04:30:00,209.15000,@KC,-1,1,-393.75,0.4000,1781.2500,-600.0000,
TRADE,10/01/2014 08:00:00,211.05000,14/01/2014 07:15:00,212.35000,@KC,-1,1,-487.50,0.3500,0.0000,-1181.2500,
TRADE,15/01/2014 04:30:00,212.15000,17/01/2014 11:15:00,210.15000,@KC,-1,1,750.00,0.6000,1143.7500,-281.2500,
TRADE,07/02/2014 08:45:00,230.55000,12/02/2014 06:15:00,229.65000,@KC,-1,1,337.50,1.4500,1687.5000,-2006.2500,
TRADE,14/03/2014 09:45:00,289.45000,17/03/2014 08:15:00,282.10000,@KC,-1,1,2756.25,3.3500,2756.2500,-1293.7500,
TRADE,27/03/2014 07:30:00,266.45000,31/03/2014 07:45:00,270.40000,@KC,-1,1,-1481.25,0.7000,731.2500,-2062.5000,
TRADE,01/04/2014 11:30:00,265.60000,04/04/2014 04:45:00,266.85000,@KC,-1,1,-468.75,0.7500,2550.0000,-1350.0000,
TRADE,14/04/2014 08:30:00,286.70000,16/04/2014 12:00:00,281.25000,@KC,-1,1,2043.75,1.4000,2475.0000,-4462.5000,
TRADE,28/04/2014 04:45:00,294.75000,29/04/2014 09:15:00,287.40000,@KC,-1,1,2756.25,2.9000,2156.2500,-168.7500,
TRADE,01/05/2014 04:30:00,294.25000,05/05/2014 09:00:00,289.05000,@KC,-1,1,1950.00,6.1000,2118.7500,-881.2500,
TRADE,06/05/2014 11:00:00,292.65000,08/05/2014 06:00:00,287.95000,@KC,-1,1,1762.50,1.1500,1893.7500,-1293.7500,
TRADE,19/05/2014 05:30:00,274.25000,20/05/2014 09:45:00,269.30000,@KC,-1,1,1856.25,0.8000,2062.5000,-768.7500,
TRADE,30/05/2014 06:45:00,263.95000,03/06/2014 09:30:00,258.15000,@KC,-1,1,2175.00,0.9000,2250.0000,-1931.2500,
TRADE,09/06/2014 08:00:00,257.80000,11/06/2014 10:30:00,259.00000,@KC,-1,1,-450.00,0.4500,1537.5000,-581.2500,
TRADE,17/06/2014 09:15:00,258.05000,19/06/2014 11:15:00,253.35000,@KC,-1,1,1762.50,1.1500,1818.7500,-506.2500,
TRADE,30/06/2014 05:30:00,260.05000,02/07/2014 12:15:00,259.70000,@KC,-1,1,131.25,0.5000,1556.2500,-468.7500,
TRADE,10/07/2014 09:15:00,253.90000,11/07/2014 09:45:00,246.55000,@KC,-1,1,2756.25,4.3000,2606.2500,-487.5000,
TRADE,05/08/2014 10:00:00,276.85000,07/08/2014 10:15:00,270.10000,@KC,-1,1,2531.25,1.5000,2531.2500,-1593.7500,
TRADE,12/08/2014 13:30:00,269.30000,15/08/2014 05:00:00,270.65000,@KC,-1,1,-506.25,0.8500,843.7500,-1818.7500,
TRADE,19/08/2014 13:00:00,269.10000,21/08/2014 12:30:00,270.20000,@KC,-1,1,-412.50,1.0000,1687.5000,-1743.7500,
TRADE,04/09/2014 09:00:00,279.00000,09/09/2014 05:15:00,274.35000,@KC,-1,1,1743.75,1.4000,1818.7500,-2981.2500,
TRADE,18/09/2014 12:30:00,265.10000,22/09/2014 06:45:00,260.05000,@KC,-1,1,1893.75,0.7000,2606.2500,-75.0000,
TRADE,24/09/2014 04:45:00,263.45000,26/09/2014 07:00:00,265.20000,@KC,-1,1,-656.25,0.9000,843.7500,-3037.5000,
TRADE,14/10/2014 08:00:00,299.05000,16/10/2014 07:15:00,300.10000,@KC,-1,1,-393.75,2.0000,1050.0000,-2718.7500,
TRADE,29/10/2014 12:45:00,272.00000,03/11/2014 07:15:00,273.65000,@KC,-1,1,-618.75,0.5000,1725.0000,-712.5000,
TRADE,03/11/2014 13:00:00,268.65000,05/11/2014 13:30:00,269.60000,@KC,-1,1,-356.25,0.5000,1800.0000,-956.2500,
TRADE,18/11/2014 09:45:00,268.25000,20/11/2014 09:00:00,270.45000,@KC,-1,1,-825.00,1.7000,206.2500,-3956.2500,
TRADE,20/11/2014 12:00:00,270.35000,24/11/2014 11:15:00,273.25000,@KC,-1,1,-1087.50,1.1500,2025.0000,-1837.5000,
TRADE,25/11/2014 06:00:00,268.90000,28/11/2014 05:15:00,271.15000,@KC,-1,1,-843.75,0.9500,1125.0000,-1856.2500,
TRADE,28/11/2014 09:15:00,267.45000,02/12/2014 12:00:00,262.05000,@KC,-1,1,2025.00,0.7500,2306.2500,-412.5000,
TRADE,16/12/2014 11:15:00,252.50000,19/12/2014 08:45:00,253.20000,@KC,-1,1,-262.50,1.1000,1462.5000,-1687.5000,
TRADE,22/12/2014 10:00:00,250.00000,26/12/2014 11:45:00,245.90000,@KC,-1,1,1537.50,1.3500,1575.0000,-656.2500,
TRADE,13/01/2015 06:45:00,252.30000,15/01/2015 06:00:00,259.05000,@KC,-1,1,-2531.25,0.6000,206.2500,-3731.2500,
TRADE,15/01/2015 11:30:00,256.75000,16/01/2015 10:30:00,249.40000,@KC,-1,1,2756.25,0.9000,2587.5000,-356.2500,
TRADE,29/01/2015 11:30:00,237.95000,02/02/2015 11:00:00,239.85000,@KC,-1,1,-712.50,0.8000,675.0000,-1181.2500,
TRADE,10/02/2015 11:45:00,238.95000,12/02/2015 11:00:00,241.60000,@KC,-1,1,-993.75,1.2500,1012.5000,-1200.0000,
TRADE,17/02/2015 10:00:00,234.70000,19/02/2015 09:30:00,230.10000,@KC,-1,1,1725.00,0.8500,1837.5000,-337.5000,
TRADE,10/03/2015 05:45:00,211.40000,11/03/2015 11:45:00,206.60000,@KC,-1,1,1800.00,1.5000,2118.7500,-112.5000,
TRADE,24/03/2015 13:15:00,211.85000,27/03/2015 06:15:00,214.70000,@KC,-1,1,-1068.75,0.5500,468.7500,-2081.2500,
TRADE,08/04/2015 12:30:00,210.60000,13/04/2015 10:00:00,209.50000,@KC,-1,1,412.50,0.6500,900.0000,-918.7500,
TRADE,24/04/2015 07:00:00,213.90000,27/04/2015 10:30:00,208.55000,@KC,-1,1,2006.25,0.5500,2212.5000,-712.5000,
TRADE,01/05/2015 06:45:00,209.20000,04/05/2015 13:30:00,203.95000,@KC,-1,1,1968.75,0.2000,2175.0000,-356.2500,
TRADE,20/05/2015 12:30:00,208.35000,21/05/2015 13:00:00,201.00000,@KC,-1,1,2756.25,0.5000,2718.7500,-243.7500,
TRADE,11/06/2015 07:00:00,206.45000,15/06/2015 05:15:00,201.85000,@KC,-1,1,1725.00,0.3000,1762.5000,-225.0000,
TRADE,19/06/2015 11:15:00,199.75000,24/06/2015 08:45:00,201.25000,@KC,-1,1,-562.50,0.6000,918.7500,-1687.5000,
TRADE,29/06/2015 08:15:00,201.85000,01/07/2015 13:00:00,197.00000,@KC,-1,1,1818.75,0.3500,1818.7500,-525.0000,
TRADE,16/07/2015 09:30:00,197.95000,21/07/2015 07:00:00,197.40000,@KC,-1,1,206.25,1.1000,712.5000,-656.2500,
TRADE,05/08/2015 10:15:00,193.45000,07/08/2015 09:30:00,195.75000,@KC,-1,1,-862.50,0.7000,150.0000,-1650.0000,
TRADE,18/08/2015 06:00:00,204.90000,20/08/2015 05:15:00,200.25000,@KC,-1,1,1743.75,0.1500,1743.7500,-806.2500,
TRADE,01/09/2015 11:30:00,188.60000,04/09/2015 09:00:00,186.35000,@KC,-1,1,843.75,0.3500,1725.0000,-412.5000,
TRADE,10/09/2015 06:45:00,184.95000,14/09/2015 09:30:00,186.10000,@KC,-1,1,-431.25,0.6500,1012.5000,-450.0000,
TRADE,15/09/2015 13:15:00,185.00000,18/09/2015 05:45:00,186.20000,@KC,-1,1,-450.00,0.3500,787.5000,-581.2500,
TRADE,18/09/2015 13:00:00,185.05000,23/09/2015 10:30:00,181.20000,@KC,-1,1,1443.75,0.6500,1518.7500,-375.0000,
TRADE,01/10/2015 11:30:00,186.90000,05/10/2015 10:45:00,194.25000,@KC,-1,1,-2756.25,0.9500,487.5000,-2868.7500,
TRADE,15/10/2015 08:15:00,199.65000,16/10/2015 11:45:00,193.10000,@KC,-1,1,2456.25,0.7000,2700.0000,-956.2500,
TRADE,02/11/2015 13:30:00,185.10000,04/11/2015 12:45:00,187.45000,@KC,-1,1,-881.25,0.6000,393.7500,-1312.5000,
TRADE,05/11/2015 10:00:00,185.75000,10/11/2015 07:30:00,183.70000,@KC,-1,1,768.75,0.9000,975.0000,-937.5000,
TRADE,17/11/2015 11:15:00,181.45000,19/11/2015 10:30:00,184.10000,@KC,-1,1,-993.75,0.4000,1087.5000,-1031.2500,
TRADE,30/11/2015 05:15:00,186.30000,01/12/2015 08:45:00,181.60000,@KC,-1,1,1762.50,0.2500,1987.5000,-112.5000,
TRADE,11/12/2015 06:00:00,187.75000,14/12/2015 09:30:00,182.65000,@KC,-1,1,1912.50,0.4000,2212.5000,-37.5000,
TRADE,28/12/2015 13:00:00,182.10000,30/12/2015 12:15:00,185.80000,@KC,-1,1,-1387.50,0.5000,300.0000,-1668.7500,
TRADE,05/01/2016 13:30:00,185.55000,07/01/2016 09:15:00,180.90000,@KC,-1,1,1743.75,0.4500,1781.2500,-225.0000,
TRADE,20/01/2016 07:15:00,176.60000,22/01/2016 06:30:00,178.75000,@KC,-1,1,-806.25,0.2000,993.7500,-956.2500,
TRADE,01/02/2016 05:15:00,178.10000,03/02/2016 04:30:00,182.60000,@KC,-1,1,-1687.50,0.3000,37.5000,-1987.5000,
TRADE,08/02/2016 06:00:00,181.60000,10/02/2016 12:45:00,177.70000,@KC,-1,1,1462.50,0.3000,1556.2500,-112.5000,
TRADE,17/02/2016 05:00:00,177.80000,19/02/2016 11:45:00,177.30000,@KC,-1,1,187.50,0.2500,712.5000,-318.7500,
TRADE,24/02/2016 09:30:00,176.45000,29/02/2016 07:00:00,175.90000,@KC,-1,1,206.25,0.3000,300.0000,-1200.0000,
TRADE,23/03/2016 11:30:00,191.30000,29/03/2016 10:00:00,187.45000,@KC,-1,1,1443.75,0.6000,1500.0000,-318.7500,
TRADE,14/04/2016 06:45:00,182.30000,18/04/2016 06:00:00,184.35000,@KC,-1,1,-768.75,0.1000,56.2500,-1050.0000,
TRADE,21/04/2016 13:30:00,183.35000,26/04/2016 10:00:00,185.05000,@KC,-1,1,-637.50,0.3500,881.2500,-675.0000,
TRADE,27/04/2016 11:15:00,180.50000,02/05/2016 12:00:00,179.20000,@KC,-1,1,487.50,0.4500,525.0000,-450.0000,
TRADE,18/05/2016 09:45:00,188.70000,19/05/2016 13:15:00,182.95000,@KC,-1,1,2156.25,0.8500,2362.5000,-281.2500,
TRADE,01/06/2016 12:30:00,180.55000,03/06/2016 11:45:00,184.00000,@KC,-1,1,-1293.75,0.4500,150.0000,-1368.7500,
TRADE,14/06/2016 07:30:00,193.70000,16/06/2016 06:45:00,198.25000,@KC,-1,1,-1706.25,0.2500,543.7500,-1893.7500,
TRADE,21/06/2016 07:15:00,196.50000,23/06/2016 06:30:00,197.90000,@KC,-1,1,-525.00,0.2000,525.0000,-937.5000,
TRADE,24/06/2016 06:45:00,195.60000,28/06/2016 09:15:00,197.40000,@KC,-1,1,-675.00,0.6500,1575.0000,-825.0000,
TRADE,06/07/2016 07:30:00,199.05000,08/07/2016 08:30:00,200.30000,@KC,-1,1,-468.75,1.2000,825.0000,-1143.7500,
TRADE,18/07/2016 06:45:00,204.90000,20/07/2016 13:30:00,203.40000,@KC,-1,1,562.50,0.3000,1218.7500,-1200.0000,
TRADE,03/08/2016 05:15:00,198.10000,05/08/2016 04:45:00,199.70000,@KC,-1,1,-600.00,0.3500,1631.2500,-731.2500,
TRADE,09/08/2016 04:45:00,196.90000,11/08/2016 11:30:00,193.95000,@KC,-1,1,1106.25,1.8000,1293.7500,-806.2500,
TRADE,25/08/2016 07:30:00,196.50000,29/08/2016 10:00:00,198.75000,@KC,-1,1,-843.75,0.1500,112.5000,-1575.0000,
TRADE,30/08/2016 08:00:00,198.50000,01/09/2016 07:15:00,202.30000,@KC,-1,1,-1425.00,0.1500,956.2500,-1481.2500,
TRADE,09/09/2016 10:15:00,203.95000,14/09/2016 07:45:00,201.75000,@KC,-1,1,825.00,0.5500,1012.5000,-806.2500,
TRADE,23/09/2016 07:45:00,206.70000,28/09/2016 05:15:00,206.90000,@KC,-1,1,-75.00,0.4000,1725.0000,-431.2500,
TRADE,30/09/2016 05:00:00,202.70000,04/10/2016 11:45:00,200.75000,@KC,-1,1,731.25,0.3000,1068.7500,-1143.7500,
TRADE,21/10/2016 04:30:00,208.70000,24/10/2016 13:00:00,211.00000,@KC,-1,1,-862.50,0.9000,187.5000,-1387.5000,
TRADE,01/11/2016 08:15:00,216.90000,03/11/2016 09:30:00,218.40000,@KC,-1,1,-562.50,0.1500,1293.7500,-656.2500,
TRADE,09/11/2016 06:00:00,218.50000,11/11/2016 06:45:00,213.80000,@KC,-1,1,1762.50,0.3500,1781.2500,-2812.5000,
TRADE,15/12/2016 10:15:00,189.05000,19/12/2016 09:30:00,192.80000,@KC,-1,1,-1406.25,0.5000,93.7500,-1537.5000,
TRADE,22/12/2016 10:30:00,191.15000,27/12/2016 08:30:00,184.65000,@KC,-1,1,2437.50,0.8000,2437.5000,-318.7500,
TRADE,18/01/2017 10:00:00,197.00000,20/01/2017 09:15:00,201.60000,@KC,-1,1,-1725.00,0.8500,187.5000,-1912.5000,
TRADE,25/01/2017 08:00:00,200.85000,27/01/2017 10:15:00,202.40000,@KC,-1,1,-581.25,0.7500,487.5000,-1518.7500,
TRADE,02/02/2017 10:00:00,199.00000,06/02/2017 08:30:00,193.75000,@KC,-1,1,1968.75,0.6500,2100.0000,-56.2500,
TRADE,14/02/2017 12:00:00,192.30000,16/02/2017 11:15:00,194.60000,@KC,-1,1,-862.50,0.3500,356.2500,-1387.5000,
TRADE,24/02/2017 08:00:00,196.65000,27/02/2017 10:30:00,189.30000,@KC,-1,1,2756.25,0.3000,2756.2500,-300.0000,
TRADE,02/03/2017 11:45:00,191.55000,07/03/2017 09:15:00,189.05000,@KC,-1,1,937.50,1.0500,1725.0000,-693.7500,
TRADE,13/03/2017 10:45:00,186.70000,15/03/2017 12:00:00,188.30000,@KC,-1,1,-600.00,0.3500,450.0000,-1425.0000,
TRADE,15/03/2017 13:15:00,188.20000,20/03/2017 06:45:00,189.30000,@KC,-1,1,-412.50,0.2500,337.5000,-975.0000,
TRADE,22/03/2017 12:00:00,188.20000,27/03/2017 04:45:00,183.70000,@KC,-1,1,1687.50,0.5000,1762.5000,-506.2500,
TRADE,04/04/2017 05:45:00,184.50000,06/04/2017 06:00:00,185.65000,@KC,-1,1,-431.25,0.5500,506.2500,-618.7500,
TRADE,13/04/2017 07:15:00,185.90000,18/04/2017 09:45:00,188.35000,@KC,-1,1,-918.75,0.3000,168.7500,-1087.5000,
TRADE,20/04/2017 06:30:00,186.40000,20/04/2017 13:15:00,179.05000,@KC,-1,1,2756.25,0.3500,2681.2500,-75.0000,
TRADE,05/05/2017 05:00:00,179.35000,08/05/2017 13:30:00,181.00000,@KC,-1,1,-618.75,0.5500,243.7500,-768.7500,
TRADE,10/05/2017 06:00:00,179.45000,12/05/2017 12:45:00,179.45000,@KC,-1,1,0.00,0.2000,525.0000,-937.5000,
TRADE,22/05/2017 10:15:00,175.65000,25/05/2017 07:45:00,173.40000,@KC,-1,1,843.75,0.3500,1143.7500,-243.7500,
TRADE,31/05/2017 13:15:00,173.35000,05/06/2017 10:45:00,171.55000,@KC,-1,1,675.00,0.4500,1312.5000,-468.7500,
TRADE,13/06/2017 12:00:00,170.90000,16/06/2017 09:30:00,171.10000,@KC,-1,1,-75.00,0.4000,393.7500,-525.0000,
TRADE,07/07/2017 09:15:00,169.95000,12/07/2017 06:45:00,169.05000,@KC,-1,1,337.50,0.6500,693.7500,-693.7500,
TRADE,24/07/2017 11:15:00,176.95000,26/07/2017 08:15:00,172.30000,@KC,-1,1,1743.75,0.2500,1987.5000,-93.7500,
TRADE,10/08/2017 12:45:00,182.50000,15/08/2017 07:15:00,177.90000,@KC,-1,1,1725.00,0.6500,1725.0000,-243.7500,
TRADE,30/08/2017 06:45:00,167.65000,01/09/2017 07:15:00,168.75000,@KC,-1,1,-412.50,0.1500,731.2500,-506.2500,
TRADE,05/09/2017 04:45:00,167.35000,07/09/2017 11:30:00,168.40000,@KC,-1,1,-393.75,0.6500,675.0000,-1012.5000,
TRADE,19/09/2017 09:15:00,176.40000,22/09/2017 06:45:00,174.50000,@KC,-1,1,712.50,0.8000,1762.5000,-150.0000,
TRADE,11/10/2017 10:15:00,166.65000,16/10/2017 07:45:00,164.20000,@KC,-1,1,918.75,0.5500,993.7500,-168.7500,
TRADE,23/10/2017 04:30:00,163.90000,25/10/2017 11:15:00,163.20000,@KC,-1,1,262.50,0.4000,843.7500,-525.0000,
TRADE,31/10/2017 11:45:00,163.95000,02/11/2017 13:00:00,165.90000,@KC,-1,1,-731.25,0.3500,1481.2500,-843.7500,
TRADE,03/11/2017 13:00:00,162.55000,07/11/2017 12:15:00,164.05000,@KC,-1,1,-562.50,0.2000,562.5000,-993.7500,
TRADE,14/11/2017 13:00:00,165.20000,17/11/2017 10:30:00,164.00000,@KC,-1,1,450.00,0.4000,525.0000,-637.5000,
TRADE,01/12/2017 06:15:00,164.25000,05/12/2017 13:00:00,163.15000,@KC,-1,1,412.50,0.2000,675.0000,-562.5000,
TRADE,21/12/2017 13:30:00,157.90000,27/12/2017 11:00:00,159.65000,@KC,-1,1,-656.25,0.1000,1106.2500,-750.0000,
TRADE,08/01/2018 06:15:00,162.70000,10/01/2018 13:00:00,159.20000,@KC,-1,1,1312.50,0.2500,1743.7500,-75.0000,
TRADE,18/01/2018 12:30:00,157.00000,22/01/2018 11:45:00,158.25000,@KC,-1,1,-468.75,0.2000,731.2500,-675.0000,
TRADE,23/01/2018 09:00:00,156.60000,25/01/2018 08:15:00,159.50000,@KC,-1,1,-1087.50,0.7000,243.7500,-1368.7500,
TRADE,30/01/2018 12:00:00,157.30000,02/02/2018 09:30:00,155.90000,@KC,-1,1,525.00,0.4500,693.7500,-543.7500,
TRADE,12/02/2018 10:30:00,157.05000,14/02/2018 10:30:00,158.25000,@KC,-1,1,-450.00,0.5000,337.5000,-656.2500,
TRADE,16/02/2018 06:15:00,157.70000,21/02/2018 06:45:00,153.15000,@KC,-1,1,1706.25,0.1000,1800.0000,-18.7500,
TRADE,05/03/2018 06:00:00,154.80000,07/03/2018 12:45:00,153.85000,@KC,-1,1,356.25,0.1500,562.5000,-375.0000,
TRADE,15/03/2018 11:00:00,151.85000,19/03/2018 12:30:00,152.95000,@KC,-1,1,-412.50,1.1000,543.7500,-562.5000,
TRADE,22/03/2018 09:30:00,152.15000,27/03/2018 08:15:00,151.30000,@KC,-1,1,318.75,0.3500,806.2500,-243.7500,
TRADE,28/03/2018 08:45:00,151.85000,03/04/2018 09:30:00,149.85000,@KC,-1,1,750.00,0.4000,881.2500,-281.2500,
TRADE,10/04/2018 13:30:00,151.10000,13/04/2018 09:00:00,152.20000,@KC,-1,1,-412.50,0.3500,356.2500,-581.2500,
TRADE,13/04/2018 12:00:00,151.10000,18/04/2018 09:30:00,147.75000,@KC,-1,1,1256.25,0.2500,1593.7500,-56.2500,
TRADE,04/05/2018 11:30:00,155.05000,09/05/2018 10:15:00,150.45000,@KC,-1,1,1725.00,0.5000,1781.2500,-131.2500,
TRADE,29/05/2018 05:45:00,151.20000,31/05/2018 05:15:00,152.30000,@KC,-1,1,-412.50,0.1000,112.5000,-956.2500,
TRADE,04/06/2018 13:30:00,153.15000,07/06/2018 11:00:00,149.10000,@KC,-1,1,1518.75,0.1000,1593.7500,-18.7500,
TRADE,28/06/2018 06:30:00,146.10000,02/07/2018 12:15:00,141.55000,@KC,-1,1,1706.25,0.2000,1781.2500,-187.5000,
TRADE,12/07/2018 05:15:00,141.35000,16/07/2018 12:00:00,139.90000,@KC,-1,1,543.75,0.1500,1218.7500,-487.5000,
TRADE,26/07/2018 12:15:00,139.00000,30/07/2018 11:30:00,140.95000,@KC,-1,1,-731.25,0.9500,375.0000,-1387.5000,
TRADE,31/07/2018 11:15:00,139.35000,03/08/2018 08:45:00,136.75000,@KC,-1,1,975.00,0.3500,1518.7500,-131.2500,
TRADE,08/08/2018 11:30:00,136.25000,13/08/2018 09:00:00,134.00000,@KC,-1,1,843.75,0.2500,900.0000,-543.7500,
TRADE,29/08/2018 07:15:00,129.50000,04/09/2018 04:45:00,127.50000,@KC,-1,1,750.00,0.3000,993.7500,-356.2500,
TRADE,10/09/2018 13:15:00,127.80000,13/09/2018 10:45:00,126.95000,@KC,-1,1,318.75,0.3000,543.7500,-506.2500,
TRADE,25/09/2018 08:15:00,123.65000,27/09/2018 10:45:00,125.15000,@KC,-1,1,-562.50,0.3500,318.7500,-618.7500,
TRADE,11/10/2018 08:15:00,136.85000,15/10/2018 07:30:00,144.30000,@KC,-1,1,-2793.75,0.4000,0.0000,-3018.7500,
TRADE,22/10/2018 13:00:00,145.30000,24/10/2018 12:15:00,148.35000,@KC,-1,1,-1143.75,1.0500,1012.5000,-1987.5000,
TRADE,25/10/2018 06:15:00,146.50000,29/10/2018 07:30:00,147.70000,@KC,-1,1,-450.00,0.3000,375.0000,-1068.7500,
TRADE,29/10/2018 11:30:00,144.90000,31/10/2018 07:45:00,139.05000,@KC,-1,1,2193.75,0.4500,2437.5000,-56.2500,
TRADE,06/11/2018 10:45:00,140.60000,08/11/2018 10:00:00,144.10000,@KC,-1,1,-1312.50,0.3500,468.7500,-1425.0000,
TRADE,15/11/2018 12:00:00,136.00000,19/11/2018 11:45:00,137.15000,@KC,-1,1,-431.25,0.6000,93.7500,-1350.0000,
TRADE,21/11/2018 07:30:00,137.15000,26/11/2018 11:30:00,132.55000,@KC,-1,1,1725.00,0.3500,1818.7500,-131.2500,
TRADE,30/11/2018 07:30:00,134.40000,04/12/2018 08:30:00,129.00000,@KC,-1,1,2025.00,0.5000,2025.0000,-281.2500,
TRADE,21/12/2018 11:45:00,122.60000,27/12/2018 05:45:00,126.00000,@KC,-1,1,-1275.00,0.4500,150.0000,-1500.0000,
TRADE,28/12/2018 12:15:00,123.90000,03/01/2019 09:45:00,123.55000,@KC,-1,1,131.25,0.2000,750.0000,-506.2500,
TRADE,11/01/2019 09:45:00,125.65000,16/01/2019 07:15:00,123.60000,@KC,-1,1,768.75,0.6000,993.7500,-412.5000,
TRADE,23/01/2019 12:00:00,126.05000,25/01/2019 11:15:00,129.05000,@KC,-1,1,-1125.00,0.4500,150.0000,-1387.5000,
TRADE,28/01/2019 09:45:00,125.05000,31/01/2019 07:00:00,126.60000,@KC,-1,1,-581.25,0.4500,337.5000,-600.0000,
TRADE,06/02/2019 10:45:00,127.65000,11/02/2019 08:15:00,124.80000,@KC,-1,1,1068.75,0.2000,1087.5000,-318.7500,
TRADE,28/02/2019 09:15:00,118.55000,04/03/2019 08:30:00,119.80000,@KC,-1,1,-468.75,0.6500,581.2500,-750.0000,
TRADE,04/03/2019 13:15:00,116.75000,06/03/2019 12:30:00,118.45000,@KC,-1,1,-637.50,0.1000,37.5000,-1162.5000,
TRADE,07/03/2019 06:45:00,118.80000,12/03/2019 06:15:00,117.05000,@KC,-1,1,656.25,0.2500,937.5000,-37.5000,
TRADE,15/03/2019 09:15:00,116.45000,20/03/2019 09:45:00,114.40000,@KC,-1,1,768.75,0.4000,881.2500,-412.5000,
TRADE,27/03/2019 13:15:00,113.40000,01/04/2019 12:45:00,111.45000,@KC,-1,1,731.25,0.2000,806.2500,-693.7500,
TRADE,05/04/2019 12:45:00,113.00000,10/04/2019 10:15:00,113.90000,@KC,-1,1,-337.50,0.3000,506.2500,-543.7500,
TRADE,11/04/2019 06:00:00,113.30000,15/04/2019 12:45:00,111.15000,@KC,-1,1,806.25,0.1000,1668.7500,-56.2500,
TRADE,23/04/2019 08:30:00,109.10000,25/04/2019 09:45:00,110.25000,@KC,-1,1,-431.25,0.7500,262.5000,-862.5000,
TRADE,29/04/2019 11:15:00,109.50000,02/05/2019 08:45:00,108.00000,@KC,-1,1,562.50,0.5000,618.7500,-1012.5000,
TRADE,17/05/2019 09:45:00,106.70000,21/05/2019 10:30:00,107.95000,@KC,-1,1,-468.75,0.3500,431.2500,-468.7500,
TRADE,05/06/2019 13:15:00,115.65000,07/06/2019 12:30:00,117.30000,@KC,-1,1,-618.75,1.1500,56.2500,-1781.2500,
TRADE,08/07/2019 08:30:00,122.30000,10/07/2019 09:45:00,123.70000,@KC,-1,1,-525.00,0.9500,900.0000,-562.5000,
TRADE,16/07/2019 13:00:00,120.45000,18/07/2019 12:15:00,122.00000,@KC,-1,1,-581.25,0.4000,168.7500,-881.2500,
TRADE,22/07/2019 07:00:00,121.80000,23/07/2019 10:45:00,117.25000,@KC,-1,1,1706.25,0.3000,1818.7500,-281.2500,
TRADE,12/08/2019 08:30:00,110.35000,15/08/2019 06:00:00,108.80000,@KC,-1,1,581.25,0.6000,918.7500,-281.2500,
TRADE,22/08/2019 06:45:00,106.90000,26/08/2019 09:15:00,109.30000,@KC,-1,1,-900.00,0.2000,262.5000,-1031.2500,
TRADE,29/08/2019 08:30:00,107.35000,04/09/2019 06:00:00,107.15000,@KC,-1,1,75.00,0.4500,750.0000,-375.0000,
TRADE,06/09/2019 04:30:00,106.50000,09/09/2019 13:00:00,110.10000,@KC,-1,1,-1350.00,0.4000,131.2500,-1462.5000,
TRADE,17/09/2019 11:30:00,112.90000,20/09/2019 09:00:00,110.45000,@KC,-1,1,918.75,0.7000,1368.7500,-93.7500,
TRADE,01/10/2019 12:15:00,111.90000,03/10/2019 11:30:00,112.95000,@KC,-1,1,-393.75,0.7000,600.0000,-487.5000,
TRADE,04/10/2019 12:15:00,110.70000,09/10/2019 09:45:00,106.60000,@KC,-1,1,1537.50,0.4000,1575.0000,0.0000,
TRADE,15/10/2019 10:15:00,105.45000,18/10/2019 07:45:00,104.10000,@KC,-1,1,506.25,0.5500,768.7500,-393.7500,
TRADE,25/10/2019 04:30:00,106.80000,29/10/2019 05:45:00,112.00000,@KC,-1,1,-1950.00,0.1500,0.0000,-1950.0000,
TRADE,12/11/2019 05:00:00,117.55000,13/11/2019 13:30:00,119.05000,@KC,-1,1,-562.50,0.1500,618.7500,-618.7500,
TRADE,15/11/2019 05:15:00,118.15000,19/11/2019 12:00:00,114.50000,@KC,-1,1,1368.75,0.3000,1518.7500,-300.0000,
TRADE,16/12/2019 06:00:00,140.20000,18/12/2019 05:15:00,142.35000,@KC,-1,1,-806.25,0.7000,225.0000,-3750.0000,
TRADE,26/12/2019 12:45:00,135.05000,30/12/2019 12:00:00,139.50000,@KC,-1,1,-1668.75,0.8500,37.5000,-2062.5000,
TRADE,02/01/2020 06:15:00,136.95000,06/01/2020 06:15:00,131.85000,@KC,-1,1,1912.50,0.5500,2006.2500,-656.2500,
TRADE,24/01/2020 07:15:00,118.60000,27/01/2020 12:00:00,114.05000,@KC,-1,1,1706.25,0.4500,1762.5000,-412.5000,
TRADE,10/02/2020 09:30:00,106.00000,12/02/2020 08:45:00,109.65000,@KC,-1,1,-1368.75,0.3000,75.0000,-1631.2500,
TRADE,20/02/2020 09:45:00,112.60000,24/02/2020 12:15:00,113.85000,@KC,-1,1,-468.75,0.8500,693.7500,-1706.2500,
TRADE,26/02/2020 08:30:00,113.90000,28/02/2020 07:45:00,116.20000,@KC,-1,1,-862.50,1.3500,412.5000,-1931.2500,
TRADE,05/03/2020 10:45:00,120.05000,06/03/2020 12:00:00,112.70000,@KC,-1,1,2756.25,0.8000,2737.5000,-112.5000,
TRADE,12/03/2020 08:00:00,114.85000,16/03/2020 08:00:00,110.30000,@KC,-1,1,1706.25,0.6000,1725.0000,-1462.5000,
TRADE,27/03/2020 09:00:00,126.75000,01/04/2020 06:30:00,124.10000,@KC,-1,1,993.75,0.7000,1931.2500,-18.7500,
TRADE,03/04/2020 05:30:00,123.15000,07/04/2020 05:00:00,124.20000,@KC,-1,1,-393.75,0.3500,1800.0000,-750.0000,
TRADE,14/04/2020 09:45:00,124.05000,16/04/2020 09:00:00,125.80000,@KC,-1,1,-656.25,0.6000,1368.7500,-1087.5000,
TRADE,17/04/2020 05:30:00,123.15000,21/04/2020 05:15:00,118.60000,@KC,-1,1,1706.25,0.3000,1706.2500,-956.2500,
TRADE,12/05/2020 07:00:00,114.05000,15/05/2020 04:30:00,112.85000,@KC,-1,1,450.00,0.5000,1612.5000,-318.7500,
TRADE,20/05/2020 06:45:00,110.95000,22/05/2020 13:30:00,108.65000,@KC,-1,1,862.50,0.2500,1425.0000,-562.5000,
TRADE,27/05/2020 06:00:00,110.50000,28/05/2020 09:30:00,105.25000,@KC,-1,1,1968.75,0.2000,2043.7500,-112.5000,
TRADE,04/06/2020 09:00:00,101.75000,08/06/2020 08:15:00,103.95000,@KC,-1,1,-825.00,1.1500,262.5000,-1050.0000,
TRADE,08/06/2020 12:30:00,102.95000,11/06/2020 10:00:00,101.60000,@KC,-1,1,506.25,0.3500,1331.2500,-487.5000,
TRADE,19/06/2020 12:15:00,98.95000,23/06/2020 11:30:00,102.00000,@KC,-1,1,-1143.75,0.2000,243.7500,-1312.5000,
TRADE,25/06/2020 09:15:00,99.35000,29/06/2020 08:30:00,102.10000,@KC,-1,1,-1031.25,0.7500,618.7500,-1106.2500,
TRADE,06/07/2020 09:30:00,100.55000,08/07/2020 08:45:00,103.00000,@KC,-1,1,-918.75,0.9000,112.5000,-1387.5000,
TRADE,06/08/2020 13:30:00,120.25000,10/08/2020 12:45:00,114.90000,@KC,-1,1,2006.25,0.4500,2043.7500,-581.2500,
TRADE,17/08/2020 09:30:00,116.20000,19/08/2020 08:45:00,123.90000,@KC,-1,1,-2887.50,0.6500,300.0000,-2981.2500,
TRADE,21/08/2020 10:15:00,118.40000,25/08/2020 09:30:00,121.75000,@KC,-1,1,-1256.25,0.9000,56.2500,-1743.7500,
TRADE,27/08/2020 11:00:00,120.30000,31/08/2020 13:30:00,130.30000,@KC,-1,1,-3750.00,0.8000,112.5000,-3825.0000,
TRADE,08/09/2020 09:00:00,128.20000,10/09/2020 08:15:00,129.80000,@KC,-1,1,-600.00,0.7500,262.5000,-1650.0000,
TRADE,11/09/2020 07:15:00,131.25000,14/09/2020 10:15:00,123.90000,@KC,-1,1,2756.25,0.2000,2700.0000,-600.0000,
TRADE,28/09/2020 12:30:00,110.15000,30/09/2020 11:45:00,112.65000,@KC,-1,1,-937.50,0.4500,581.2500,-1087.5000,
TRADE,01/10/2020 05:30:00,109.95000,05/10/2020 12:15:00,107.90000,@KC,-1,1,768.75,0.2500,1781.2500,-300.0000,
TRADE,13/10/2020 04:45:00,110.00000,15/10/2020 11:30:00,109.50000,@KC,-1,1,187.50,0.5500,1200.0000,-750.0000,
TRADE,16/10/2020 10:30:00,109.05000,20/10/2020 10:30:00,104.40000,@KC,-1,1,1743.75,1.1500,1743.7500,-75.0000,
TRADE,23/10/2020 12:00:00,105.20000,27/10/2020 13:15:00,107.35000,@KC,-1,1,-806.25,0.4500,225.0000,-1237.5000,
TRADE,28/10/2020 10:15:00,105.55000,02/11/2020 09:45:00,104.70000,@KC,-1,1,318.75,0.4000,862.5000,-431.2500,
TRADE,20/11/2020 13:30:00,115.65000,25/11/2020 11:00:00,114.40000,@KC,-1,1,468.75,0.2500,918.7500,-731.2500,
TRADE,02/12/2020 04:30:00,116.10000,03/12/2020 13:00:00,117.30000,@KC,-1,1,-450.00,0.6500,487.5000,-937.5000,
TRADE,09/12/2020 09:15:00,115.25000,11/12/2020 08:30:00,118.70000,@KC,-1,1,-1293.75,0.6000,431.2500,-2212.5000,
TRADE,18/12/2020 12:00:00,122.30000,23/12/2020 06:45:00,123.35000,@KC,-1,1,-393.75,0.5000,1612.5000,-712.5000,
TRADE,23/12/2020 11:15:00,121.95000,29/12/2020 10:00:00,123.05000,@KC,-1,1,-412.50,0.6500,1068.7500,-1237.5000,
TRADE,05/01/2021 09:00:00,120.70000,08/01/2021 06:30:00,117.65000,@KC,-1,1,1143.75,2.2000,1462.5000,-1087.5000,
TRADE,20/01/2021 11:15:00,123.20000,25/01/2021 08:45:00,121.10000,@KC,-1,1,787.50,0.8000,1218.7500,-637.5000,
TRADE,27/01/2021 11:45:00,122.30000,01/02/2021 09:00:00,123.35000,@KC,-1,1,-393.75,0.5500,993.7500,-825.0000,
TRADE,02/02/2021 10:30:00,121.55000,05/02/2021 08:00:00,122.50000,@KC,-1,1,-356.25,0.6000,1406.2500,-431.2500,
TRADE,09/02/2021 08:30:00,121.05000,12/02/2021 06:00:00,118.65000,@KC,-1,1,900.00,0.3500,1200.0000,-318.7500,
TRADE,01/03/2021 12:45:00,130.70000,04/03/2021 10:15:00,127.25000,@KC,-1,1,1293.75,1.4500,1350.0000,-112.5000,
TRADE,19/03/2021 05:30:00,125.50000,24/03/2021 06:00:00,124.00000,@KC,-1,1,562.50,2.5000,1143.7500,-543.7500,
TRADE,29/03/2021 06:00:00,123.00000,30/03/2021 11:30:00,118.45000,@KC,-1,1,1706.25,0.5000,1800.0000,-281.2500,
TRADE,19/04/2021 05:30:00,125.60000,21/04/2021 04:45:00,128.85000,@KC,-1,1,-1218.75,0.2000,318.7500,-1237.5000,
TRADE,30/04/2021 12:15:00,135.25000,05/05/2021 05:30:00,137.15000,@KC,-1,1,-712.50,0.9000,750.0000,-862.5000,
TRADE,11/05/2021 06:45:00,143.65000,13/05/2021 04:45:00,138.55000,@KC,-1,1,1912.50,0.5000,1950.0000,-618.7500,
TRADE,24/05/2021 05:00:00,143.20000,26/05/2021 05:30:00,144.25000,@KC,-1,1,-393.75,0.2500,787.5000,-918.7500,
TRADE,03/06/2021 10:15:00,151.20000,07/06/2021 09:30:00,153.45000,@KC,-1,1,-843.75,1.4000,881.2500,-2268.7500,
TRADE,08/06/2021 12:15:00,152.70000,11/06/2021 05:00:00,153.85000,@KC,-1,1,-431.25,0.7500,1200.0000,-618.7500,
TRADE,11/06/2021 10:30:00,152.05000,15/06/2021 04:45:00,146.25000,@KC,-1,1,2175.00,1.0000,2550.0000,-112.5000,
TRADE,22/06/2021 12:30:00,143.30000,24/06/2021 11:45:00,144.90000,@KC,-1,1,-600.00,0.8000,56.2500,-1162.5000,
TRADE,01/07/2021 12:15:00,147.20000,06/07/2021 08:15:00,142.40000,@KC,-1,1,1800.00,1.1000,1968.7500,-431.2500,
TRADE,29/07/2021 05:30:00,191.35000,29/07/2021 10:45:00,184.00000,@KC,-1,1,2756.25,1.4000,2493.7500,-450.0000,
TRADE,16/08/2021 13:15:00,174.30000,19/08/2021 04:45:00,168.50000,@KC,-1,1,2175.00,0.4000,2325.0000,-693.7500,
TRADE,03/09/2021 04:30:00,181.95000,08/09/2021 05:00:00,183.50000,@KC,-1,1,-581.25,0.5000,881.2500,-1481.2500,
TRADE,16/09/2021 06:30:00,173.85000,20/09/2021 13:15:00,170.70000,@KC,-1,1,1181.25,0.6000,1275.0000,-1668.7500,
TRADE,01/10/2021 05:45:00,182.10000,04/10/2021 10:15:00,194.90000,@KC,-1,1,-4800.00,0.3500,56.2500,-4462.5000,
TRADE,05/10/2021 09:30:00,182.15000,07/10/2021 08:45:00,184.95000,@KC,-1,1,-1050.00,1.0000,900.0000,-1687.5000,
TRADE,15/10/2021 12:30:00,191.60000,19/10/2021 11:45:00,193.10000,@KC,-1,1,-562.50,0.8500,975.0000,-637.5000,
TRADE,21/10/2021 12:15:00,191.35000,25/10/2021 07:30:00,186.60000,@KC,-1,1,1781.25,0.9500,1950.0000,-1312.5000,
TRADE,27/10/2021 13:00:00,190.15000,29/10/2021 12:30:00,192.35000,@KC,-1,1,-825.00,0.6500,1162.5000,-1012.5000,
TRADE,05/11/2021 10:15:00,193.95000,09/11/2021 04:30:00,189.65000,@KC,-1,1,1612.50,1.3500,2325.0000,-225.0000,
TRADE,22/11/2021 13:00:00,218.25000,24/11/2021 11:15:00,231.05000,@KC,-1,1,-4800.00,1.5500,56.2500,-4593.7500,
TRADE,29/11/2021 12:15:00,217.00000,01/12/2021 11:30:00,219.30000,@KC,-1,1,-862.50,1.9500,750.0000,-2643.7500,
TRADE,09/12/2021 06:45:00,227.40000,10/12/2021 08:30:00,220.05000,@KC,-1,1,2756.25,0.7000,2587.5000,-881.2500,
TRADE,16/12/2021 11:00:00,220.90000,20/12/2021 07:00:00,216.05000,@KC,-1,1,1818.75,0.9500,1875.0000,-1443.7500,
TRADE,27/12/2021 09:15:00,214.20000,30/12/2021 06:45:00,213.45000,@KC,-1,1,281.25,1.0500,1293.7500,-543.7500,
TRADE,14/01/2022 05:30:00,223.10000,19/01/2022 04:45:00,225.60000,@KC,-1,1,-937.50,0.6000,993.7500,-1612.5000,
TRADE,21/01/2022 09:30:00,225.65000,24/01/2022 10:15:00,218.30000,@KC,-1,1,2756.25,1.0000,2568.7500,-412.5000,
TRADE,27/01/2022 04:45:00,222.10000,31/01/2022 09:30:00,223.30000,@KC,-1,1,-450.00,2.1500,2268.7500,-581.2500,
TRADE,14/02/2022 09:45:00,237.25000,16/02/2022 09:00:00,238.50000,@KC,-1,1,-468.75,0.9500,2381.2500,-1200.0000,
TRADE,16/02/2022 11:45:00,238.05000,18/02/2022 06:00:00,232.30000,@KC,-1,1,2156.25,1.7500,2587.5000,-806.2500,
TRADE,10/03/2022 10:15:00,209.10000,14/03/2022 05:45:00,203.90000,@KC,-1,1,1950.00,1.1000,2006.2500,-1200.0000,
TRADE,25/03/2022 06:00:00,208.00000,28/03/2022 09:30:00,201.05000,@KC,-1,1,2606.25,0.7000,2737.5000,-243.7500,
TRADE,06/04/2022 11:30:00,211.85000,08/04/2022 10:45:00,216.60000,@KC,-1,1,-1781.25,0.8000,731.2500,-2081.2500,
TRADE,13/04/2022 10:15:00,211.60000,18/04/2022 08:15:00,206.90000,@KC,-1,1,1762.50,0.8500,1856.2500,-693.7500,
TRADE,25/04/2022 10:15:00,207.65000,27/04/2022 11:15:00,202.90000,@KC,-1,1,1781.25,1.3500,1931.2500,-562.5000,
TRADE,02/05/2022 10:45:00,201.15000,04/05/2022 10:00:00,203.85000,@KC,-1,1,-1012.50,1.0500,131.2500,-2400.0000,
TRADE,06/05/2022 04:45:00,201.60000,09/05/2022 08:00:00,194.25000,@KC,-1,1,2756.25,1.6000,2175.0000,-262.5000,
TRADE,18/05/2022 11:45:00,201.90000,23/05/2022 06:00:00,203.05000,@KC,-1,1,-431.25,1.1000,1087.5000,-2700.0000,
TRADE,07/06/2022 12:00:00,216.80000,09/06/2022 11:15:00,219.55000,@KC,-1,1,-1031.25,1.3000,431.2500,-1350.0000,
TRADE,23/06/2022 12:00:00,215.25000,27/06/2022 07:45:00,210.50000,@KC,-1,1,1781.25,1.3000,2662.5000,-1125.0000,
TRADE,05/07/2022 05:45:00,208.55000,07/07/2022 12:30:00,204.80000,@KC,-1,1,1406.25,1.1500,1631.2500,-656.2500,
TRADE,22/07/2022 08:45:00,198.70000,25/07/2022 04:30:00,191.10000,@KC,-1,1,2850.00,0.8500,2850.0000,-131.2500,
TRADE,01/08/2022 11:00:00,196.90000,03/08/2022 10:15:00,203.20000,@KC,-1,1,-2362.50,2.2000,1912.5000,-2531.2500,
TRADE,05/08/2022 11:45:00,195.95000,09/08/2022 11:15:00,197.50000,@KC,-1,1,-581.25,4.3500,956.2500,-2118.7500,
TRADE,17/08/2022 04:30:00,207.10000,18/08/2022 12:30:00,202.30000,@KC,-1,1,1800.00,0.7000,1875.0000,-993.7500,
TRADE,30/08/2022 13:15:00,226.10000,02/09/2022 09:00:00,221.55000,@KC,-1,1,1706.25,0.5000,1706.2500,-825.0000,
TRADE,12/09/2022 12:00:00,215.55000,13/09/2022 11:30:00,208.20000,@KC,-1,1,2756.25,0.6000,2737.5000,-431.2500,
TRADE,23/09/2022 11:00:00,208.65000,26/09/2022 09:45:00,221.45000,@KC,-1,1,-4800.00,1.1000,93.7500,-4387.5000,
TRADE,28/09/2022 08:45:00,211.75000,30/09/2022 08:00:00,214.35000,@KC,-1,1,-975.00,1.3000,131.2500,-3262.5000,
TRADE,30/09/2022 08:45:00,214.10000,03/10/2022 10:00:00,206.75000,@KC,-1,1,2756.25,1.6500,2718.7500,-375.0000,
TRADE,06/10/2022 12:30:00,208.60000,11/10/2022 10:00:00,208.30000,@KC,-1,1,112.50,0.6000,1537.5000,-1181.2500,
TRADE,24/10/2022 12:15:00,180.80000,26/10/2022 05:15:00,173.45000,@KC,-1,1,2756.25,2.2000,2550.0000,-1012.5000,
TRADE,03/11/2022 09:30:00,163.40000,07/11/2022 11:00:00,158.30000,@KC,-1,1,1912.50,1.2000,2343.7500,-1950.0000,
TRADE,14/11/2022 08:45:00,157.70000,15/11/2022 12:15:00,152.25000,@KC,-1,1,2043.75,0.6500,2662.5000,-1762.5000,
TRADE,28/11/2022 09:30:00,154.85000,30/11/2022 08:45:00,162.30000,@KC,-1,1,-2793.75,0.8000,18.7500,-3637.5000,
TRADE,02/12/2022 05:00:00,156.25000,05/12/2022 13:30:00,157.35000,@KC,-1,1,-412.50,1.1500,206.2500,-1068.7500,
TRADE,16/12/2022 13:30:00,159.40000,21/12/2022 06:45:00,162.90000,@KC,-1,1,-1312.50,0.4500,1068.7500,-1725.0000,
TRADE,27/12/2022 13:30:00,161.15000,29/12/2022 12:45:00,163.90000,@KC,-1,1,-1031.25,0.3500,243.7500,-2925.0000,
TRADE,30/12/2022 11:15:00,160.10000,04/01/2023 09:00:00,155.35000,@KC,-1,1,1781.25,1.3500,1912.5000,-1893.7500,
TRADE,03/02/2023 11:00:00,167.85000,07/02/2023 10:15:00,170.55000,@KC,-1,1,-1012.50,1.2500,975.0000,-1743.7500,
TRADE,08/02/2023 11:30:00,169.70000,13/02/2023 08:45:00,171.75000,@KC,-1,1,-768.75,0.8500,1368.7500,-768.7500,
TRADE,24/02/2023 10:15:00,181.10000,01/03/2023 05:00:00,176.45000,@KC,-1,1,1743.75,1.3000,1987.5000,-1068.7500,
TRADE,08/03/2023 09:45:00,171.15000,10/03/2023 10:15:00,172.35000,@KC,-1,1,-450.00,2.4500,1237.5000,-487.5000,
TRADE,14/03/2023 11:30:00,171.10000,16/03/2023 12:45:00,174.55000,@KC,-1,1,-1293.75,1.1500,2231.2500,-1650.0000,
TRADE,17/03/2023 12:30:00,170.45000,22/03/2023 05:30:00,173.65000,@KC,-1,1,-1200.00,0.8500,1125.0000,-2437.5000,
TRADE,23/03/2023 07:00:00,171.35000,27/03/2023 07:15:00,175.05000,@KC,-1,1,-1387.50,0.5000,1743.7500,-1575.0000,
TRADE,28/03/2023 05:15:00,171.40000,29/03/2023 09:00:00,165.80000,@KC,-1,1,2100.00,0.6000,2100.0000,-525.0000,
TRADE,20/04/2023 08:45:00,191.65000,21/04/2023 12:15:00,186.80000,@KC,-1,1,1818.75,1.0000,2081.2500,-356.2500,
TRADE,08/05/2023 12:45:00,180.10000,10/05/2023 12:00:00,181.20000,@KC,-1,1,-412.50,0.6500,150.0000,-1406.2500,
TRADE,11/05/2023 08:30:00,178.80000,15/05/2023 07:45:00,180.35000,@KC,-1,1,-581.25,0.7000,825.0000,-1350.0000,
TRADE,18/05/2023 06:45:00,180.30000,22/05/2023 06:00:00,187.05000,@KC,-1,1,-2531.25,0.5500,356.2500,-3787.5000,
TRADE,23/05/2023 12:15:00,183.30000,25/05/2023 12:45:00,178.15000,@KC,-1,1,1931.25,0.7000,1968.7500,-787.5000,
TRADE,05/06/2023 06:15:00,176.75000,07/06/2023 05:30:00,180.20000,@KC,-1,1,-1293.75,0.3500,225.0000,-1762.5000,
TRADE,12/06/2023 12:30:00,181.15000,15/06/2023 08:00:00,182.40000,@KC,-1,1,-468.75,0.5000,1462.5000,-618.7500,
TRADE,16/06/2023 13:00:00,180.75000,21/06/2023 07:15:00,175.20000,@KC,-1,1,2081.25,0.5000,2156.2500,-337.5000,
