TRADE,16/03/2010 08:10:00,276.45000,16/03/2010 12:25:00,277.20000,@KC,-1,1,-281.25,0.3500,487.5000,-281.2500,
TRADE,22/03/2010 08:45:00,276.90000,22/03/2010 12:25:00,277.20000,@KC,-1,1,-112.50,0.3500,562.5000,-487.5000,
TRADE,23/03/2010 08:05:00,277.45000,23/03/2010 10:35:00,279.00000,@KC,-1,1,-581.25,0.3500,187.5000,-543.7500,
TRADE,07/05/2010 08:15:00,276.95000,07/05/2010 12:25:00,276.00000,@KC,-1,1,356.25,0.2000,1106.2500,-150.0000,
TRADE,10/05/2010 08:10:00,277.30000,10/05/2010 12:25:00,277.00000,@KC,-1,1,112.50,0.4000,337.5000,-112.5000,
TRADE,11/05/2010 09:20:00,277.25000,11/05/2010 10:00:00,279.35000,@KC,-1,1,-787.50,0.5500,18.7500,-506.2500,
TRADE,27/05/2010 08:15:00,276.75000,27/05/2010 10:35:00,277.75000,@KC,-1,1,-375.00,0.4000,75.0000,-318.7500,
TRADE,01/06/2010 08:35:00,276.40000,01/06/2010 09:45:00,278.20000,@KC,-1,1,-675.00,0.4000,187.5000,-656.2500,
TRADE,09/06/2010 09:50:00,276.90000,09/06/2010 12:25:00,276.70000,@KC,-1,1,75.00,0.2500,337.5000,-150.0000,
TRADE,13/07/2010 08:10:00,306.40000,13/07/2010 12:25:00,306.90000,@KC,-1,1,-187.50,1.0000,787.5000,-675.0000,
TRADE,19/07/2010 09:40:00,305.90000,19/07/2010 12:25:00,304.65000,@KC,-1,1,468.75,0.9000,787.5000,-187.5000,
TRADE,10/08/2010 08:55:00,310.80000,10/08/2010 12:25:00,310.85000,@KC,-1,1,-18.75,1.1500,168.7500,-900.0000,
TRADE,17/09/2010 10:55:00,329.30000,17/09/2010 12:25:00,328.75000,@KC,-1,1,206.25,0.3500,768.7500,-93.7500,
TRADE,29/09/2010 08:25:00,326.75000,29/09/2010 12:25:00,325.10000,@KC,-1,1,618.75,1.0500,1481.2500,-356.2500,
TRADE,30/09/2010 09:15:00,326.70000,30/09/2010 12:25:00,320.10000,@KC,-1,1,2475.00,1.2000,2568.7500,-112.5000,
TRADE,01/10/2010 08:55:00,325.45000,01/10/2010 12:25:00,322.15000,@KC,-1,1,1237.50,1.0000,1500.0000,-112.5000,
TRADE,12/10/2010 08:10:00,319.75000,12/10/2010 09:20:00,323.90000,@KC,-1,1,-1556.25,1.1500,375.0000,-1181.2500,
TRADE,04/11/2010 08:25:00,338.75000,04/11/2010 08:35:00,341.10000,@KC,-1,1,-881.25,0.8500,168.7500,-206.2500,
TRADE,12/11/2010 10:00:00,344.20000,12/11/2010 12:25:00,342.30000,@KC,-1,1,712.50,1.6500,937.5000,-243.7500,
TRADE,19/11/2010 09:05:00,345.25000,19/11/2010 10:50:00,347.65000,@KC,-1,1,-900.00,1.0000,168.7500,-431.2500,
TRADE,24/11/2010 10:40:00,345.85000,24/11/2010 12:25:00,344.25000,@KC,-1,1,600.00,1.7000,975.0000,-131.2500,
TRADE,06/12/2010 09:00:00,343.55000,06/12/2010 10:05:00,345.85000,@KC,-1,1,-862.50,1.7000,0.0000,-768.7500,
TRADE,08/12/2010 08:05:00,343.00000,08/12/2010 12:25:00,341.60000,@KC,-1,1,525.00,0.4000,1837.5000,-937.5000,
TRADE,09/12/2010 08:35:00,342.45000,09/12/2010 12:25:00,341.55000,@KC,-1,1,337.50,0.5000,562.5000,-206.2500,
TRADE,10/12/2010 10:50:00,342.65000,10/12/2010 11:05:00,346.25000,@KC,-1,1,-1350.00,1.2000,0.0000,-806.2500,
TRADE,05/01/2011 08:20:00,368.85000,05/01/2011 11:35:00,373.15000,@KC,-1,1,-1612.50,0.5000,262.5000,-1462.5000,
TRADE,06/01/2011 08:55:00,370.25000,06/01/2011 12:25:00,371.30000,@KC,-1,1,-393.75,0.4000,262.5000,-825.0000,
TRADE,07/01/2011 10:25:00,371.65000,07/01/2011 12:25:00,369.85000,@KC,-1,1,675.00,0.9500,843.7500,-262.5000,
TRADE,18/01/2011 09:45:00,373.30000,18/01/2011 12:25:00,372.45000,@KC,-1,1,318.75,0.6000,581.2500,-131.2500,
TRADE,25/01/2011 09:25:00,372.65000,25/01/2011 12:25:00,367.95000,@KC,-1,1,1762.50,0.5000,2062.5000,-206.2500,
TRADE,26/01/2011 09:45:00,374.10000,26/01/2011 12:25:00,374.70000,@KC,-1,1,-225.00,2.7000,93.7500,-1162.5000,
TRADE,27/01/2011 09:20:00,373.10000,27/01/2011 12:25:00,374.30000,@KC,-1,1,-450.00,2.0500,393.7500,-618.7500,
TRADE,11/03/2011 08:40:00,411.60000,11/03/2011 12:25:00,408.90000,@KC,-1,1,1012.50,4.2000,1425.0000,-225.0000,
TRADE,21/03/2011 09:45:00,411.55000,21/03/2011 12:25:00,413.05000,@KC,-1,1,-562.50,0.5000,468.7500,-768.7500,
TRADE,27/05/2011 08:15:00,399.35000,27/05/2011 12:25:00,396.35000,@KC,-1,1,1125.00,1.4000,1725.0000,-993.7500,
TRADE,31/05/2011 10:05:00,398.35000,31/05/2011 12:25:00,397.95000,@KC,-1,1,150.00,1.2000,600.0000,-656.2500,
TRADE,07/06/2011 08:30:00,395.30000,07/06/2011 12:25:00,395.85000,@KC,-1,1,-206.25,1.3500,750.0000,-712.5000,
TRADE,10/06/2011 09:55:00,396.10000,10/06/2011 12:25:00,394.25000,@KC,-1,1,693.75,1.2000,1068.7500,0.0000,
TRADE,13/06/2011 08:35:00,395.55000,13/06/2011 09:10:00,399.50000,@KC,-1,1,-1481.25,0.6000,37.5000,-1050.0000,
TRADE,29/06/2011 10:25:00,384.60000,29/06/2011 12:25:00,385.65000,@KC,-1,1,-393.75,0.5500,562.5000,-956.2500,
TRADE,11/07/2011 10:30:00,387.95000,11/07/2011 12:25:00,385.95000,@KC,-1,1,750.00,1.0000,1331.2500,-37.5000,
TRADE,13/07/2011 09:25:00,389.10000,13/07/2011 10:10:00,391.45000,@KC,-1,1,-881.25,0.8000,225.0000,-93.7500,
TRADE,05/08/2011 08:55:00,371.80000,05/08/2011 12:25:00,364.30000,@KC,-1,1,2812.50,4.2000,3750.0000,-1575.0000,
TRADE,12/08/2011 09:55:00,368.40000,12/08/2011 12:25:00,368.95000,@KC,-1,1,-206.25,1.1000,206.2500,-525.0000,
TRADE,06/09/2011 08:40:00,403.90000,06/09/2011 12:25:00,404.40000,@KC,-1,1,-187.50,2.5000,600.0000,-581.2500,
TRADE,07/10/2011 09:25:00,359.55000,07/10/2011 12:25:00,354.20000,@KC,-1,1,2006.25,0.6000,2437.5000,0.0000,
TRADE,13/10/2011 08:45:00,354.70000,13/10/2011 10:30:00,357.35000,@KC,-1,1,-993.75,1.0000,243.7500,-431.2500,
TRADE,17/10/2011 11:00:00,355.25000,17/10/2011 12:25:00,356.05000,@KC,-1,1,-300.00,0.5500,0.0000,-712.5000,
TRADE,26/10/2011 10:45:00,361.30000,26/10/2011 12:25:00,361.70000,@KC,-1,1,-150.00,1.2500,468.7500,-412.5000,
TRADE,27/10/2011 10:10:00,361.75000,27/10/2011 12:25:00,362.45000,@KC,-1,1,-262.50,1.9000,0.0000,-1068.7500,
TRADE,08/11/2011 10:25:00,359.10000,08/11/2011 12:25:00,356.75000,@KC,-1,1,881.25,0.9500,1481.2500,-187.5000,
TRADE,10/11/2011 10:05:00,355.70000,10/11/2011 12:25:00,354.85000,@KC,-1,1,318.75,0.6500,656.2500,0.0000,
TRADE,11/11/2011 08:10:00,355.20000,11/11/2011 08:15:00,356.05000,@KC,-1,1,-318.75,0.7000,0.0000,-93.7500,
TRADE,22/11/2011 09:40:00,358.65000,22/11/2011 12:25:00,358.20000,@KC,-1,1,168.75,1.8500,675.0000,-131.2500,
TRADE,23/11/2011 08:05:00,358.35000,23/11/2011 10:30:00,360.35000,@KC,-1,1,-750.00,1.5000,37.5000,-1331.2500,
TRADE,28/11/2011 08:05:00,358.35000,28/11/2011 12:25:00,351.70000,@KC,-1,1,2493.75,1.6500,2681.2500,-543.7500,
TRADE,02/12/2011 09:40:00,357.60000,02/12/2011 12:25:00,348.90000,@KC,-1,1,3262.50,0.7500,3450.0000,-281.2500,
TRADE,05/12/2011 10:45:00,356.55000,05/12/2011 12:25:00,358.35000,@KC,-1,1,-675.00,1.6500,0.0000,-806.2500,
TRADE,06/12/2011 08:10:00,356.50000,06/12/2011 12:25:00,357.05000,@KC,-1,1,-206.25,0.7000,412.5000,-825.0000,
TRADE,07/12/2011 08:20:00,356.10000,07/12/2011 12:25:00,350.60000,@KC,-1,1,2062.50,0.6000,2081.2500,-581.2500,
TRADE,23/12/2011 08:05:00,343.70000,23/12/2011 12:25:00,339.10000,@KC,-1,1,1725.00,0.8000,1800.0000,-206.2500,
TRADE,27/12/2011 10:10:00,342.95000,27/12/2011 12:25:00,342.50000,@KC,-1,1,168.75,0.3500,525.0000,0.0000,
TRADE,05/01/2012 08:10:00,344.30000,05/01/2012 12:25:00,340.55000,@KC,-1,1,1406.25,2.3000,2006.2500,-525.0000,
TRADE,18/01/2012 10:10:00,348.10000,18/01/2012 12:25:00,346.25000,@KC,-1,1,693.75,1.3500,975.0000,-112.5000,
TRADE,20/01/2012 09:55:00,347.50000,20/01/2012 12:25:00,348.15000,@KC,-1,1,-243.75,0.6000,450.0000,-956.2500,
TRADE,07/02/2012 08:20:00,339.70000,07/02/2012 11:40:00,342.95000,@KC,-1,1,-1218.75,0.9000,937.5000,-1556.2500,
TRADE,30/03/2012 09:45:00,301.75000,30/03/2012 12:25:00,302.55000,@KC,-1,1,-300.00,0.6000,131.2500,-600.0000,
TRADE,02/04/2012 08:15:00,301.55000,02/04/2012 09:45:00,303.75000,@KC,-1,1,-825.00,0.6500,112.5000,-637.5000,
TRADE,04/04/2012 10:00:00,301.60000,04/04/2012 11:10:00,304.60000,@KC,-1,1,-1125.00,1.8000,787.5000,-262.5000,
TRADE,05/04/2012 09:05:00,301.55000,05/04/2012 09:50:00,303.75000,@KC,-1,1,-825.00,0.8500,243.7500,-281.2500,
TRADE,10/04/2012 09:05:00,301.05000,10/04/2012 12:25:00,297.85000,@KC,-1,1,1200.00,2.7500,1237.5000,-225.0000,
TRADE,11/04/2012 10:30:00,301.20000,11/04/2012 12:25:00,298.65000,@KC,-1,1,956.25,1.5500,1162.5000,-300.0000,
TRADE,13/04/2012 10:30:00,301.50000,13/04/2012 12:25:00,298.00000,@KC,-1,1,1312.50,0.5000,1406.2500,-131.2500,
TRADE,24/04/2012 08:15:00,297.10000,24/04/2012 08:25:00,298.10000,@KC,-1,1,-375.00,0.4000,112.5000,-131.2500,
TRADE,01/05/2012 08:45:00,295.40000,01/05/2012 10:20:00,297.80000,@KC,-1,1,-900.00,0.6500,112.5000,-581.2500,
TRADE,03/05/2012 09:40:00,295.90000,03/05/2012 12:25:00,293.65000,@KC,-1,1,843.75,0.6000,993.7500,-131.2500,
TRADE,11/05/2012 08:05:00,294.75000,11/05/2012 12:25:00,294.70000,@KC,-1,1,18.75,1.2500,243.7500,-525.0000,
TRADE,17/05/2012 08:50:00,294.85000,17/05/2012 11:15:00,297.05000,@KC,-1,1,-825.00,0.7500,75.0000,-731.2500,
TRADE,21/06/2012 09:10:00,271.05000,21/06/2012 12:25:00,272.50000,@KC,-1,1,-543.75,2.0500,506.2500,-600.0000,
TRADE,25/06/2012 08:20:00,270.25000,25/06/2012 10:45:00,272.25000,@KC,-1,1,-750.00,0.5500,56.2500,-881.2500,
TRADE,24/07/2012 08:55:00,298.90000,24/07/2012 12:25:00,293.90000,@KC,-1,1,1875.00,1.3000,1893.7500,-656.2500,
TRADE,31/08/2012 10:40:00,276.60000,31/08/2012 12:25:00,275.50000,@KC,-1,1,412.50,0.4000,750.0000,0.0000,
TRADE,05/09/2012 08:10:00,277.15000,05/09/2012 12:25:00,274.40000,@KC,-1,1,1031.25,0.8500,1181.2500,-225.0000,
TRADE,20/09/2012 09:45:00,284.75000,20/09/2012 12:25:00,282.55000,@KC,-1,1,825.00,0.5000,843.7500,-300.0000,
TRADE,05/10/2012 09:10:00,286.90000,05/10/2012 12:25:00,281.65000,@KC,-1,1,1968.75,0.6000,2437.5000,-150.0000,
TRADE,25/10/2012 08:05:00,273.90000,25/10/2012 12:25:00,271.55000,@KC,-1,1,881.25,0.9500,975.0000,-37.5000,
TRADE,30/10/2012 08:30:00,273.10000,30/10/2012 12:25:00,269.85000,@KC,-1,1,1218.75,0.3000,1425.0000,-75.0000,
TRADE,20/11/2012 08:05:00,262.25000,20/11/2012 12:25:00,258.70000,@KC,-1,1,1331.25,0.4500,1462.5000,-412.5000,
TRADE,03/12/2012 08:40:00,259.20000,03/12/2012 12:25:00,257.85000,@KC,-1,1,506.25,1.4000,787.5000,-150.0000,
TRADE,10/12/2012 09:50:00,257.80000,10/12/2012 12:25:00,254.10000,@KC,-1,1,1387.50,0.3500,1481.2500,-37.5000,
TRADE,26/12/2012 08:10:00,253.55000,26/12/2012 11:45:00,254.75000,@KC,-1,1,-450.00,1.0500,468.7500,-337.5000,
TRADE,31/12/2012 10:15:00,252.10000,31/12/2012 12:25:00,249.15000,@KC,-1,1,1106.25,0.2500,1650.0000,-131.2500,
TRADE,09/01/2013 09:30:00,253.25000,09/01/2013 11:25:00,255.10000,@KC,-1,1,-693.75,0.6500,300.0000,-487.5000,
TRADE,22/01/2013 10:50:00,257.90000,22/01/2013 12:25:00,255.75000,@KC,-1,1,806.25,1.0000,1181.2500,-356.2500,
TRADE,25/02/2013 09:15:00,245.70000,25/02/2013 12:25:00,244.90000,@KC,-1,1,300.00,0.3000,693.7500,-281.2500,
TRADE,26/02/2013 08:10:00,245.40000,26/02/2013 10:05:00,246.75000,@KC,-1,1,-506.25,0.5000,18.7500,-525.0000,
TRADE,28/02/2013 09:30:00,245.55000,28/02/2013 12:25:00,246.05000,@KC,-1,1,-187.50,0.3500,225.0000,-262.5000,
TRADE,07/03/2013 10:15:00,246.05000,07/03/2013 12:25:00,245.75000,@KC,-1,1,112.50,0.4000,412.5000,-93.7500,
TRADE,08/03/2013 10:35:00,246.20000,08/03/2013 12:25:00,245.60000,@KC,-1,1,225.00,0.4500,281.2500,-243.7500,
TRADE,12/03/2013 08:50:00,246.55000,12/03/2013 12:25:00,245.50000,@KC,-1,1,393.75,0.4000,412.5000,-93.7500,
TRADE,13/03/2013 09:00:00,246.35000,13/03/2013 12:25:00,244.25000,@KC,-1,1,787.50,1.0500,825.0000,-450.0000,
TRADE,27/03/2013 10:40:00,240.50000,27/03/2013 12:25:00,240.00000,@KC,-1,1,187.50,1.1500,318.7500,-356.2500,
TRADE,28/03/2013 09:55:00,240.15000,28/03/2013 12:25:00,239.70000,@KC,-1,1,168.75,0.3500,225.0000,-243.7500,
TRADE,10/04/2013 08:40:00,240.65000,10/04/2013 12:25:00,240.00000,@KC,-1,1,243.75,1.3500,412.5000,-168.7500,
TRADE,18/04/2013 11:00:00,240.05000,18/04/2013 12:25:00,241.25000,@KC,-1,1,-450.00,0.3500,0.0000,-656.2500,
TRADE,24/04/2013 10:45:00,240.00000,24/04/2013 12:25:00,240.00000,@KC,-1,1,0.00,0.2000,75.0000,-243.7500,
TRADE,06/06/2013 10:35:00,229.70000,06/06/2013 12:25:00,229.85000,@KC,-1,1,-56.25,0.2000,337.5000,-112.5000,
TRADE,07/06/2013 10:30:00,229.25000,07/06/2013 12:25:00,228.05000,@KC,-1,1,450.00,0.4000,468.7500,-56.2500,
TRADE,10/06/2013 09:25:00,229.45000,10/06/2013 12:25:00,229.40000,@KC,-1,1,18.75,1.5000,262.5000,-206.2500,
TRADE,01/07/2013 09:45:00,220.90000,01/07/2013 12:25:00,219.05000,@KC,-1,1,693.75,0.4500,918.7500,-187.5000,
TRADE,03/07/2013 09:45:00,220.70000,03/07/2013 12:25:00,221.05000,@KC,-1,1,-131.25,1.1500,112.5000,-525.0000,
TRADE,05/07/2013 09:55:00,220.50000,05/07/2013 12:25:00,219.80000,@KC,-1,1,262.50,0.4500,543.7500,-131.2500,
TRADE,08/07/2013 08:30:00,220.35000,08/07/2013 09:35:00,222.60000,@KC,-1,1,-843.75,0.6000,112.5000,-487.5000,
TRADE,12/07/2013 08:35:00,220.75000,12/07/2013 12:25:00,218.40000,@KC,-1,1,881.25,1.4000,1050.0000,0.0000,
TRADE,15/07/2013 10:25:00,221.10000,15/07/2013 11:20:00,222.90000,@KC,-1,1,-675.00,1.2500,150.0000,-487.5000,
TRADE,22/07/2013 08:45:00,223.15000,22/07/2013 12:25:00,222.90000,@KC,-1,1,93.75,0.5500,618.7500,-450.0000,
TRADE,23/07/2013 09:25:00,223.20000,23/07/2013 12:25:00,223.90000,@KC,-1,1,-262.50,1.0000,243.7500,-300.0000,
TRADE,13/08/2013 10:40:00,219.30000,13/08/2013 12:25:00,218.45000,@KC,-1,1,318.75,0.6000,600.0000,-37.5000,
TRADE,15/08/2013 08:55:00,219.25000,15/08/2013 12:25:00,219.15000,@KC,-1,1,37.50,0.3500,206.2500,-281.2500,
TRADE,19/08/2013 10:55:00,219.40000,19/08/2013 12:25:00,219.50000,@KC,-1,1,-37.50,0.3500,0.0000,-393.7500,
TRADE,06/09/2013 09:45:00,214.05000,06/09/2013 12:25:00,214.15000,@KC,-1,1,-37.50,0.3500,206.2500,-112.5000,
TRADE,09/09/2013 08:30:00,213.65000,09/09/2013 09:50:00,214.75000,@KC,-1,1,-412.50,0.3500,93.7500,-206.2500,
TRADE,11/09/2013 08:40:00,214.50000,11/09/2013 10:15:00,215.85000,@KC,-1,1,-506.25,1.6500,56.2500,-637.5000,
TRADE,25/09/2013 08:40:00,214.15000,25/09/2013 10:50:00,215.30000,@KC,-1,1,-431.25,0.5000,93.7500,-468.7500,
TRADE,11/10/2013 09:30:00,211.30000,11/10/2013 12:25:00,211.75000,@KC,-1,1,-168.75,0.3000,187.5000,-225.0000,
TRADE,12/11/2013 10:35:00,201.55000,12/11/2013 12:25:00,201.20000,@KC,-1,1,131.25,0.4500,262.5000,-131.2500,
TRADE,13/11/2013 09:50:00,201.20000,13/11/2013 12:25:00,199.80000,@KC,-1,1,525.00,0.2500,712.5000,0.0000,
TRADE,22/11/2013 10:45:00,201.20000,22/11/2013 12:25:00,201.25000,@KC,-1,1,-18.75,0.2500,56.2500,-281.2500,
TRADE,26/11/2013 08:20:00,201.65000,26/11/2013 11:20:00,202.75000,@KC,-1,1,-412.50,0.3500,262.5000,-243.7500,
TRADE,27/11/2013 10:45:00,201.65000,27/11/2013 12:25:00,201.45000,@KC,-1,1,75.00,0.2500,243.7500,-131.2500,
TRADE,29/11/2013 08:40:00,201.85000,29/11/2013 10:20:00,202.95000,@KC,-1,1,-412.50,0.5000,37.5000,-337.5000,
TRADE,04/12/2013 10:25:00,202.60000,04/12/2013 12:25:00,202.05000,@KC,-1,1,206.25,0.2000,262.5000,-37.5000,
TRADE,15/01/2014 08:35:00,210.90000,15/01/2014 12:25:00,209.90000,@KC,-1,1,375.00,0.7000,675.0000,-206.2500,
TRADE,17/03/2014 09:35:00,285.60000,17/03/2014 12:25:00,285.75000,@KC,-1,1,-56.25,0.7000,825.0000,-1237.5000,
TRADE,16/04/2014 09:15:00,282.50000,16/04/2014 12:25:00,279.20000,@KC,-1,1,1237.50,2.0500,1650.0000,-993.7500,
TRADE,17/04/2014 10:35:00,282.20000,17/04/2014 11:50:00,286.50000,@KC,-1,1,-1612.50,2.0500,337.5000,-1181.2500,
TRADE,28/04/2014 08:40:00,293.80000,28/04/2014 12:25:00,292.30000,@KC,-1,1,562.50,4.0500,1106.2500,-525.0000,
TRADE,01/05/2014 09:45:00,294.25000,01/05/2014 12:25:00,294.00000,@KC,-1,1,93.75,3.0000,581.2500,-881.2500,
TRADE,02/05/2014 08:40:00,294.10000,02/05/2014 12:25:00,292.90000,@KC,-1,1,450.00,2.0500,900.0000,-562.5000,
TRADE,05/05/2014 10:45:00,296.35000,05/05/2014 12:25:00,294.60000,@KC,-1,1,656.25,3.9000,918.7500,-168.7500,
TRADE,24/06/2014 10:55:00,259.30000,24/06/2014 12:25:00,259.10000,@KC,-1,1,75.00,0.4500,318.7500,-37.5000,
TRADE,03/07/2014 08:15:00,260.75000,03/07/2014 12:25:00,258.90000,@KC,-1,1,693.75,0.7000,1087.5000,-225.0000,
TRADE,07/08/2014 10:15:00,271.95000,07/08/2014 12:25:00,270.95000,@KC,-1,1,375.00,1.7500,712.5000,0.0000,
TRADE,12/08/2014 08:25:00,273.00000,12/08/2014 12:25:00,270.60000,@KC,-1,1,900.00,0.5000,1087.5000,-637.5000,
TRADE,13/08/2014 09:00:00,273.45000,13/08/2014 12:25:00,273.70000,@KC,-1,1,-93.75,0.4500,487.5000,-262.5000,
TRADE,18/08/2014 09:35:00,274.30000,18/08/2014 10:10:00,275.80000,@KC,-1,1,-562.50,0.4000,56.2500,-356.2500,
TRADE,19/08/2014 08:30:00,274.40000,19/08/2014 12:25:00,269.85000,@KC,-1,1,1706.25,0.6500,2081.2500,-393.7500,
TRADE,22/08/2014 08:35:00,271.65000,22/08/2014 12:25:00,270.05000,@KC,-1,1,600.00,0.4000,862.5000,-412.5000,
TRADE,25/08/2014 10:35:00,271.55000,25/08/2014 12:25:00,271.15000,@KC,-1,1,150.00,1.4500,487.5000,-37.5000,
TRADE,26/09/2014 08:25:00,265.10000,26/09/2014 11:05:00,267.30000,@KC,-1,1,-825.00,1.1000,693.7500,-318.7500,
TRADE,18/11/2014 09:55:00,268.65000,18/11/2014 12:05:00,270.65000,@KC,-1,1,-750.00,0.5500,300.0000,-618.7500,
TRADE,24/11/2014 08:10:00,268.95000,24/11/2014 08:25:00,270.45000,@KC,-1,1,-562.50,0.5500,75.0000,-243.7500,
TRADE,25/11/2014 09:40:00,269.75000,25/11/2014 12:25:00,270.70000,@KC,-1,1,-356.25,0.7500,356.2500,-712.5000,
TRADE,26/11/2014 09:30:00,270.15000,26/11/2014 12:25:00,270.60000,@KC,-1,1,-168.75,0.3500,112.5000,-675.0000,
TRADE,04/02/2015 10:10:00,241.25000,04/02/2015 12:25:00,242.35000,@KC,-1,1,-412.50,0.4500,93.7500,-525.0000,
TRADE,10/02/2015 10:35:00,241.80000,10/02/2015 12:25:00,238.05000,@KC,-1,1,1406.25,0.8500,1650.0000,-225.0000,
TRADE,13/02/2015 08:45:00,241.15000,13/02/2015 12:25:00,240.55000,@KC,-1,1,225.00,0.8000,412.5000,-562.5000,
TRADE,25/03/2015 08:40:00,211.95000,25/03/2015 10:25:00,214.20000,@KC,-1,1,-843.75,0.9500,56.2500,-843.7500,
TRADE,27/03/2015 09:55:00,212.40000,27/03/2015 12:25:00,211.75000,@KC,-1,1,243.75,0.5500,356.2500,-300.0000,
TRADE,30/03/2015 08:40:00,212.70000,30/03/2015 12:25:00,207.75000,@KC,-1,1,1856.25,1.0000,1987.5000,-18.7500,
TRADE,17/04/2015 08:35:00,212.10000,17/04/2015 12:25:00,213.80000,@KC,-1,1,-637.50,0.5000,243.7500,-900.0000,
TRADE,20/04/2015 10:05:00,212.90000,20/04/2015 12:25:00,213.45000,@KC,-1,1,-206.25,1.0000,262.5000,-487.5000,
TRADE,12/05/2015 08:40:00,207.85000,12/05/2015 12:25:00,205.70000,@KC,-1,1,806.25,1.2500,1012.5000,-56.2500,
TRADE,14/05/2015 08:10:00,206.85000,14/05/2015 09:10:00,208.85000,@KC,-1,1,-750.00,0.2000,450.0000,-112.5000,
TRADE,21/05/2015 08:15:00,207.85000,21/05/2015 12:25:00,202.05000,@KC,-1,1,2175.00,0.6000,2325.0000,-168.7500,
TRADE,03/06/2015 11:00:00,203.80000,03/06/2015 12:15:00,205.80000,@KC,-1,1,-750.00,0.8500,75.0000,-1031.2500,
TRADE,11/06/2015 09:40:00,203.70000,11/06/2015 12:25:00,203.90000,@KC,-1,1,-75.00,0.4500,75.0000,-581.2500,
TRADE,12/06/2015 08:40:00,204.65000,12/06/2015 09:50:00,206.65000,@KC,-1,1,-750.00,1.3000,112.5000,-768.7500,
TRADE,25/06/2015 09:50:00,202.80000,25/06/2015 12:25:00,203.15000,@KC,-1,1,-131.25,0.7500,431.2500,-281.2500,
TRADE,26/06/2015 09:35:00,202.30000,26/06/2015 10:45:00,204.70000,@KC,-1,1,-900.00,0.7000,243.7500,-975.0000,
TRADE,29/06/2015 08:30:00,202.15000,29/06/2015 12:25:00,202.30000,@KC,-1,1,-56.25,0.7500,1387.5000,-412.5000,
TRADE,30/06/2015 08:35:00,201.70000,30/06/2015 12:25:00,199.80000,@KC,-1,1,712.50,0.5500,956.2500,0.0000,
TRADE,01/07/2015 08:10:00,201.70000,01/07/2015 12:25:00,199.00000,@KC,-1,1,1012.50,0.7000,1387.5000,-243.7500,
TRADE,15/07/2015 09:05:00,198.30000,15/07/2015 11:15:00,200.10000,@KC,-1,1,-675.00,0.9000,93.7500,-787.5000,
TRADE,16/07/2015 08:05:00,197.60000,16/07/2015 11:05:00,198.90000,@KC,-1,1,-487.50,0.1500,281.2500,-375.0000,
TRADE,17/07/2015 09:15:00,197.25000,17/07/2015 12:25:00,198.00000,@KC,-1,1,-281.25,0.3000,187.5000,-356.2500,
TRADE,20/07/2015 09:10:00,197.10000,20/07/2015 12:25:00,196.65000,@KC,-1,1,168.75,0.5500,393.7500,-225.0000,
TRADE,21/07/2015 08:15:00,196.85000,21/07/2015 12:25:00,195.90000,@KC,-1,1,356.25,0.3500,581.2500,-93.7500,
TRADE,22/07/2015 09:50:00,196.80000,22/07/2015 12:25:00,195.90000,@KC,-1,1,337.50,1.5000,393.7500,-93.7500,
TRADE,03/08/2015 10:10:00,194.35000,03/08/2015 12:25:00,193.05000,@KC,-1,1,487.50,0.8000,487.5000,-37.5000,
TRADE,04/08/2015 08:25:00,193.75000,04/08/2015 12:25:00,194.50000,@KC,-1,1,-281.25,0.8000,506.2500,-693.7500,
TRADE,05/08/2015 09:35:00,193.50000,05/08/2015 12:20:00,194.80000,@KC,-1,1,-487.50,0.4500,243.7500,-506.2500,
TRADE,18/09/2015 09:20:00,185.50000,18/09/2015 12:25:00,185.05000,@KC,-1,1,168.75,0.4500,900.0000,-206.2500,
TRADE,21/09/2015 09:55:00,185.45000,21/09/2015 12:25:00,183.40000,@KC,-1,1,768.75,1.5000,806.2500,-225.0000,
TRADE,04/11/2015 10:50:00,186.75000,04/11/2015 12:25:00,187.35000,@KC,-1,1,-225.00,0.3000,168.7500,-281.2500,
TRADE,05/11/2015 08:50:00,186.40000,05/11/2015 12:10:00,187.60000,@KC,-1,1,-450.00,0.4500,525.0000,-693.7500,
TRADE,06/11/2015 08:10:00,185.90000,06/11/2015 12:25:00,185.05000,@KC,-1,1,318.75,0.5000,1031.2500,-262.5000,
TRADE,29/12/2015 09:05:00,183.35000,29/12/2015 11:05:00,184.50000,@KC,-1,1,-431.25,0.9000,112.5000,-318.7500,
TRADE,06/01/2016 08:10:00,184.00000,06/01/2016 12:25:00,182.55000,@KC,-1,1,543.75,0.8000,600.0000,-37.5000,
TRADE,25/01/2016 08:40:00,178.70000,25/01/2016 12:25:00,178.80000,@KC,-1,1,-37.50,1.1500,75.0000,-506.2500,
TRADE,01/02/2016 08:25:00,179.00000,01/02/2016 09:45:00,180.40000,@KC,-1,1,-525.00,0.8000,168.7500,-506.2500,
TRADE,25/02/2016 09:25:00,178.55000,25/02/2016 12:25:00,177.45000,@KC,-1,1,412.50,0.6000,543.7500,-412.5000,
TRADE,28/03/2016 08:40:00,188.80000,28/03/2016 12:25:00,189.15000,@KC,-1,1,-131.25,1.1000,93.7500,-581.2500,
TRADE,30/03/2016 08:50:00,190.05000,30/03/2016 12:25:00,187.80000,@KC,-1,1,843.75,0.6000,1143.7500,-281.2500,
TRADE,13/04/2016 08:55:00,185.00000,13/04/2016 12:25:00,182.60000,@KC,-1,1,900.00,0.3500,1125.0000,-337.5000,
TRADE,14/04/2016 09:35:00,184.35000,14/04/2016 12:25:00,184.20000,@KC,-1,1,56.25,0.5000,93.7500,-281.2500,
TRADE,15/04/2016 08:20:00,184.10000,15/04/2016 12:25:00,183.60000,@KC,-1,1,187.50,0.4000,731.2500,-337.5000,
TRADE,18/04/2016 10:10:00,183.70000,18/04/2016 11:05:00,184.70000,@KC,-1,1,-375.00,0.4500,18.7500,-375.0000,
TRADE,19/05/2016 09:45:00,185.65000,19/05/2016 12:25:00,183.35000,@KC,-1,1,862.50,0.2500,1031.2500,-187.5000,
TRADE,06/07/2016 08:20:00,198.75000,06/07/2016 12:25:00,199.70000,@KC,-1,1,-356.25,0.5500,712.5000,-393.7500,
TRADE,20/07/2016 08:15:00,203.90000,20/07/2016 12:25:00,204.35000,@KC,-1,1,-168.75,0.4000,93.7500,-581.2500,
TRADE,02/08/2016 08:30:00,201.70000,02/08/2016 12:25:00,198.20000,@KC,-1,1,1312.50,0.5000,1387.5000,-318.7500,
TRADE,22/08/2016 08:15:00,195.45000,22/08/2016 08:40:00,196.80000,@KC,-1,1,-506.25,0.6000,37.5000,-225.0000,
TRADE,12/09/2016 08:15:00,202.70000,12/09/2016 12:20:00,203.95000,@KC,-1,1,-468.75,0.6000,75.0000,-525.0000,
TRADE,15/09/2016 08:45:00,203.55000,15/09/2016 12:25:00,202.80000,@KC,-1,1,281.25,0.7000,881.2500,-131.2500,
TRADE,23/09/2016 10:55:00,205.70000,23/09/2016 12:25:00,204.90000,@KC,-1,1,300.00,0.4000,487.5000,-37.5000,
TRADE,27/09/2016 08:55:00,205.45000,27/09/2016 12:25:00,206.00000,@KC,-1,1,-206.25,0.4500,243.7500,-337.5000,
TRADE,28/09/2016 09:30:00,205.40000,28/09/2016 12:25:00,206.55000,@KC,-1,1,-431.25,0.2500,487.5000,-450.0000,
TRADE,29/09/2016 09:10:00,205.60000,29/09/2016 12:25:00,206.40000,@KC,-1,1,-300.00,0.5000,150.0000,-525.0000,
TRADE,19/12/2016 08:35:00,192.75000,19/12/2016 12:25:00,193.50000,@KC,-1,1,-281.25,0.5500,225.0000,-562.5000,
TRADE,20/12/2016 09:05:00,192.20000,20/12/2016 12:20:00,193.20000,@KC,-1,1,-375.00,0.5000,206.2500,-506.2500,
TRADE,22/12/2016 10:50:00,191.95000,22/12/2016 12:25:00,190.15000,@KC,-1,1,675.00,0.3500,712.5000,-18.7500,
TRADE,27/01/2017 08:30:00,200.40000,27/01/2017 09:55:00,202.00000,@KC,-1,1,-600.00,0.3000,56.2500,-506.2500,
TRADE,30/01/2017 09:10:00,200.70000,30/01/2017 12:25:00,199.75000,@KC,-1,1,356.25,0.5500,562.5000,0.0000,
TRADE,16/02/2017 10:10:00,194.80000,16/02/2017 12:25:00,194.80000,@KC,-1,1,0.00,0.2500,150.0000,-131.2500,
TRADE,17/02/2017 08:10:00,194.65000,17/02/2017 09:35:00,195.75000,@KC,-1,1,-412.50,0.4000,112.5000,-300.0000,
TRADE,24/02/2017 09:25:00,195.25000,24/02/2017 12:25:00,192.80000,@KC,-1,1,918.75,0.5500,1106.2500,-75.0000,
TRADE,14/03/2017 08:50:00,189.55000,14/03/2017 12:25:00,189.10000,@KC,-1,1,168.75,0.2500,468.7500,-262.5000,
TRADE,13/04/2017 08:40:00,186.10000,13/04/2017 12:25:00,185.95000,@KC,-1,1,56.25,0.3500,112.5000,-337.5000,
TRADE,17/04/2017 08:15:00,186.20000,17/04/2017 09:30:00,187.40000,@KC,-1,1,-450.00,0.5500,93.7500,-675.0000,
TRADE,03/05/2017 08:30:00,180.60000,03/05/2017 12:25:00,181.40000,@KC,-1,1,-300.00,0.1500,412.5000,-375.0000,
TRADE,05/05/2017 08:10:00,179.30000,05/05/2017 12:25:00,179.50000,@KC,-1,1,-75.00,0.2500,187.5000,-581.2500,
TRADE,11/05/2017 09:10:00,178.85000,11/05/2017 12:25:00,178.85000,@KC,-1,1,0.00,0.4500,300.0000,-75.0000,
TRADE,12/05/2017 08:25:00,178.95000,12/05/2017 09:55:00,179.85000,@KC,-1,1,-337.50,0.4500,18.7500,-337.5000,
TRADE,15/05/2017 09:35:00,179.40000,15/05/2017 12:25:00,178.70000,@KC,-1,1,262.50,0.4500,450.0000,-56.2500,
TRADE,27/06/2017 08:30:00,168.50000,27/06/2017 12:25:00,168.10000,@KC,-1,1,150.00,0.4000,862.5000,-75.0000,
TRADE,29/06/2017 08:05:00,167.65000,29/06/2017 10:45:00,169.20000,@KC,-1,1,-581.25,0.2000,281.2500,-712.5000,
TRADE,12/07/2017 08:30:00,169.15000,12/07/2017 11:50:00,170.40000,@KC,-1,1,-468.75,0.4000,131.2500,-600.0000,
TRADE,25/07/2017 08:20:00,174.45000,25/07/2017 12:25:00,172.35000,@KC,-1,1,787.50,0.5000,1050.0000,-75.0000,
TRADE,26/07/2017 10:00:00,174.55000,26/07/2017 11:20:00,175.80000,@KC,-1,1,-468.75,0.3000,0.0000,-318.7500,
TRADE,11/08/2017 10:00:00,181.90000,11/08/2017 12:25:00,181.90000,@KC,-1,1,0.00,0.5500,150.0000,-468.7500,
TRADE,05/09/2017 08:10:00,168.75000,05/09/2017 12:25:00,166.55000,@KC,-1,1,825.00,0.6000,918.7500,-487.5000,
TRADE,20/09/2017 08:20:00,172.45000,20/09/2017 10:05:00,174.65000,@KC,-1,1,-825.00,0.3000,281.2500,-637.5000,
TRADE,21/09/2017 09:35:00,173.00000,21/09/2017 12:25:00,173.35000,@KC,-1,1,-131.25,0.4000,131.2500,-600.0000,
TRADE,11/10/2017 09:30:00,167.65000,11/10/2017 12:25:00,165.85000,@KC,-1,1,675.00,0.4000,843.7500,-37.5000,
TRADE,31/10/2017 08:30:00,163.90000,31/10/2017 12:25:00,163.35000,@KC,-1,1,206.25,0.2000,356.2500,-93.7500,
TRADE,02/11/2017 11:00:00,163.85000,02/11/2017 12:25:00,165.50000,@KC,-1,1,-618.75,0.9000,37.5000,-693.7500,
TRADE,06/11/2017 11:00:00,163.90000,06/11/2017 12:25:00,164.45000,@KC,-1,1,-206.25,0.4000,37.5000,-487.5000,
TRADE,07/11/2017 08:30:00,163.90000,07/11/2017 12:25:00,163.75000,@KC,-1,1,56.25,0.4500,750.0000,-206.2500,
TRADE,08/11/2017 11:00:00,163.65000,08/11/2017 12:25:00,163.65000,@KC,-1,1,0.00,0.3000,131.2500,-37.5000,
TRADE,14/11/2017 10:55:00,164.45000,14/11/2017 12:25:00,164.90000,@KC,-1,1,-168.75,0.3500,168.7500,-300.0000,
TRADE,17/11/2017 08:05:00,164.60000,17/11/2017 12:25:00,162.90000,@KC,-1,1,637.50,0.1000,787.5000,-112.5000,
TRADE,27/11/2017 08:40:00,164.25000,27/11/2017 12:25:00,163.55000,@KC,-1,1,262.50,0.3000,375.0000,-225.0000,
TRADE,28/11/2017 10:00:00,164.25000,28/11/2017 11:50:00,165.30000,@KC,-1,1,-393.75,0.6000,18.7500,-356.2500,
TRADE,01/12/2017 09:05:00,164.25000,01/12/2017 10:05:00,165.35000,@KC,-1,1,-412.50,0.6000,93.7500,-300.0000,
TRADE,04/12/2017 08:05:00,164.40000,04/12/2017 12:25:00,164.45000,@KC,-1,1,-18.75,0.4000,56.2500,-468.7500,
TRADE,05/12/2017 10:35:00,164.10000,05/12/2017 12:25:00,163.10000,@KC,-1,1,375.00,0.8000,468.7500,-37.5000,
TRADE,20/12/2017 09:20:00,158.55000,20/12/2017 12:25:00,158.75000,@KC,-1,1,-75.00,0.5000,168.7500,-187.5000,
TRADE,26/12/2017 09:00:00,157.35000,26/12/2017 12:25:00,156.95000,@KC,-1,1,150.00,0.5500,262.5000,0.0000,
TRADE,08/01/2018 10:35:00,160.45000,08/01/2018 12:25:00,160.60000,@KC,-1,1,-56.25,0.3500,262.5000,-150.0000,
TRADE,31/01/2018 08:10:00,158.10000,31/01/2018 12:25:00,157.35000,@KC,-1,1,281.25,0.3000,318.7500,-243.7500,
TRADE,12/02/2018 08:10:00,158.20000,12/02/2018 12:25:00,156.70000,@KC,-1,1,562.50,0.3000,731.2500,-150.0000,
TRADE,14/02/2018 09:05:00,157.60000,14/02/2018 11:10:00,158.75000,@KC,-1,1,-431.25,0.1500,150.0000,-412.5000,
TRADE,01/03/2018 08:15:00,155.55000,01/03/2018 08:35:00,156.30000,@KC,-1,1,-281.25,0.1500,37.5000,-168.7500,
TRADE,06/03/2018 08:40:00,155.05000,06/03/2018 12:25:00,154.25000,@KC,-1,1,300.00,0.2000,431.2500,-56.2500,
TRADE,07/03/2018 09:45:00,154.80000,07/03/2018 12:25:00,154.00000,@KC,-1,1,300.00,0.4500,356.2500,-56.2500,
TRADE,08/03/2018 08:05:00,154.70000,08/03/2018 12:25:00,153.60000,@KC,-1,1,412.50,0.1000,600.0000,-225.0000,
TRADE,09/03/2018 09:25:00,154.75000,09/03/2018 12:25:00,153.55000,@KC,-1,1,450.00,0.3500,468.7500,0.0000,
TRADE,15/03/2018 08:10:00,154.75000,15/03/2018 12:25:00,152.35000,@KC,-1,1,900.00,0.2500,1406.2500,0.0000,
TRADE,21/03/2018 10:10:00,153.80000,21/03/2018 12:25:00,153.35000,@KC,-1,1,168.75,0.2500,206.2500,-131.2500,
TRADE,11/04/2018 10:20:00,151.45000,11/04/2018 12:25:00,151.45000,@KC,-1,1,0.00,0.4500,150.0000,-150.0000,
TRADE,25/04/2018 09:40:00,150.05000,25/04/2018 12:25:00,149.70000,@KC,-1,1,131.25,0.2000,356.2500,-93.7500,
TRADE,07/05/2018 09:10:00,152.55000,07/05/2018 12:25:00,151.90000,@KC,-1,1,243.75,0.2500,412.5000,-93.7500,
TRADE,08/05/2018 08:50:00,152.90000,08/05/2018 12:25:00,151.65000,@KC,-1,1,468.75,0.4500,637.5000,-93.7500,
TRADE,23/05/2018 08:45:00,150.50000,23/05/2018 12:25:00,150.70000,@KC,-1,1,-75.00,0.3500,112.5000,-168.7500,
TRADE,05/06/2018 09:30:00,152.00000,05/06/2018 12:25:00,151.40000,@KC,-1,1,225.00,0.4500,487.5000,-37.5000,
TRADE,26/06/2018 08:15:00,146.95000,26/06/2018 08:45:00,147.70000,@KC,-1,1,-281.25,0.1000,37.5000,-243.7500,
TRADE,27/06/2018 08:35:00,146.90000,27/06/2018 12:25:00,146.80000,@KC,-1,1,37.50,0.1500,187.5000,-93.7500,
TRADE,10/07/2018 08:15:00,144.15000,10/07/2018 12:25:00,144.40000,@KC,-1,1,-93.75,0.1500,412.5000,-187.5000,
TRADE,25/07/2018 08:05:00,140.40000,25/07/2018 12:25:00,139.55000,@KC,-1,1,318.75,0.5500,393.7500,-337.5000,
TRADE,26/07/2018 10:25:00,140.00000,26/07/2018 12:25:00,138.80000,@KC,-1,1,450.00,0.1500,525.0000,-150.0000,
TRADE,27/07/2018 10:00:00,139.80000,27/07/2018 12:25:00,139.80000,@KC,-1,1,0.00,0.3000,187.5000,-131.2500,
TRADE,31/07/2018 08:30:00,139.70000,31/07/2018 12:25:00,139.40000,@KC,-1,1,112.50,0.2000,243.7500,-168.7500,
TRADE,01/08/2018 09:20:00,139.60000,01/08/2018 12:25:00,137.45000,@KC,-1,1,806.25,0.2500,975.0000,-37.5000,
TRADE,06/09/2018 09:40:00,129.10000,06/09/2018 12:25:00,128.65000,@KC,-1,1,168.75,0.5000,243.7500,-150.0000,
TRADE,07/09/2018 08:55:00,129.05000,07/09/2018 12:25:00,128.50000,@KC,-1,1,206.25,0.3500,656.2500,-112.5000,
TRADE,10/09/2018 08:10:00,129.15000,10/09/2018 12:25:00,127.70000,@KC,-1,1,543.75,0.5000,675.0000,-150.0000,
TRADE,29/11/2018 08:20:00,136.40000,29/11/2018 12:25:00,135.05000,@KC,-1,1,506.25,0.3500,637.5000,-506.2500,
TRADE,27/12/2018 10:35:00,124.70000,27/12/2018 12:25:00,124.35000,@KC,-1,1,131.25,0.3500,356.2500,-150.0000,
TRADE,02/01/2019 10:10:00,124.30000,02/01/2019 12:25:00,123.15000,@KC,-1,1,431.25,0.4500,468.7500,-356.2500,
TRADE,03/01/2019 08:45:00,123.90000,03/01/2019 11:40:00,124.80000,@KC,-1,1,-337.50,0.3000,281.2500,-262.5000,
TRADE,04/01/2019 10:30:00,124.10000,04/01/2019 12:25:00,124.30000,@KC,-1,1,-75.00,0.8000,131.2500,-318.7500,
TRADE,17/01/2019 08:10:00,125.40000,17/01/2019 12:25:00,124.90000,@KC,-1,1,187.50,0.7500,393.7500,-262.5000,
TRADE,23/01/2019 08:50:00,126.25000,23/01/2019 12:25:00,126.00000,@KC,-1,1,93.75,0.6000,468.7500,-131.2500,
TRADE,24/01/2019 08:50:00,126.20000,24/01/2019 10:40:00,127.20000,@KC,-1,1,-375.00,0.2000,168.7500,-375.0000,
TRADE,04/02/2019 08:05:00,126.55000,04/02/2019 10:30:00,127.85000,@KC,-1,1,-487.50,0.1000,262.5000,-750.0000,
TRADE,07/02/2019 08:05:00,127.00000,07/02/2019 12:25:00,127.15000,@KC,-1,1,-56.25,0.1000,318.7500,-318.7500,
TRADE,08/02/2019 08:30:00,127.00000,08/02/2019 12:25:00,125.30000,@KC,-1,1,637.50,0.2500,712.5000,-131.2500,
TRADE,04/03/2019 08:20:00,119.80000,04/03/2019 12:25:00,117.25000,@KC,-1,1,956.25,0.2500,1031.2500,-37.5000,
TRADE,05/03/2019 10:30:00,119.40000,05/03/2019 12:25:00,119.00000,@KC,-1,1,150.00,0.2000,243.7500,-168.7500,
TRADE,06/03/2019 09:05:00,119.25000,06/03/2019 12:25:00,118.45000,@KC,-1,1,300.00,0.4000,337.5000,-37.5000,
TRADE,05/04/2019 08:20:00,114.00000,05/04/2019 12:25:00,112.85000,@KC,-1,1,431.25,0.4000,506.2500,-18.7500,
TRADE,09/04/2019 08:30:00,113.75000,09/04/2019 12:25:00,113.20000,@KC,-1,1,206.25,0.3000,375.0000,-262.5000,
TRADE,10/04/2019 09:40:00,113.65000,10/04/2019 12:25:00,113.75000,@KC,-1,1,-37.50,0.3500,75.0000,-168.7500,
TRADE,24/04/2019 08:45:00,111.15000,24/04/2019 12:25:00,109.40000,@KC,-1,1,656.25,0.4500,750.0000,-18.7500,
TRADE,25/04/2019 10:25:00,110.70000,25/04/2019 12:25:00,110.60000,@KC,-1,1,37.50,0.5500,93.7500,-150.0000,
TRADE,26/04/2019 08:35:00,110.50000,26/04/2019 12:25:00,111.25000,@KC,-1,1,-281.25,0.3000,168.7500,-375.0000,
TRADE,29/04/2019 08:30:00,110.30000,29/04/2019 12:25:00,109.65000,@KC,-1,1,243.75,0.2500,525.0000,-75.0000,
TRADE,14/05/2019 09:40:00,108.25000,14/05/2019 11:25:00,109.40000,@KC,-1,1,-431.25,0.5500,187.5000,-206.2500,
TRADE,15/05/2019 08:25:00,108.20000,15/05/2019 12:25:00,108.45000,@KC,-1,1,-93.75,0.3500,187.5000,-168.7500,
TRADE,20/05/2019 09:25:00,107.45000,20/05/2019 12:25:00,106.85000,@KC,-1,1,225.00,0.1500,431.2500,-75.0000,
TRADE,10/06/2019 11:00:00,116.50000,10/06/2019 12:25:00,116.10000,@KC,-1,1,150.00,0.1500,206.2500,-131.2500,
TRADE,11/06/2019 10:10:00,117.10000,11/06/2019 12:25:00,114.05000,@KC,-1,1,1143.75,0.6500,1200.0000,-150.0000,
TRADE,21/06/2019 09:00:00,115.55000,21/06/2019 12:25:00,115.40000,@KC,-1,1,56.25,0.5000,112.5000,-206.2500,
TRADE,24/06/2019 10:05:00,115.05000,24/06/2019 11:10:00,115.95000,@KC,-1,1,-337.50,0.3000,56.2500,-337.5000,
TRADE,08/07/2019 10:50:00,121.75000,08/07/2019 12:25:00,121.30000,@KC,-1,1,168.75,0.3500,243.7500,-18.7500,
TRADE,10/07/2019 08:55:00,122.75000,10/07/2019 12:25:00,120.65000,@KC,-1,1,787.50,0.5500,862.5000,-393.7500,
TRADE,19/07/2019 09:40:00,122.80000,19/07/2019 12:25:00,122.40000,@KC,-1,1,150.00,0.2500,356.2500,-468.7500,
TRADE,26/08/2019 09:05:00,109.30000,26/08/2019 12:25:00,108.55000,@KC,-1,1,281.25,1.2500,337.5000,-75.0000,
TRADE,04/09/2019 09:05:00,107.75000,04/09/2019 12:25:00,107.65000,@KC,-1,1,37.50,0.6000,206.2500,-131.2500,
TRADE,06/09/2019 09:55:00,107.65000,06/09/2019 12:25:00,108.30000,@KC,-1,1,-243.75,0.5500,225.0000,-300.0000,
TRADE,09/09/2019 10:10:00,107.60000,09/09/2019 11:10:00,108.55000,@KC,-1,1,-356.25,0.3500,0.0000,-187.5000,
TRADE,30/09/2019 08:55:00,112.60000,30/09/2019 12:25:00,111.85000,@KC,-1,1,281.25,0.7500,356.2500,-375.0000,
TRADE,01/10/2019 08:25:00,111.80000,01/10/2019 12:25:00,112.35000,@KC,-1,1,-206.25,0.5500,375.0000,-243.7500,
TRADE,02/10/2019 08:35:00,111.70000,02/10/2019 10:45:00,112.85000,@KC,-1,1,-431.25,0.3500,18.7500,-337.5000,
TRADE,03/10/2019 10:10:00,111.45000,03/10/2019 11:00:00,113.10000,@KC,-1,1,-618.75,0.3000,75.0000,-393.7500,
TRADE,04/10/2019 10:30:00,111.50000,04/10/2019 12:25:00,110.25000,@KC,-1,1,468.75,0.4500,525.0000,-131.2500,
TRADE,21/10/2019 10:35:00,107.10000,21/10/2019 12:25:00,107.20000,@KC,-1,1,-37.50,0.3000,206.2500,-93.7500,
TRADE,18/11/2019 08:30:00,117.25000,18/11/2019 12:25:00,116.65000,@KC,-1,1,225.00,0.3000,262.5000,-525.0000,
TRADE,19/11/2019 08:30:00,117.65000,19/11/2019 12:25:00,114.15000,@KC,-1,1,1312.50,0.3500,1387.5000,-93.7500,
TRADE,31/12/2019 08:15:00,140.05000,31/12/2019 08:55:00,142.05000,@KC,-1,1,-750.00,0.5000,18.7500,-562.5000,
TRADE,12/02/2020 11:00:00,108.65000,12/02/2020 12:25:00,108.85000,@KC,-1,1,-75.00,0.3500,262.5000,-112.5000,
TRADE,25/02/2020 09:55:00,111.45000,25/02/2020 11:45:00,112.80000,@KC,-1,1,-506.25,0.4000,112.5000,-506.2500,
TRADE,09/04/2020 08:05:00,125.90000,09/04/2020 09:15:00,127.50000,@KC,-1,1,-600.00,0.2500,150.0000,-337.5000,
TRADE,13/04/2020 08:20:00,126.10000,13/04/2020 12:25:00,125.15000,@KC,-1,1,356.25,0.6500,1443.7500,-93.7500,
TRADE,14/04/2020 08:05:00,125.35000,14/04/2020 12:25:00,123.60000,@KC,-1,1,656.25,0.4500,1518.7500,-37.5000,
TRADE,15/04/2020 10:55:00,124.10000,15/04/2020 11:55:00,126.80000,@KC,-1,1,-1012.50,0.3000,93.7500,-768.7500,
TRADE,17/04/2020 08:15:00,124.25000,17/04/2020 12:25:00,122.40000,@KC,-1,1,693.75,0.7000,825.0000,-543.7500,
TRADE,06/05/2020 08:40:00,114.15000,06/05/2020 12:05:00,115.25000,@KC,-1,1,-412.50,0.5500,131.2500,-206.2500,
TRADE,19/05/2020 08:25:00,113.00000,19/05/2020 12:25:00,112.30000,@KC,-1,1,262.50,0.5500,712.5000,-187.5000,
TRADE,23/06/2020 09:40:00,101.00000,23/06/2020 12:25:00,101.15000,@KC,-1,1,-56.25,0.7000,131.2500,-431.2500,
TRADE,07/07/2020 08:35:00,101.80000,07/07/2020 11:35:00,103.20000,@KC,-1,1,-525.00,0.2500,75.0000,-543.7500,
TRADE,09/07/2020 11:00:00,102.50000,09/07/2020 12:25:00,101.90000,@KC,-1,1,225.00,0.2000,243.7500,-131.2500,
TRADE,14/08/2020 09:50:00,119.20000,14/08/2020 12:25:00,117.00000,@KC,-1,1,825.00,0.4000,825.0000,-112.5000,
TRADE,21/08/2020 08:45:00,118.85000,21/08/2020 11:20:00,120.65000,@KC,-1,1,-675.00,0.4500,937.5000,-581.2500,
TRADE,08/10/2020 10:45:00,110.15000,08/10/2020 12:25:00,110.55000,@KC,-1,1,-150.00,0.6000,18.7500,-468.7500,
TRADE,12/10/2020 10:25:00,110.20000,12/10/2020 12:25:00,109.60000,@KC,-1,1,225.00,0.2000,300.0000,-112.5000,
TRADE,13/10/2020 09:00:00,110.10000,13/10/2020 12:25:00,110.30000,@KC,-1,1,-75.00,0.6000,281.2500,-506.2500,
TRADE,05/11/2020 08:10:00,105.15000,05/11/2020 12:15:00,106.70000,@KC,-1,1,-581.25,0.4000,281.2500,-506.2500,
TRADE,21/12/2020 09:00:00,119.80000,21/12/2020 09:35:00,121.50000,@KC,-1,1,-637.50,0.3500,56.2500,-431.2500,
TRADE,29/12/2020 08:40:00,121.90000,29/12/2020 11:20:00,123.30000,@KC,-1,1,-525.00,0.4500,0.0000,-543.7500,
TRADE,30/12/2020 09:00:00,122.75000,30/12/2020 12:25:00,123.05000,@KC,-1,1,-112.50,0.3500,187.5000,-375.0000,
TRADE,05/01/2021 11:00:00,123.50000,05/01/2021 12:25:00,123.30000,@KC,-1,1,75.00,0.7500,618.7500,0.0000,
TRADE,14/01/2021 09:15:00,121.30000,14/01/2021 11:05:00,123.10000,@KC,-1,1,-675.00,0.4500,37.5000,-712.5000,
TRADE,25/01/2021 09:00:00,121.70000,25/01/2021 12:25:00,121.15000,@KC,-1,1,206.25,0.2000,731.2500,-318.7500,
TRADE,26/01/2021 09:10:00,122.00000,26/01/2021 11:45:00,123.25000,@KC,-1,1,-468.75,0.3500,93.7500,-506.2500,
TRADE,27/01/2021 10:30:00,122.40000,27/01/2021 12:25:00,122.80000,@KC,-1,1,-150.00,0.6500,262.5000,-300.0000,
TRADE,28/01/2021 10:15:00,122.60000,28/01/2021 12:25:00,121.35000,@KC,-1,1,468.75,0.5500,543.7500,-18.7500,
TRADE,01/02/2021 08:40:00,122.90000,01/02/2021 12:25:00,122.55000,@KC,-1,1,131.25,0.5500,243.7500,-750.0000,
TRADE,08/02/2021 08:10:00,121.95000,08/02/2021 12:25:00,121.55000,@KC,-1,1,150.00,0.2500,393.7500,-168.7500,
TRADE,09/02/2021 09:05:00,121.85000,09/02/2021 12:25:00,120.45000,@KC,-1,1,525.00,0.2500,656.2500,-18.7500,
TRADE,17/02/2021 09:25:00,121.10000,17/02/2021 10:50:00,122.25000,@KC,-1,1,-431.25,0.5000,75.0000,-450.0000,
TRADE,04/03/2021 08:05:00,128.95000,04/03/2021 12:25:00,127.50000,@KC,-1,1,543.75,0.2500,1087.5000,-18.7500,
TRADE,15/03/2021 09:35:00,129.10000,15/03/2021 12:25:00,127.15000,@KC,-1,1,731.25,0.8500,1256.2500,-75.0000,
TRADE,16/03/2021 08:20:00,128.45000,16/03/2021 10:20:00,130.35000,@KC,-1,1,-712.50,0.6500,0.0000,-693.7500,
TRADE,13/05/2021 08:50:00,140.55000,13/05/2021 12:25:00,140.25000,@KC,-1,1,112.50,0.7000,525.0000,-375.0000,
TRADE,14/05/2021 10:00:00,141.00000,14/05/2021 12:25:00,139.30000,@KC,-1,1,637.50,1.0000,975.0000,-150.0000,
TRADE,21/05/2021 10:15:00,143.60000,21/05/2021 12:25:00,143.95000,@KC,-1,1,-131.25,0.7000,168.7500,-393.7500,
TRADE,25/05/2021 10:30:00,143.25000,25/05/2021 12:25:00,143.60000,@KC,-1,1,-131.25,0.4500,262.5000,-412.5000,
TRADE,09/06/2021 09:20:00,151.25000,09/06/2021 12:25:00,150.50000,@KC,-1,1,281.25,0.7500,656.2500,-281.2500,
TRADE,10/06/2021 08:15:00,151.60000,10/06/2021 12:25:00,152.35000,@KC,-1,1,-281.25,0.7500,487.5000,-506.2500,
TRADE,11/06/2021 09:50:00,152.45000,11/06/2021 12:25:00,151.25000,@KC,-1,1,450.00,0.2500,562.5000,-187.5000,
TRADE,02/07/2021 08:10:00,147.30000,02/07/2021 12:25:00,144.90000,@KC,-1,1,900.00,0.9500,1106.2500,-393.7500,
TRADE,14/07/2021 08:15:00,146.70000,14/07/2021 12:25:00,147.90000,@KC,-1,1,-450.00,0.9500,318.7500,-543.7500,
TRADE,18/08/2021 08:30:00,171.30000,18/08/2021 12:25:00,171.00000,@KC,-1,1,112.50,0.8000,543.7500,-300.0000,
TRADE,24/08/2021 08:35:00,171.95000,24/08/2021 10:55:00,174.85000,@KC,-1,1,-1087.50,0.7500,75.0000,-993.7500,
TRADE,23/09/2021 08:35:00,175.55000,23/09/2021 11:40:00,177.80000,@KC,-1,1,-843.75,0.4500,243.7500,-675.0000,
TRADE,06/10/2021 08:10:00,182.00000,06/10/2021 12:25:00,181.75000,@KC,-1,1,93.75,1.1500,637.5000,-525.0000,
TRADE,19/10/2021 08:30:00,191.25000,19/10/2021 11:10:00,192.95000,@KC,-1,1,-637.50,0.3500,412.5000,-356.2500,
TRADE,05/11/2021 10:05:00,193.95000,05/11/2021 12:25:00,191.70000,@KC,-1,1,843.75,0.8000,1181.2500,-56.2500,
TRADE,10/11/2021 10:40:00,193.25000,10/11/2021 12:25:00,192.25000,@KC,-1,1,375.00,0.9000,487.5000,-187.5000,
TRADE,30/11/2021 10:15:00,219.50000,30/11/2021 12:25:00,217.20000,@KC,-1,1,862.50,2.3000,1012.5000,-1368.7500,
TRADE,01/12/2021 08:40:00,219.75000,01/12/2021 12:25:00,219.35000,@KC,-1,1,150.00,1.7000,656.2500,-243.7500,
TRADE,09/12/2021 10:45:00,226.25000,09/12/2021 12:25:00,225.75000,@KC,-1,1,187.50,0.7000,562.5000,-56.2500,
TRADE,15/12/2021 08:55:00,224.90000,15/12/2021 12:25:00,223.00000,@KC,-1,1,712.50,0.7500,1312.5000,-37.5000,
TRADE,06/01/2022 08:10:00,214.30000,06/01/2022 10:20:00,217.20000,@KC,-1,1,-1087.50,0.5000,375.0000,-543.7500,
TRADE,21/01/2022 10:50:00,224.40000,21/01/2022 12:25:00,223.90000,@KC,-1,1,187.50,1.2500,356.2500,-656.2500,
TRADE,25/01/2022 09:25:00,224.25000,25/01/2022 12:25:00,224.00000,@KC,-1,1,93.75,1.3500,787.5000,-187.5000,
TRADE,26/01/2022 10:15:00,225.35000,26/01/2022 12:25:00,224.50000,@KC,-1,1,318.75,1.0000,881.2500,-75.0000,
TRADE,01/02/2022 08:10:00,224.10000,01/02/2022 12:25:00,222.55000,@KC,-1,1,581.25,1.4000,656.2500,-937.5000,
TRADE,02/02/2022 09:40:00,223.90000,02/02/2022 12:25:00,224.30000,@KC,-1,1,-150.00,0.8000,712.5000,-262.5000,
TRADE,24/03/2022 10:40:00,208.35000,24/03/2022 12:25:00,207.85000,@KC,-1,1,187.50,1.0000,281.2500,-281.2500,
TRADE,25/03/2022 09:00:00,208.30000,25/03/2022 12:25:00,207.60000,@KC,-1,1,262.50,1.2500,768.7500,-37.5000,
TRADE,13/04/2022 09:30:00,213.10000,13/04/2022 12:25:00,211.00000,@KC,-1,1,787.50,0.8500,956.2500,-56.2500,
TRADE,05/05/2022 08:30:00,207.25000,05/05/2022 12:25:00,202.65000,@KC,-1,1,1725.00,1.3500,1818.7500,-543.7500,
TRADE,12/05/2022 09:50:00,201.75000,12/05/2022 12:25:00,200.25000,@KC,-1,1,562.50,0.6500,1275.0000,-93.7500,
TRADE,19/05/2022 08:05:00,202.05000,19/05/2022 11:40:00,204.95000,@KC,-1,1,-1087.50,0.5000,693.7500,-1125.0000,
TRADE,20/05/2022 09:15:00,201.85000,20/05/2022 12:25:00,201.85000,@KC,-1,1,0.00,0.8000,656.2500,-412.5000,
TRADE,23/05/2022 08:45:00,201.60000,23/05/2022 12:25:00,201.65000,@KC,-1,1,-18.75,0.7000,393.7500,-431.2500,
TRADE,10/06/2022 10:05:00,215.55000,10/06/2022 12:25:00,214.35000,@KC,-1,1,450.00,0.8000,731.2500,-150.0000,
TRADE,17/06/2022 08:20:00,217.90000,17/06/2022 12:25:00,213.15000,@KC,-1,1,1781.25,0.8500,1856.2500,-318.7500,
TRADE,21/06/2022 08:40:00,217.95000,21/06/2022 12:25:00,218.30000,@KC,-1,1,-131.25,1.8500,300.0000,-1200.0000,
TRADE,23/06/2022 09:35:00,216.70000,23/06/2022 12:25:00,214.80000,@KC,-1,1,712.50,1.4500,918.7500,-168.7500,
TRADE,24/06/2022 08:20:00,216.40000,24/06/2022 12:25:00,208.55000,@KC,-1,1,2943.75,0.9000,3093.7500,-225.0000,
TRADE,19/07/2022 09:40:00,200.55000,19/07/2022 12:25:00,201.70000,@KC,-1,1,-431.25,0.6500,487.5000,-487.5000,
TRADE,05/08/2022 08:35:00,200.65000,05/08/2022 12:25:00,194.95000,@KC,-1,1,2137.50,0.9500,2325.0000,-150.0000,
TRADE,08/08/2022 09:30:00,199.95000,08/08/2022 12:25:00,196.80000,@KC,-1,1,1181.25,0.8500,1312.5000,-618.7500,
TRADE,18/08/2022 10:25:00,204.10000,18/08/2022 12:25:00,202.80000,@KC,-1,1,487.50,0.7000,750.0000,-337.5000,
TRADE,06/09/2022 08:15:00,220.45000,06/09/2022 12:25:00,220.80000,@KC,-1,1,-131.25,1.0500,1087.5000,-675.0000,
TRADE,21/09/2022 08:35:00,213.95000,21/09/2022 12:25:00,212.00000,@KC,-1,1,731.25,1.0000,1443.7500,-225.0000,
TRADE,22/09/2022 08:50:00,215.05000,22/09/2022 12:25:00,213.70000,@KC,-1,1,506.25,2.6500,2025.0000,-18.7500,
TRADE,23/09/2022 08:20:00,212.70000,23/09/2022 12:25:00,210.45000,@KC,-1,1,843.75,0.6500,1781.2500,-56.2500,
TRADE,26/09/2022 08:15:00,212.05000,26/09/2022 08:45:00,216.35000,@KC,-1,1,-1612.50,0.9500,431.2500,-918.7500,
TRADE,04/10/2022 09:10:00,212.85000,04/10/2022 12:25:00,210.40000,@KC,-1,1,918.75,1.0500,1706.2500,-112.5000,
TRADE,23/11/2022 09:15:00,156.25000,23/11/2022 12:25:00,156.70000,@KC,-1,1,-168.75,0.8500,581.2500,-318.7500,
TRADE,28/11/2022 09:35:00,156.10000,28/11/2022 12:25:00,156.85000,@KC,-1,1,-281.25,0.9500,318.7500,-787.5000,
TRADE,02/12/2022 09:00:00,156.80000,02/12/2022 12:25:00,156.35000,@KC,-1,1,168.75,1.0000,318.7500,-862.5000,
TRADE,05/12/2022 10:05:00,157.10000,05/12/2022 12:25:00,157.15000,@KC,-1,1,-18.75,0.6500,206.2500,-506.2500,
TRADE,07/12/2022 08:05:00,158.25000,07/12/2022 12:25:00,154.55000,@KC,-1,1,1387.50,0.4000,1950.0000,-187.5000,
TRADE,19/12/2022 08:35:00,158.95000,19/12/2022 12:25:00,158.70000,@KC,-1,1,93.75,0.6500,900.0000,-168.7500,
TRADE,03/01/2023 09:30:00,163.85000,03/01/2023 12:25:00,160.40000,@KC,-1,1,1293.75,1.2000,1575.0000,-487.5000,
TRADE,19/01/2023 08:40:00,150.15000,19/01/2023 12:25:00,148.85000,@KC,-1,1,487.50,0.7500,956.2500,-412.5000,
TRADE,16/02/2023 08:30:00,171.25000,16/02/2023 10:05:00,173.55000,@KC,-1,1,-862.50,0.4000,168.7500,-918.7500,
TRADE,02/03/2023 08:10:00,178.75000,02/03/2023 12:25:00,177.10000,@KC,-1,1,618.75,0.8500,1200.0000,-656.2500,
TRADE,20/03/2023 09:25:00,172.50000,20/03/2023 12:25:00,171.60000,@KC,-1,1,337.50,0.7000,1406.2500,-18.7500,
TRADE,22/03/2023 10:30:00,172.05000,22/03/2023 12:25:00,171.45000,@KC,-1,1,225.00,0.5000,468.7500,-281.2500,
TRADE,24/03/2023 10:55:00,171.60000,24/03/2023 12:25:00,172.95000,@KC,-1,1,-506.25,0.9000,93.7500,-843.7500,
TRADE,04/04/2023 08:45:00,169.80000,04/04/2023 12:25:00,168.35000,@KC,-1,1,543.75,0.6000,975.0000,-656.2500,
TRADE,12/05/2023 08:50:00,182.35000,12/05/2023 12:25:00,178.00000,@KC,-1,1,1631.25,1.5500,2156.2500,0.0000,
TRADE,15/05/2023 08:30:00,181.60000,15/05/2023 11:30:00,183.75000,@KC,-1,1,-806.25,0.5500,112.5000,-1181.2500,
TRADE,17/05/2023 09:05:00,181.80000,17/05/2023 12:25:00,182.25000,@KC,-1,1,-168.75,1.0000,375.0000,-412.5000,
TRADE,18/05/2023 08:15:00,181.60000,18/05/2023 12:25:00,182.45000,@KC,-1,1,-318.75,1.0000,843.7500,-525.0000,
TRADE,23/05/2023 08:50:00,182.75000,23/05/2023 10:05:00,184.75000,@KC,-1,1,-750.00,0.6000,18.7500,-806.2500,
TRADE,02/06/2023 09:55:00,181.50000,02/06/2023 12:25:00,175.55000,@KC,-1,1,2231.25,1.1500,2418.7500,-56.2500,
TRADE,06/06/2023 08:10:00,180.40000,06/06/2023 12:25:00,178.55000,@KC,-1,1,693.75,0.6000,806.2500,-187.5000,
TRADE,07/06/2023 09:00:00,180.65000,07/06/2023 12:25:00,180.85000,@KC,-1,1,-75.00,1.7500,750.0000,-300.0000,
TRADE,13/06/2023 08:10:00,180.45000,13/06/2023 12:25:00,178.85000,@KC,-1,1,600.00,0.7000,1050.0000,-187.5000,
TRADE,16/06/2023 08:35:00,181.65000,16/06/2023 12:25:00,180.55000,@KC,-1,1,412.50,0.9000,675.0000,-356.2500,
