TRADE,09/02/2010 12:30:00,128.37500,11/02/2010 09:30:00,128.57500,@LC,1,1,80.00,0.3000,140.0000,-190.0000,
TRADE,11/02/2010 10:00:00,128.15000,12/02/2010 12:30:00,128.25000,@LC,-1,1,-40.00,0.6750,30.0000,-260.0000,
TRADE,16/02/2010 12:30:00,128.95000,18/02/2010 09:30:00,129.42500,@LC,1,1,190.00,0.1500,200.0000,-110.0000,
TRADE,18/02/2010 10:00:00,129.82500,19/02/2010 12:30:00,130.45000,@LC,-1,1,-250.00,0.6000,0.0000,-260.0000,
TRADE,23/02/2010 12:30:00,129.35000,25/02/2010 09:30:00,128.87500,@LC,1,1,-190.00,0.4000,30.0000,-200.0000,
TRADE,25/02/2010 10:00:00,129.10000,26/02/2010 12:30:00,128.55000,@LC,-1,1,220.00,0.3000,240.0000,-20.0000,
TRADE,02/03/2010 12:30:00,129.55000,04/03/2010 09:30:00,130.00000,@LC,1,1,180.00,0.1750,260.0000,-30.0000,
TRADE,04/03/2010 10:00:00,129.72500,05/03/2010 12:30:00,129.90000,@LC,-1,1,-70.00,0.3250,50.0000,-200.0000,
TRADE,09/03/2010 12:30:00,131.37500,11/03/2010 09:30:00,130.75000,@LC,1,1,-250.00,0.1000,80.0000,-300.0000,
TRADE,11/03/2010 10:00:00,131.07500,12/03/2010 12:30:00,131.85000,@LC,-1,1,-310.00,0.5500,180.0000,-320.0000,
TRADE,16/03/2010 12:30:00,132.72500,18/03/2010 09:30:00,133.85000,@LC,1,1,450.00,0.1500,460.0000,-180.0000,
TRADE,18/03/2010 10:00:00,134.27500,18/03/2010 10:30:00,134.42500,@LC,-1,1,-60.00,0.6250,10.0000,-70.0000,
TRADE,25/03/2010 10:00:00,132.42500,26/03/2010 12:30:00,131.35000,@LC,-1,1,430.00,0.4000,450.0000,-120.0000,
TRADE,06/04/2010 12:30:00,133.07500,08/04/2010 09:30:00,133.57500,@LC,1,1,200.00,0.4250,660.0000,-90.0000,
TRADE,08/04/2010 10:00:00,133.72500,09/04/2010 12:30:00,134.70000,@LC,-1,1,-390.00,0.5750,210.0000,-410.0000,
TRADE,20/04/2010 12:30:00,133.97500,22/04/2010 09:30:00,134.35000,@LC,1,1,150.00,0.3000,540.0000,-40.0000,
TRADE,22/04/2010 10:00:00,134.47500,23/04/2010 12:30:00,135.05000,@LC,-1,1,-230.00,0.4500,30.0000,-350.0000,
TRADE,04/05/2010 12:30:00,135.15000,06/05/2010 09:30:00,135.92500,@LC,1,1,310.00,0.4250,590.0000,-70.0000,
TRADE,06/05/2010 10:00:00,136.25000,07/05/2010 12:30:00,135.37500,@LC,-1,1,350.00,0.5250,590.0000,-60.0000,
TRADE,11/05/2010 12:30:00,136.20000,13/05/2010 09:30:00,135.07500,@LC,1,1,-450.00,0.1500,80.0000,-510.0000,
TRADE,13/05/2010 10:00:00,135.30000,14/05/2010 12:30:00,133.50000,@LC,-1,1,720.00,0.7750,1140.0000,-60.0000,
TRADE,22/06/2010 12:30:00,129.40000,24/06/2010 09:30:00,128.62500,@LC,1,1,-310.00,0.3000,0.0000,-310.0000,
TRADE,01/07/2010 10:00:00,130.10000,02/07/2010 12:30:00,129.97500,@LC,-1,1,50.00,0.4500,130.0000,-180.0000,
TRADE,06/07/2010 12:30:00,130.65000,08/07/2010 09:30:00,131.22500,@LC,1,1,230.00,0.1750,260.0000,-240.0000,
TRADE,08/07/2010 10:00:00,131.37500,09/07/2010 12:30:00,130.57500,@LC,-1,1,320.00,0.4750,320.0000,-10.0000,
TRADE,13/07/2010 12:30:00,130.90000,15/07/2010 09:30:00,132.60000,@LC,1,1,680.00,0.3250,790.0000,-20.0000,
TRADE,15/07/2010 10:00:00,132.62500,15/07/2010 10:30:00,132.82500,@LC,-1,1,-80.00,0.4750,0.0000,-160.0000,
TRADE,20/07/2010 12:30:00,133.25000,22/07/2010 09:30:00,134.15000,@LC,1,1,360.00,0.2500,380.0000,-70.0000,
TRADE,22/07/2010 10:00:00,133.92500,23/07/2010 12:30:00,133.57500,@LC,-1,1,140.00,0.5500,240.0000,-60.0000,
TRADE,27/07/2010 12:30:00,132.92500,29/07/2010 09:30:00,133.67500,@LC,1,1,300.00,0.1500,300.0000,-160.0000,
TRADE,29/07/2010 10:00:00,133.92500,30/07/2010 12:30:00,133.10000,@LC,-1,1,330.00,0.4500,620.0000,-40.0000,
TRADE,05/08/2010 10:00:00,135.97500,05/08/2010 10:30:00,135.82500,@LC,-1,1,60.00,0.6750,70.0000,-40.0000,
TRADE,10/08/2010 12:30:00,134.52500,12/08/2010 09:30:00,134.52500,@LC,1,1,0.00,0.2750,140.0000,-390.0000,
TRADE,12/08/2010 10:00:00,134.30000,13/08/2010 12:30:00,134.22500,@LC,-1,1,30.00,0.2750,120.0000,-400.0000,
TRADE,17/08/2010 12:30:00,135.50000,19/08/2010 09:00:00,139.00000,@LC,1,1,1400.00,0.2000,1380.0000,-200.0000,
TRADE,19/08/2010 10:00:00,138.97500,19/08/2010 10:30:00,138.97500,@LC,-1,1,0.00,1.1000,120.0000,-20.0000,
TRADE,24/08/2010 12:30:00,138.30000,26/08/2010 09:30:00,137.85000,@LC,1,1,-180.00,0.1000,130.0000,-230.0000,
TRADE,26/08/2010 10:00:00,137.72500,27/08/2010 12:30:00,137.22500,@LC,-1,1,200.00,0.3750,380.0000,-100.0000,
TRADE,02/09/2010 10:00:00,137.82500,03/09/2010 11:30:00,137.82500,@LC,-1,1,0.00,1.2750,580.0000,-100.0000,
TRADE,14/09/2010 12:30:00,137.35000,16/09/2010 09:30:00,136.87500,@LC,1,1,-190.00,0.3750,90.0000,-260.0000,
TRADE,21/09/2010 12:30:00,137.50000,23/09/2010 09:30:00,135.67500,@LC,1,1,-730.00,0.1750,30.0000,-1020.0000,
TRADE,12/10/2010 12:30:00,136.00000,14/10/2010 09:30:00,135.12500,@LC,1,1,-350.00,0.2250,120.0000,-360.0000,
TRADE,14/10/2010 10:00:00,135.20000,15/10/2010 12:30:00,136.75000,@LC,-1,1,-620.00,0.6000,140.0000,-780.0000,
TRADE,19/10/2010 12:30:00,137.77500,21/10/2010 09:30:00,138.72500,@LC,1,1,380.00,0.5500,450.0000,-100.0000,
TRADE,21/10/2010 10:00:00,138.55000,22/10/2010 12:30:00,138.15000,@LC,-1,1,160.00,0.5750,330.0000,-60.0000,
TRADE,26/10/2010 12:30:00,137.42500,28/10/2010 09:30:00,136.77500,@LC,1,1,-260.00,0.1250,40.0000,-440.0000,
TRADE,11/11/2010 10:00:00,136.00000,12/11/2010 12:30:00,135.07500,@LC,-1,1,370.00,0.2750,410.0000,-90.0000,
TRADE,18/11/2010 10:00:00,137.40000,18/11/2010 10:30:00,137.15000,@LC,-1,1,100.00,0.7500,100.0000,-40.0000,
TRADE,23/11/2010 12:30:00,137.82500,26/11/2010 12:00:00,139.40000,@LC,1,1,630.00,0.1750,650.0000,-10.0000,
TRADE,30/11/2010 12:30:00,139.30000,02/12/2010 09:30:00,139.45000,@LC,1,1,60.00,0.4000,290.0000,-70.0000,
TRADE,02/12/2010 10:00:00,139.40000,03/12/2010 12:30:00,139.20000,@LC,-1,1,80.00,0.3500,220.0000,-220.0000,
TRADE,21/12/2010 12:30:00,139.17500,22/12/2010 10:30:00,139.17500,@LC,1,1,0.00,0.1750,1110.0000,-120.0000,
TRADE,23/12/2010 10:00:00,140.55000,23/12/2010 11:30:00,140.80000,@LC,-1,1,-100.00,0.4250,90.0000,-110.0000,
TRADE,28/12/2010 12:30:00,142.02500,30/12/2010 09:30:00,141.90000,@LC,1,1,-50.00,0.3250,30.0000,-570.0000,
TRADE,30/12/2010 10:00:00,141.95000,31/12/2010 12:30:00,141.65000,@LC,-1,1,120.00,0.4250,590.0000,0.0000,
TRADE,06/01/2011 10:00:00,140.42500,07/01/2011 12:30:00,139.20000,@LC,-1,1,490.00,0.8750,580.0000,-180.0000,
TRADE,11/01/2011 12:30:00,141.77500,13/01/2011 09:30:00,143.07500,@LC,1,1,520.00,0.4750,750.0000,-130.0000,
TRADE,13/01/2011 10:00:00,142.95000,14/01/2011 12:30:00,142.47500,@LC,-1,1,190.00,0.5750,300.0000,-220.0000,
TRADE,18/01/2011 12:30:00,143.35000,20/01/2011 09:30:00,141.32500,@LC,1,1,-810.00,0.3250,10.0000,-810.0000,
TRADE,20/01/2011 10:00:00,141.27500,21/01/2011 12:30:00,141.25000,@LC,-1,1,10.00,0.1750,110.0000,-360.0000,
TRADE,01/02/2011 12:30:00,142.67500,02/02/2011 09:30:00,142.67500,@LC,1,1,0.00,0.2750,520.0000,-230.0000,
TRADE,15/02/2011 12:30:00,141.55000,17/02/2011 09:30:00,143.00000,@LC,1,1,580.00,0.4750,600.0000,-20.0000,
TRADE,17/02/2011 10:00:00,142.12500,18/02/2011 12:30:00,143.22500,@LC,-1,1,-440.00,0.9750,80.0000,-650.0000,
TRADE,22/02/2011 12:30:00,141.80000,24/02/2011 09:30:00,142.17500,@LC,1,1,150.00,0.2250,180.0000,-310.0000,
TRADE,24/02/2011 10:00:00,141.82500,25/02/2011 12:30:00,142.30000,@LC,-1,1,-190.00,0.6000,200.0000,-260.0000,
TRADE,08/03/2011 12:30:00,142.87500,10/03/2011 09:30:00,145.52500,@LC,1,1,1060.00,0.2250,1210.0000,-130.0000,
TRADE,10/03/2011 10:00:00,145.40000,10/03/2011 11:00:00,145.90000,@LC,-1,1,-200.00,0.8500,70.0000,-260.0000,
TRADE,24/03/2011 10:00:00,143.37500,25/03/2011 12:30:00,145.47500,@LC,-1,1,-840.00,0.5000,260.0000,-1070.0000,
TRADE,29/03/2011 12:30:00,146.55000,31/03/2011 09:30:00,149.30000,@LC,1,1,1100.00,0.4500,1180.0000,-70.0000,
TRADE,31/03/2011 10:00:00,149.12500,01/04/2011 12:30:00,149.95000,@LC,-1,1,-330.00,0.6750,370.0000,-440.0000,
TRADE,05/04/2011 12:30:00,148.25000,07/04/2011 09:30:00,147.25000,@LC,1,1,-400.00,0.8750,280.0000,-510.0000,
TRADE,07/04/2011 10:00:00,147.35000,08/04/2011 12:30:00,146.05000,@LC,-1,1,520.00,0.5000,640.0000,0.0000,
TRADE,09/06/2011 10:00:00,134.62500,10/06/2011 12:30:00,132.22500,@LC,-1,1,960.00,0.7750,1160.0000,-10.0000,
TRADE,14/06/2011 12:30:00,133.47500,16/06/2011 09:30:00,134.12500,@LC,1,1,260.00,0.2250,430.0000,-170.0000,
TRADE,16/06/2011 10:00:00,134.50000,16/06/2011 11:00:00,135.12500,@LC,-1,1,-250.00,0.8500,90.0000,-310.0000,
TRADE,21/06/2011 12:30:00,141.15000,23/06/2011 09:30:00,138.62500,@LC,1,1,-1010.00,0.5000,190.0000,-1070.0000,
TRADE,23/06/2011 10:00:00,138.47500,24/06/2011 12:30:00,140.65000,@LC,-1,1,-870.00,0.5750,90.0000,-1200.0000,
TRADE,28/06/2011 12:30:00,140.50000,30/06/2011 09:30:00,138.45000,@LC,1,1,-820.00,0.4250,70.0000,-890.0000,
TRADE,30/06/2011 10:00:00,138.55000,01/07/2011 12:30:00,141.15000,@LC,-1,1,-1040.00,0.4250,70.0000,-1150.0000,
TRADE,05/07/2011 12:30:00,141.77500,07/07/2011 09:30:00,141.85000,@LC,1,1,30.00,0.2000,90.0000,-410.0000,
TRADE,07/07/2011 10:00:00,141.67500,07/07/2011 12:30:00,143.32500,@LC,-1,1,-660.00,0.6750,100.0000,-660.0000,
TRADE,12/07/2011 12:30:00,142.87500,14/07/2011 09:30:00,141.40000,@LC,1,1,-590.00,0.2500,310.0000,-710.0000,
TRADE,02/08/2011 12:30:00,141.80000,04/08/2011 09:30:00,141.75000,@LC,1,1,-20.00,0.4750,150.0000,-390.0000,
TRADE,04/08/2011 10:00:00,141.95000,04/08/2011 12:00:00,141.95000,@LC,-1,1,0.00,0.4500,450.0000,0.0000,
TRADE,09/08/2011 12:30:00,141.65000,11/08/2011 09:30:00,142.50000,@LC,1,1,340.00,0.3250,410.0000,-250.0000,
TRADE,11/08/2011 10:00:00,142.80000,12/08/2011 09:30:00,144.07500,@LC,-1,1,-510.00,0.8000,140.0000,-540.0000,
TRADE,16/08/2011 12:30:00,143.72500,18/08/2011 09:30:00,140.15000,@LC,1,1,-1430.00,0.2250,250.0000,-1480.0000,
TRADE,06/09/2011 12:30:00,140.20000,08/09/2011 09:30:00,141.05000,@LC,1,1,340.00,0.4250,650.0000,-20.0000,
TRADE,08/09/2011 10:00:00,141.65000,08/09/2011 11:00:00,142.12500,@LC,-1,1,-190.00,0.8500,110.0000,-310.0000,
TRADE,13/09/2011 12:30:00,143.47500,15/09/2011 09:30:00,144.77500,@LC,1,1,520.00,0.7750,640.0000,-50.0000,
TRADE,15/09/2011 10:00:00,144.82500,16/09/2011 12:30:00,142.87500,@LC,-1,1,780.00,0.3750,1120.0000,0.0000,
TRADE,27/09/2011 12:30:00,144.42500,28/09/2011 12:30:00,144.42500,@LC,1,1,0.00,0.3500,450.0000,-180.0000,
TRADE,29/09/2011 10:00:00,144.72500,30/09/2011 12:30:00,146.00000,@LC,-1,1,-510.00,0.9750,350.0000,-560.0000,
TRADE,04/10/2011 12:30:00,146.57500,06/10/2011 09:30:00,146.12500,@LC,1,1,-180.00,0.4000,80.0000,-600.0000,
TRADE,06/10/2011 10:00:00,145.92500,07/10/2011 12:30:00,146.12500,@LC,-1,1,-80.00,0.5000,120.0000,-200.0000,
TRADE,13/10/2011 10:00:00,144.82500,14/10/2011 12:30:00,147.30000,@LC,-1,1,-990.00,0.3750,20.0000,-1340.0000,
TRADE,18/10/2011 12:30:00,147.60000,20/10/2011 09:30:00,145.95000,@LC,1,1,-660.00,0.4500,170.0000,-690.0000,
TRADE,25/10/2011 12:30:00,146.62500,27/10/2011 09:30:00,145.27500,@LC,1,1,-540.00,0.3000,250.0000,-940.0000,
TRADE,03/11/2011 10:00:00,146.72500,04/11/2011 12:30:00,148.40000,@LC,-1,1,-670.00,1.0000,20.0000,-1010.0000,
TRADE,08/11/2011 12:30:00,147.27500,10/11/2011 09:30:00,146.85000,@LC,1,1,-170.00,0.3000,60.0000,-430.0000,
TRADE,10/11/2011 10:00:00,146.42500,11/11/2011 12:30:00,144.92500,@LC,-1,1,600.00,0.5500,700.0000,-450.0000,
TRADE,17/11/2011 10:00:00,146.05000,18/11/2011 12:30:00,143.75000,@LC,-1,1,920.00,0.7000,1090.0000,-130.0000,
TRADE,29/11/2011 12:30:00,145.10000,01/12/2011 09:30:00,146.10000,@LC,1,1,400.00,0.4000,570.0000,-180.0000,
TRADE,01/12/2011 10:00:00,146.37500,02/12/2011 12:30:00,145.72500,@LC,-1,1,260.00,0.5000,280.0000,-240.0000,
TRADE,20/12/2011 12:30:00,143.92500,22/12/2011 09:30:00,144.02500,@LC,1,1,40.00,0.5250,60.0000,-520.0000,
TRADE,22/12/2011 10:00:00,144.10000,22/12/2011 12:30:00,145.45000,@LC,-1,1,-540.00,0.3250,0.0000,-570.0000,
TRADE,27/12/2011 12:30:00,145.92500,29/12/2011 09:30:00,145.45000,@LC,1,1,-190.00,0.2750,10.0000,-260.0000,
TRADE,29/12/2011 10:00:00,145.30000,30/12/2011 12:30:00,145.07500,@LC,-1,1,90.00,0.3000,200.0000,-130.0000,
TRADE,03/01/2012 12:30:00,144.85000,05/01/2012 09:30:00,143.90000,@LC,1,1,-380.00,0.1500,30.0000,-510.0000,
TRADE,05/01/2012 10:00:00,143.97500,06/01/2012 12:30:00,143.65000,@LC,-1,1,130.00,0.3750,520.0000,-420.0000,
TRADE,17/01/2012 12:30:00,145.75000,19/01/2012 09:30:00,146.05000,@LC,1,1,120.00,0.1750,180.0000,-190.0000,
TRADE,19/01/2012 10:00:00,146.07500,20/01/2012 09:30:00,147.57500,@LC,-1,1,-600.00,0.3250,30.0000,-760.0000,
TRADE,24/01/2012 12:30:00,148.22500,26/01/2012 09:30:00,148.02500,@LC,1,1,-80.00,0.2500,90.0000,-200.0000,
TRADE,26/01/2012 10:00:00,147.75000,27/01/2012 12:30:00,147.25000,@LC,-1,1,200.00,0.3250,350.0000,-20.0000,
TRADE,31/01/2012 12:30:00,147.47500,02/02/2012 09:30:00,147.95000,@LC,1,1,190.00,0.3000,440.0000,-140.0000,
TRADE,02/02/2012 10:00:00,147.97500,03/02/2012 12:30:00,147.92500,@LC,-1,1,20.00,0.3750,70.0000,-220.0000,
TRADE,09/02/2012 10:00:00,148.02500,10/02/2012 12:30:00,146.47500,@LC,-1,1,620.00,0.4000,620.0000,-60.0000,
TRADE,14/02/2012 12:30:00,148.45000,16/02/2012 09:30:00,148.57500,@LC,1,1,50.00,0.2500,270.0000,-190.0000,
TRADE,16/02/2012 10:00:00,149.05000,17/02/2012 12:30:00,150.10000,@LC,-1,1,-420.00,0.6000,240.0000,-460.0000,
TRADE,21/02/2012 12:30:00,150.17500,23/02/2012 09:30:00,149.90000,@LC,1,1,-110.00,0.3250,230.0000,-160.0000,
TRADE,23/02/2012 10:00:00,149.40000,24/02/2012 12:30:00,149.02500,@LC,-1,1,150.00,0.7750,300.0000,-300.0000,
TRADE,01/03/2012 10:00:00,149.27500,02/03/2012 12:30:00,150.05000,@LC,-1,1,-310.00,0.4750,160.0000,-430.0000,
TRADE,27/03/2012 12:30:00,145.12500,29/03/2012 09:30:00,143.22500,@LC,1,1,-760.00,0.3500,60.0000,-960.0000,
TRADE,17/04/2012 12:30:00,139.07500,19/04/2012 09:30:00,138.12500,@LC,1,1,-380.00,0.1750,220.0000,-730.0000,
TRADE,08/05/2012 12:30:00,138.70000,10/05/2012 09:30:00,139.72500,@LC,1,1,410.00,0.2500,460.0000,-280.0000,
TRADE,10/05/2012 10:00:00,139.22500,11/05/2012 12:30:00,138.47500,@LC,-1,1,300.00,1.0250,690.0000,-150.0000,
TRADE,15/05/2012 12:30:00,139.30000,17/05/2012 09:30:00,140.57500,@LC,1,1,510.00,0.1750,530.0000,-60.0000,
TRADE,17/05/2012 10:00:00,140.30000,18/05/2012 09:30:00,141.12500,@LC,-1,1,-330.00,0.3500,80.0000,-350.0000,
TRADE,22/05/2012 12:30:00,141.97500,24/05/2012 09:30:00,140.77500,@LC,1,1,-480.00,0.2250,40.0000,-800.0000,
TRADE,24/05/2012 10:00:00,140.72500,25/05/2012 12:30:00,140.47500,@LC,-1,1,100.00,0.4500,310.0000,-240.0000,
TRADE,05/06/2012 12:30:00,140.87500,07/06/2012 09:30:00,140.62500,@LC,1,1,-100.00,0.3250,40.0000,-340.0000,
TRADE,12/06/2012 12:30:00,141.52500,14/06/2012 09:30:00,139.15000,@LC,1,1,-950.00,0.3000,10.0000,-1040.0000,
TRADE,03/07/2012 12:30:00,140.57500,06/07/2012 12:30:00,140.32500,@LC,1,1,-100.00,0.4500,100.0000,-280.0000,
TRADE,10/07/2012 12:30:00,140.02500,12/07/2012 09:30:00,138.62500,@LC,1,1,-560.00,0.1750,30.0000,-580.0000,
TRADE,24/07/2012 12:30:00,139.95000,26/07/2012 09:30:00,139.42500,@LC,1,1,-210.00,0.3500,30.0000,-540.0000,
TRADE,26/07/2012 10:00:00,139.62500,27/07/2012 09:30:00,139.62500,@LC,-1,1,0.00,0.4750,590.0000,-10.0000,
TRADE,31/07/2012 12:30:00,141.37500,02/08/2012 09:30:00,140.12500,@LC,1,1,-500.00,0.6000,0.0000,-610.0000,
TRADE,02/08/2012 10:00:00,140.27500,03/08/2012 12:30:00,141.07500,@LC,-1,1,-320.00,0.4000,250.0000,-660.0000,
TRADE,07/08/2012 12:30:00,140.52500,09/08/2012 09:30:00,142.00000,@LC,1,1,590.00,0.3250,590.0000,-170.0000,
TRADE,09/08/2012 10:00:00,142.07500,10/08/2012 12:30:00,141.85000,@LC,-1,1,90.00,0.3000,290.0000,-100.0000,
TRADE,14/08/2012 12:30:00,142.97500,16/08/2012 09:30:00,142.35000,@LC,1,1,-250.00,0.1500,130.0000,-270.0000,
TRADE,16/08/2012 10:00:00,142.62500,17/08/2012 12:30:00,141.67500,@LC,-1,1,380.00,0.3500,560.0000,-160.0000,
TRADE,30/08/2012 10:00:00,141.67500,31/08/2012 12:30:00,141.85000,@LC,-1,1,-70.00,0.4250,100.0000,-280.0000,
TRADE,04/09/2012 12:30:00,142.10000,06/09/2012 09:30:00,142.42500,@LC,1,1,130.00,0.2750,280.0000,-70.0000,
TRADE,06/09/2012 10:00:00,142.35000,07/09/2012 12:30:00,142.32500,@LC,-1,1,10.00,0.3500,190.0000,-90.0000,
TRADE,11/09/2012 12:30:00,143.00000,13/09/2012 09:30:00,144.75000,@LC,1,1,700.00,0.4750,750.0000,-20.0000,
TRADE,13/09/2012 10:00:00,144.22500,13/09/2012 11:00:00,144.15000,@LC,-1,1,30.00,0.7500,160.0000,0.0000,
TRADE,09/10/2012 12:30:00,140.57500,11/10/2012 09:30:00,140.42500,@LC,1,1,-60.00,0.1250,50.0000,-180.0000,
TRADE,11/10/2012 10:00:00,140.35000,12/10/2012 12:30:00,139.50000,@LC,-1,1,340.00,0.3000,480.0000,-230.0000,
TRADE,16/10/2012 12:30:00,140.35000,18/10/2012 09:30:00,141.55000,@LC,1,1,480.00,0.1000,550.0000,-120.0000,
TRADE,18/10/2012 10:00:00,141.72500,18/10/2012 10:30:00,141.82500,@LC,-1,1,-40.00,0.3000,10.0000,-60.0000,
TRADE,23/10/2012 12:30:00,140.62500,25/10/2012 09:30:00,140.55000,@LC,1,1,-30.00,0.2250,180.0000,-150.0000,
TRADE,01/11/2012 10:00:00,140.07500,02/11/2012 12:30:00,138.50000,@LC,-1,1,630.00,0.7250,640.0000,-40.0000,
TRADE,13/11/2012 12:30:00,139.20000,15/11/2012 09:30:00,138.87500,@LC,1,1,-130.00,0.3250,190.0000,-180.0000,
TRADE,20/11/2012 12:30:00,140.57500,23/11/2012 12:00:00,142.62500,@LC,1,1,820.00,0.2000,860.0000,-40.0000,
TRADE,27/11/2012 12:30:00,142.45000,29/11/2012 09:30:00,141.32500,@LC,1,1,-450.00,0.1000,10.0000,-500.0000,
TRADE,29/11/2012 10:00:00,141.40000,30/11/2012 12:30:00,140.02500,@LC,-1,1,550.00,0.4500,550.0000,-200.0000,
TRADE,11/12/2012 12:30:00,141.60000,13/12/2012 09:30:00,141.65000,@LC,1,1,20.00,0.3000,160.0000,-190.0000,
TRADE,13/12/2012 10:00:00,141.80000,14/12/2012 12:30:00,141.85000,@LC,-1,1,-20.00,0.4750,390.0000,-300.0000,
TRADE,18/12/2012 12:30:00,143.37500,20/12/2012 09:30:00,143.17500,@LC,1,1,-80.00,0.3000,310.0000,-330.0000,
TRADE,20/12/2012 10:00:00,143.27500,21/12/2012 12:30:00,143.12500,@LC,-1,1,60.00,0.3000,340.0000,-100.0000,
TRADE,27/12/2012 10:00:00,142.55000,28/12/2012 12:30:00,143.07500,@LC,-1,1,-210.00,0.4750,0.0000,-280.0000,
TRADE,03/01/2013 10:00:00,143.07500,04/01/2013 12:30:00,143.20000,@LC,-1,1,-50.00,1.0000,60.0000,-360.0000,
TRADE,29/01/2013 12:30:00,138.45000,31/01/2013 09:30:00,138.52500,@LC,1,1,30.00,0.2000,70.0000,-290.0000,
TRADE,31/01/2013 10:00:00,138.47500,01/02/2013 12:30:00,137.75000,@LC,-1,1,290.00,0.4000,460.0000,-70.0000,
TRADE,05/02/2013 12:30:00,137.72500,07/02/2013 09:30:00,136.02500,@LC,1,1,-680.00,0.2500,0.0000,-720.0000,
TRADE,28/02/2013 10:00:00,135.35000,01/03/2013 12:30:00,135.15000,@LC,-1,1,80.00,0.2500,210.0000,-230.0000,
TRADE,05/03/2013 12:30:00,134.97500,07/03/2013 09:30:00,134.10000,@LC,1,1,-350.00,0.3250,60.0000,-1040.0000,
TRADE,28/03/2013 10:00:00,133.67500,28/03/2013 10:30:00,133.90000,@LC,-1,1,-90.00,0.6500,60.0000,-100.0000,
TRADE,02/04/2013 12:30:00,132.92500,04/04/2013 09:30:00,133.20000,@LC,1,1,110.00,0.6750,450.0000,-250.0000,
TRADE,04/04/2013 10:00:00,132.52500,05/04/2013 12:30:00,131.45000,@LC,-1,1,430.00,0.8750,440.0000,-160.0000,
TRADE,25/04/2013 10:00:00,131.75000,25/04/2013 13:00:00,132.90000,@LC,-1,1,-460.00,0.6250,20.0000,-520.0000,
TRADE,30/04/2013 12:30:00,132.75000,02/05/2013 09:30:00,133.50000,@LC,1,1,300.00,0.3250,340.0000,-380.0000,
TRADE,02/05/2013 10:00:00,133.40000,03/05/2013 12:30:00,132.20000,@LC,-1,1,480.00,0.2500,620.0000,-250.0000,
TRADE,21/05/2013 12:30:00,131.00000,23/05/2013 09:30:00,130.35000,@LC,1,1,-260.00,0.2000,140.0000,-510.0000,
TRADE,28/05/2013 12:30:00,130.85000,30/05/2013 09:30:00,131.62500,@LC,1,1,310.00,0.3000,410.0000,-70.0000,
TRADE,30/05/2013 10:00:00,131.47500,31/05/2013 12:30:00,130.87500,@LC,-1,1,240.00,0.3500,480.0000,-140.0000,
TRADE,04/06/2013 12:30:00,131.55000,06/06/2013 09:30:00,130.82500,@LC,1,1,-290.00,0.6500,310.0000,-410.0000,
TRADE,06/06/2013 10:00:00,130.90000,07/06/2013 12:30:00,130.80000,@LC,-1,1,40.00,0.5000,200.0000,-270.0000,
TRADE,11/06/2013 12:30:00,130.82500,13/06/2013 09:30:00,130.67500,@LC,1,1,-60.00,0.6500,240.0000,-230.0000,
TRADE,20/06/2013 10:00:00,130.92500,21/06/2013 11:30:00,132.72500,@LC,-1,1,-720.00,0.4750,140.0000,-910.0000,
TRADE,25/06/2013 12:30:00,132.52500,27/06/2013 09:30:00,134.07500,@LC,1,1,620.00,0.4250,620.0000,-80.0000,
TRADE,27/06/2013 10:00:00,134.20000,28/06/2013 12:30:00,133.57500,@LC,-1,1,250.00,0.3500,340.0000,-110.0000,
TRADE,02/07/2013 12:30:00,133.15000,05/07/2013 13:05:00,133.42500,@LC,1,1,110.00,0.2250,310.0000,-40.0000,
TRADE,09/07/2013 12:30:00,133.77500,11/07/2013 09:30:00,133.45000,@LC,1,1,-130.00,0.1750,210.0000,-140.0000,
TRADE,11/07/2013 10:00:00,133.32500,12/07/2013 12:30:00,132.75000,@LC,-1,1,230.00,0.3750,340.0000,-120.0000,
TRADE,08/08/2013 10:00:00,134.85000,08/08/2013 12:30:00,134.55000,@LC,-1,1,120.00,0.1250,560.0000,0.0000,
TRADE,13/08/2013 12:30:00,135.02500,15/08/2013 09:30:00,135.25000,@LC,1,1,90.00,0.2250,230.0000,-110.0000,
TRADE,15/08/2013 10:00:00,135.47500,16/08/2013 12:30:00,135.27500,@LC,-1,1,80.00,0.4250,370.0000,-320.0000,
TRADE,20/08/2013 12:30:00,135.40000,22/08/2013 09:30:00,134.82500,@LC,1,1,-230.00,0.2000,70.0000,-240.0000,
TRADE,22/08/2013 10:00:00,134.97500,23/08/2013 12:30:00,134.00000,@LC,-1,1,390.00,0.3250,420.0000,-10.0000,
TRADE,24/09/2013 12:30:00,134.15000,26/09/2013 09:30:00,134.30000,@LC,1,1,60.00,0.2000,350.0000,0.0000,
TRADE,26/09/2013 10:00:00,134.50000,27/09/2013 12:30:00,135.42500,@LC,-1,1,-370.00,0.4000,110.0000,-380.0000,
TRADE,01/10/2013 12:30:00,135.10000,03/10/2013 09:30:00,134.65000,@LC,1,1,-180.00,0.2250,130.0000,-200.0000,
TRADE,03/10/2013 10:00:00,134.67500,04/10/2013 12:30:00,135.40000,@LC,-1,1,-290.00,0.2500,10.0000,-290.0000,
TRADE,08/10/2013 12:30:00,135.60000,10/10/2013 09:30:00,135.32500,@LC,1,1,-110.00,0.1250,20.0000,-300.0000,
TRADE,10/10/2013 10:00:00,135.55000,11/10/2013 10:30:00,136.00000,@LC,-1,1,-180.00,0.3000,160.0000,-180.0000,
TRADE,15/10/2013 12:30:00,136.10000,17/10/2013 09:30:00,136.65000,@LC,1,1,220.00,0.0750,230.0000,-80.0000,
TRADE,17/10/2013 10:00:00,136.97500,17/10/2013 10:30:00,136.92500,@LC,-1,1,20.00,0.3750,70.0000,-90.0000,
TRADE,22/10/2013 12:30:00,136.15000,24/10/2013 09:30:00,136.25000,@LC,1,1,40.00,0.2000,320.0000,-100.0000,
TRADE,24/10/2013 10:00:00,136.32500,25/10/2013 12:30:00,137.12500,@LC,-1,1,-320.00,0.3500,100.0000,-580.0000,
TRADE,29/10/2013 12:30:00,137.50000,31/10/2013 09:30:00,136.62500,@LC,1,1,-350.00,0.1250,60.0000,-500.0000,
TRADE,31/10/2013 10:00:00,136.90000,01/11/2013 12:30:00,135.57500,@LC,-1,1,530.00,0.4000,700.0000,-10.0000,
TRADE,14/11/2013 10:00:00,136.45000,15/11/2013 12:30:00,136.52500,@LC,-1,1,-30.00,0.2500,230.0000,-100.0000,
TRADE,03/12/2013 12:30:00,136.12500,05/12/2013 09:30:00,136.50000,@LC,1,1,150.00,0.2000,190.0000,-20.0000,
TRADE,05/12/2013 10:00:00,135.90000,06/12/2013 12:30:00,135.07500,@LC,-1,1,330.00,0.7750,500.0000,-10.0000,
TRADE,12/12/2013 10:00:00,135.30000,13/12/2013 12:30:00,134.35000,@LC,-1,1,380.00,0.3750,430.0000,-90.0000,
TRADE,24/12/2013 12:30:00,135.87500,27/12/2013 13:05:00,137.17500,@LC,1,1,520.00,0.2750,610.0000,-40.0000,
TRADE,31/12/2013 12:30:00,137.22500,03/01/2014 12:30:00,138.37500,@LC,1,1,460.00,0.2500,510.0000,-200.0000,
TRADE,07/01/2014 12:30:00,138.62500,09/01/2014 09:30:00,138.60000,@LC,1,1,-10.00,0.2250,290.0000,-70.0000,
TRADE,09/01/2014 10:00:00,139.02500,10/01/2014 12:30:00,138.95000,@LC,-1,1,30.00,0.5500,190.0000,-170.0000,
TRADE,14/01/2014 12:30:00,139.80000,16/01/2014 09:30:00,142.62500,@LC,1,1,1130.00,0.2000,1240.0000,-70.0000,
TRADE,16/01/2014 10:00:00,142.57500,16/01/2014 10:30:00,142.55000,@LC,-1,1,10.00,0.5500,50.0000,-40.0000,
TRADE,21/01/2014 12:30:00,143.75000,23/01/2014 09:30:00,145.40000,@LC,1,1,660.00,0.2250,1170.0000,-240.0000,
TRADE,23/01/2014 10:00:00,144.95000,24/01/2014 12:30:00,145.25000,@LC,-1,1,-120.00,0.7500,70.0000,-450.0000,
TRADE,28/01/2014 12:30:00,146.07500,30/01/2014 09:30:00,145.42500,@LC,1,1,-260.00,0.4000,40.0000,-440.0000,
TRADE,30/01/2014 10:00:00,145.75000,31/01/2014 12:30:00,145.85000,@LC,-1,1,-40.00,0.4000,370.0000,-340.0000,
TRADE,06/02/2014 10:00:00,144.50000,07/02/2014 12:30:00,145.77500,@LC,-1,1,-510.00,0.2750,220.0000,-540.0000,
TRADE,11/02/2014 12:30:00,146.92500,13/02/2014 09:30:00,146.90000,@LC,1,1,-10.00,0.3500,110.0000,-350.0000,
TRADE,13/02/2014 10:00:00,147.05000,14/02/2014 12:30:00,146.65000,@LC,-1,1,160.00,0.7000,220.0000,-330.0000,
TRADE,18/02/2014 12:30:00,147.30000,20/02/2014 09:30:00,147.35000,@LC,1,1,20.00,0.2250,380.0000,-200.0000,
TRADE,20/02/2014 10:00:00,147.25000,21/02/2014 12:30:00,147.05000,@LC,-1,1,80.00,0.6000,300.0000,-170.0000,
TRADE,25/02/2014 12:30:00,147.57500,27/02/2014 09:30:00,150.85000,@LC,1,1,1310.00,0.3250,1370.0000,-10.0000,
TRADE,27/02/2014 10:00:00,150.87500,27/02/2014 10:30:00,151.30000,@LC,-1,1,-170.00,0.6500,70.0000,-170.0000,
TRADE,04/03/2014 12:30:00,150.95000,05/03/2014 09:30:00,150.95000,@LC,1,1,0.00,0.3500,490.0000,-60.0000,
TRADE,06/03/2014 10:00:00,148.42500,07/03/2014 12:30:00,148.85000,@LC,-1,1,-170.00,0.7500,120.0000,-190.0000,
TRADE,18/03/2014 12:30:00,151.15000,20/03/2014 09:30:00,152.02500,@LC,1,1,350.00,0.1750,360.0000,-160.0000,
TRADE,20/03/2014 10:00:00,152.00000,21/03/2014 12:30:00,149.52500,@LC,-1,1,990.00,0.3250,1260.0000,-80.0000,
TRADE,27/03/2014 10:00:00,151.22500,28/03/2014 12:30:00,151.62500,@LC,-1,1,-160.00,0.4500,70.0000,-460.0000,
TRADE,03/04/2014 10:00:00,150.60000,04/04/2014 12:30:00,148.50000,@LC,-1,1,840.00,0.4500,1140.0000,-90.0000,
TRADE,22/04/2014 12:30:00,148.62500,24/04/2014 09:30:00,148.67500,@LC,1,1,20.00,0.2500,80.0000,-350.0000,
TRADE,29/04/2014 12:30:00,150.07500,01/05/2014 09:30:00,151.25000,@LC,1,1,470.00,0.2750,590.0000,-40.0000,
TRADE,01/05/2014 10:00:00,151.50000,01/05/2014 13:05:00,152.77500,@LC,-1,1,-510.00,0.7750,130.0000,-520.0000,
TRADE,06/05/2014 12:30:00,151.75000,08/05/2014 09:30:00,151.20000,@LC,1,1,-220.00,0.2750,250.0000,-430.0000,
TRADE,08/05/2014 10:00:00,150.97500,09/05/2014 12:30:00,151.55000,@LC,-1,1,-230.00,0.3500,60.0000,-320.0000,
TRADE,20/05/2014 12:30:00,152.42500,22/05/2014 09:30:00,151.70000,@LC,1,1,-290.00,0.2750,40.0000,-390.0000,
TRADE,22/05/2014 10:00:00,151.67500,23/05/2014 12:30:00,150.02500,@LC,-1,1,660.00,0.1250,780.0000,-10.0000,
TRADE,29/05/2014 10:00:00,151.60000,30/05/2014 12:30:00,151.67500,@LC,-1,1,-30.00,0.7000,160.0000,-280.0000,
TRADE,03/06/2014 12:30:00,152.92500,05/06/2014 09:30:00,153.25000,@LC,1,1,130.00,0.3000,190.0000,-360.0000,
TRADE,05/06/2014 10:00:00,153.55000,06/06/2014 12:30:00,154.67500,@LC,-1,1,-450.00,0.6000,90.0000,-460.0000,
TRADE,10/06/2014 12:30:00,156.35000,12/06/2014 09:30:00,155.35000,@LC,1,1,-400.00,0.4750,60.0000,-540.0000,
TRADE,12/06/2014 10:00:00,155.72500,13/06/2014 11:30:00,159.47500,@LC,-1,1,-1500.00,0.5250,110.0000,-1470.0000,
TRADE,17/06/2014 12:30:00,158.90000,19/06/2014 09:30:00,159.10000,@LC,1,1,80.00,0.6500,140.0000,-850.0000,
TRADE,19/06/2014 10:00:00,159.90000,20/06/2014 12:30:00,159.12500,@LC,-1,1,310.00,0.8000,440.0000,-350.0000,
TRADE,24/06/2014 12:30:00,161.90000,26/06/2014 09:30:00,164.32500,@LC,1,1,970.00,0.4500,1070.0000,0.0000,
TRADE,26/06/2014 10:00:00,164.00000,27/06/2014 12:30:00,164.17500,@LC,-1,1,-70.00,0.6250,80.0000,-680.0000,
TRADE,01/07/2014 12:30:00,164.30000,02/07/2014 10:30:00,164.30000,@LC,1,1,0.00,0.2000,660.0000,-60.0000,
TRADE,03/07/2014 10:00:00,167.25000,08/07/2014 11:00:00,166.32500,@LC,-1,1,370.00,0.5500,500.0000,-790.0000,
TRADE,08/07/2014 12:30:00,166.15000,09/07/2014 10:30:00,166.15000,@LC,1,1,0.00,0.3250,790.0000,-150.0000,
TRADE,22/07/2014 12:30:00,168.52500,23/07/2014 09:30:00,168.52500,@LC,1,1,0.00,0.2250,720.0000,-10.0000,
TRADE,24/07/2014 10:00:00,169.25000,24/07/2014 10:30:00,169.25000,@LC,-1,1,0.00,1.5250,460.0000,-150.0000,
TRADE,29/07/2014 12:30:00,171.20000,31/07/2014 09:30:00,171.37500,@LC,1,1,70.00,0.5750,440.0000,-70.0000,
TRADE,31/07/2014 10:00:00,171.35000,01/08/2014 09:30:00,167.85000,@LC,-1,1,1400.00,0.6750,1320.0000,0.0000,
TRADE,26/08/2014 12:30:00,160.65000,28/08/2014 09:30:00,160.92500,@LC,1,1,110.00,0.3500,120.0000,-430.0000,
TRADE,28/08/2014 10:00:00,160.70000,29/08/2014 12:30:00,163.12500,@LC,-1,1,-970.00,0.7250,90.0000,-1030.0000,
TRADE,02/09/2014 12:30:00,164.80000,04/09/2014 09:00:00,170.52500,@LC,1,1,2290.00,0.3250,2290.0000,-70.0000,
TRADE,04/09/2014 10:00:00,169.12500,04/09/2014 11:00:00,169.12500,@LC,-1,1,0.00,1.3500,610.0000,-110.0000,
TRADE,09/09/2014 12:30:00,171.57500,10/09/2014 09:30:00,171.57500,@LC,1,1,0.00,0.4500,570.0000,-70.0000,
TRADE,11/09/2014 10:00:00,169.92500,12/09/2014 12:30:00,169.05000,@LC,-1,1,350.00,1.0500,710.0000,-150.0000,
TRADE,18/09/2014 10:00:00,167.97500,19/09/2014 09:00:00,167.97500,@LC,-1,1,0.00,0.4000,500.0000,-90.0000,
TRADE,30/09/2014 12:30:00,171.95000,02/10/2014 09:30:00,175.20000,@LC,1,1,1300.00,0.4500,1300.0000,-130.0000,
TRADE,02/10/2014 10:00:00,174.97500,03/10/2014 09:00:00,175.72500,@LC,-1,1,-300.00,0.7250,490.0000,-300.0000,
TRADE,07/10/2014 12:30:00,176.77500,09/10/2014 09:30:00,177.10000,@LC,1,1,130.00,1.2500,230.0000,-480.0000,
TRADE,09/10/2014 10:00:00,177.37500,09/10/2014 13:05:00,173.87500,@LC,-1,1,1400.00,0.8750,1340.0000,-270.0000,
TRADE,21/10/2014 12:30:00,175.70000,23/10/2014 09:30:00,177.22500,@LC,1,1,610.00,1.0250,620.0000,-370.0000,
TRADE,23/10/2014 10:00:00,176.07500,24/10/2014 12:30:00,175.42500,@LC,-1,1,260.00,1.2000,450.0000,-860.0000,
TRADE,28/10/2014 12:30:00,176.12500,30/10/2014 09:30:00,175.42500,@LC,1,1,-280.00,0.3250,280.0000,-680.0000,
TRADE,30/10/2014 10:00:00,176.07500,31/10/2014 09:30:00,176.07500,@LC,-1,1,0.00,0.8750,610.0000,-150.0000,
TRADE,11/11/2014 12:30:00,175.65000,13/11/2014 09:30:00,177.37500,@LC,1,1,690.00,0.4250,730.0000,-220.0000,
TRADE,13/11/2014 10:00:00,178.15000,13/11/2014 10:30:00,178.00000,@LC,-1,1,60.00,1.2000,80.0000,-70.0000,
TRADE,18/11/2014 12:30:00,179.32500,20/11/2014 09:30:00,178.70000,@LC,1,1,-250.00,0.1500,70.0000,-310.0000,
TRADE,20/11/2014 10:00:00,178.87500,21/11/2014 12:30:00,179.15000,@LC,-1,1,-110.00,0.6000,240.0000,-180.0000,
TRADE,25/11/2014 12:30:00,178.32500,28/11/2014 12:00:00,177.47500,@LC,1,1,-340.00,0.1500,320.0000,-670.0000,
TRADE,30/12/2014 12:30:00,173.07500,02/01/2015 10:00:00,173.07500,@LC,1,1,0.00,0.2500,570.0000,-950.0000,
TRADE,06/01/2015 12:30:00,174.10000,08/01/2015 09:30:00,174.37500,@LC,1,1,110.00,1.3000,270.0000,-440.0000,
TRADE,08/01/2015 10:00:00,174.97500,08/01/2015 13:05:00,171.47500,@LC,-1,1,1400.00,0.6750,1310.0000,-10.0000,
TRADE,10/02/2015 12:30:00,163.42500,12/02/2015 09:30:00,161.90000,@LC,1,1,-610.00,0.5000,200.0000,-1030.0000,
TRADE,17/02/2015 12:30:00,161.37500,19/02/2015 09:30:00,161.82500,@LC,1,1,180.00,0.8750,670.0000,-390.0000,
TRADE,19/02/2015 10:00:00,161.32500,20/02/2015 12:30:00,160.07500,@LC,-1,1,500.00,0.9500,650.0000,-450.0000,
TRADE,03/03/2015 12:30:00,161.70000,05/03/2015 09:30:00,164.27500,@LC,1,1,1030.00,0.6750,1320.0000,-500.0000,
TRADE,05/03/2015 10:00:00,163.77500,06/03/2015 12:30:00,163.57500,@LC,-1,1,80.00,1.0250,430.0000,-360.0000,
TRADE,10/03/2015 12:30:00,164.00000,12/03/2015 09:30:00,165.57500,@LC,1,1,630.00,0.5750,840.0000,-10.0000,
TRADE,12/03/2015 10:00:00,165.82500,13/03/2015 12:30:00,163.77500,@LC,-1,1,820.00,0.7000,990.0000,-170.0000,
TRADE,19/03/2015 10:00:00,167.10000,19/03/2015 12:00:00,167.92500,@LC,-1,1,-330.00,0.3750,270.0000,-330.0000,
TRADE,24/03/2015 12:30:00,171.40000,26/03/2015 09:30:00,171.70000,@LC,1,1,120.00,0.5500,330.0000,-240.0000,
TRADE,26/03/2015 10:00:00,171.20000,27/03/2015 12:30:00,172.42500,@LC,-1,1,-490.00,1.0000,120.0000,-630.0000,
TRADE,31/03/2015 12:30:00,172.22500,02/04/2015 09:30:00,172.42500,@LC,1,1,80.00,0.8250,370.0000,-460.0000,
TRADE,02/04/2015 10:00:00,172.92500,07/04/2015 10:00:00,170.80000,@LC,-1,1,850.00,0.8000,1210.0000,-580.0000,
TRADE,09/04/2015 10:00:00,171.50000,10/04/2015 12:30:00,168.72500,@LC,-1,1,1110.00,0.5500,1250.0000,-40.0000,
TRADE,28/04/2015 12:30:00,170.97500,30/04/2015 09:30:00,170.90000,@LC,1,1,-30.00,0.3500,90.0000,-370.0000,
TRADE,30/04/2015 10:00:00,170.02500,01/05/2015 12:30:00,168.87500,@LC,-1,1,460.00,1.0500,880.0000,-170.0000,
TRADE,05/05/2015 12:30:00,170.50000,07/05/2015 09:30:00,169.87500,@LC,1,1,-250.00,0.4750,390.0000,-320.0000,
TRADE,07/05/2015 10:00:00,169.40000,08/05/2015 12:30:00,170.67500,@LC,-1,1,-510.00,1.1000,140.0000,-750.0000,
TRADE,12/05/2015 12:30:00,170.65000,14/05/2015 09:30:00,172.92500,@LC,1,1,910.00,0.4750,920.0000,-50.0000,
TRADE,14/05/2015 10:00:00,173.35000,14/05/2015 10:30:00,173.25000,@LC,-1,1,40.00,0.6000,100.0000,-100.0000,
TRADE,19/05/2015 12:30:00,171.85000,21/05/2015 09:30:00,171.95000,@LC,1,1,40.00,0.2500,180.0000,-460.0000,
TRADE,21/05/2015 10:00:00,171.60000,22/05/2015 12:30:00,171.62500,@LC,-1,1,-10.00,0.5000,170.0000,-440.0000,
TRADE,26/05/2015 12:30:00,171.85000,28/05/2015 09:30:00,173.60000,@LC,1,1,700.00,0.3750,760.0000,-420.0000,
TRADE,28/05/2015 10:00:00,173.57500,28/05/2015 11:00:00,173.95000,@LC,-1,1,-150.00,0.6250,80.0000,-190.0000,
TRADE,02/06/2015 12:30:00,172.60000,04/06/2015 09:30:00,171.45000,@LC,1,1,-460.00,0.2500,130.0000,-500.0000,
TRADE,09/06/2015 12:30:00,173.70000,11/06/2015 09:30:00,174.45000,@LC,1,1,300.00,0.6750,620.0000,-70.0000,
TRADE,11/06/2015 10:00:00,175.05000,12/06/2015 09:30:00,171.55000,@LC,-1,1,1400.00,0.8500,1230.0000,-60.0000,
TRADE,23/06/2015 12:30:00,172.35000,25/06/2015 09:30:00,170.22500,@LC,1,1,-850.00,0.2000,180.0000,-880.0000,
TRADE,02/07/2015 10:00:00,172.20000,07/07/2015 11:00:00,170.75000,@LC,-1,1,580.00,0.5250,580.0000,-150.0000,
TRADE,07/07/2015 12:30:00,171.10000,08/07/2015 11:00:00,171.10000,@LC,1,1,0.00,0.3750,530.0000,0.0000,
TRADE,28/07/2015 12:30:00,166.62500,30/07/2015 09:30:00,167.32500,@LC,1,1,280.00,0.2000,320.0000,-290.0000,
TRADE,30/07/2015 10:00:00,167.30000,31/07/2015 12:30:00,166.02500,@LC,-1,1,510.00,0.3500,610.0000,-30.0000,
TRADE,04/08/2015 12:30:00,168.07500,06/08/2015 09:30:00,168.42500,@LC,1,1,140.00,0.3500,260.0000,-180.0000,
TRADE,06/08/2015 10:00:00,169.05000,07/08/2015 12:30:00,169.00000,@LC,-1,1,20.00,0.7750,370.0000,-90.0000,
TRADE,11/08/2015 12:30:00,169.37500,13/08/2015 09:30:00,166.67500,@LC,1,1,-1080.00,0.2250,10.0000,-1320.0000,
TRADE,08/09/2015 12:30:00,163.02500,09/09/2015 13:00:00,163.02500,@LC,1,1,0.00,1.6250,460.0000,-40.0000,
TRADE,10/09/2015 10:00:00,163.57500,10/09/2015 12:00:00,163.57500,@LC,-1,1,0.00,0.6750,480.0000,-50.0000,
TRADE,08/10/2015 10:00:00,152.50000,09/10/2015 12:30:00,152.92500,@LC,-1,1,-170.00,0.9750,290.0000,-830.0000,
TRADE,13/10/2015 12:30:00,153.92500,14/10/2015 11:00:00,153.92500,@LC,1,1,0.00,0.2500,700.0000,-90.0000,
TRADE,15/10/2015 10:00:00,152.97500,16/10/2015 12:30:00,154.72500,@LC,-1,1,-700.00,1.0000,150.0000,-890.0000,
TRADE,20/10/2015 12:30:00,159.42500,22/10/2015 09:30:00,159.75000,@LC,1,1,130.00,0.9000,410.0000,-200.0000,
TRADE,22/10/2015 10:00:00,159.47500,23/10/2015 12:00:00,159.47500,@LC,-1,1,0.00,0.6250,660.0000,-460.0000,
TRADE,27/10/2015 12:30:00,157.65000,29/10/2015 09:00:00,161.17500,@LC,1,1,1410.00,0.5250,1410.0000,-360.0000,
TRADE,29/10/2015 10:00:00,160.05000,30/10/2015 12:30:00,158.37500,@LC,-1,1,670.00,0.9750,810.0000,-230.0000,
TRADE,24/11/2015 12:30:00,147.25000,27/11/2015 12:00:00,148.07500,@LC,1,1,330.00,1.3250,740.0000,-380.0000,
TRADE,22/12/2015 12:30:00,145.32500,23/12/2015 09:00:00,148.82500,@LC,1,1,1400.00,0.5000,1290.0000,-30.0000,
TRADE,24/12/2015 10:00:00,150.17500,29/12/2015 11:00:00,150.22500,@LC,-1,1,-20.00,1.5250,430.0000,-770.0000,
TRADE,29/12/2015 12:30:00,150.35000,31/12/2015 09:30:00,151.10000,@LC,1,1,300.00,0.7750,850.0000,-230.0000,
TRADE,31/12/2015 10:00:00,151.57500,04/01/2016 12:00:00,151.57500,@LC,-1,1,0.00,0.5000,990.0000,0.0000,
TRADE,05/01/2016 12:30:00,151.02500,07/01/2016 09:30:00,150.25000,@LC,1,1,-310.00,0.5250,220.0000,-470.0000,
TRADE,07/01/2016 10:00:00,149.95000,08/01/2016 12:30:00,148.15000,@LC,-1,1,720.00,0.4250,1060.0000,-150.0000,
TRADE,26/01/2016 12:30:00,146.87500,28/01/2016 09:30:00,149.30000,@LC,1,1,970.00,0.3500,1120.0000,0.0000,
TRADE,28/01/2016 10:00:00,148.92500,29/01/2016 12:30:00,148.25000,@LC,-1,1,270.00,0.8500,350.0000,-570.0000,
TRADE,02/02/2016 12:30:00,149.12500,04/02/2016 09:30:00,150.72500,@LC,1,1,640.00,0.2500,680.0000,-90.0000,
TRADE,04/02/2016 10:00:00,150.67500,05/02/2016 12:30:00,148.67500,@LC,-1,1,800.00,0.5000,900.0000,-30.0000,
TRADE,18/02/2016 10:00:00,148.42500,19/02/2016 12:30:00,148.40000,@LC,-1,1,10.00,1.1000,370.0000,-270.0000,
TRADE,23/02/2016 12:30:00,150.15000,25/02/2016 09:30:00,150.52500,@LC,1,1,150.00,0.3500,250.0000,-390.0000,
TRADE,25/02/2016 10:00:00,151.45000,26/02/2016 12:30:00,151.97500,@LC,-1,1,-210.00,1.3000,70.0000,-470.0000,
TRADE,01/03/2016 12:30:00,151.47500,03/03/2016 09:30:00,150.47500,@LC,1,1,-400.00,0.3000,50.0000,-550.0000,
TRADE,03/03/2016 10:00:00,149.77500,04/03/2016 12:30:00,150.25000,@LC,-1,1,-190.00,0.8250,250.0000,-320.0000,
TRADE,08/03/2016 12:30:00,151.57500,10/03/2016 09:30:00,151.92500,@LC,1,1,140.00,0.3000,210.0000,-340.0000,
TRADE,10/03/2016 10:00:00,152.20000,11/03/2016 09:30:00,153.25000,@LC,-1,1,-420.00,0.6250,90.0000,-430.0000,
TRADE,15/03/2016 12:30:00,154.52500,17/03/2016 09:30:00,156.07500,@LC,1,1,620.00,0.5000,630.0000,-20.0000,
TRADE,17/03/2016 10:00:00,156.10000,18/03/2016 12:30:00,154.85000,@LC,-1,1,500.00,0.3250,760.0000,-10.0000,
TRADE,12/04/2016 12:30:00,148.40000,14/04/2016 09:30:00,146.45000,@LC,1,1,-780.00,0.3750,20.0000,-1050.0000,
TRADE,05/05/2016 10:00:00,143.00000,05/05/2016 12:30:00,144.40000,@LC,-1,1,-560.00,0.4500,170.0000,-770.0000,
TRADE,10/05/2016 12:30:00,147.87500,12/05/2016 09:30:00,147.60000,@LC,1,1,-110.00,0.6250,340.0000,-300.0000,
TRADE,12/05/2016 10:00:00,147.80000,13/05/2016 09:00:00,147.80000,@LC,-1,1,0.00,0.9000,460.0000,-630.0000,
TRADE,17/05/2016 12:30:00,148.45000,19/05/2016 09:30:00,147.40000,@LC,1,1,-420.00,0.3500,20.0000,-490.0000,
TRADE,19/05/2016 10:00:00,147.40000,20/05/2016 12:30:00,145.40000,@LC,-1,1,800.00,0.2750,930.0000,-40.0000,
TRADE,31/05/2016 12:30:00,146.42500,02/06/2016 09:30:00,145.62500,@LC,1,1,-320.00,0.3750,70.0000,-520.0000,
TRADE,02/06/2016 10:00:00,146.47500,03/06/2016 12:30:00,146.27500,@LC,-1,1,80.00,1.1250,330.0000,-200.0000,
TRADE,07/06/2016 12:30:00,144.95000,09/06/2016 09:30:00,147.12500,@LC,1,1,870.00,0.8500,1090.0000,-560.0000,
TRADE,09/06/2016 10:00:00,146.97500,10/06/2016 12:30:00,146.45000,@LC,-1,1,210.00,0.5750,280.0000,-200.0000,
TRADE,28/06/2016 12:30:00,141.12500,30/06/2016 09:30:00,143.22500,@LC,1,1,840.00,0.2000,890.0000,-110.0000,
TRADE,30/06/2016 10:00:00,143.52500,01/07/2016 12:30:00,141.82500,@LC,-1,1,680.00,0.4000,870.0000,-180.0000,
TRADE,05/07/2016 12:30:00,141.60000,07/07/2016 09:30:00,140.55000,@LC,1,1,-420.00,0.6250,430.0000,-530.0000,
TRADE,14/07/2016 10:00:00,141.47500,15/07/2016 12:30:00,140.05000,@LC,-1,1,570.00,1.1500,770.0000,-120.0000,
TRADE,26/07/2016 12:30:00,142.12500,28/07/2016 09:30:00,142.32500,@LC,1,1,80.00,0.2250,240.0000,-300.0000,
TRADE,28/07/2016 10:00:00,143.02500,29/07/2016 12:30:00,141.72500,@LC,-1,1,520.00,0.9500,890.0000,-130.0000,
TRADE,02/08/2016 12:30:00,143.42500,04/08/2016 09:30:00,144.82500,@LC,1,1,560.00,1.0500,740.0000,-100.0000,
TRADE,04/08/2016 10:00:00,145.32500,05/08/2016 10:00:00,145.32500,@LC,-1,1,0.00,0.6250,540.0000,-240.0000,
TRADE,09/08/2016 12:30:00,144.65000,11/08/2016 09:30:00,144.42500,@LC,1,1,-90.00,0.7500,290.0000,-210.0000,
TRADE,11/08/2016 10:00:00,143.85000,11/08/2016 11:30:00,143.85000,@LC,-1,1,0.00,0.7000,490.0000,-40.0000,
TRADE,13/09/2016 12:30:00,134.82500,15/09/2016 09:30:00,136.22500,@LC,1,1,560.00,0.4750,680.0000,-640.0000,
TRADE,15/09/2016 10:00:00,136.32500,16/09/2016 12:30:00,137.60000,@LC,-1,1,-510.00,0.5750,260.0000,-540.0000,
TRADE,20/09/2016 12:30:00,137.07500,22/09/2016 09:30:00,138.35000,@LC,1,1,510.00,0.3000,690.0000,-40.0000,
TRADE,22/09/2016 10:00:00,138.52500,23/09/2016 09:00:00,135.02500,@LC,-1,1,1400.00,0.3500,940.0000,-20.0000,
TRADE,25/10/2016 12:30:00,134.92500,27/10/2016 09:30:00,135.65000,@LC,1,1,290.00,0.2250,320.0000,-450.0000,
TRADE,27/10/2016 10:00:00,135.57500,28/10/2016 12:30:00,135.40000,@LC,-1,1,70.00,0.5250,180.0000,-260.0000,
TRADE,01/11/2016 12:30:00,135.22500,03/11/2016 09:30:00,135.32500,@LC,1,1,40.00,0.4750,420.0000,-100.0000,
TRADE,03/11/2016 10:00:00,134.82500,04/11/2016 12:30:00,132.22500,@LC,-1,1,1040.00,0.7000,1150.0000,-300.0000,
TRADE,10/11/2016 10:00:00,135.15000,11/11/2016 12:30:00,135.70000,@LC,-1,1,-220.00,1.2250,300.0000,-240.0000,
TRADE,15/11/2016 12:30:00,135.82500,17/11/2016 09:30:00,138.87500,@LC,1,1,1220.00,0.2750,1310.0000,-180.0000,
TRADE,17/11/2016 10:00:00,138.47500,18/11/2016 12:30:00,138.65000,@LC,-1,1,-70.00,0.7000,160.0000,-230.0000,
TRADE,22/11/2016 12:30:00,139.67500,25/11/2016 12:00:00,141.32500,@LC,1,1,660.00,0.3000,800.0000,-250.0000,
TRADE,29/11/2016 12:30:00,140.00000,01/12/2016 09:30:00,141.67500,@LC,1,1,670.00,0.6750,950.0000,-300.0000,
TRADE,01/12/2016 10:00:00,141.27500,02/12/2016 12:00:00,137.77500,@LC,-1,1,1400.00,0.6000,1350.0000,-170.0000,
TRADE,13/12/2016 12:30:00,143.27500,15/12/2016 09:30:00,142.07500,@LC,1,1,-480.00,0.2750,130.0000,-570.0000,
TRADE,15/12/2016 10:00:00,142.47500,16/12/2016 12:30:00,143.77500,@LC,-1,1,-520.00,0.9250,50.0000,-620.0000,
TRADE,20/12/2016 12:30:00,144.32500,22/12/2016 09:30:00,145.47500,@LC,1,1,460.00,0.5000,680.0000,-40.0000,
TRADE,22/12/2016 10:00:00,145.52500,23/12/2016 12:30:00,145.60000,@LC,-1,1,-30.00,0.5500,390.0000,-400.0000,
TRADE,27/12/2016 12:30:00,145.15000,29/12/2016 09:30:00,146.75000,@LC,1,1,640.00,0.5250,750.0000,-70.0000,
TRADE,29/12/2016 10:00:00,146.00000,30/12/2016 12:30:00,145.22500,@LC,-1,1,310.00,0.8750,630.0000,-660.0000,
TRADE,05/01/2017 10:00:00,145.10000,06/01/2017 12:30:00,144.15000,@LC,-1,1,380.00,0.7000,790.0000,-180.0000,
TRADE,10/01/2017 12:30:00,148.07500,12/01/2017 09:30:00,147.37500,@LC,1,1,-280.00,0.4250,310.0000,-410.0000,
TRADE,12/01/2017 10:00:00,147.25000,13/01/2017 11:30:00,147.25000,@LC,-1,1,0.00,0.6500,710.0000,0.0000,
TRADE,17/01/2017 12:30:00,148.52500,19/01/2017 09:30:00,149.37500,@LC,1,1,340.00,0.2250,430.0000,-90.0000,
TRADE,19/01/2017 10:00:00,149.27500,20/01/2017 12:30:00,148.85000,@LC,-1,1,170.00,0.5250,350.0000,-530.0000,
TRADE,24/01/2017 12:30:00,148.80000,26/01/2017 09:30:00,148.25000,@LC,1,1,-220.00,0.6250,420.0000,-240.0000,
TRADE,26/01/2017 10:00:00,148.32500,27/01/2017 12:30:00,147.65000,@LC,-1,1,270.00,0.3000,520.0000,-290.0000,
TRADE,07/02/2017 12:30:00,146.65000,09/02/2017 09:30:00,145.07500,@LC,1,1,-630.00,0.3250,70.0000,-760.0000,
TRADE,21/02/2017 12:30:00,146.10000,23/02/2017 09:30:00,147.17500,@LC,1,1,430.00,0.2000,550.0000,-320.0000,
TRADE,23/02/2017 10:00:00,147.55000,24/02/2017 12:30:00,145.62500,@LC,-1,1,770.00,0.4750,1070.0000,-10.0000,
TRADE,28/02/2017 12:30:00,147.32500,02/03/2017 09:00:00,147.32500,@LC,1,1,0.00,0.5500,760.0000,-30.0000,
TRADE,02/03/2017 10:00:00,147.35000,03/03/2017 12:30:00,146.37500,@LC,-1,1,390.00,0.4250,670.0000,-90.0000,
TRADE,09/03/2017 10:00:00,146.97500,10/03/2017 12:30:00,148.12500,@LC,-1,1,-460.00,0.2750,200.0000,-500.0000,
TRADE,14/03/2017 12:30:00,147.02500,16/03/2017 09:30:00,148.60000,@LC,1,1,630.00,0.4500,780.0000,-240.0000,
TRADE,16/03/2017 10:00:00,149.17500,17/03/2017 12:30:00,149.80000,@LC,-1,1,-250.00,0.7000,110.0000,-340.0000,
TRADE,21/03/2017 12:30:00,150.12500,23/03/2017 09:30:00,152.55000,@LC,1,1,970.00,0.2250,1220.0000,-60.0000,
TRADE,23/03/2017 10:00:00,152.45000,24/03/2017 12:30:00,153.05000,@LC,-1,1,-240.00,0.9000,330.0000,-410.0000,
TRADE,28/03/2017 12:30:00,151.02500,30/03/2017 09:00:00,151.02500,@LC,1,1,0.00,0.3500,450.0000,-100.0000,
TRADE,30/03/2017 10:00:00,150.30000,31/03/2017 12:30:00,150.42500,@LC,-1,1,-50.00,0.7000,310.0000,-190.0000,
TRADE,11/04/2017 12:30:00,153.27500,12/04/2017 11:00:00,153.27500,@LC,1,1,0.00,0.5250,520.0000,-110.0000,
TRADE,13/04/2017 10:00:00,153.97500,18/04/2017 09:30:00,156.30000,@LC,-1,1,-930.00,0.5750,20.0000,-940.0000,
TRADE,18/04/2017 12:30:00,155.10000,20/04/2017 09:30:00,156.32500,@LC,1,1,490.00,0.3750,540.0000,-290.0000,
TRADE,20/04/2017 10:00:00,156.77500,21/04/2017 09:00:00,156.77500,@LC,-1,1,0.00,0.7000,580.0000,-40.0000,
TRADE,25/04/2017 12:30:00,155.07500,27/04/2017 09:00:00,158.57500,@LC,1,1,1400.00,0.3000,1360.0000,-60.0000,
TRADE,27/04/2017 10:00:00,158.70000,27/04/2017 10:30:00,158.75000,@LC,-1,1,-20.00,0.8250,40.0000,-110.0000,
TRADE,02/05/2017 12:30:00,166.65000,04/05/2017 09:00:00,174.02500,@LC,1,1,2950.00,0.0000,2950.0000,-270.0000,
TRADE,04/05/2017 10:00:00,173.57500,05/05/2017 09:00:00,170.07500,@LC,-1,1,1400.00,1.5000,1390.0000,-80.0000,
TRADE,09/05/2017 12:30:00,165.02500,11/05/2017 09:30:00,163.45000,@LC,1,1,-630.00,2.5500,0.0000,-1310.0000,
TRADE,11/05/2017 10:00:00,163.00000,11/05/2017 13:00:00,163.00000,@LC,-1,1,0.00,1.1250,860.0000,-60.0000,
TRADE,30/05/2017 12:30:00,162.80000,01/06/2017 09:30:00,165.90000,@LC,1,1,1240.00,0.2500,1290.0000,-20.0000,
TRADE,01/06/2017 10:00:00,166.15000,01/06/2017 10:30:00,166.10000,@LC,-1,1,20.00,0.7500,80.0000,-120.0000,
TRADE,06/06/2017 12:30:00,170.25000,07/06/2017 12:30:00,166.50000,@LC,1,1,-1500.00,0.5250,10.0000,-1490.0000,
TRADE,08/06/2017 10:00:00,168.47500,09/06/2017 12:30:00,167.37500,@LC,-1,1,440.00,0.7500,840.0000,-210.0000,
TRADE,13/07/2017 10:00:00,160.82500,13/07/2017 10:30:00,161.15000,@LC,-1,1,-130.00,0.7750,0.0000,-280.0000,
TRADE,20/07/2017 10:00:00,160.72500,21/07/2017 12:30:00,159.67500,@LC,-1,1,420.00,0.4250,700.0000,-40.0000,
TRADE,03/08/2017 10:00:00,159.10000,04/08/2017 12:30:00,158.22500,@LC,-1,1,350.00,0.7000,390.0000,-170.0000,
TRADE,07/09/2017 10:00:00,150.77500,08/09/2017 12:30:00,151.42500,@LC,-1,1,-260.00,0.5250,300.0000,-790.0000,
TRADE,12/09/2017 12:30:00,150.57500,14/09/2017 09:30:00,152.32500,@LC,1,1,700.00,0.5500,770.0000,-390.0000,
TRADE,14/09/2017 10:00:00,153.00000,15/09/2017 12:30:00,151.57500,@LC,-1,1,570.00,0.9000,910.0000,-40.0000,
TRADE,19/09/2017 12:30:00,151.77500,21/09/2017 09:30:00,154.77500,@LC,1,1,1200.00,0.2500,1390.0000,-10.0000,
TRADE,21/09/2017 10:00:00,155.05000,22/09/2017 10:00:00,155.05000,@LC,-1,1,0.00,0.8250,470.0000,-30.0000,
TRADE,28/09/2017 10:00:00,154.12500,29/09/2017 12:30:00,154.07500,@LC,-1,1,20.00,0.3500,320.0000,-290.0000,
TRADE,03/10/2017 12:30:00,153.85000,05/10/2017 09:30:00,154.52500,@LC,1,1,270.00,0.5000,590.0000,-70.0000,
TRADE,05/10/2017 10:00:00,154.02500,06/10/2017 12:30:00,155.57500,@LC,-1,1,-620.00,1.0250,150.0000,-830.0000,
TRADE,10/10/2017 12:30:00,158.05000,12/10/2017 09:30:00,156.77500,@LC,1,1,-510.00,0.4750,50.0000,-570.0000,
TRADE,12/10/2017 10:00:00,156.90000,13/10/2017 12:30:00,156.10000,@LC,-1,1,320.00,0.3500,560.0000,-440.0000,
TRADE,17/10/2017 12:30:00,155.90000,19/10/2017 09:30:00,155.12500,@LC,1,1,-310.00,0.3500,200.0000,-950.0000,
TRADE,19/10/2017 10:00:00,155.62500,20/10/2017 12:30:00,155.35000,@LC,-1,1,110.00,0.6750,430.0000,-240.0000,
TRADE,24/10/2017 12:30:00,157.60000,26/10/2017 09:30:00,158.42500,@LC,1,1,330.00,0.3000,750.0000,0.0000,
TRADE,26/10/2017 10:00:00,158.57500,26/10/2017 12:00:00,159.57500,@LC,-1,1,-400.00,0.5500,140.0000,-450.0000,
TRADE,31/10/2017 12:30:00,164.67500,02/11/2017 09:30:00,165.62500,@LC,1,1,380.00,0.7500,880.0000,-270.0000,
TRADE,02/11/2017 10:00:00,164.72500,03/11/2017 09:00:00,165.90000,@LC,-1,1,-470.00,1.0250,730.0000,-470.0000,
TRADE,07/11/2017 12:30:00,163.22500,09/11/2017 09:30:00,161.47500,@LC,1,1,-700.00,0.5500,270.0000,-890.0000,
TRADE,09/11/2017 10:00:00,161.42500,10/11/2017 12:30:00,159.40000,@LC,-1,1,810.00,0.5500,960.0000,-70.0000,
TRADE,30/11/2017 10:00:00,159.15000,01/12/2017 10:30:00,155.65000,@LC,-1,1,1400.00,0.5750,1360.0000,-50.0000,
TRADE,19/12/2017 12:30:00,153.15000,21/12/2017 09:30:00,151.77500,@LC,1,1,-550.00,0.6750,260.0000,-800.0000,
TRADE,26/12/2017 12:30:00,153.47500,28/12/2017 09:30:00,154.25000,@LC,1,1,310.00,0.4250,750.0000,-90.0000,
TRADE,28/12/2017 10:00:00,154.57500,29/12/2017 12:30:00,154.62500,@LC,-1,1,-20.00,0.4250,110.0000,-410.0000,
TRADE,02/01/2018 12:30:00,155.70000,04/01/2018 09:30:00,156.05000,@LC,1,1,140.00,0.3500,320.0000,-140.0000,
TRADE,04/01/2018 10:00:00,156.02500,05/01/2018 10:00:00,152.52500,@LC,-1,1,1400.00,0.6000,1330.0000,-240.0000,
TRADE,18/01/2018 10:00:00,154.65000,19/01/2018 12:30:00,154.42500,@LC,-1,1,90.00,0.3750,310.0000,-410.0000,
TRADE,23/01/2018 12:30:00,157.40000,25/01/2018 09:30:00,158.65000,@LC,1,1,500.00,0.3750,510.0000,-50.0000,
TRADE,25/01/2018 10:00:00,158.85000,26/01/2018 09:00:00,155.35000,@LC,-1,1,1400.00,0.4500,1370.0000,-70.0000,
TRADE,30/01/2018 12:30:00,157.62500,01/02/2018 09:30:00,156.30000,@LC,1,1,-530.00,0.5750,100.0000,-860.0000,
TRADE,01/02/2018 10:00:00,158.07500,02/02/2018 12:30:00,159.30000,@LC,-1,1,-490.00,1.9750,10.0000,-660.0000,
TRADE,06/02/2018 12:30:00,157.87500,08/02/2018 09:30:00,157.47500,@LC,1,1,-160.00,0.6750,190.0000,-440.0000,
TRADE,13/02/2018 12:30:00,158.20000,15/02/2018 09:30:00,159.35000,@LC,1,1,460.00,0.5250,560.0000,-230.0000,
TRADE,15/02/2018 10:00:00,159.50000,16/02/2018 12:30:00,160.65000,@LC,-1,1,-460.00,0.3500,310.0000,-470.0000,
TRADE,20/02/2018 12:30:00,160.82500,22/02/2018 09:30:00,158.85000,@LC,1,1,-790.00,0.1250,20.0000,-1250.0000,
TRADE,22/02/2018 10:00:00,158.70000,23/02/2018 12:30:00,157.77500,@LC,-1,1,370.00,0.7000,580.0000,-10.0000,
TRADE,17/04/2018 12:30:00,147.50000,19/04/2018 09:00:00,147.50000,@LC,1,1,0.00,0.8750,530.0000,-110.0000,
TRADE,19/04/2018 10:00:00,146.67500,20/04/2018 12:30:00,145.70000,@LC,-1,1,390.00,1.2000,880.0000,-440.0000,
TRADE,24/04/2018 12:30:00,148.00000,26/04/2018 09:30:00,149.02500,@LC,1,1,410.00,0.5750,450.0000,-210.0000,
TRADE,26/04/2018 10:00:00,148.75000,27/04/2018 12:30:00,147.95000,@LC,-1,1,320.00,0.5000,700.0000,-10.0000,
TRADE,01/05/2018 12:30:00,148.20000,02/05/2018 11:30:00,148.20000,@LC,1,1,0.00,0.8000,590.0000,-110.0000,
TRADE,03/05/2018 10:00:00,148.77500,04/05/2018 12:30:00,149.07500,@LC,-1,1,-120.00,0.7250,40.0000,-660.0000,
TRADE,08/05/2018 12:30:00,149.65000,10/05/2018 09:30:00,148.32500,@LC,1,1,-530.00,0.7250,120.0000,-730.0000,
TRADE,10/05/2018 10:00:00,148.70000,11/05/2018 12:30:00,150.05000,@LC,-1,1,-540.00,0.6750,0.0000,-900.0000,
TRADE,22/05/2018 12:30:00,147.70000,24/05/2018 09:30:00,147.92500,@LC,1,1,90.00,0.3000,440.0000,-150.0000,
TRADE,31/05/2018 10:00:00,149.37500,31/05/2018 13:00:00,149.37500,@LC,-1,1,0.00,0.8500,910.0000,-40.0000,
TRADE,05/06/2018 12:30:00,149.50000,07/06/2018 09:30:00,149.72500,@LC,1,1,90.00,0.4750,430.0000,-200.0000,
TRADE,07/06/2018 10:00:00,150.07500,08/06/2018 09:00:00,150.07500,@LC,-1,1,0.00,0.5250,470.0000,-190.0000,
TRADE,12/06/2018 12:30:00,149.67500,14/06/2018 09:30:00,148.70000,@LC,1,1,-390.00,0.4750,130.0000,-630.0000,
TRADE,19/06/2018 12:30:00,151.55000,20/06/2018 10:30:00,151.55000,@LC,1,1,0.00,0.6000,510.0000,-190.0000,
TRADE,21/06/2018 10:00:00,151.60000,22/06/2018 12:30:00,150.97500,@LC,-1,1,250.00,0.6500,350.0000,-190.0000,
TRADE,03/07/2018 12:30:00,151.80000,05/07/2018 09:30:00,152.52500,@LC,1,1,290.00,0.9750,390.0000,-70.0000,
TRADE,05/07/2018 10:00:00,151.95000,06/07/2018 12:30:00,153.20000,@LC,-1,1,-500.00,0.8500,200.0000,-590.0000,
TRADE,10/07/2018 12:30:00,150.97500,12/07/2018 09:30:00,149.97500,@LC,1,1,-400.00,0.4750,0.0000,-1230.0000,
TRADE,12/07/2018 10:00:00,150.67500,13/07/2018 12:30:00,149.57500,@LC,-1,1,440.00,1.0000,610.0000,-240.0000,
TRADE,17/07/2018 12:30:00,151.45000,19/07/2018 09:30:00,154.22500,@LC,1,1,1110.00,1.1000,1220.0000,-50.0000,
TRADE,19/07/2018 10:00:00,154.45000,20/07/2018 12:30:00,153.75000,@LC,-1,1,280.00,0.3500,380.0000,-40.0000,
TRADE,24/07/2018 12:30:00,153.05000,26/07/2018 09:30:00,155.47500,@LC,1,1,970.00,0.4750,1130.0000,-40.0000,
TRADE,26/07/2018 10:00:00,155.27500,27/07/2018 12:30:00,153.70000,@LC,-1,1,630.00,0.5750,1310.0000,-50.0000,
TRADE,02/08/2018 10:00:00,153.82500,03/08/2018 10:00:00,155.40000,@LC,-1,1,-630.00,0.4750,300.0000,-760.0000,
TRADE,07/08/2018 12:30:00,154.42500,09/08/2018 09:30:00,154.22500,@LC,1,1,-80.00,0.3250,180.0000,-240.0000,
TRADE,09/08/2018 10:00:00,154.30000,10/08/2018 12:30:00,152.72500,@LC,-1,1,630.00,0.2000,930.0000,-50.0000,
TRADE,21/08/2018 12:30:00,154.40000,23/08/2018 09:30:00,152.82500,@LC,1,1,-630.00,0.1750,110.0000,-930.0000,
TRADE,04/09/2018 12:30:00,153.37500,06/09/2018 09:30:00,152.77500,@LC,1,1,-240.00,0.7000,270.0000,-360.0000,
TRADE,11/09/2018 12:30:00,153.02500,13/09/2018 09:30:00,154.32500,@LC,1,1,520.00,0.1750,940.0000,-50.0000,
TRADE,13/09/2018 10:00:00,154.00000,14/09/2018 09:30:00,155.67500,@LC,-1,1,-670.00,0.5000,20.0000,-680.0000,
TRADE,18/09/2018 12:30:00,156.95000,20/09/2018 09:30:00,156.57500,@LC,1,1,-150.00,0.1250,150.0000,-160.0000,
TRADE,20/09/2018 10:00:00,156.70000,21/09/2018 12:30:00,156.70000,@LC,-1,1,0.00,0.4250,330.0000,-260.0000,
TRADE,27/09/2018 10:00:00,157.05000,28/09/2018 12:30:00,157.47500,@LC,-1,1,-170.00,0.4250,80.0000,-330.0000,
TRADE,02/10/2018 12:30:00,157.72500,04/10/2018 09:30:00,156.77500,@LC,1,1,-380.00,0.2000,250.0000,-500.0000,
TRADE,04/10/2018 10:00:00,156.87500,05/10/2018 12:30:00,156.62500,@LC,-1,1,100.00,0.4250,170.0000,-350.0000,
TRADE,23/10/2018 12:30:00,155.97500,25/10/2018 09:30:00,156.60000,@LC,1,1,250.00,0.1750,600.0000,-60.0000,
TRADE,25/10/2018 10:00:00,156.92500,26/10/2018 10:30:00,156.92500,@LC,-1,1,0.00,0.4250,610.0000,-30.0000,
TRADE,20/11/2018 12:30:00,154.47500,23/11/2018 12:00:00,156.07500,@LC,1,1,640.00,0.1500,660.0000,-60.0000,
TRADE,27/11/2018 12:30:00,155.57500,29/11/2018 09:30:00,154.92500,@LC,1,1,-260.00,0.2250,310.0000,-290.0000,
TRADE,29/11/2018 10:00:00,154.70000,30/11/2018 12:30:00,155.77500,@LC,-1,1,-430.00,0.7250,420.0000,-800.0000,
TRADE,04/12/2018 12:30:00,156.45000,06/12/2018 09:00:00,156.45000,@LC,1,1,0.00,0.4000,470.0000,-80.0000,
TRADE,06/12/2018 10:00:00,157.15000,07/12/2018 12:30:00,156.70000,@LC,-1,1,180.00,0.7250,590.0000,-100.0000,
TRADE,11/12/2018 12:30:00,157.27500,13/12/2018 09:30:00,158.07500,@LC,1,1,320.00,0.4250,390.0000,-200.0000,
TRADE,13/12/2018 10:00:00,157.90000,14/12/2018 12:30:00,157.37500,@LC,-1,1,210.00,0.5500,240.0000,-160.0000,
TRADE,18/12/2018 12:30:00,157.90000,20/12/2018 09:30:00,156.87500,@LC,1,1,-410.00,0.3500,20.0000,-470.0000,
TRADE,20/12/2018 10:00:00,157.02500,21/12/2018 12:30:00,157.67500,@LC,-1,1,-260.00,0.4000,160.0000,-420.0000,
TRADE,27/12/2018 10:00:00,159.20000,27/12/2018 10:30:00,159.40000,@LC,-1,1,-80.00,0.2000,10.0000,-100.0000,
TRADE,03/01/2019 10:00:00,158.60000,04/01/2019 12:30:00,156.97500,@LC,-1,1,650.00,0.2000,650.0000,-10.0000,
TRADE,08/01/2019 12:30:00,159.95000,10/01/2019 09:30:00,159.85000,@LC,1,1,-40.00,0.6250,240.0000,-120.0000,
TRADE,10/01/2019 10:00:00,159.92500,11/01/2019 12:30:00,160.57500,@LC,-1,1,-260.00,0.4250,70.0000,-320.0000,
TRADE,15/01/2019 12:30:00,161.80000,17/01/2019 09:30:00,162.12500,@LC,1,1,130.00,0.3750,490.0000,-50.0000,
TRADE,17/01/2019 10:00:00,162.22500,18/01/2019 12:30:00,161.47500,@LC,-1,1,300.00,0.4500,370.0000,-30.0000,
TRADE,22/01/2019 12:30:00,160.55000,24/01/2019 09:30:00,160.42500,@LC,1,1,-50.00,0.1750,60.0000,-310.0000,
TRADE,24/01/2019 10:00:00,160.45000,25/01/2019 12:30:00,160.97500,@LC,-1,1,-210.00,0.4750,150.0000,-390.0000,
TRADE,29/01/2019 12:30:00,161.92500,31/01/2019 09:30:00,162.40000,@LC,1,1,190.00,0.2000,230.0000,-70.0000,
TRADE,31/01/2019 10:00:00,162.57500,31/01/2019 11:00:00,163.35000,@LC,-1,1,-310.00,0.2750,0.0000,-470.0000,
TRADE,05/02/2019 12:30:00,161.72500,07/02/2019 09:30:00,161.55000,@LC,1,1,-70.00,0.3750,160.0000,-320.0000,
TRADE,12/02/2019 12:30:00,162.32500,14/02/2019 09:30:00,161.12500,@LC,1,1,-480.00,0.2250,80.0000,-550.0000,
TRADE,19/02/2019 12:30:00,163.20000,21/02/2019 09:30:00,163.20000,@LC,1,1,0.00,0.2250,270.0000,-250.0000,
TRADE,21/02/2019 10:00:00,163.02500,22/02/2019 12:30:00,163.15000,@LC,-1,1,-50.00,0.3000,300.0000,-150.0000,
TRADE,26/02/2019 12:30:00,164.00000,28/02/2019 09:30:00,164.00000,@LC,1,1,0.00,0.1500,150.0000,-30.0000,
TRADE,28/02/2019 10:00:00,163.47500,01/03/2019 12:30:00,163.95000,@LC,-1,1,-190.00,0.6750,120.0000,-500.0000,
TRADE,07/03/2019 10:00:00,163.30000,08/03/2019 12:30:00,163.75000,@LC,-1,1,-180.00,0.3000,200.0000,-190.0000,
TRADE,21/03/2019 10:00:00,164.05000,22/03/2019 12:30:00,163.95000,@LC,-1,1,40.00,0.1500,400.0000,-270.0000,
TRADE,09/04/2019 12:30:00,160.85000,11/04/2019 09:30:00,160.95000,@LC,1,1,40.00,0.2750,150.0000,-320.0000,
TRADE,11/04/2019 10:00:00,161.30000,11/04/2019 10:30:00,162.07500,@LC,-1,1,-310.00,0.5250,30.0000,-360.0000,
TRADE,16/04/2019 12:30:00,162.80000,18/04/2019 09:30:00,162.70000,@LC,1,1,-40.00,0.3000,170.0000,-180.0000,
TRADE,18/04/2019 10:00:00,162.75000,23/04/2019 09:30:00,162.12500,@LC,-1,1,250.00,0.3000,580.0000,-190.0000,
TRADE,23/04/2019 12:30:00,162.07500,24/04/2019 11:00:00,159.60000,@LC,1,1,-990.00,0.5000,20.0000,-1010.0000,
TRADE,28/05/2019 12:30:00,151.52500,30/05/2019 09:30:00,151.62500,@LC,1,1,40.00,0.4000,250.0000,-430.0000,
TRADE,30/05/2019 10:00:00,151.52500,31/05/2019 12:30:00,149.07500,@LC,-1,1,980.00,0.5250,1400.0000,-60.0000,
TRADE,11/06/2019 12:30:00,149.77500,13/06/2019 09:30:00,147.85000,@LC,1,1,-770.00,0.7250,430.0000,-950.0000,
TRADE,18/06/2019 12:30:00,149.27500,20/06/2019 09:30:00,148.72500,@LC,1,1,-220.00,0.3750,110.0000,-450.0000,
TRADE,20/06/2019 10:00:00,149.05000,21/06/2019 12:30:00,146.80000,@LC,-1,1,900.00,0.7500,1330.0000,-180.0000,
TRADE,27/06/2019 10:00:00,149.30000,28/06/2019 12:30:00,148.70000,@LC,-1,1,240.00,0.5750,390.0000,-290.0000,
TRADE,09/07/2019 12:30:00,152.02500,11/07/2019 09:30:00,151.25000,@LC,1,1,-310.00,0.4500,20.0000,-440.0000,
TRADE,11/07/2019 10:00:00,151.10000,12/07/2019 12:30:00,152.17500,@LC,-1,1,-430.00,0.4250,130.0000,-520.0000,
TRADE,16/07/2019 12:30:00,151.65000,18/07/2019 09:30:00,151.92500,@LC,1,1,110.00,0.2500,210.0000,-240.0000,
TRADE,18/07/2019 10:00:00,152.02500,19/07/2019 12:30:00,151.02500,@LC,-1,1,400.00,0.5250,500.0000,-20.0000,
TRADE,23/07/2019 12:30:00,152.72500,25/07/2019 09:30:00,152.62500,@LC,1,1,-40.00,0.1250,90.0000,-160.0000,
TRADE,25/07/2019 10:00:00,152.87500,26/07/2019 12:30:00,152.42500,@LC,-1,1,180.00,0.3500,260.0000,-50.0000,
TRADE,03/09/2019 12:30:00,142.30000,05/09/2019 09:30:00,140.97500,@LC,1,1,-530.00,0.4250,0.0000,-780.0000,
TRADE,17/09/2019 12:30:00,141.60000,19/09/2019 09:30:00,142.62500,@LC,1,1,410.00,0.6000,580.0000,-140.0000,
TRADE,19/09/2019 10:00:00,142.55000,20/09/2019 12:30:00,141.97500,@LC,-1,1,230.00,0.4500,320.0000,-90.0000,
TRADE,24/09/2019 12:30:00,144.37500,26/09/2019 09:30:00,145.30000,@LC,1,1,370.00,0.3000,560.0000,-30.0000,
TRADE,26/09/2019 10:00:00,145.42500,27/09/2019 12:30:00,146.85000,@LC,-1,1,-570.00,0.3500,180.0000,-660.0000,
TRADE,01/10/2019 12:30:00,146.07500,03/10/2019 09:30:00,146.92500,@LC,1,1,340.00,0.3750,550.0000,-100.0000,
TRADE,03/10/2019 10:00:00,147.00000,04/10/2019 12:30:00,147.65000,@LC,-1,1,-260.00,0.4250,140.0000,-310.0000,
TRADE,08/10/2019 12:30:00,147.50000,10/10/2019 09:30:00,147.62500,@LC,1,1,50.00,0.2500,530.0000,-170.0000,
TRADE,10/10/2019 10:00:00,147.40000,11/10/2019 12:30:00,148.70000,@LC,-1,1,-520.00,0.4750,0.0000,-540.0000,
TRADE,15/10/2019 12:30:00,149.70000,16/10/2019 12:00:00,149.70000,@LC,1,1,0.00,0.2250,450.0000,-20.0000,
TRADE,17/10/2019 10:00:00,150.37500,18/10/2019 12:30:00,149.55000,@LC,-1,1,330.00,0.6750,600.0000,-270.0000,
TRADE,22/10/2019 12:30:00,150.82500,24/10/2019 09:30:00,151.85000,@LC,1,1,410.00,0.6250,510.0000,-330.0000,
TRADE,24/10/2019 10:00:00,151.85000,25/10/2019 12:30:00,152.30000,@LC,-1,1,-180.00,0.4750,320.0000,-220.0000,
TRADE,29/10/2019 12:30:00,153.37500,31/10/2019 09:30:00,154.00000,@LC,1,1,250.00,0.2750,740.0000,-50.0000,
TRADE,31/10/2019 10:00:00,153.67500,01/11/2019 12:30:00,155.62500,@LC,-1,1,-780.00,0.6250,80.0000,-860.0000,
TRADE,05/11/2019 12:30:00,156.30000,07/11/2019 09:30:00,155.97500,@LC,1,1,-130.00,0.2250,20.0000,-590.0000,
TRADE,07/11/2019 10:00:00,156.02500,08/11/2019 12:30:00,156.20000,@LC,-1,1,-70.00,0.4750,320.0000,-100.0000,
TRADE,12/11/2019 12:30:00,156.27500,14/11/2019 09:30:00,154.50000,@LC,1,1,-710.00,0.3000,100.0000,-920.0000,
TRADE,21/11/2019 10:00:00,156.07500,22/11/2019 12:30:00,155.10000,@LC,-1,1,390.00,0.6250,480.0000,-50.0000,
TRADE,26/11/2019 12:30:00,156.45000,29/11/2019 12:00:00,157.22500,@LC,1,1,310.00,0.2000,820.0000,0.0000,
TRADE,03/12/2019 12:30:00,156.92500,05/12/2019 09:30:00,155.50000,@LC,1,1,-570.00,0.3250,120.0000,-710.0000,
TRADE,12/12/2019 10:00:00,156.67500,13/12/2019 09:30:00,158.20000,@LC,-1,1,-610.00,0.3750,270.0000,-670.0000,
TRADE,17/12/2019 12:30:00,158.22500,19/12/2019 09:30:00,157.50000,@LC,1,1,-290.00,0.1500,0.0000,-440.0000,
TRADE,19/12/2019 10:00:00,157.70000,20/12/2019 12:30:00,157.20000,@LC,-1,1,200.00,0.2250,450.0000,-80.0000,
TRADE,26/12/2019 10:00:00,157.67500,27/12/2019 12:30:00,158.02500,@LC,-1,1,-140.00,0.2000,10.0000,-360.0000,
TRADE,07/01/2020 12:30:00,157.42500,09/01/2020 09:30:00,158.15000,@LC,1,1,290.00,0.2250,400.0000,-50.0000,
TRADE,09/01/2020 10:00:00,158.30000,10/01/2020 12:30:00,158.57500,@LC,-1,1,-110.00,0.3000,360.0000,-170.0000,
TRADE,14/01/2020 12:30:00,158.50000,16/01/2020 09:30:00,157.22500,@LC,1,1,-510.00,0.4250,30.0000,-610.0000,
TRADE,18/02/2020 12:30:00,152.45000,20/02/2020 09:30:00,152.50000,@LC,1,1,20.00,0.2750,140.0000,-160.0000,
TRADE,20/02/2020 10:00:00,152.17500,21/02/2020 12:30:00,149.05000,@LC,-1,1,1250.00,0.4250,1330.0000,-20.0000,
TRADE,26/03/2020 10:00:00,139.15000,27/03/2020 09:00:00,135.65000,@LC,-1,1,1400.00,0.8500,1310.0000,-80.0000,
TRADE,31/03/2020 12:30:00,133.40000,01/04/2020 09:00:00,132.87500,@LC,1,1,-210.00,1.6750,990.0000,-210.0000,
TRADE,16/04/2020 10:00:00,130.42500,17/04/2020 12:30:00,130.25000,@LC,-1,1,70.00,0.4750,310.0000,-600.0000,
TRADE,05/05/2020 12:30:00,130.60000,07/05/2020 09:00:00,135.55000,@LC,1,1,1980.00,0.4500,1980.0000,-340.0000,
TRADE,07/05/2020 10:00:00,137.17500,07/05/2020 10:30:00,137.65000,@LC,-1,1,-190.00,1.4750,190.0000,-200.0000,
TRADE,12/05/2020 12:30:00,140.52500,13/05/2020 10:30:00,140.52500,@LC,1,1,0.00,0.5000,850.0000,-10.0000,
TRADE,14/05/2020 10:00:00,139.00000,15/05/2020 09:00:00,139.00000,@LC,-1,1,0.00,2.2250,870.0000,-180.0000,
TRADE,19/05/2020 12:30:00,142.50000,21/05/2020 09:30:00,142.12500,@LC,1,1,-150.00,0.3750,430.0000,-350.0000,
TRADE,21/05/2020 10:00:00,142.10000,22/05/2020 12:30:00,140.92500,@LC,-1,1,470.00,0.5500,610.0000,-280.0000,
TRADE,26/05/2020 12:30:00,143.17500,28/05/2020 09:30:00,144.45000,@LC,1,1,510.00,0.4750,760.0000,-220.0000,
TRADE,28/05/2020 10:00:00,144.72500,29/05/2020 12:30:00,142.50000,@LC,-1,1,890.00,0.6500,1040.0000,-210.0000,
TRADE,23/06/2020 12:30:00,141.22500,25/06/2020 09:30:00,140.50000,@LC,1,1,-290.00,0.5500,230.0000,-560.0000,
TRADE,30/06/2020 12:30:00,140.92500,02/07/2020 09:30:00,141.62500,@LC,1,1,280.00,0.6500,330.0000,-330.0000,
TRADE,02/07/2020 10:00:00,142.67500,02/07/2020 10:30:00,142.57500,@LC,-1,1,40.00,1.2500,70.0000,-100.0000,
TRADE,07/07/2020 12:30:00,143.90000,09/07/2020 09:30:00,143.52500,@LC,1,1,-150.00,0.1500,110.0000,-410.0000,
TRADE,09/07/2020 10:00:00,143.97500,10/07/2020 12:30:00,143.90000,@LC,-1,1,30.00,0.6500,400.0000,-160.0000,
TRADE,14/07/2020 12:30:00,142.80000,16/07/2020 09:30:00,146.05000,@LC,1,1,1300.00,0.2250,1310.0000,-170.0000,
TRADE,16/07/2020 10:00:00,146.10000,16/07/2020 13:00:00,147.35000,@LC,-1,1,-500.00,1.1000,200.0000,-630.0000,
TRADE,21/07/2020 12:30:00,145.92500,23/07/2020 09:30:00,145.87500,@LC,1,1,-20.00,0.2500,170.0000,-420.0000,
TRADE,23/07/2020 10:00:00,145.65000,24/07/2020 12:30:00,145.07500,@LC,-1,1,230.00,0.4500,440.0000,-20.0000,
TRADE,28/07/2020 12:30:00,145.42500,30/07/2020 09:30:00,146.22500,@LC,1,1,320.00,0.4500,500.0000,-140.0000,
TRADE,30/07/2020 10:00:00,146.15000,31/07/2020 10:30:00,147.80000,@LC,-1,1,-660.00,0.3500,80.0000,-670.0000,
TRADE,04/08/2020 12:30:00,147.67500,06/08/2020 09:30:00,148.32500,@LC,1,1,260.00,0.3250,290.0000,-240.0000,
TRADE,06/08/2020 10:00:00,148.20000,07/08/2020 12:30:00,146.82500,@LC,-1,1,550.00,0.5250,610.0000,-70.0000,
TRADE,11/08/2020 12:30:00,149.00000,13/08/2020 09:30:00,150.00000,@LC,1,1,400.00,0.9000,450.0000,-250.0000,
TRADE,13/08/2020 10:00:00,150.32500,13/08/2020 10:30:00,150.35000,@LC,-1,1,-10.00,0.5250,30.0000,-90.0000,
TRADE,18/08/2020 12:30:00,150.32500,20/08/2020 09:30:00,150.95000,@LC,1,1,250.00,0.2750,360.0000,-200.0000,
TRADE,20/08/2020 10:00:00,150.67500,21/08/2020 12:30:00,149.07500,@LC,-1,1,640.00,0.3500,680.0000,-50.0000,
TRADE,15/09/2020 12:30:00,146.72500,17/09/2020 09:30:00,146.62500,@LC,1,1,-40.00,0.1250,340.0000,-110.0000,
TRADE,17/09/2020 10:00:00,146.27500,18/09/2020 12:30:00,147.25000,@LC,-1,1,-390.00,0.5750,20.0000,-750.0000,
TRADE,22/09/2020 12:30:00,146.75000,24/09/2020 09:30:00,147.55000,@LC,1,1,320.00,0.3750,360.0000,-130.0000,
TRADE,24/09/2020 10:00:00,147.65000,25/09/2020 12:30:00,148.07500,@LC,-1,1,-170.00,0.4250,70.0000,-390.0000,
TRADE,29/09/2020 12:30:00,149.52500,01/10/2020 09:30:00,149.25000,@LC,1,1,-110.00,0.5750,160.0000,-430.0000,
TRADE,01/10/2020 10:00:00,149.05000,02/10/2020 12:30:00,147.45000,@LC,-1,1,640.00,0.4000,780.0000,-30.0000,
TRADE,06/10/2020 12:30:00,148.57500,08/10/2020 09:30:00,149.30000,@LC,1,1,290.00,0.2750,410.0000,-260.0000,
TRADE,08/10/2020 10:00:00,149.35000,09/10/2020 12:30:00,148.70000,@LC,-1,1,260.00,0.2500,370.0000,-120.0000,
TRADE,03/11/2020 12:30:00,144.45000,05/11/2020 09:30:00,145.22500,@LC,1,1,310.00,0.3750,360.0000,-490.0000,
TRADE,05/11/2020 10:00:00,144.57500,06/11/2020 12:30:00,144.95000,@LC,-1,1,-150.00,0.7000,160.0000,-280.0000,
TRADE,10/11/2020 12:30:00,148.27500,12/11/2020 09:30:00,148.47500,@LC,1,1,80.00,0.2250,310.0000,-290.0000,
TRADE,12/11/2020 10:00:00,148.57500,13/11/2020 12:30:00,146.57500,@LC,-1,1,800.00,0.5750,820.0000,-70.0000,
TRADE,17/11/2020 12:30:00,147.87500,19/11/2020 09:30:00,146.42500,@LC,1,1,-580.00,0.4750,100.0000,-640.0000,
TRADE,24/11/2020 12:30:00,147.70000,27/11/2020 12:00:00,146.87500,@LC,1,1,-330.00,0.3000,120.0000,-390.0000,
TRADE,15/12/2020 12:30:00,146.45000,17/12/2020 09:30:00,147.17500,@LC,1,1,290.00,0.1750,550.0000,-190.0000,
TRADE,17/12/2020 10:00:00,147.00000,18/12/2020 12:30:00,148.22500,@LC,-1,1,-490.00,0.4000,90.0000,-620.0000,
TRADE,22/12/2020 12:30:00,147.20000,24/12/2020 09:30:00,148.17500,@LC,1,1,390.00,0.5000,500.0000,-250.0000,
TRADE,24/12/2020 10:00:00,148.17500,28/12/2020 11:00:00,149.57500,@LC,-1,1,-560.00,0.2500,0.0000,-590.0000,
TRADE,29/12/2020 12:30:00,148.97500,31/12/2020 09:30:00,148.00000,@LC,1,1,-390.00,0.2250,20.0000,-590.0000,
TRADE,31/12/2020 10:00:00,147.87500,05/01/2021 09:30:00,146.12500,@LC,-1,1,700.00,0.2250,1190.0000,-420.0000,
TRADE,05/01/2021 12:30:00,148.35000,07/01/2021 09:30:00,148.52500,@LC,1,1,70.00,0.5250,350.0000,-180.0000,
TRADE,07/01/2021 10:00:00,148.47500,08/01/2021 12:30:00,148.05000,@LC,-1,1,170.00,0.5750,320.0000,-100.0000,
TRADE,19/01/2021 12:30:00,147.10000,21/01/2021 09:30:00,147.07500,@LC,1,1,-10.00,0.2250,270.0000,-200.0000,
TRADE,21/01/2021 10:00:00,147.60000,22/01/2021 10:30:00,150.02500,@LC,-1,1,-970.00,0.8000,40.0000,-980.0000,
TRADE,26/01/2021 12:30:00,150.62500,28/01/2021 09:30:00,150.32500,@LC,1,1,-120.00,0.2250,110.0000,-470.0000,
TRADE,28/01/2021 10:00:00,150.57500,29/01/2021 12:30:00,150.15000,@LC,-1,1,170.00,0.5750,230.0000,-310.0000,
TRADE,02/02/2021 12:30:00,149.55000,04/02/2021 09:30:00,149.85000,@LC,1,1,120.00,0.3500,360.0000,-40.0000,
TRADE,04/02/2021 10:00:00,150.07500,05/02/2021 11:00:00,151.57500,@LC,-1,1,-600.00,0.4750,20.0000,-650.0000,
TRADE,09/02/2021 12:30:00,151.80000,11/02/2021 09:30:00,150.50000,@LC,1,1,-520.00,1.1500,10.0000,-870.0000,
TRADE,11/02/2021 10:00:00,150.32500,12/02/2021 12:30:00,152.15000,@LC,-1,1,-730.00,0.7250,190.0000,-1180.0000,
TRADE,16/02/2021 12:30:00,153.40000,18/02/2021 09:30:00,151.87500,@LC,1,1,-610.00,0.3250,160.0000,-900.0000,
TRADE,18/02/2021 10:00:00,151.20000,19/02/2021 10:30:00,151.20000,@LC,-1,1,0.00,0.8000,470.0000,-100.0000,
TRADE,18/03/2021 10:00:00,147.22500,18/03/2021 10:30:00,147.92500,@LC,-1,1,-280.00,0.3000,0.0000,-420.0000,
TRADE,25/03/2021 10:00:00,146.92500,26/03/2021 12:30:00,147.45000,@LC,-1,1,-210.00,0.4250,30.0000,-360.0000,
TRADE,30/03/2021 12:30:00,148.55000,01/04/2021 09:30:00,148.95000,@LC,1,1,160.00,0.3000,330.0000,-560.0000,
TRADE,01/04/2021 10:00:00,149.00000,05/04/2021 09:30:00,149.90000,@LC,-1,1,-360.00,0.5000,320.0000,-460.0000,
TRADE,06/04/2021 12:30:00,150.45000,08/04/2021 09:30:00,151.15000,@LC,1,1,280.00,0.1750,380.0000,-290.0000,
TRADE,08/04/2021 10:00:00,151.07500,09/04/2021 12:30:00,149.65000,@LC,-1,1,570.00,0.3750,820.0000,-70.0000,
TRADE,11/05/2021 12:30:00,144.27500,13/05/2021 09:30:00,143.55000,@LC,1,1,-290.00,0.3000,370.0000,-310.0000,
TRADE,13/05/2021 10:00:00,142.75000,14/05/2021 12:30:00,141.10000,@LC,-1,1,660.00,1.1500,910.0000,-80.0000,
TRADE,18/05/2021 12:30:00,142.70000,20/05/2021 09:30:00,142.00000,@LC,1,1,-280.00,0.2250,220.0000,-330.0000,
TRADE,03/06/2021 10:00:00,142.22500,04/06/2021 12:30:00,141.20000,@LC,-1,1,410.00,0.6250,580.0000,-30.0000,
TRADE,15/06/2021 12:30:00,146.27500,17/06/2021 09:30:00,147.05000,@LC,1,1,310.00,0.5000,960.0000,-10.0000,
TRADE,17/06/2021 10:00:00,147.20000,18/06/2021 12:30:00,145.52500,@LC,-1,1,670.00,0.7250,1340.0000,-140.0000,
TRADE,22/06/2021 12:30:00,146.67500,24/06/2021 09:30:00,144.97500,@LC,1,1,-680.00,0.7250,270.0000,-740.0000,
TRADE,24/06/2021 10:00:00,144.65000,25/06/2021 12:30:00,144.92500,@LC,-1,1,-110.00,0.8750,100.0000,-470.0000,
TRADE,01/07/2021 10:00:00,144.97500,02/07/2021 12:30:00,145.17500,@LC,-1,1,-80.00,0.8500,230.0000,-900.0000,
TRADE,13/07/2021 12:30:00,144.62500,15/07/2021 09:30:00,143.90000,@LC,1,1,-290.00,0.5750,350.0000,-380.0000,
TRADE,22/07/2021 10:00:00,143.87500,23/07/2021 12:30:00,144.35000,@LC,-1,1,-190.00,0.5000,160.0000,-260.0000,
TRADE,27/07/2021 12:30:00,145.47500,29/07/2021 09:30:00,145.87500,@LC,1,1,160.00,0.4500,370.0000,-80.0000,
TRADE,29/07/2021 10:00:00,145.57500,30/07/2021 12:30:00,144.70000,@LC,-1,1,350.00,0.6750,450.0000,-40.0000,
TRADE,03/08/2021 12:30:00,144.92500,05/08/2021 09:30:00,146.27500,@LC,1,1,540.00,0.6250,690.0000,-70.0000,
TRADE,05/08/2021 10:00:00,146.12500,06/08/2021 12:30:00,144.72500,@LC,-1,1,560.00,0.2750,1260.0000,-70.0000,
TRADE,17/08/2021 12:30:00,145.47500,19/08/2021 09:30:00,145.80000,@LC,1,1,130.00,0.5750,440.0000,-130.0000,
TRADE,19/08/2021 10:00:00,145.50000,20/08/2021 12:30:00,145.97500,@LC,-1,1,-190.00,0.4250,220.0000,-250.0000,
TRADE,24/08/2021 12:30:00,149.37500,26/08/2021 09:30:00,147.02500,@LC,1,1,-940.00,0.6250,30.0000,-1020.0000,
TRADE,26/08/2021 10:00:00,146.80000,27/08/2021 12:30:00,145.97500,@LC,-1,1,330.00,0.5500,340.0000,-170.0000,
TRADE,05/10/2021 12:30:00,140.50000,07/10/2021 09:30:00,140.77500,@LC,1,1,110.00,0.4250,150.0000,-580.0000,
TRADE,07/10/2021 10:00:00,141.65000,08/10/2021 12:30:00,141.92500,@LC,-1,1,-110.00,0.9250,220.0000,-350.0000,
TRADE,12/10/2021 12:30:00,141.07500,14/10/2021 09:30:00,141.65000,@LC,1,1,230.00,0.6250,260.0000,-240.0000,
TRADE,14/10/2021 10:00:00,141.90000,15/10/2021 12:30:00,142.77500,@LC,-1,1,-350.00,0.7000,170.0000,-370.0000,
TRADE,19/10/2021 12:30:00,142.12500,21/10/2021 09:30:00,142.00000,@LC,1,1,-50.00,0.3000,160.0000,-190.0000,
TRADE,21/10/2021 10:00:00,141.75000,22/10/2021 12:30:00,140.32500,@LC,-1,1,570.00,0.4000,620.0000,-190.0000,
TRADE,26/10/2021 12:30:00,142.72500,28/10/2021 09:30:00,143.30000,@LC,1,1,230.00,0.4000,450.0000,-50.0000,
TRADE,28/10/2021 10:00:00,142.95000,29/10/2021 12:30:00,140.97500,@LC,-1,1,790.00,0.4750,880.0000,-30.0000,
TRADE,02/11/2021 12:30:00,142.22500,04/11/2021 09:30:00,143.50000,@LC,1,1,510.00,0.3500,840.0000,-170.0000,
TRADE,04/11/2021 10:00:00,143.30000,05/11/2021 12:30:00,143.55000,@LC,-1,1,-100.00,0.4000,330.0000,-220.0000,
TRADE,09/11/2021 12:30:00,144.12500,11/11/2021 09:30:00,143.70000,@LC,1,1,-170.00,0.2750,70.0000,-360.0000,
TRADE,11/11/2021 10:00:00,143.50000,12/11/2021 12:30:00,143.80000,@LC,-1,1,-120.00,0.4250,80.0000,-420.0000,
TRADE,16/11/2021 12:30:00,143.80000,18/11/2021 09:30:00,144.72500,@LC,1,1,370.00,0.1250,440.0000,-80.0000,
TRADE,18/11/2021 10:00:00,144.62500,18/11/2021 12:30:00,145.00000,@LC,-1,1,-150.00,0.2000,60.0000,-210.0000,
TRADE,23/11/2021 12:30:00,147.25000,26/11/2021 12:00:00,150.02500,@LC,1,1,1110.00,0.2250,1130.0000,-20.0000,
TRADE,30/11/2021 12:30:00,146.80000,02/12/2021 09:30:00,147.90000,@LC,1,1,440.00,0.4250,710.0000,-80.0000,
TRADE,02/12/2021 10:00:00,147.75000,03/12/2021 12:30:00,148.05000,@LC,-1,1,-120.00,0.3750,70.0000,-580.0000,
TRADE,07/12/2021 12:30:00,147.90000,09/12/2021 09:30:00,147.45000,@LC,1,1,-180.00,0.1750,130.0000,-240.0000,
TRADE,23/12/2021 10:00:00,147.05000,28/12/2021 09:30:00,147.52500,@LC,-1,1,-190.00,0.6000,10.0000,-840.0000,
TRADE,28/12/2021 12:30:00,148.00000,30/12/2021 09:30:00,149.20000,@LC,1,1,480.00,0.4500,900.0000,-90.0000,
TRADE,30/12/2021 10:00:00,149.17500,31/12/2021 12:30:00,148.65000,@LC,-1,1,210.00,0.3500,370.0000,-30.0000,
TRADE,18/01/2022 12:30:00,146.47500,20/01/2022 09:30:00,147.20000,@LC,1,1,290.00,0.1250,600.0000,-40.0000,
TRADE,20/01/2022 10:00:00,147.07500,21/01/2022 12:30:00,146.92500,@LC,-1,1,60.00,0.3500,180.0000,-90.0000,
TRADE,27/01/2022 10:00:00,146.40000,28/01/2022 12:30:00,148.05000,@LC,-1,1,-660.00,0.5250,100.0000,-720.0000,
TRADE,01/02/2022 12:30:00,150.92500,03/02/2022 09:30:00,151.20000,@LC,1,1,110.00,0.2250,400.0000,-430.0000,
TRADE,03/02/2022 10:00:00,151.17500,04/02/2022 12:30:00,151.80000,@LC,-1,1,-250.00,0.3750,40.0000,-430.0000,
TRADE,08/02/2022 12:30:00,151.45000,10/02/2022 09:30:00,152.85000,@LC,1,1,560.00,0.2250,580.0000,-220.0000,
TRADE,10/02/2022 10:00:00,153.47500,11/02/2022 12:30:00,150.97500,@LC,-1,1,1000.00,0.8500,1050.0000,0.0000,
TRADE,15/02/2022 12:30:00,151.90000,17/02/2022 09:30:00,151.45000,@LC,1,1,-180.00,0.1500,310.0000,-300.0000,
TRADE,17/02/2022 10:00:00,151.72500,18/02/2022 12:30:00,150.85000,@LC,-1,1,350.00,0.4250,400.0000,-230.0000,
TRADE,15/03/2022 12:30:00,145.40000,17/03/2022 09:30:00,143.72500,@LC,1,1,-670.00,0.3500,420.0000,-810.0000,
TRADE,22/03/2022 12:30:00,144.57500,24/03/2022 09:30:00,144.50000,@LC,1,1,-30.00,0.5500,130.0000,-600.0000,
TRADE,24/03/2022 10:00:00,144.70000,25/03/2022 12:30:00,145.40000,@LC,-1,1,-280.00,0.4500,230.0000,-310.0000,
TRADE,29/03/2022 12:30:00,146.27500,31/03/2022 09:30:00,145.85000,@LC,1,1,-170.00,0.1750,130.0000,-370.0000,
TRADE,31/03/2022 10:00:00,145.35000,01/04/2022 12:30:00,144.07500,@LC,-1,1,510.00,0.5750,630.0000,-240.0000,
TRADE,12/04/2022 12:30:00,144.70000,14/04/2022 09:30:00,144.47500,@LC,1,1,-90.00,0.4750,190.0000,-270.0000,
TRADE,14/04/2022 10:00:00,144.25000,19/04/2022 09:30:00,144.42500,@LC,-1,1,-70.00,0.5000,320.0000,-520.0000,
TRADE,19/04/2022 12:30:00,144.50000,21/04/2022 09:30:00,147.20000,@LC,1,1,1080.00,0.1500,1130.0000,0.0000,
TRADE,21/04/2022 10:00:00,147.30000,22/04/2022 12:30:00,147.37500,@LC,-1,1,-30.00,0.2750,90.0000,-310.0000,
TRADE,24/05/2022 12:30:00,140.80000,26/05/2022 09:30:00,140.17500,@LC,1,1,-250.00,0.2500,330.0000,-290.0000,
TRADE,02/06/2022 10:00:00,141.67500,02/06/2022 12:30:00,142.15000,@LC,-1,1,-190.00,1.2750,130.0000,-280.0000,
TRADE,07/06/2022 12:30:00,142.12500,08/06/2022 11:30:00,145.62500,@LC,1,1,1400.00,0.2750,1380.0000,-160.0000,
TRADE,09/06/2022 10:00:00,145.40000,10/06/2022 12:30:00,144.50000,@LC,-1,1,360.00,0.5500,570.0000,-170.0000,
TRADE,14/06/2022 12:30:00,142.47500,16/06/2022 09:30:00,144.47500,@LC,1,1,800.00,0.7500,1160.0000,-280.0000,
TRADE,16/06/2022 10:00:00,144.32500,17/06/2022 12:30:00,144.75000,@LC,-1,1,-170.00,0.8000,240.0000,-390.0000,
TRADE,21/06/2022 12:30:00,144.42500,23/06/2022 09:30:00,143.32500,@LC,1,1,-440.00,0.7250,110.0000,-680.0000,
TRADE,07/07/2022 10:00:00,142.45000,08/07/2022 12:30:00,141.92500,@LC,-1,1,210.00,0.4250,310.0000,-230.0000,
TRADE,12/07/2022 12:30:00,144.65000,14/07/2022 09:30:00,143.55000,@LC,1,1,-440.00,0.3500,250.0000,-630.0000,
TRADE,14/07/2022 10:00:00,143.97500,15/07/2022 12:30:00,142.60000,@LC,-1,1,550.00,0.7250,580.0000,-120.0000,
TRADE,19/07/2022 12:30:00,143.70000,21/07/2022 09:30:00,143.77500,@LC,1,1,30.00,0.5750,190.0000,-200.0000,
TRADE,21/07/2022 10:00:00,143.82500,22/07/2022 12:30:00,145.10000,@LC,-1,1,-510.00,0.3750,140.0000,-580.0000,
TRADE,26/07/2022 12:30:00,144.90000,28/07/2022 09:30:00,144.65000,@LC,1,1,-100.00,0.3250,70.0000,-260.0000,
TRADE,28/07/2022 10:00:00,144.40000,29/07/2022 12:30:00,144.50000,@LC,-1,1,-40.00,0.3250,240.0000,-130.0000,
TRADE,04/08/2022 10:00:00,146.17500,05/08/2022 12:30:00,146.15000,@LC,-1,1,10.00,0.2750,200.0000,-360.0000,
TRADE,09/08/2022 12:30:00,145.57500,11/08/2022 09:30:00,147.37500,@LC,1,1,720.00,0.2500,810.0000,-40.0000,
TRADE,11/08/2022 10:00:00,147.25000,12/08/2022 12:30:00,146.82500,@LC,-1,1,170.00,0.2750,210.0000,-240.0000,
TRADE,16/08/2022 12:30:00,148.07500,18/08/2022 09:30:00,148.10000,@LC,1,1,10.00,0.1000,220.0000,-210.0000,
TRADE,18/08/2022 10:00:00,147.80000,19/08/2022 12:30:00,147.67500,@LC,-1,1,50.00,0.4000,310.0000,-120.0000,
TRADE,23/08/2022 12:30:00,147.22500,25/08/2022 09:30:00,145.92500,@LC,1,1,-520.00,0.4750,10.0000,-570.0000,
TRADE,06/09/2022 12:30:00,147.37500,08/09/2022 09:30:00,146.52500,@LC,1,1,-340.00,0.2500,200.0000,-360.0000,
TRADE,13/09/2022 12:30:00,147.20000,15/09/2022 09:30:00,147.87500,@LC,1,1,270.00,0.2250,320.0000,-220.0000,
TRADE,15/09/2022 10:00:00,148.15000,16/09/2022 12:30:00,147.95000,@LC,-1,1,80.00,0.4000,270.0000,-60.0000,
TRADE,20/09/2022 12:30:00,148.72500,22/09/2022 09:30:00,147.75000,@LC,1,1,-390.00,0.3250,80.0000,-420.0000,
TRADE,22/09/2022 10:00:00,147.65000,23/09/2022 12:30:00,146.85000,@LC,-1,1,320.00,0.3750,460.0000,-100.0000,
TRADE,11/10/2022 12:30:00,146.92500,13/10/2022 09:30:00,146.75000,@LC,1,1,-70.00,0.2000,260.0000,-350.0000,
TRADE,13/10/2022 10:00:00,146.67500,14/10/2022 12:30:00,146.42500,@LC,-1,1,100.00,0.5500,510.0000,-210.0000,
TRADE,18/10/2022 12:30:00,148.22500,20/10/2022 09:30:00,149.87500,@LC,1,1,660.00,0.2250,700.0000,-60.0000,
TRADE,20/10/2022 10:00:00,149.95000,21/10/2022 12:30:00,150.40000,@LC,-1,1,-180.00,0.2250,150.0000,-200.0000,
TRADE,25/10/2022 12:30:00,151.90000,27/10/2022 09:30:00,151.62500,@LC,1,1,-110.00,0.1750,180.0000,-230.0000,
TRADE,27/10/2022 10:00:00,151.57500,28/10/2022 12:30:00,151.50000,@LC,-1,1,30.00,0.2500,70.0000,-250.0000,
TRADE,08/11/2022 12:30:00,151.50000,10/11/2022 09:30:00,150.07500,@LC,1,1,-570.00,0.3500,100.0000,-600.0000,
TRADE,22/11/2022 12:30:00,152.10000,23/11/2022 11:30:00,152.10000,@LC,1,1,0.00,0.3250,450.0000,-30.0000,
TRADE,29/11/2022 12:30:00,151.67500,01/12/2022 09:30:00,152.22500,@LC,1,1,220.00,0.4250,350.0000,-370.0000,
TRADE,01/12/2022 10:00:00,151.77500,02/12/2022 12:30:00,152.40000,@LC,-1,1,-250.00,0.8250,230.0000,-350.0000,
TRADE,13/12/2022 12:30:00,152.50000,15/12/2022 09:30:00,151.42500,@LC,1,1,-430.00,0.7000,190.0000,-480.0000,
TRADE,20/12/2022 12:30:00,152.02500,22/12/2022 09:30:00,153.95000,@LC,1,1,770.00,0.2250,960.0000,-30.0000,
TRADE,22/12/2022 10:00:00,153.82500,23/12/2022 12:30:00,153.90000,@LC,-1,1,-30.00,0.3750,150.0000,-140.0000,
TRADE,27/12/2022 12:30:00,154.17500,29/12/2022 09:30:00,154.25000,@LC,1,1,30.00,0.1750,210.0000,-90.0000,
TRADE,29/12/2022 10:00:00,154.50000,30/12/2022 12:30:00,154.72500,@LC,-1,1,-90.00,0.4000,30.0000,-450.0000,
TRADE,05/01/2023 10:00:00,153.75000,06/01/2023 12:30:00,153.20000,@LC,-1,1,220.00,0.4500,230.0000,-70.0000,
TRADE,10/01/2023 12:30:00,154.45000,12/01/2023 09:30:00,153.67500,@LC,1,1,-310.00,0.3250,80.0000,-400.0000,
TRADE,26/01/2023 10:00:00,153.87500,27/01/2023 12:30:00,153.37500,@LC,-1,1,200.00,0.4750,450.0000,-40.0000,
TRADE,31/01/2023 12:30:00,155.57500,02/02/2023 09:30:00,155.12500,@LC,1,1,-180.00,0.1750,110.0000,-410.0000,
TRADE,02/02/2023 10:00:00,155.15000,03/02/2023 12:30:00,156.30000,@LC,-1,1,-460.00,0.3000,10.0000,-650.0000,
TRADE,07/02/2023 12:30:00,156.35000,09/02/2023 09:30:00,156.00000,@LC,1,1,-140.00,0.3750,170.0000,-260.0000,
TRADE,09/02/2023 10:00:00,156.35000,10/02/2023 12:30:00,156.35000,@LC,-1,1,0.00,0.4250,180.0000,-260.0000,
TRADE,14/02/2023 12:30:00,157.17500,16/02/2023 09:30:00,157.02500,@LC,1,1,-60.00,0.2750,190.0000,-260.0000,
TRADE,16/02/2023 10:00:00,156.52500,17/02/2023 12:30:00,157.50000,@LC,-1,1,-390.00,0.7750,190.0000,-570.0000,
TRADE,21/02/2023 12:30:00,157.62500,23/02/2023 09:30:00,158.45000,@LC,1,1,330.00,0.2000,410.0000,-220.0000,
TRADE,23/02/2023 10:00:00,158.52500,24/02/2023 09:30:00,158.67500,@LC,-1,1,-60.00,0.3750,350.0000,-170.0000,
TRADE,28/02/2023 12:30:00,158.12500,02/03/2023 09:30:00,157.10000,@LC,1,1,-410.00,0.2750,210.0000,-430.0000,
TRADE,07/03/2023 12:30:00,158.52500,09/03/2023 09:30:00,157.95000,@LC,1,1,-230.00,0.4250,40.0000,-480.0000,
TRADE,28/03/2023 12:30:00,156.95000,30/03/2023 09:30:00,158.17500,@LC,1,1,490.00,0.1500,490.0000,0.0000,
TRADE,30/03/2023 10:00:00,158.17500,31/03/2023 12:30:00,159.85000,@LC,-1,1,-670.00,0.2500,50.0000,-730.0000,
TRADE,04/04/2023 12:30:00,158.77500,06/04/2023 09:30:00,160.35000,@LC,1,1,630.00,0.2250,1050.0000,-200.0000,
TRADE,06/04/2023 10:00:00,160.65000,11/04/2023 09:30:00,162.37500,@LC,-1,1,-690.00,0.3750,90.0000,-720.0000,
TRADE,11/04/2023 12:30:00,161.92500,13/04/2023 09:30:00,163.97500,@LC,1,1,820.00,0.2250,1000.0000,-20.0000,
TRADE,13/04/2023 10:00:00,164.07500,14/04/2023 12:30:00,161.92500,@LC,-1,1,860.00,0.5250,880.0000,-30.0000,
TRADE,18/04/2023 12:30:00,162.95000,19/04/2023 09:30:00,162.95000,@LC,1,1,0.00,0.2750,460.0000,-50.0000,
TRADE,27/04/2023 10:00:00,163.15000,28/04/2023 12:30:00,163.42500,@LC,-1,1,-110.00,0.8750,200.0000,-230.0000,
TRADE,16/05/2023 12:30:00,162.52500,18/05/2023 09:30:00,162.95000,@LC,1,1,170.00,0.1750,380.0000,-410.0000,
TRADE,18/05/2023 10:00:00,162.87500,19/05/2023 09:30:00,164.30000,@LC,-1,1,-570.00,0.5000,180.0000,-570.0000,
TRADE,23/05/2023 12:30:00,163.00000,25/05/2023 09:30:00,164.25000,@LC,1,1,500.00,0.2500,720.0000,-470.0000,
TRADE,25/05/2023 10:00:00,164.10000,26/05/2023 12:30:00,165.02500,@LC,-1,1,-370.00,0.4500,180.0000,-640.0000,
TRADE,30/05/2023 12:30:00,167.10000,01/06/2023 09:30:00,167.65000,@LC,1,1,220.00,0.3250,260.0000,-310.0000,
TRADE,01/06/2023 10:00:00,167.50000,01/06/2023 10:30:00,168.57500,@LC,-1,1,-430.00,0.3500,0.0000,-520.0000,
TRADE,06/06/2023 12:30:00,175.45000,07/06/2023 11:00:00,175.45000,@LC,1,1,0.00,0.5500,1060.0000,-80.0000,
TRADE,08/06/2023 10:00:00,173.20000,09/06/2023 10:00:00,173.20000,@LC,-1,1,0.00,0.6500,520.0000,-180.0000,
TRADE,13/06/2023 12:30:00,172.67500,14/06/2023 09:30:00,172.67500,@LC,1,1,0.00,0.5250,690.0000,-20.0000,
TRADE,27/06/2023 12:30:00,172.00000,29/06/2023 09:30:00,173.47500,@LC,1,1,590.00,0.1750,1020.0000,0.0000,
TRADE,29/06/2023 10:00:00,173.27500,30/06/2023 09:30:00,174.92500,@LC,-1,1,-660.00,0.5500,160.0000,-800.0000,
