TRADE,24/02/2010 13:00:00,129.12500,03/03/2010 10:00:00,129.80000,@LC,1,1,270.00,0.3250,290.0000,-250.0000,
TRADE,23/03/2010 11:00:00,132.57500,29/03/2010 13:05:00,132.32500,@LC,-1,1,100.00,1.4250,720.0000,-100.0000,
TRADE,30/03/2010 10:00:00,132.52500,06/04/2010 13:00:00,133.07500,@LC,1,1,220.00,0.2000,690.0000,-160.0000,
TRADE,13/04/2010 11:00:00,132.72500,19/04/2010 13:05:00,133.95000,@LC,-1,1,-490.00,1.1000,160.0000,-610.0000,
TRADE,27/04/2010 13:00:00,133.02500,04/05/2010 10:00:00,134.37500,@LC,-1,1,-540.00,2.4750,260.0000,-820.0000,
TRADE,14/05/2010 11:00:00,134.72500,20/05/2010 13:05:00,130.90000,@LC,-1,1,1530.00,0.5750,1910.0000,-30.0000,
TRADE,27/05/2010 12:00:00,130.60000,03/06/2010 13:05:00,130.37500,@LC,1,1,-90.00,0.3250,270.0000,-550.0000,
TRADE,04/06/2010 12:00:00,129.10000,11/06/2010 09:00:00,128.12500,@LC,-1,1,390.00,0.6000,590.0000,-40.0000,
TRADE,14/06/2010 11:00:00,128.22500,18/06/2010 13:00:00,128.92500,@LC,1,1,280.00,1.0000,520.0000,-80.0000,
TRADE,21/06/2010 11:00:00,129.70000,25/06/2010 13:00:00,129.57500,@LC,1,1,-50.00,1.5000,200.0000,-480.0000,
TRADE,29/06/2010 11:00:00,128.77500,06/07/2010 13:00:00,130.65000,@LC,-1,1,-750.00,1.0500,40.0000,-920.0000,
TRADE,13/07/2010 10:00:00,130.65000,19/07/2010 13:00:00,133.50000,@LC,1,1,1140.00,0.5000,1150.0000,-10.0000,
TRADE,28/07/2010 11:00:00,132.85000,03/08/2010 13:05:00,133.32500,@LC,-1,1,-190.00,0.3500,190.0000,-590.0000,
TRADE,12/08/2010 12:00:00,134.90000,19/08/2010 09:00:00,138.57500,@LC,1,1,1470.00,0.6750,1470.0000,-360.0000,
TRADE,31/08/2010 13:05:00,136.42500,08/09/2010 10:00:00,135.82500,@LC,-1,1,240.00,0.5500,390.0000,-900.0000,
TRADE,13/09/2010 11:00:00,137.37500,17/09/2010 13:00:00,138.65000,@LC,1,1,510.00,1.2250,670.0000,-510.0000,
TRADE,21/09/2010 10:00:00,137.40000,27/09/2010 13:00:00,135.35000,@LC,1,1,-820.00,0.4500,100.0000,-1070.0000,
TRADE,28/09/2010 11:00:00,136.40000,04/10/2010 13:05:00,134.02500,@LC,1,1,-950.00,1.0000,130.0000,-1040.0000,
TRADE,08/10/2010 10:00:00,135.10000,14/10/2010 13:00:00,135.02500,@LC,1,1,-30.00,1.4250,500.0000,-250.0000,
TRADE,14/10/2010 13:05:00,135.02500,21/10/2010 11:00:00,138.30000,@LC,1,1,1310.00,0.2750,1590.0000,-20.0000,
TRADE,27/10/2010 10:00:00,136.70000,02/11/2010 13:00:00,135.20000,@LC,-1,1,600.00,0.3250,810.0000,-100.0000,
TRADE,08/11/2010 12:00:00,134.87500,12/11/2010 13:05:00,135.07500,@LC,1,1,80.00,0.8000,670.0000,-30.0000,
TRADE,15/11/2010 11:00:00,135.85000,19/11/2010 13:00:00,137.55000,@LC,1,1,680.00,0.9750,840.0000,-370.0000,
TRADE,07/12/2010 11:00:00,138.77500,13/12/2010 13:05:00,138.12500,@LC,-1,1,260.00,1.4750,680.0000,-10.0000,
TRADE,17/12/2010 12:00:00,138.00000,27/12/2010 10:00:00,140.85000,@LC,1,1,1140.00,0.8750,1580.0000,-230.0000,
TRADE,31/12/2010 13:00:00,141.65000,07/01/2011 11:00:00,139.32500,@LC,1,1,-930.00,0.5250,30.0000,-1070.0000,
TRADE,10/01/2011 11:00:00,140.25000,14/01/2011 13:00:00,142.47500,@LC,1,1,890.00,1.2500,1360.0000,-120.0000,
TRADE,19/01/2011 11:00:00,142.30000,25/01/2011 13:05:00,139.32500,@LC,-1,1,1190.00,0.7500,1240.0000,-140.0000,
TRADE,27/01/2011 13:00:00,141.00000,03/02/2011 10:00:00,141.02500,@LC,1,1,10.00,1.7250,1190.0000,-370.0000,
TRADE,07/02/2011 13:05:00,140.02500,14/02/2011 11:00:00,141.57500,@LC,-1,1,-620.00,0.6250,500.0000,-730.0000,
TRADE,22/02/2011 12:00:00,141.87500,01/03/2011 09:00:00,141.30000,@LC,-1,1,230.00,1.3500,540.0000,-560.0000,
TRADE,01/03/2011 10:00:00,141.20000,07/03/2011 13:00:00,141.90000,@LC,1,1,280.00,0.4000,770.0000,-820.0000,
TRADE,15/03/2011 11:00:00,142.22500,21/03/2011 13:05:00,141.57500,@LC,-1,1,260.00,1.2000,1440.0000,-30.0000,
TRADE,06/04/2011 13:05:00,146.97500,13/04/2011 11:00:00,144.80000,@LC,-1,1,870.00,0.7000,1340.0000,-270.0000,
TRADE,19/04/2011 11:00:00,144.95000,26/04/2011 13:05:00,140.90000,@LC,1,1,-1620.00,0.5250,710.0000,-1660.0000,
TRADE,02/05/2011 11:00:00,141.82500,06/05/2011 13:00:00,137.90000,@LC,1,1,-1570.00,0.9750,0.0000,-1840.0000,
TRADE,12/05/2011 13:05:00,138.60000,19/05/2011 11:00:00,134.65000,@LC,1,1,-1580.00,0.7750,220.0000,-1690.0000,
TRADE,25/05/2011 13:05:00,133.25000,02/06/2011 11:00:00,132.30000,@LC,1,1,-380.00,0.5500,410.0000,-1000.0000,
TRADE,03/06/2011 12:00:00,132.97500,10/06/2011 09:00:00,133.32500,@LC,1,1,140.00,2.1000,780.0000,-560.0000,
TRADE,13/06/2011 13:05:00,132.32500,20/06/2011 11:00:00,140.25000,@LC,1,1,3170.00,0.6500,3250.0000,-80.0000,
TRADE,23/06/2011 12:00:00,139.40000,30/06/2011 09:00:00,139.17500,@LC,1,1,-90.00,0.9250,1120.0000,-90.0000,
TRADE,30/06/2011 10:00:00,138.45000,07/07/2011 13:00:00,143.32500,@LC,-1,1,-1950.00,1.9500,30.0000,-1950.0000,
TRADE,13/07/2011 13:05:00,141.87500,20/07/2011 11:00:00,138.17500,@LC,-1,1,1480.00,0.9500,1670.0000,-100.0000,
TRADE,22/07/2011 12:00:00,139.02500,29/07/2011 09:00:00,139.50000,@LC,1,1,190.00,0.5250,440.0000,-420.0000,
TRADE,17/08/2011 12:00:00,141.82500,24/08/2011 09:00:00,138.95000,@LC,-1,1,1150.00,1.8500,1270.0000,-40.0000,
TRADE,26/08/2011 13:00:00,138.72500,02/09/2011 10:00:00,137.65000,@LC,1,1,-430.00,0.8000,330.0000,-560.0000,
TRADE,02/09/2011 12:00:00,138.92500,12/09/2011 10:00:00,142.27500,@LC,1,1,1340.00,1.3500,1750.0000,-260.0000,
TRADE,16/09/2011 10:00:00,143.07500,22/09/2011 13:00:00,140.95000,@LC,1,1,-850.00,0.2750,170.0000,-970.0000,
TRADE,26/09/2011 11:00:00,142.75000,30/09/2011 13:00:00,146.00000,@LC,1,1,1300.00,2.3000,1350.0000,0.0000,
TRADE,10/10/2011 13:05:00,144.27500,17/10/2011 11:00:00,147.45000,@LC,-1,1,-1270.00,1.3500,60.0000,-1560.0000,
TRADE,20/10/2011 11:00:00,145.20000,26/10/2011 13:05:00,144.27500,@LC,-1,1,370.00,1.0250,370.0000,-820.0000,
TRADE,01/11/2011 12:00:00,144.30000,08/11/2011 09:00:00,147.62500,@LC,1,1,1330.00,2.8000,1980.0000,-430.0000,
TRADE,09/11/2011 11:00:00,146.87500,15/11/2011 13:05:00,145.50000,@LC,1,1,-550.00,1.0000,270.0000,-1270.0000,
TRADE,16/11/2011 13:05:00,145.75000,23/11/2011 11:00:00,145.27500,@LC,1,1,-190.00,0.9750,250.0000,-1370.0000,
TRADE,05/12/2011 13:05:00,142.77500,12/12/2011 11:00:00,140.27500,@LC,-1,1,1000.00,2.1500,1360.0000,-190.0000,
TRADE,15/12/2011 12:00:00,142.20000,22/12/2011 09:00:00,143.52500,@LC,1,1,530.00,1.2000,760.0000,-850.0000,
TRADE,03/01/2012 11:00:00,144.82500,10/01/2012 09:00:00,142.77500,@LC,1,1,-820.00,1.3750,80.0000,-1020.0000,
TRADE,10/01/2012 11:00:00,143.87500,17/01/2012 13:05:00,145.97500,@LC,1,1,840.00,1.2250,980.0000,-390.0000,
TRADE,27/01/2012 10:00:00,147.40000,02/02/2012 13:00:00,148.20000,@LC,1,1,320.00,0.3750,470.0000,-380.0000,
TRADE,03/02/2012 13:05:00,146.75000,10/02/2012 11:00:00,147.02500,@LC,-1,1,-110.00,1.4500,200.0000,-690.0000,
TRADE,13/02/2012 13:05:00,147.42500,21/02/2012 11:00:00,150.05000,@LC,1,1,1050.00,0.7750,1240.0000,-30.0000,
TRADE,24/02/2012 11:00:00,149.00000,01/03/2012 13:05:00,150.15000,@LC,-1,1,-460.00,0.5250,730.0000,-470.0000,
TRADE,05/03/2012 13:00:00,147.77500,12/03/2012 10:00:00,145.45000,@LC,-1,1,930.00,1.0000,1350.0000,0.0000,
TRADE,12/03/2012 13:05:00,146.02500,19/03/2012 11:00:00,144.40000,@LC,1,1,-650.00,1.0750,530.0000,-880.0000,
TRADE,27/03/2012 11:00:00,144.77500,30/03/2012 13:05:00,138.97500,@LC,1,1,-2320.00,1.0750,230.0000,-2320.0000,
TRADE,09/04/2012 11:00:00,139.00000,13/04/2012 13:00:00,139.15000,@LC,1,1,60.00,1.0750,570.0000,-960.0000,
TRADE,19/04/2012 09:00:00,138.00000,25/04/2012 12:00:00,135.35000,@LC,-1,1,1060.00,0.2500,1490.0000,-510.0000,
TRADE,30/04/2012 12:00:00,135.80000,04/05/2012 13:05:00,138.27500,@LC,1,1,990.00,0.7750,1190.0000,-270.0000,
TRADE,14/05/2012 11:00:00,138.45000,18/05/2012 13:00:00,142.25000,@LC,1,1,1520.00,0.9250,1580.0000,-80.0000,
TRADE,23/05/2012 12:00:00,140.42500,31/05/2012 09:00:00,139.27500,@LC,-1,1,460.00,1.0000,680.0000,-360.0000,
TRADE,01/06/2012 12:00:00,140.47500,08/06/2012 09:00:00,141.45000,@LC,1,1,390.00,1.0000,560.0000,-310.0000,
TRADE,13/06/2012 13:00:00,139.87500,20/06/2012 10:00:00,138.95000,@LC,-1,1,370.00,0.6000,1010.0000,-160.0000,
TRADE,27/06/2012 13:00:00,138.60000,05/07/2012 11:00:00,140.47500,@LC,1,1,750.00,1.4750,1220.0000,-150.0000,
TRADE,11/07/2012 10:00:00,139.62500,17/07/2012 13:00:00,136.92500,@LC,1,1,-1080.00,0.3250,40.0000,-1120.0000,
TRADE,18/07/2012 11:00:00,138.62500,24/07/2012 13:05:00,139.97500,@LC,1,1,540.00,1.5750,630.0000,-170.0000,
TRADE,26/07/2012 10:00:00,139.42500,01/08/2012 13:00:00,140.45000,@LC,1,1,410.00,0.7000,1260.0000,-510.0000,
TRADE,02/08/2012 13:05:00,141.22500,09/08/2012 11:00:00,141.85000,@LC,1,1,250.00,1.3000,400.0000,-450.0000,
TRADE,17/08/2012 10:00:00,141.55000,23/08/2012 13:00:00,141.00000,@LC,-1,1,220.00,0.2750,670.0000,-120.0000,
TRADE,29/08/2012 11:00:00,141.02500,05/09/2012 13:05:00,142.45000,@LC,1,1,570.00,2.3500,710.0000,-60.0000,
TRADE,11/09/2012 12:00:00,142.97500,18/09/2012 09:00:00,142.05000,@LC,1,1,-370.00,0.6250,760.0000,-730.0000,
TRADE,01/10/2012 13:05:00,139.65000,08/10/2012 11:00:00,140.32500,@LC,1,1,270.00,1.0750,340.0000,-300.0000,
TRADE,11/10/2012 13:00:00,139.57500,18/10/2012 10:00:00,141.55000,@LC,-1,1,-790.00,1.0250,220.0000,-880.0000,
TRADE,25/10/2012 12:00:00,139.60000,01/11/2012 09:00:00,139.40000,@LC,-1,1,80.00,1.1250,570.0000,-170.0000,
TRADE,01/11/2012 11:00:00,139.87500,07/11/2012 13:05:00,138.52500,@LC,1,1,-540.00,0.7250,120.0000,-700.0000,
TRADE,08/11/2012 12:00:00,139.07500,15/11/2012 09:00:00,139.00000,@LC,1,1,-30.00,0.7250,250.0000,-170.0000,
TRADE,15/11/2012 11:00:00,139.00000,21/11/2012 13:05:00,141.77500,@LC,1,1,1110.00,0.4000,1170.0000,-40.0000,
TRADE,30/11/2012 11:00:00,140.67500,06/12/2012 13:05:00,140.62500,@LC,-1,1,20.00,1.2750,500.0000,-170.0000,
TRADE,11/12/2012 11:00:00,140.62500,17/12/2012 13:05:00,143.20000,@LC,1,1,1030.00,1.0250,1090.0000,-20.0000,
TRADE,28/12/2012 10:00:00,142.85000,04/01/2013 13:05:00,142.67500,@LC,1,1,-70.00,0.2750,450.0000,-480.0000,
TRADE,07/01/2013 11:00:00,142.60000,11/01/2013 13:00:00,140.55000,@LC,1,1,-820.00,0.8500,160.0000,-840.0000,
TRADE,25/01/2013 10:00:00,136.55000,31/01/2013 13:00:00,138.37500,@LC,1,1,730.00,1.0000,940.0000,-280.0000,
TRADE,04/02/2013 11:00:00,137.85000,08/02/2013 13:00:00,136.07500,@LC,1,1,-710.00,1.0750,50.0000,-870.0000,
TRADE,15/02/2013 12:00:00,135.42500,25/02/2013 10:00:00,134.10000,@LC,1,1,-530.00,0.7250,160.0000,-1140.0000,
TRADE,25/02/2013 11:00:00,133.90000,01/03/2013 13:00:00,135.15000,@LC,1,1,500.00,0.9250,810.0000,-380.0000,
TRADE,06/03/2013 10:00:00,133.85000,12/03/2013 13:00:00,134.10000,@LC,-1,1,-100.00,1.1000,650.0000,-310.0000,
TRADE,13/03/2013 10:00:00,134.25000,19/03/2013 13:00:00,130.72500,@LC,1,1,-1410.00,0.5000,160.0000,-1550.0000,
TRADE,21/03/2013 12:00:00,131.62500,28/03/2013 09:00:00,133.20000,@LC,1,1,630.00,0.7750,630.0000,-240.0000,
TRADE,03/04/2013 10:00:00,132.80000,09/04/2013 13:00:00,132.20000,@LC,1,1,-240.00,0.3000,500.0000,-600.0000,
TRADE,17/04/2013 10:00:00,130.67500,23/04/2013 13:00:00,130.97500,@LC,1,1,120.00,0.3250,600.0000,-110.0000,
TRADE,01/05/2013 10:00:00,132.35000,07/05/2013 13:00:00,131.35000,@LC,1,1,-400.00,0.5250,670.0000,-590.0000,
TRADE,13/05/2013 11:00:00,130.87500,17/05/2013 13:00:00,129.42500,@LC,1,1,-580.00,1.0250,130.0000,-580.0000,
TRADE,21/05/2013 10:00:00,130.80000,28/05/2013 13:00:00,130.85000,@LC,1,1,20.00,0.6250,320.0000,-660.0000,
TRADE,31/05/2013 10:00:00,130.82500,06/06/2013 13:00:00,131.37500,@LC,1,1,220.00,0.3250,600.0000,-220.0000,
TRADE,10/06/2013 11:00:00,130.05000,14/06/2013 13:00:00,129.87500,@LC,-1,1,70.00,0.9750,130.0000,-710.0000,
TRADE,17/06/2013 12:00:00,130.85000,21/06/2013 13:05:00,132.95000,@LC,1,1,840.00,2.1250,980.0000,-370.0000,
TRADE,12/07/2013 13:00:00,132.75000,19/07/2013 10:00:00,133.30000,@LC,-1,1,-220.00,0.7750,110.0000,-610.0000,
TRADE,19/07/2013 13:00:00,133.22500,26/07/2013 10:00:00,133.40000,@LC,1,1,70.00,0.5000,430.0000,-430.0000,
TRADE,26/07/2013 11:00:00,133.40000,01/08/2013 13:05:00,131.65000,@LC,1,1,-700.00,0.7250,180.0000,-750.0000,
TRADE,06/08/2013 11:00:00,132.20000,12/08/2013 13:05:00,134.55000,@LC,1,1,940.00,0.4500,1070.0000,-280.0000,
TRADE,22/08/2013 12:00:00,134.55000,29/08/2013 09:00:00,134.20000,@LC,-1,1,140.00,0.3500,320.0000,-200.0000,
TRADE,29/08/2013 12:00:00,134.42500,06/09/2013 09:00:00,132.25000,@LC,1,1,-870.00,0.5750,20.0000,-870.0000,
TRADE,16/09/2013 11:00:00,132.77500,20/09/2013 13:00:00,133.35000,@LC,1,1,230.00,0.6000,250.0000,-510.0000,
TRADE,09/10/2013 13:05:00,135.15000,16/10/2013 11:00:00,136.25000,@LC,1,1,440.00,0.3250,510.0000,-20.0000,
TRADE,17/10/2013 13:05:00,134.95000,24/10/2013 11:00:00,136.32500,@LC,-1,1,-550.00,1.6500,120.0000,-800.0000,
TRADE,31/10/2013 10:00:00,136.62500,06/11/2013 13:00:00,135.20000,@LC,1,1,-570.00,0.2500,140.0000,-670.0000,
TRADE,08/11/2013 11:00:00,135.42500,14/11/2013 13:05:00,136.17500,@LC,1,1,300.00,0.4750,460.0000,-70.0000,
TRADE,18/11/2013 13:00:00,135.17500,25/11/2013 10:00:00,134.85000,@LC,-1,1,130.00,1.5250,520.0000,-70.0000,
TRADE,25/11/2013 11:00:00,134.75000,03/12/2013 10:00:00,136.25000,@LC,1,1,600.00,0.4750,840.0000,-190.0000,
TRADE,05/12/2013 11:00:00,135.57500,11/12/2013 13:05:00,134.90000,@LC,-1,1,270.00,1.1750,480.0000,-90.0000,
TRADE,12/12/2013 10:00:00,135.17500,18/12/2013 13:00:00,134.77500,@LC,1,1,-160.00,0.4750,340.0000,-380.0000,
TRADE,19/12/2013 12:00:00,134.87500,27/12/2013 11:00:00,137.17500,@LC,1,1,920.00,0.4500,930.0000,-30.0000,
TRADE,14/01/2014 11:00:00,139.32500,21/01/2014 13:05:00,143.67500,@LC,1,1,1740.00,0.5750,1870.0000,0.0000,
TRADE,31/01/2014 10:00:00,145.27500,06/02/2014 13:00:00,144.47500,@LC,-1,1,320.00,1.4250,530.0000,-530.0000,
TRADE,07/02/2014 12:00:00,145.45000,14/02/2014 09:00:00,147.87500,@LC,1,1,970.00,1.2750,970.0000,-240.0000,
TRADE,24/02/2014 11:00:00,146.65000,28/02/2014 13:00:00,150.62500,@LC,1,1,1590.00,1.1750,1870.0000,-60.0000,
TRADE,05/03/2014 13:00:00,148.85000,12/03/2014 10:00:00,148.77500,@LC,-1,1,30.00,1.5500,320.0000,-430.0000,
TRADE,20/03/2014 13:00:00,150.35000,27/03/2014 10:00:00,150.92500,@LC,-1,1,-230.00,1.8000,730.0000,-520.0000,
TRADE,01/04/2014 13:00:00,149.62500,08/04/2014 10:00:00,148.45000,@LC,-1,1,470.00,0.5500,760.0000,-480.0000,
TRADE,11/04/2014 11:00:00,149.47500,17/04/2014 13:05:00,147.85000,@LC,1,1,-650.00,1.0000,40.0000,-800.0000,
TRADE,22/04/2014 11:00:00,149.05000,28/04/2014 13:05:00,150.20000,@LC,1,1,460.00,1.1500,760.0000,-520.0000,
TRADE,09/05/2014 11:00:00,151.32500,15/05/2014 13:05:00,150.65000,@LC,1,1,-270.00,0.5250,280.0000,-530.0000,
TRADE,19/05/2014 10:00:00,151.15000,23/05/2014 12:00:00,150.07500,@LC,1,1,-430.00,0.1250,840.0000,-450.0000,
TRADE,29/05/2014 10:00:00,151.07500,04/06/2014 13:00:00,152.67500,@LC,1,1,640.00,1.5000,890.0000,-30.0000,
TRADE,19/06/2014 11:00:00,160.45000,25/06/2014 13:05:00,163.45000,@LC,1,1,1200.00,1.4500,1540.0000,-660.0000,
TRADE,09/07/2014 13:00:00,163.27500,16/07/2014 10:00:00,160.62500,@LC,-1,1,1060.00,2.0500,1580.0000,-350.0000,
TRADE,17/07/2014 10:00:00,163.20000,23/07/2014 13:00:00,168.55000,@LC,1,1,2140.00,2.9500,2850.0000,-380.0000,
TRADE,31/07/2014 13:00:00,169.85000,07/08/2014 10:00:00,167.07500,@LC,-1,1,1110.00,0.7750,1330.0000,-10.0000,
TRADE,15/08/2014 10:00:00,160.35000,21/08/2014 13:00:00,157.42500,@LC,1,1,-1170.00,1.6000,450.0000,-1600.0000,
TRADE,22/08/2014 13:05:00,159.02500,29/08/2014 11:00:00,162.50000,@LC,1,1,1390.00,0.8500,1540.0000,-10.0000,
TRADE,12/09/2014 11:00:00,168.45000,18/09/2014 13:05:00,167.77500,@LC,-1,1,270.00,1.3250,690.0000,-650.0000,
TRADE,25/09/2014 12:00:00,168.00000,02/10/2014 09:00:00,174.60000,@LC,1,1,2640.00,1.2250,2640.0000,-300.0000,
TRADE,09/10/2014 13:05:00,174.62500,16/10/2014 11:00:00,172.07500,@LC,-1,1,1020.00,1.7500,1750.0000,-590.0000,
TRADE,17/10/2014 09:00:00,173.52500,23/10/2014 12:00:00,176.87500,@LC,1,1,1340.00,0.1750,1870.0000,-380.0000,
TRADE,27/10/2014 11:00:00,176.32500,31/10/2014 13:00:00,174.60000,@LC,1,1,-690.00,1.4500,270.0000,-970.0000,
TRADE,03/11/2014 11:00:00,174.27500,07/11/2014 13:00:00,174.37500,@LC,-1,1,-40.00,0.6750,370.0000,-600.0000,
TRADE,07/11/2014 13:05:00,175.50000,14/11/2014 11:00:00,177.90000,@LC,1,1,960.00,1.3750,1290.0000,-230.0000,
TRADE,24/11/2014 13:05:00,177.85000,02/12/2014 12:00:00,176.92500,@LC,-1,1,370.00,0.8250,720.0000,-510.0000,
TRADE,19/12/2014 10:00:00,168.20000,26/12/2014 13:05:00,170.40000,@LC,1,1,880.00,1.9500,1120.0000,-620.0000,
TRADE,09/01/2015 09:00:00,171.42500,15/01/2015 12:00:00,164.17500,@LC,-1,1,2900.00,0.8500,3240.0000,-130.0000,
TRADE,26/01/2015 13:05:00,157.85000,02/02/2015 11:00:00,162.85000,@LC,1,1,2000.00,3.6250,2040.0000,0.0000,
TRADE,03/02/2015 11:00:00,159.52500,09/02/2015 13:05:00,163.70000,@LC,1,1,1670.00,1.0250,1960.0000,-1080.0000,
TRADE,12/02/2015 10:00:00,161.90000,19/02/2015 13:00:00,161.72500,@LC,1,1,-70.00,1.0000,870.0000,-920.0000,
TRADE,20/02/2015 13:05:00,158.45000,27/02/2015 11:00:00,160.65000,@LC,-1,1,-880.00,1.7500,1280.0000,-1180.0000,
TRADE,16/03/2015 11:00:00,162.97500,20/03/2015 10:00:00,168.45000,@LC,-1,1,-2190.00,1.5500,180.0000,-2240.0000,
TRADE,07/04/2015 10:00:00,170.82500,13/04/2015 13:00:00,168.47500,@LC,-1,1,940.00,1.3500,1310.0000,-500.0000,
TRADE,14/04/2015 11:00:00,170.07500,20/04/2015 13:05:00,165.60000,@LC,1,1,-1790.00,1.5250,820.0000,-1920.0000,
TRADE,23/04/2015 11:00:00,167.30000,29/04/2015 13:05:00,170.60000,@LC,1,1,1320.00,1.5000,1620.0000,-10.0000,
TRADE,30/04/2015 13:00:00,168.75000,07/05/2015 10:00:00,169.87500,@LC,-1,1,-450.00,1.7250,260.0000,-1200.0000,
TRADE,07/05/2015 13:00:00,169.50000,14/05/2015 10:00:00,172.92500,@LC,1,1,1370.00,0.4750,1380.0000,-170.0000,
TRADE,18/05/2015 13:05:00,171.35000,26/05/2015 11:00:00,172.15000,@LC,1,1,320.00,0.3500,540.0000,-260.0000,
TRADE,01/06/2015 11:00:00,172.75000,05/06/2015 13:00:00,171.67500,@LC,1,1,-430.00,0.7500,220.0000,-610.0000,
TRADE,08/06/2015 11:00:00,171.45000,12/06/2015 13:00:00,171.57500,@LC,-1,1,-50.00,0.7750,160.0000,-1520.0000,
TRADE,22/06/2015 12:00:00,172.15000,26/06/2015 13:05:00,169.45000,@LC,1,1,-1080.00,1.4250,410.0000,-1380.0000,
TRADE,29/06/2015 12:00:00,170.57500,07/07/2015 10:00:00,171.10000,@LC,1,1,210.00,1.0750,900.0000,-750.0000,
TRADE,08/07/2015 13:00:00,169.60000,15/07/2015 10:00:00,167.87500,@LC,-1,1,690.00,1.7500,1060.0000,-680.0000,
TRADE,28/07/2015 10:00:00,165.10000,03/08/2015 13:00:00,168.27500,@LC,1,1,1270.00,1.6000,1530.0000,-190.0000,
TRADE,12/08/2015 13:05:00,166.62500,19/08/2015 11:00:00,165.47500,@LC,-1,1,460.00,2.6250,470.0000,-640.0000,
TRADE,28/08/2015 10:00:00,163.07500,03/09/2015 13:00:00,161.95000,@LC,1,1,-450.00,0.9000,610.0000,-1190.0000,
TRADE,08/09/2015 13:00:00,163.02500,15/09/2015 10:00:00,161.85000,@LC,1,1,-470.00,2.0250,560.0000,-1220.0000,
TRADE,25/09/2015 13:05:00,153.70000,30/09/2015 13:05:00,147.75000,@LC,1,1,-2380.00,0.0000,360.0000,-2790.0000,
TRADE,06/10/2015 13:00:00,149.92500,13/10/2015 10:00:00,154.02500,@LC,1,1,1640.00,1.9500,2260.0000,0.0000,
TRADE,27/10/2015 10:00:00,157.22500,02/11/2015 13:00:00,157.45000,@LC,-1,1,-90.00,1.4000,190.0000,-1680.0000,
TRADE,03/11/2015 13:00:00,157.17500,10/11/2015 11:00:00,146.32500,@LC,-1,1,4340.00,0.7750,4480.0000,-10.0000,
TRADE,12/11/2015 10:00:00,148.97500,18/11/2015 13:00:00,147.72500,@LC,1,1,-500.00,1.1750,1130.0000,-2710.0000,
TRADE,20/11/2015 10:00:00,147.10000,27/11/2015 13:00:00,148.45000,@LC,1,1,540.00,2.1250,920.0000,-730.0000,
TRADE,01/12/2015 13:05:00,149.20000,04/12/2015 13:00:00,143.45000,@LC,1,1,-2300.00,3.4250,150.0000,-2910.0000,
TRADE,11/12/2015 12:00:00,141.82500,18/12/2015 09:00:00,139.50000,@LC,1,1,-930.00,2.7500,120.0000,-2100.0000,
TRADE,18/12/2015 12:00:00,140.12500,28/12/2015 12:00:00,151.15000,@LC,1,1,4410.00,0.0000,4790.0000,0.0000,
TRADE,07/01/2016 13:00:00,148.12500,14/01/2016 10:00:00,145.17500,@LC,-1,1,1180.00,1.0250,1280.0000,-530.0000,
TRADE,21/01/2016 11:00:00,144.50000,27/01/2016 13:05:00,149.62500,@LC,1,1,2050.00,2.0500,2060.0000,-80.0000,
TRADE,08/02/2016 11:00:00,145.62500,12/02/2016 13:00:00,143.30000,@LC,-1,1,930.00,2.9000,1120.0000,-630.0000,
TRADE,16/02/2016 13:05:00,146.35000,23/02/2016 11:00:00,149.27500,@LC,1,1,1170.00,1.3750,1430.0000,0.0000,
TRADE,03/03/2016 12:00:00,149.52500,09/03/2016 13:05:00,151.10000,@LC,-1,1,-630.00,0.5250,200.0000,-1030.0000,
TRADE,21/03/2016 10:00:00,153.22500,28/03/2016 12:00:00,150.10000,@LC,-1,1,1250.00,1.1500,1680.0000,-250.0000,
TRADE,29/03/2016 10:00:00,150.72500,04/04/2016 12:00:00,148.85000,@LC,1,1,-750.00,1.2500,100.0000,-1500.0000,
TRADE,08/04/2016 10:00:00,148.50000,14/04/2016 12:00:00,147.07500,@LC,1,1,-570.00,2.2250,440.0000,-1090.0000,
TRADE,18/04/2016 10:00:00,145.20000,22/04/2016 12:00:00,139.25000,@LC,-1,1,2380.00,2.0750,2640.0000,-30.0000,
TRADE,26/04/2016 10:00:00,142.47500,02/05/2016 12:00:00,140.02500,@LC,1,1,-980.00,1.2250,630.0000,-1480.0000,
TRADE,04/05/2016 11:00:00,141.77500,10/05/2016 13:00:00,147.87500,@LC,1,1,2440.00,2.2750,2710.0000,-330.0000,
TRADE,13/05/2016 11:00:00,146.65000,19/05/2016 13:00:00,146.25000,@LC,-1,1,160.00,2.2250,630.0000,-920.0000,
TRADE,26/05/2016 13:00:00,143.85000,03/06/2016 09:00:00,145.92500,@LC,1,1,830.00,1.1500,1230.0000,-240.0000,
TRADE,06/06/2016 13:00:00,145.72500,13/06/2016 09:00:00,145.87500,@LC,-1,1,-60.00,2.7750,870.0000,-780.0000,
TRADE,22/06/2016 12:00:00,140.55000,28/06/2016 13:05:00,141.02500,@LC,1,1,190.00,1.1500,780.0000,-570.0000,
TRADE,05/07/2016 10:00:00,140.17500,11/07/2016 12:00:00,139.35000,@LC,-1,1,330.00,1.9750,490.0000,-1000.0000,
TRADE,13/07/2016 13:00:00,139.07500,20/07/2016 09:00:00,138.27500,@LC,1,1,-320.00,0.7250,1080.0000,-470.0000,
TRADE,20/07/2016 10:00:00,138.70000,26/07/2016 12:00:00,141.70000,@LC,1,1,1200.00,1.0000,1220.0000,-1330.0000,
TRADE,11/08/2016 11:00:00,143.70000,17/08/2016 13:00:00,141.97500,@LC,-1,1,690.00,1.2750,750.0000,-520.0000,
TRADE,30/08/2016 13:05:00,137.05000,02/09/2016 13:05:00,131.17500,@LC,1,1,-2350.00,3.6500,390.0000,-2370.0000,
TRADE,09/09/2016 11:00:00,133.45000,15/09/2016 13:00:00,136.87500,@LC,1,1,1370.00,2.2750,1450.0000,-90.0000,
TRADE,23/09/2016 09:00:00,136.20000,29/09/2016 11:00:00,134.00000,@LC,-1,1,880.00,0.5000,1750.0000,-380.0000,
TRADE,04/10/2016 13:05:00,132.95000,11/10/2016 10:00:00,130.77500,@LC,1,1,-870.00,0.8250,460.0000,-1200.0000,
TRADE,17/10/2016 11:00:00,129.07500,21/10/2016 13:00:00,132.82500,@LC,1,1,1500.00,1.0500,1680.0000,-700.0000,
TRADE,01/11/2016 11:00:00,135.60000,07/11/2016 13:00:00,130.92500,@LC,1,1,-1870.00,1.8750,270.0000,-2020.0000,
TRADE,09/11/2016 13:00:00,133.72500,16/11/2016 09:00:00,135.57500,@LC,1,1,740.00,0.8000,1380.0000,-280.0000,
TRADE,29/11/2016 11:00:00,139.35000,05/12/2016 13:00:00,138.67500,@LC,-1,1,270.00,0.8250,810.0000,-1210.0000,
TRADE,06/12/2016 13:05:00,140.15000,13/12/2016 10:00:00,143.10000,@LC,1,1,1180.00,1.0000,1290.0000,-860.0000,
TRADE,30/12/2016 13:00:00,145.22500,09/01/2017 09:00:00,144.15000,@LC,-1,1,430.00,1.5000,840.0000,-230.0000,
TRADE,09/01/2017 13:05:00,145.70000,17/01/2017 10:00:00,148.30000,@LC,1,1,1040.00,1.4250,1260.0000,-100.0000,
TRADE,26/01/2017 13:05:00,147.87500,02/02/2017 10:00:00,145.05000,@LC,-1,1,1130.00,0.7250,1940.0000,-40.0000,
TRADE,02/02/2017 13:00:00,146.07500,09/02/2017 09:00:00,145.27500,@LC,1,1,-320.00,1.4250,340.0000,-530.0000,
TRADE,15/02/2017 10:00:00,144.60000,22/02/2017 12:00:00,147.07500,@LC,1,1,990.00,0.9000,1150.0000,-670.0000,
TRADE,27/02/2017 10:00:00,145.80000,03/03/2017 12:00:00,146.20000,@LC,1,1,160.00,0.8000,1370.0000,-110.0000,
TRADE,06/03/2017 10:00:00,146.35000,10/03/2017 12:00:00,147.07500,@LC,1,1,290.00,0.7250,530.0000,-470.0000,
TRADE,15/03/2017 12:00:00,147.95000,21/03/2017 13:05:00,150.17500,@LC,1,1,890.00,0.9250,960.0000,-70.0000,
TRADE,29/03/2017 12:00:00,151.22500,04/04/2017 13:05:00,148.72500,@LC,1,1,-1000.00,1.0500,210.0000,-1020.0000,
TRADE,07/04/2017 10:00:00,149.95000,13/04/2017 12:00:00,154.62500,@LC,1,1,1870.00,0.6500,2040.0000,-60.0000,
TRADE,24/04/2017 13:00:00,154.25000,27/04/2017 12:00:00,160.47500,@LC,-1,1,-2490.00,0.8500,90.0000,-2660.0000,
TRADE,08/05/2017 11:00:00,165.67500,12/05/2017 13:00:00,163.95000,@LC,-1,1,690.00,1.6000,1930.0000,-1390.0000,
TRADE,19/05/2017 13:00:00,163.27500,26/05/2017 09:00:00,163.62500,@LC,1,1,140.00,0.6000,550.0000,-1180.0000,
TRADE,30/05/2017 13:00:00,162.80000,06/06/2017 09:00:00,170.27500,@LC,1,1,2990.00,0.7000,3050.0000,-20.0000,
TRADE,06/06/2017 13:05:00,167.05000,13/06/2017 10:00:00,165.15000,@LC,-1,1,760.00,3.7500,1100.0000,-780.0000,
TRADE,26/06/2017 12:00:00,159.67500,30/06/2017 13:05:00,159.65000,@LC,1,1,-10.00,1.0750,960.0000,-1020.0000,
TRADE,11/07/2017 12:00:00,157.82500,18/07/2017 09:00:00,160.47500,@LC,1,1,1060.00,1.5500,1650.0000,-110.0000,
TRADE,19/07/2017 10:00:00,158.17500,25/07/2017 12:00:00,157.82500,@LC,-1,1,140.00,1.4000,580.0000,-1320.0000,
TRADE,02/08/2017 10:00:00,157.00000,08/08/2017 12:00:00,155.62500,@LC,1,1,-550.00,0.7500,1120.0000,-1050.0000,
TRADE,15/08/2017 13:05:00,153.35000,22/08/2017 10:00:00,150.85000,@LC,1,1,-1000.00,2.0500,220.0000,-1760.0000,
TRADE,22/08/2017 12:00:00,151.65000,28/08/2017 13:05:00,152.67500,@LC,1,1,410.00,1.2000,920.0000,-1130.0000,
TRADE,31/08/2017 10:00:00,150.02500,07/09/2017 12:00:00,151.67500,@LC,1,1,660.00,1.9000,740.0000,-650.0000,
TRADE,08/09/2017 10:00:00,150.55000,14/09/2017 12:00:00,151.52500,@LC,1,1,390.00,1.2750,1020.0000,-380.0000,
TRADE,26/09/2017 10:00:00,153.07500,02/10/2017 12:00:00,153.55000,@LC,-1,1,-190.00,0.9000,320.0000,-710.0000,
TRADE,03/10/2017 13:05:00,153.75000,10/10/2017 10:00:00,156.67500,@LC,1,1,1170.00,0.8000,1230.0000,-40.0000,
TRADE,16/10/2017 10:00:00,156.15000,20/10/2017 12:00:00,155.42500,@LC,1,1,-290.00,0.5250,150.0000,-1050.0000,
TRADE,23/10/2017 12:00:00,156.22500,27/10/2017 13:05:00,159.87500,@LC,1,1,1460.00,1.0750,1760.0000,-280.0000,
TRADE,08/11/2017 12:00:00,161.62500,14/11/2017 13:05:00,158.55000,@LC,-1,1,1230.00,1.2000,1540.0000,-220.0000,
TRADE,22/11/2017 10:00:00,157.97500,29/11/2017 13:00:00,159.27500,@LC,1,1,520.00,1.4750,600.0000,-250.0000,
TRADE,30/11/2017 13:00:00,157.87500,07/12/2017 09:00:00,152.27500,@LC,-1,1,2240.00,2.2000,2390.0000,-430.0000,
TRADE,12/12/2017 12:00:00,152.52500,18/12/2017 13:05:00,153.62500,@LC,1,1,440.00,1.6750,970.0000,-560.0000,
TRADE,20/12/2017 12:00:00,151.45000,28/12/2017 09:00:00,154.37500,@LC,-1,1,-1170.00,2.2500,80.0000,-1560.0000,
TRADE,05/01/2018 10:00:00,153.97500,11/01/2018 12:00:00,149.90000,@LC,-1,1,1630.00,1.6750,1890.0000,-90.0000,
TRADE,16/01/2018 10:00:00,151.02500,22/01/2018 12:00:00,156.20000,@LC,1,1,2070.00,0.6750,2330.0000,-260.0000,
TRADE,25/01/2018 13:05:00,155.60000,01/02/2018 10:00:00,156.30000,@LC,-1,1,-280.00,3.3500,150.0000,-1400.0000,
TRADE,01/02/2018 11:00:00,158.60000,07/02/2018 13:00:00,156.82500,@LC,1,1,-710.00,2.4000,630.0000,-710.0000,
TRADE,08/02/2018 12:00:00,158.50000,14/02/2018 13:05:00,158.17500,@LC,1,1,-130.00,2.2000,180.0000,-1090.0000,
TRADE,21/02/2018 10:00:00,159.92500,27/02/2018 12:00:00,158.07500,@LC,-1,1,740.00,3.0250,1360.0000,-20.0000,
TRADE,06/03/2018 10:00:00,156.82500,12/03/2018 12:00:00,155.02500,@LC,1,1,-720.00,1.3000,390.0000,-1180.0000,
TRADE,14/03/2018 10:00:00,156.70000,20/03/2018 12:00:00,153.37500,@LC,1,1,-1330.00,1.5750,230.0000,-1760.0000,
TRADE,29/03/2018 11:00:00,149.22500,03/04/2018 13:05:00,142.52500,@LC,1,1,-2680.00,0.7000,10.0000,-2730.0000,
TRADE,05/04/2018 10:00:00,146.65000,11/04/2018 12:00:00,145.12500,@LC,1,1,-610.00,1.7000,550.0000,-850.0000,
TRADE,12/04/2018 13:00:00,146.32500,19/04/2018 09:00:00,148.00000,@LC,1,1,670.00,1.3250,1080.0000,-100.0000,
TRADE,19/04/2018 13:05:00,145.95000,26/04/2018 10:00:00,149.02500,@LC,-1,1,-1230.00,0.7750,590.0000,-1430.0000,
TRADE,01/05/2018 11:00:00,147.22500,07/05/2018 13:00:00,148.72500,@LC,-1,1,-600.00,1.9250,220.0000,-1280.0000,
TRADE,08/05/2018 10:00:00,147.90000,14/05/2018 12:00:00,148.37500,@LC,1,1,190.00,0.6000,1220.0000,-180.0000,
TRADE,21/05/2018 10:00:00,146.80000,25/05/2018 12:00:00,147.47500,@LC,1,1,270.00,1.6000,800.0000,-90.0000,
TRADE,30/05/2018 12:00:00,149.27500,05/06/2018 13:05:00,149.15000,@LC,1,1,-50.00,2.1500,450.0000,-870.0000,
TRADE,11/06/2018 13:05:00,149.47500,18/06/2018 10:00:00,149.47500,@LC,-1,1,0.00,2.8000,1550.0000,-450.0000,
TRADE,25/06/2018 10:00:00,148.62500,29/06/2018 12:00:00,150.57500,@LC,-1,1,-780.00,3.0500,710.0000,-890.0000,
TRADE,10/07/2018 12:00:00,151.10000,16/07/2018 13:05:00,152.07500,@LC,-1,1,-390.00,1.0000,1280.0000,-660.0000,
TRADE,25/07/2018 13:05:00,154.30000,01/08/2018 10:00:00,153.22500,@LC,1,1,-430.00,0.6250,630.0000,-920.0000,
TRADE,01/08/2018 11:00:00,153.82500,07/08/2018 13:00:00,154.42500,@LC,1,1,240.00,1.0750,840.0000,-310.0000,
TRADE,15/08/2018 10:00:00,153.40000,21/08/2018 12:00:00,154.47500,@LC,1,1,430.00,1.2000,740.0000,-360.0000,
TRADE,22/08/2018 10:00:00,152.57500,28/08/2018 12:00:00,151.67500,@LC,-1,1,360.00,1.4750,1040.0000,-360.0000,
TRADE,30/08/2018 11:00:00,152.55000,06/09/2018 13:00:00,152.62500,@LC,1,1,30.00,0.5750,720.0000,-240.0000,
TRADE,26/09/2018 11:00:00,156.07500,02/10/2018 13:00:00,157.72500,@LC,1,1,660.00,0.8000,990.0000,-20.0000,
TRADE,05/10/2018 11:00:00,157.52500,11/10/2018 13:00:00,155.55000,@LC,1,1,-790.00,0.4250,20.0000,-1050.0000,
TRADE,12/10/2018 10:00:00,155.30000,18/10/2018 12:00:00,155.22500,@LC,1,1,-30.00,1.2500,660.0000,-190.0000,
TRADE,30/10/2018 13:00:00,155.90000,06/11/2018 09:00:00,154.02500,@LC,1,1,-750.00,0.4000,300.0000,-1100.0000,
TRADE,08/11/2018 11:00:00,155.75000,14/11/2018 13:00:00,153.30000,@LC,1,1,-980.00,1.6750,60.0000,-1360.0000,
TRADE,15/11/2018 11:00:00,154.02500,21/11/2018 13:00:00,155.47500,@LC,1,1,580.00,0.6250,740.0000,-280.0000,
TRADE,29/11/2018 11:00:00,154.42500,05/12/2018 13:00:00,157.20000,@LC,-1,1,-1110.00,0.7250,310.0000,-1140.0000,
TRADE,18/12/2018 13:00:00,157.90000,26/12/2018 10:00:00,158.42500,@LC,1,1,210.00,0.7750,270.0000,-510.0000,
TRADE,03/01/2019 12:00:00,157.75000,09/01/2019 13:05:00,160.00000,@LC,-1,1,-900.00,0.5250,500.0000,-1120.0000,
TRADE,22/01/2019 13:05:00,160.20000,29/01/2019 10:00:00,161.67500,@LC,-1,1,-590.00,0.6500,170.0000,-660.0000,
TRADE,31/01/2019 13:00:00,161.42500,07/02/2019 09:00:00,161.27500,@LC,-1,1,60.00,2.1250,560.0000,-280.0000,
TRADE,07/02/2019 11:00:00,161.25000,13/02/2019 13:00:00,161.52500,@LC,1,1,110.00,0.5750,610.0000,-140.0000,
TRADE,19/02/2019 10:00:00,162.30000,25/02/2019 12:00:00,163.22500,@LC,1,1,370.00,0.8500,730.0000,-20.0000,
TRADE,04/03/2019 11:00:00,163.07500,08/03/2019 13:00:00,163.75000,@LC,-1,1,-270.00,1.0000,280.0000,-280.0000,
TRADE,11/03/2019 10:00:00,163.00000,15/03/2019 12:00:00,163.05000,@LC,-1,1,-20.00,1.2000,960.0000,-370.0000,
TRADE,25/03/2019 13:05:00,161.85000,01/04/2019 10:00:00,159.80000,@LC,-1,1,820.00,1.1750,1020.0000,-70.0000,
TRADE,01/04/2019 12:00:00,160.87500,05/04/2019 13:05:00,160.85000,@LC,1,1,-10.00,0.9250,590.0000,-690.0000,
TRADE,22/04/2019 13:00:00,161.80000,29/04/2019 09:00:00,155.75000,@LC,-1,1,2420.00,0.5500,2680.0000,-350.0000,
TRADE,06/05/2019 11:00:00,153.62500,10/05/2019 13:00:00,154.10000,@LC,1,1,190.00,1.8250,200.0000,-920.0000,
TRADE,13/05/2019 13:00:00,150.67500,20/05/2019 09:00:00,152.20000,@LC,1,1,610.00,1.0000,910.0000,-470.0000,
TRADE,28/05/2019 12:00:00,151.02500,03/06/2019 13:05:00,146.42500,@LC,-1,1,1840.00,0.6750,2020.0000,-450.0000,
TRADE,05/06/2019 11:00:00,148.65000,11/06/2019 13:00:00,149.77500,@LC,1,1,450.00,1.5000,730.0000,-770.0000,
TRADE,13/06/2019 12:00:00,148.52500,19/06/2019 13:05:00,148.15000,@LC,1,1,-150.00,1.1500,650.0000,-280.0000,
TRADE,20/06/2019 10:00:00,148.72500,26/06/2019 12:00:00,149.07500,@LC,1,1,140.00,0.8250,310.0000,-1230.0000,
TRADE,18/07/2019 10:00:00,151.92500,24/07/2019 12:00:00,152.72500,@LC,1,1,320.00,0.4250,410.0000,-460.0000,
TRADE,29/07/2019 13:00:00,151.77500,05/08/2019 09:00:00,149.87500,@LC,-1,1,760.00,1.0750,900.0000,-150.0000,
TRADE,05/08/2019 12:00:00,150.65000,09/08/2019 13:05:00,149.12500,@LC,1,1,-610.00,2.7250,160.0000,-1020.0000,
TRADE,20/08/2019 10:00:00,142.55000,26/08/2019 12:00:00,143.22500,@LC,1,1,270.00,1.9750,530.0000,-600.0000,
TRADE,27/08/2019 13:05:00,142.32500,04/09/2019 10:00:00,141.22500,@LC,1,1,-440.00,0.5250,260.0000,-620.0000,
TRADE,05/09/2019 10:00:00,140.97500,11/09/2019 12:00:00,140.65000,@LC,-1,1,130.00,1.4000,2060.0000,-300.0000,
TRADE,18/10/2019 12:00:00,149.10000,24/10/2019 13:05:00,151.42500,@LC,-1,1,-930.00,1.0000,0.0000,-1320.0000,
TRADE,13/11/2019 12:00:00,155.00000,19/11/2019 13:05:00,155.42500,@LC,-1,1,-170.00,1.8000,410.0000,-420.0000,
TRADE,20/11/2019 12:00:00,155.40000,26/11/2019 13:05:00,157.10000,@LC,1,1,680.00,0.9750,700.0000,-210.0000,
TRADE,04/12/2019 11:00:00,156.00000,10/12/2019 13:00:00,156.42500,@LC,-1,1,-170.00,1.5250,340.0000,-460.0000,
TRADE,11/12/2019 12:00:00,156.37500,17/12/2019 13:05:00,157.67500,@LC,1,1,520.00,0.5000,1150.0000,-150.0000,
TRADE,20/12/2019 10:00:00,156.95000,27/12/2019 13:00:00,158.02500,@LC,-1,1,-430.00,0.5750,150.0000,-650.0000,
TRADE,02/01/2020 10:00:00,157.35000,08/01/2020 12:00:00,158.05000,@LC,1,1,280.00,0.3500,570.0000,-580.0000,
TRADE,16/01/2020 10:00:00,157.22500,23/01/2020 12:00:00,157.00000,@LC,-1,1,90.00,1.3000,440.0000,-270.0000,
TRADE,04/02/2020 10:00:00,153.27500,10/02/2020 12:00:00,150.57500,@LC,1,1,-1080.00,1.0000,10.0000,-1210.0000,
TRADE,13/02/2020 13:05:00,150.52500,21/02/2020 10:00:00,149.72500,@LC,1,1,-320.00,1.0000,1020.0000,-430.0000,
TRADE,03/03/2020 10:00:00,143.52500,06/03/2020 13:05:00,137.55000,@LC,1,1,-2390.00,1.9750,410.0000,-2390.0000,
TRADE,11/03/2020 12:00:00,137.50000,13/03/2020 10:00:00,129.00000,@LC,1,1,-3400.00,2.0250,0.0000,-2890.0000,
TRADE,16/03/2020 13:00:00,130.00000,23/03/2020 09:00:00,133.55000,@LC,1,1,1420.00,8.8250,1420.0000,-2630.0000,
TRADE,30/03/2020 10:00:00,131.27500,03/04/2020 12:00:00,124.52500,@LC,-1,1,2700.00,3.6250,2790.0000,-1840.0000,
TRADE,07/04/2020 12:00:00,128.60000,14/04/2020 13:05:00,127.87500,@LC,1,1,-290.00,0.0000,1780.0000,-1810.0000,
TRADE,27/04/2020 10:00:00,127.27500,01/05/2020 12:00:00,132.27500,@LC,1,1,2000.00,1.7250,2190.0000,-300.0000,
TRADE,26/05/2020 12:00:00,142.62500,01/06/2020 13:05:00,143.00000,@LC,1,1,150.00,0.5750,1050.0000,-700.0000,
TRADE,09/06/2020 13:05:00,141.67500,16/06/2020 10:00:00,140.67500,@LC,1,1,-400.00,1.1000,170.0000,-1660.0000,
TRADE,17/06/2020 13:05:00,140.75000,24/06/2020 10:00:00,140.92500,@LC,1,1,70.00,0.4750,530.0000,-980.0000,
TRADE,29/06/2020 13:00:00,140.20000,07/07/2020 10:00:00,144.10000,@LC,1,1,1560.00,0.9250,2070.0000,-40.0000,
TRADE,14/07/2020 13:05:00,142.82500,21/07/2020 10:00:00,146.17500,@LC,-1,1,-1340.00,0.4500,180.0000,-2000.0000,
TRADE,23/07/2020 09:00:00,145.82500,29/07/2020 11:00:00,146.52500,@LC,1,1,280.00,0.2500,380.0000,-800.0000,
TRADE,11/08/2020 10:00:00,147.55000,17/08/2020 12:00:00,151.25000,@LC,1,1,1480.00,0.4500,1480.0000,-20.0000,
TRADE,21/08/2020 12:00:00,149.25000,27/08/2020 13:05:00,146.32500,@LC,-1,1,1170.00,0.9000,1640.0000,-10.0000,
TRADE,08/09/2020 10:00:00,145.55000,14/09/2020 12:00:00,147.05000,@LC,1,1,600.00,1.5750,870.0000,-670.0000,
TRADE,02/10/2020 10:00:00,147.30000,08/10/2020 12:00:00,149.20000,@LC,-1,1,-760.00,1.2500,80.0000,-920.0000,
TRADE,12/10/2020 11:00:00,147.35000,16/10/2020 13:00:00,144.87500,@LC,-1,1,990.00,1.4250,1000.0000,-230.0000,
TRADE,27/10/2020 10:00:00,141.55000,02/11/2020 12:00:00,144.35000,@LC,1,1,1120.00,1.3750,1390.0000,-940.0000,
TRADE,13/11/2020 13:05:00,146.30000,20/11/2020 10:00:00,144.37500,@LC,-1,1,770.00,0.6250,910.0000,-730.0000,
TRADE,23/11/2020 12:00:00,146.72500,01/12/2020 09:00:00,146.57500,@LC,1,1,-60.00,0.9500,520.0000,-290.0000,
TRADE,02/12/2020 13:05:00,147.47500,09/12/2020 10:00:00,144.45000,@LC,1,1,-1210.00,0.4500,0.0000,-1350.0000,
TRADE,10/12/2020 10:00:00,145.67500,16/12/2020 12:00:00,146.75000,@LC,1,1,430.00,1.6000,670.0000,-240.0000,
TRADE,23/12/2020 13:00:00,148.05000,31/12/2020 10:00:00,148.00000,@LC,1,1,-20.00,0.7250,720.0000,-220.0000,
TRADE,31/12/2020 13:05:00,148.62500,08/01/2021 10:00:00,148.27500,@LC,1,1,-140.00,0.6750,240.0000,-1490.0000,
TRADE,12/01/2021 13:05:00,146.02500,20/01/2021 10:00:00,147.37500,@LC,-1,1,-540.00,0.5250,380.0000,-570.0000,
TRADE,29/01/2021 13:05:00,149.25000,05/02/2021 10:00:00,150.85000,@LC,-1,1,-640.00,1.3500,220.0000,-800.0000,
TRADE,10/02/2021 10:00:00,150.07500,17/02/2021 12:00:00,151.42500,@LC,-1,1,-540.00,1.7000,110.0000,-1630.0000,
TRADE,22/02/2021 11:00:00,150.17500,26/02/2021 13:00:00,147.47500,@LC,-1,1,1080.00,0.8500,1140.0000,-240.0000,
TRADE,08/03/2021 12:00:00,146.85000,12/03/2021 13:05:00,146.42500,@LC,1,1,-170.00,0.3500,290.0000,-460.0000,
TRADE,15/03/2021 10:00:00,146.90000,19/03/2021 12:00:00,146.35000,@LC,1,1,-220.00,0.7250,550.0000,-580.0000,
TRADE,09/04/2021 12:00:00,149.37500,15/04/2021 13:05:00,145.50000,@LC,-1,1,1550.00,0.6000,1910.0000,-120.0000,
TRADE,27/04/2021 10:00:00,142.95000,03/05/2021 12:00:00,141.92500,@LC,1,1,-410.00,1.4250,180.0000,-970.0000,
TRADE,06/05/2021 11:00:00,139.47500,12/05/2021 13:00:00,144.77500,@LC,1,1,2120.00,1.9000,2290.0000,-120.0000,
TRADE,13/05/2021 12:00:00,141.62500,19/05/2021 13:05:00,142.77500,@LC,-1,1,-460.00,0.9000,460.0000,-650.0000,
TRADE,02/06/2021 13:05:00,142.17500,09/06/2021 10:00:00,140.57500,@LC,1,1,-640.00,0.7750,50.0000,-820.0000,
TRADE,09/06/2021 11:00:00,140.92500,15/06/2021 13:00:00,146.27500,@LC,1,1,2140.00,1.0000,2170.0000,-180.0000,
TRADE,17/06/2021 13:05:00,143.92500,24/06/2021 10:00:00,144.97500,@LC,-1,1,-420.00,2.3000,210.0000,-1430.0000,
TRADE,24/06/2021 12:00:00,145.57500,30/06/2021 13:05:00,145.72500,@LC,1,1,60.00,1.0750,290.0000,-820.0000,
TRADE,01/07/2021 13:00:00,145.45000,09/07/2021 09:00:00,142.22500,@LC,1,1,-1290.00,1.2000,710.0000,-1350.0000,
TRADE,13/07/2021 10:00:00,143.35000,19/07/2021 12:00:00,142.22500,@LC,1,1,-450.00,0.8500,860.0000,-500.0000,
TRADE,22/07/2021 10:00:00,143.62500,28/07/2021 12:00:00,146.12500,@LC,1,1,1000.00,0.8500,1360.0000,-90.0000,
TRADE,03/08/2021 11:00:00,145.57500,09/08/2021 13:00:00,144.57500,@LC,1,1,-400.00,1.1250,430.0000,-1040.0000,
TRADE,10/08/2021 10:00:00,145.92500,16/08/2021 12:00:00,145.85000,@LC,1,1,-30.00,1.5250,270.0000,-610.0000,
TRADE,20/08/2021 10:00:00,145.32500,26/08/2021 12:00:00,146.92500,@LC,1,1,640.00,0.4500,1870.0000,-70.0000,
TRADE,27/08/2021 12:00:00,146.55000,02/09/2021 13:05:00,143.22500,@LC,-1,1,1330.00,0.4500,1410.0000,-90.0000,
TRADE,14/09/2021 10:00:00,141.20000,20/09/2021 12:00:00,139.27500,@LC,1,1,-770.00,2.0750,400.0000,-900.0000,
TRADE,21/09/2021 10:00:00,140.47500,27/09/2021 12:00:00,139.90000,@LC,1,1,-230.00,0.9750,240.0000,-530.0000,
TRADE,29/09/2021 10:00:00,138.67500,05/10/2021 12:00:00,139.87500,@LC,-1,1,-480.00,1.1750,700.0000,-800.0000,
TRADE,05/10/2021 13:05:00,139.72500,12/10/2021 10:00:00,141.77500,@LC,-1,1,-820.00,0.9250,270.0000,-1120.0000,
TRADE,13/10/2021 10:00:00,141.22500,19/10/2021 12:00:00,142.40000,@LC,1,1,470.00,0.6750,730.0000,-300.0000,
TRADE,21/10/2021 13:05:00,141.50000,28/10/2021 10:00:00,143.30000,@LC,-1,1,-720.00,0.4250,530.0000,-940.0000,
TRADE,29/10/2021 11:00:00,141.00000,04/11/2021 13:00:00,142.67500,@LC,-1,1,-670.00,0.9500,140.0000,-1330.0000,
TRADE,30/11/2021 10:00:00,147.72500,06/12/2021 12:00:00,148.60000,@LC,-1,1,-350.00,1.2000,620.0000,-590.0000,
TRADE,09/12/2021 10:00:00,147.45000,15/12/2021 12:00:00,145.80000,@LC,1,1,-660.00,0.4750,260.0000,-710.0000,
TRADE,21/12/2021 12:00:00,146.25000,28/12/2021 13:05:00,148.20000,@LC,1,1,780.00,1.3250,1160.0000,-290.0000,
TRADE,04/01/2022 10:00:00,147.00000,10/01/2022 12:00:00,145.55000,@LC,-1,1,580.00,0.7250,750.0000,-80.0000,
TRADE,11/01/2022 12:00:00,146.70000,18/01/2022 13:05:00,146.52500,@LC,1,1,-70.00,0.6000,350.0000,-590.0000,
TRADE,24/01/2022 10:00:00,145.45000,28/01/2022 12:00:00,147.72500,@LC,-1,1,-910.00,1.8000,450.0000,-980.0000,
TRADE,08/02/2022 11:00:00,150.55000,14/02/2022 13:00:00,151.42500,@LC,-1,1,-350.00,0.4250,120.0000,-1250.0000,
TRADE,15/02/2022 10:00:00,152.07500,22/02/2022 12:00:00,150.70000,@LC,1,1,-550.00,1.1250,240.0000,-680.0000,
TRADE,08/03/2022 10:00:00,143.57500,14/03/2022 12:00:00,145.32500,@LC,1,1,700.00,1.2000,830.0000,-1110.0000,
TRADE,25/03/2022 10:00:00,145.32500,31/03/2022 12:00:00,145.57500,@LC,1,1,100.00,0.7000,510.0000,-540.0000,
TRADE,01/04/2022 12:00:00,144.35000,07/04/2022 13:05:00,142.12500,@LC,-1,1,890.00,0.8500,1520.0000,-50.0000,
TRADE,08/04/2022 11:00:00,143.00000,14/04/2022 13:00:00,144.42500,@LC,1,1,570.00,1.0250,870.0000,-620.0000,
TRADE,25/04/2022 10:00:00,144.52500,29/04/2022 12:00:00,141.17500,@LC,-1,1,1340.00,3.1500,1380.0000,-60.0000,
TRADE,02/05/2022 12:00:00,143.22500,06/05/2022 13:05:00,140.85000,@LC,1,1,-950.00,1.4750,450.0000,-1010.0000,
TRADE,11/05/2022 12:00:00,142.62500,17/05/2022 13:05:00,141.10000,@LC,1,1,-610.00,1.0500,130.0000,-1310.0000,
TRADE,23/05/2022 12:00:00,140.37500,27/05/2022 13:05:00,140.27500,@LC,1,1,-40.00,0.9000,500.0000,-160.0000,
TRADE,01/06/2022 13:05:00,140.75000,08/06/2022 10:00:00,142.87500,@LC,1,1,850.00,0.3500,870.0000,-110.0000,
TRADE,13/06/2022 11:00:00,140.87500,17/06/2022 13:00:00,144.75000,@LC,-1,1,-1550.00,2.1750,170.0000,-1800.0000,
TRADE,01/07/2022 10:00:00,142.60000,08/07/2022 12:00:00,141.77500,@LC,1,1,-330.00,2.6250,400.0000,-820.0000,
TRADE,18/07/2022 10:00:00,143.65000,22/07/2022 12:00:00,145.00000,@LC,1,1,540.00,1.8500,600.0000,-430.0000,
TRADE,01/08/2022 10:00:00,145.00000,05/08/2022 12:00:00,146.57500,@LC,1,1,630.00,1.0250,830.0000,-300.0000,
TRADE,10/08/2022 10:00:00,146.27500,16/08/2022 12:00:00,148.02500,@LC,1,1,700.00,0.8000,780.0000,-90.0000,
TRADE,19/08/2022 10:00:00,147.92500,25/08/2022 12:00:00,146.00000,@LC,1,1,-770.00,0.8000,70.0000,-940.0000,
TRADE,26/08/2022 11:00:00,146.15000,01/09/2022 13:00:00,145.00000,@LC,1,1,-460.00,0.6500,240.0000,-600.0000,
TRADE,02/09/2022 10:00:00,146.20000,09/09/2022 12:00:00,147.80000,@LC,1,1,640.00,1.0750,820.0000,-60.0000,
TRADE,14/09/2022 10:00:00,147.02500,20/09/2022 12:00:00,148.57500,@LC,1,1,620.00,0.4750,850.0000,-150.0000,
TRADE,23/09/2022 10:00:00,146.77500,29/09/2022 12:00:00,145.37500,@LC,-1,1,560.00,0.6250,1080.0000,-380.0000,
TRADE,29/09/2022 13:00:00,146.07500,06/10/2022 09:00:00,146.75000,@LC,1,1,270.00,0.9000,450.0000,-310.0000,
TRADE,11/10/2022 10:00:00,146.02500,17/10/2022 12:00:00,147.70000,@LC,1,1,670.00,0.5000,750.0000,-250.0000,
TRADE,31/10/2022 10:00:00,150.50000,04/11/2022 12:00:00,150.42500,@LC,-1,1,30.00,1.1250,410.0000,-270.0000,
TRADE,07/11/2022 11:00:00,151.00000,11/11/2022 13:00:00,150.00000,@LC,1,1,-400.00,0.8000,370.0000,-490.0000,
TRADE,14/11/2022 10:00:00,150.52500,18/11/2022 12:00:00,151.62500,@LC,1,1,440.00,0.5250,490.0000,-400.0000,
TRADE,28/11/2022 10:00:00,151.15000,02/12/2022 12:00:00,152.62500,@LC,-1,1,-590.00,0.7000,230.0000,-600.0000,
TRADE,09/12/2022 11:00:00,151.55000,15/12/2022 13:00:00,151.40000,@LC,1,1,-60.00,1.0250,670.0000,-170.0000,
TRADE,16/12/2022 13:05:00,152.22500,23/12/2022 10:00:00,153.62500,@LC,1,1,560.00,0.5500,880.0000,-260.0000,
TRADE,03/01/2023 10:00:00,153.90000,09/01/2023 12:00:00,154.52500,@LC,-1,1,-250.00,0.8500,370.0000,-290.0000,
TRADE,17/01/2023 10:00:00,152.95000,23/01/2023 12:00:00,152.55000,@LC,-1,1,160.00,0.8000,740.0000,-230.0000,
TRADE,23/01/2023 13:00:00,152.95000,30/01/2023 09:00:00,153.50000,@LC,1,1,220.00,0.4750,550.0000,-80.0000,
TRADE,17/02/2023 10:00:00,156.77500,24/02/2023 12:00:00,157.12500,@LC,1,1,140.00,0.8000,870.0000,0.0000,
TRADE,02/03/2023 12:00:00,157.27500,08/03/2023 13:05:00,158.00000,@LC,1,1,290.00,0.5250,780.0000,-350.0000,
TRADE,13/03/2023 10:00:00,156.30000,17/03/2023 12:00:00,154.15000,@LC,-1,1,860.00,1.0250,970.0000,-170.0000,
TRADE,24/03/2023 12:00:00,154.40000,30/03/2023 13:05:00,159.17500,@LC,1,1,1910.00,0.9000,1940.0000,0.0000,
TRADE,05/04/2023 10:00:00,158.77500,12/04/2023 12:00:00,162.50000,@LC,1,1,1490.00,0.5250,1620.0000,-140.0000,
TRADE,19/04/2023 13:00:00,161.42500,26/04/2023 09:00:00,161.95000,@LC,-1,1,-210.00,1.3750,360.0000,-650.0000,
TRADE,26/04/2023 11:00:00,162.62500,02/05/2023 13:00:00,160.95000,@LC,1,1,-670.00,1.2750,530.0000,-760.0000,
TRADE,05/05/2023 10:00:00,161.20000,11/05/2023 12:00:00,161.50000,@LC,1,1,120.00,1.6000,610.0000,-500.0000,
TRADE,24/05/2023 10:00:00,162.45000,31/05/2023 12:00:00,167.05000,@LC,-1,1,-1840.00,0.8250,50.0000,-1920.0000,
TRADE,08/06/2023 13:05:00,172.22500,15/06/2023 10:00:00,169.90000,@LC,-1,1,930.00,1.7250,1030.0000,-870.0000,
TRADE,23/06/2023 09:00:00,171.20000,29/06/2023 11:00:00,173.20000,@LC,1,1,800.00,0.2500,1340.0000,-610.0000,
