TRADE,12/01/2010 08:40:00,126.90000,13/01/2010 09:05:00,128.27500,@LH,-1,1,-550.00,0.7250,180.0000,-500.0000,
TRADE,25/01/2010 09:15:00,130.05000,28/01/2010 09:10:00,127.42500,@LH,-1,1,1050.00,0.8000,1270.0000,-20.0000,
TRADE,01/02/2010 09:20:00,126.52500,04/02/2010 09:00:00,124.95000,@LH,-1,1,630.00,0.5750,910.0000,-40.0000,
TRADE,11/02/2010 09:45:00,126.15000,16/02/2010 09:15:00,127.52500,@LH,-1,1,-550.00,0.2500,110.0000,-520.0000,
TRADE,23/02/2010 09:50:00,127.97500,24/02/2010 12:05:00,129.35000,@LH,-1,1,-550.00,0.2750,150.0000,-540.0000,
TRADE,08/03/2010 09:20:00,131.42500,11/03/2010 09:00:00,130.95000,@LH,-1,1,190.00,0.3500,240.0000,-230.0000,
TRADE,11/03/2010 09:05:00,130.67500,16/03/2010 09:20:00,129.67500,@LH,-1,1,400.00,0.3250,420.0000,-510.0000,
TRADE,23/03/2010 09:15:00,130.70000,26/03/2010 09:00:00,128.37500,@LH,-1,1,930.00,0.9000,960.0000,-90.0000,
TRADE,26/03/2010 09:10:00,128.22500,29/03/2010 09:10:00,130.72500,@LH,-1,1,-1000.00,0.1250,130.0000,-1000.0000,
TRADE,08/04/2010 09:10:00,133.67500,09/04/2010 09:00:00,135.05000,@LH,-1,1,-550.00,0.3000,30.0000,-530.0000,
TRADE,28/04/2010 12:00:00,133.82500,30/04/2010 10:00:00,135.20000,@LH,-1,1,-550.00,0.6000,190.0000,-480.0000,
TRADE,05/05/2010 08:40:00,135.07500,07/05/2010 12:55:00,135.12500,@LH,-1,1,-20.00,1.5000,830.0000,-370.0000,
TRADE,13/05/2010 11:35:00,134.40000,18/05/2010 11:50:00,131.10000,@LH,-1,1,1320.00,0.2000,1360.0000,-80.0000,
TRADE,19/05/2010 08:40:00,130.80000,19/05/2010 10:15:00,132.17500,@LH,-1,1,-550.00,0.3250,10.0000,-470.0000,
TRADE,20/05/2010 09:15:00,130.62500,25/05/2010 09:30:00,130.87500,@LH,-1,1,-100.00,0.5250,610.0000,-420.0000,
TRADE,01/06/2010 08:40:00,130.77500,03/06/2010 12:55:00,131.05000,@LH,-1,1,-110.00,0.4500,50.0000,-500.0000,
TRADE,04/06/2010 08:40:00,130.50000,09/06/2010 08:50:00,128.42500,@LH,-1,1,830.00,0.7750,1480.0000,-80.0000,
TRADE,28/06/2010 09:40:00,131.20000,01/07/2010 09:20:00,130.15000,@LH,-1,1,420.00,0.4750,890.0000,-150.0000,
TRADE,09/07/2010 10:35:00,128.80000,14/07/2010 10:50:00,129.60000,@LH,-1,1,-320.00,0.1750,590.0000,-460.0000,
TRADE,20/07/2010 11:45:00,128.22500,21/07/2010 11:35:00,129.60000,@LH,-1,1,-550.00,0.1500,180.0000,-470.0000,
TRADE,26/07/2010 11:40:00,130.15000,28/07/2010 11:45:00,131.52500,@LH,-1,1,-550.00,0.0750,40.0000,-510.0000,
TRADE,04/08/2010 09:25:00,133.20000,09/08/2010 09:40:00,128.97500,@LH,-1,1,1690.00,0.4500,1920.0000,-330.0000,
TRADE,09/08/2010 10:30:00,128.27500,12/08/2010 09:25:00,129.65000,@LH,-1,1,-550.00,0.1500,150.0000,-520.0000,
TRADE,20/08/2010 11:25:00,131.77500,25/08/2010 11:40:00,132.05000,@LH,-1,1,-110.00,0.1500,220.0000,-530.0000,
TRADE,26/08/2010 09:10:00,131.15000,31/08/2010 09:25:00,130.10000,@LH,-1,1,420.00,0.3000,710.0000,-130.0000,
TRADE,01/09/2010 08:40:00,129.12500,02/09/2010 09:10:00,130.50000,@LH,-1,1,-550.00,0.6250,50.0000,-420.0000,
TRADE,28/09/2010 11:50:00,133.20000,01/10/2010 11:30:00,130.42500,@LH,-1,1,1110.00,0.4500,1140.0000,-20.0000,
TRADE,01/10/2010 12:25:00,130.27500,06/10/2010 12:40:00,129.67500,@LH,-1,1,240.00,0.1250,520.0000,-80.0000,
TRADE,07/10/2010 10:30:00,128.90000,08/10/2010 11:45:00,130.27500,@LH,-1,1,-550.00,0.5500,450.0000,-380.0000,
TRADE,13/10/2010 10:20:00,129.32500,18/10/2010 10:35:00,125.50000,@LH,-1,1,1530.00,0.1250,1600.0000,-60.0000,
TRADE,19/10/2010 08:40:00,124.87500,20/10/2010 09:55:00,126.25000,@LH,-1,1,-550.00,0.3750,40.0000,-540.0000,
TRADE,25/10/2010 11:15:00,125.62500,28/10/2010 10:55:00,124.12500,@LH,-1,1,600.00,0.1250,650.0000,-480.0000,
TRADE,28/10/2010 12:00:00,123.87500,02/11/2010 12:15:00,123.55000,@LH,-1,1,130.00,0.3000,600.0000,-290.0000,
TRADE,16/11/2010 09:45:00,125.62500,19/11/2010 09:25:00,125.97500,@LH,-1,1,-140.00,0.2500,380.0000,-310.0000,
TRADE,29/11/2010 09:45:00,126.62500,02/12/2010 09:25:00,125.42500,@LH,-1,1,480.00,0.2000,590.0000,-60.0000,
TRADE,07/12/2010 09:40:00,125.20000,10/12/2010 09:20:00,125.52500,@LH,-1,1,-130.00,0.2000,170.0000,-490.0000,
TRADE,15/12/2010 11:25:00,125.27500,20/12/2010 11:40:00,125.77500,@LH,-1,1,-200.00,0.1500,410.0000,-460.0000,
TRADE,03/01/2011 12:05:00,128.57500,06/01/2011 11:45:00,129.02500,@LH,-1,1,-180.00,0.1250,550.0000,-530.0000,
TRADE,14/01/2011 10:00:00,129.27500,18/01/2011 10:05:00,130.65000,@LH,-1,1,-550.00,0.3750,80.0000,-540.0000,
TRADE,02/02/2011 12:05:00,134.52500,07/02/2011 12:20:00,134.47500,@LH,-1,1,20.00,0.2500,470.0000,-270.0000,
TRADE,17/02/2011 09:15:00,134.15000,17/02/2011 12:05:00,135.52500,@LH,-1,1,-550.00,0.9250,100.0000,-500.0000,
TRADE,23/02/2011 08:40:00,134.62500,25/02/2011 12:55:00,133.02500,@LH,-1,1,640.00,0.8500,980.0000,-40.0000,
TRADE,28/02/2011 10:45:00,132.05000,03/03/2011 10:25:00,131.42500,@LH,-1,1,250.00,0.4000,750.0000,-20.0000,
TRADE,07/03/2011 11:15:00,130.12500,08/03/2011 10:15:00,131.50000,@LH,-1,1,-550.00,0.2000,400.0000,-460.0000,
TRADE,11/03/2011 08:40:00,131.17500,16/03/2011 08:55:00,128.85000,@LH,-1,1,930.00,1.4750,1590.0000,-530.0000,
TRADE,30/03/2011 09:25:00,134.77500,01/04/2011 08:35:00,136.17500,@LH,-1,1,-560.00,0.4750,930.0000,-560.0000,
TRADE,05/04/2011 09:50:00,134.45000,05/04/2011 12:55:00,135.82500,@LH,-1,1,-550.00,0.5000,60.0000,-370.0000,
TRADE,07/04/2011 08:40:00,132.97500,12/04/2011 08:55:00,132.00000,@LH,-1,1,390.00,0.6250,590.0000,-380.0000,
TRADE,12/04/2011 09:10:00,131.90000,13/04/2011 09:20:00,133.27500,@LH,-1,1,-550.00,0.1500,410.0000,-460.0000,
TRADE,20/04/2011 11:50:00,132.82500,26/04/2011 12:05:00,129.20000,@LH,-1,1,1450.00,0.4750,1770.0000,-480.0000,
TRADE,28/04/2011 08:40:00,128.22500,03/05/2011 08:55:00,126.87500,@LH,-1,1,540.00,0.8750,630.0000,-160.0000,
TRADE,03/05/2011 09:05:00,126.40000,06/05/2011 08:45:00,124.85000,@LH,-1,1,620.00,0.5000,1230.0000,-130.0000,
TRADE,18/05/2011 08:40:00,124.97500,20/05/2011 12:55:00,123.82500,@LH,-1,1,460.00,1.0000,1000.0000,-90.0000,
TRADE,23/05/2011 09:20:00,122.05000,26/05/2011 09:00:00,120.62500,@LH,-1,1,570.00,0.7500,1160.0000,-40.0000,
TRADE,02/06/2011 11:40:00,119.52500,07/06/2011 11:25:00,120.90000,@LH,-1,1,-550.00,0.3500,190.0000,-530.0000,
TRADE,23/06/2011 08:40:00,125.92500,28/06/2011 08:50:00,123.42500,@LH,-1,1,1000.00,1.9250,1230.0000,-470.0000,
TRADE,30/06/2011 09:35:00,122.75000,05/07/2011 09:10:00,124.15000,@LH,-1,1,-560.00,0.3000,340.0000,-560.0000,
TRADE,14/07/2011 12:00:00,128.17500,15/07/2011 08:50:00,129.55000,@LH,-1,1,-550.00,0.6500,50.0000,-540.0000,
TRADE,18/07/2011 10:00:00,127.72500,18/07/2011 12:30:00,129.10000,@LH,-1,1,-550.00,1.9250,130.0000,-520.0000,
TRADE,03/08/2011 09:15:00,130.75000,03/08/2011 12:45:00,132.12500,@LH,-1,1,-550.00,0.9250,470.0000,-500.0000,
TRADE,08/08/2011 09:15:00,130.30000,11/08/2011 08:55:00,127.95000,@LH,-1,1,940.00,1.0000,1580.0000,-190.0000,
TRADE,17/08/2011 09:15:00,128.32500,22/08/2011 09:25:00,128.50000,@LH,-1,1,-70.00,0.3750,960.0000,-210.0000,
TRADE,24/08/2011 10:45:00,127.10000,29/08/2011 11:00:00,126.37500,@LH,-1,1,290.00,0.2000,510.0000,-170.0000,
TRADE,30/08/2011 08:40:00,125.72500,01/09/2011 12:55:00,124.75000,@LH,-1,1,390.00,0.3000,700.0000,-40.0000,
TRADE,06/09/2011 09:30:00,123.82500,08/09/2011 09:05:00,125.20000,@LH,-1,1,-550.00,0.7500,490.0000,-550.0000,
TRADE,16/09/2011 10:35:00,127.10000,20/09/2011 11:35:00,128.47500,@LH,-1,1,-550.00,0.2250,330.0000,-530.0000,
TRADE,10/10/2011 09:35:00,133.05000,13/10/2011 09:15:00,133.00000,@LH,-1,1,20.00,0.3750,470.0000,-250.0000,
TRADE,20/10/2011 08:40:00,134.65000,25/10/2011 08:50:00,133.22500,@LH,-1,1,570.00,0.7000,650.0000,-310.0000,
TRADE,26/10/2011 08:40:00,132.70000,28/10/2011 12:55:00,131.95000,@LH,-1,1,300.00,0.3750,440.0000,-200.0000,
TRADE,03/11/2011 09:10:00,131.45000,08/11/2011 09:25:00,130.50000,@LH,-1,1,380.00,1.0000,430.0000,-290.0000,
TRADE,08/11/2011 12:30:00,130.32500,10/11/2011 09:45:00,131.70000,@LH,-1,1,-550.00,0.1000,180.0000,-530.0000,
TRADE,15/11/2011 09:30:00,130.62500,17/11/2011 10:55:00,132.00000,@LH,-1,1,-550.00,0.2250,90.0000,-490.0000,
TRADE,01/12/2011 12:05:00,132.35000,06/12/2011 12:20:00,130.57500,@LH,-1,1,710.00,0.2000,1030.0000,-120.0000,
TRADE,08/12/2011 10:45:00,129.82500,13/12/2011 11:00:00,127.90000,@LH,-1,1,770.00,0.1750,910.0000,-70.0000,
TRADE,16/12/2011 08:40:00,127.12500,21/12/2011 08:55:00,125.57500,@LH,-1,1,620.00,0.2000,1060.0000,0.0000,
TRADE,21/12/2011 10:10:00,125.22500,23/12/2011 08:35:00,126.90000,@LH,-1,1,-670.00,0.1000,40.0000,-670.0000,
TRADE,29/12/2011 10:35:00,126.72500,04/01/2012 10:50:00,127.50000,@LH,-1,1,-310.00,0.0750,410.0000,-440.0000,
TRADE,06/01/2012 10:35:00,126.00000,11/01/2012 10:50:00,124.92500,@LH,-1,1,430.00,0.2000,550.0000,-140.0000,
TRADE,20/01/2012 10:35:00,127.05000,23/01/2012 09:35:00,128.42500,@LH,-1,1,-550.00,0.1500,50.0000,-520.0000,
TRADE,06/02/2012 09:15:00,129.82500,09/02/2012 08:55:00,130.27500,@LH,-1,1,-180.00,0.6000,170.0000,-350.0000,
TRADE,10/02/2012 11:20:00,129.77500,15/02/2012 11:35:00,130.62500,@LH,-1,1,-340.00,0.3500,310.0000,-420.0000,
TRADE,21/02/2012 11:20:00,130.67500,22/02/2012 11:15:00,132.05000,@LH,-1,1,-550.00,0.3500,0.0000,-470.0000,
TRADE,27/02/2012 09:20:00,130.35000,01/03/2012 09:00:00,130.20000,@LH,-1,1,60.00,0.3000,610.0000,-120.0000,
TRADE,06/03/2012 08:40:00,129.45000,08/03/2012 12:55:00,128.67500,@LH,-1,1,310.00,1.1750,680.0000,-40.0000,
TRADE,12/03/2012 10:15:00,128.07500,15/03/2012 09:55:00,129.05000,@LH,-1,1,-390.00,0.1750,100.0000,-420.0000,
TRADE,16/03/2012 08:50:00,127.90000,21/03/2012 09:10:00,125.87500,@LH,-1,1,810.00,0.1000,870.0000,0.0000,
TRADE,23/03/2012 11:05:00,125.77500,27/03/2012 10:35:00,127.15000,@LH,-1,1,-550.00,0.1250,130.0000,-530.0000,
TRADE,29/03/2012 08:40:00,124.62500,03/04/2012 08:55:00,125.22500,@LH,-1,1,-240.00,0.7500,670.0000,-300.0000,
TRADE,10/04/2012 11:15:00,125.82500,13/04/2012 10:55:00,123.77500,@LH,-1,1,820.00,0.1250,930.0000,-440.0000,
TRADE,13/04/2012 11:30:00,123.35000,18/04/2012 11:45:00,121.07500,@LH,-1,1,910.00,0.1000,990.0000,-130.0000,
TRADE,23/04/2012 11:35:00,119.95000,23/04/2012 12:40:00,121.32500,@LH,-1,1,-550.00,0.4250,80.0000,-540.0000,
TRADE,30/04/2012 09:15:00,119.27500,03/05/2012 08:55:00,117.97500,@LH,-1,1,520.00,0.6500,740.0000,-160.0000,
TRADE,04/05/2012 09:20:00,117.00000,09/05/2012 09:35:00,117.25000,@LH,-1,1,-100.00,0.7250,380.0000,-400.0000,
TRADE,21/05/2012 10:20:00,119.70000,24/05/2012 10:00:00,117.45000,@LH,-1,1,900.00,0.2250,1020.0000,-150.0000,
TRADE,24/05/2012 10:05:00,117.10000,25/05/2012 09:10:00,118.47500,@LH,-1,1,-550.00,0.4250,30.0000,-360.0000,
TRADE,05/06/2012 08:40:00,122.37500,06/06/2012 08:35:00,123.75000,@LH,-1,1,-550.00,0.5750,30.0000,-540.0000,
TRADE,12/06/2012 11:40:00,123.72500,15/06/2012 11:20:00,124.37500,@LH,-1,1,-260.00,0.4000,420.0000,-510.0000,
TRADE,22/06/2012 09:15:00,123.35000,27/06/2012 09:30:00,121.90000,@LH,-1,1,580.00,0.4000,1380.0000,-360.0000,
TRADE,05/07/2012 09:15:00,126.00000,10/07/2012 09:30:00,125.05000,@LH,-1,1,380.00,0.7000,590.0000,-210.0000,
TRADE,10/07/2012 10:10:00,124.50000,13/07/2012 09:50:00,123.02500,@LH,-1,1,590.00,0.4000,650.0000,-120.0000,
TRADE,13/07/2012 10:05:00,122.82500,18/07/2012 10:20:00,123.07500,@LH,-1,1,-100.00,0.2500,540.0000,-180.0000,
TRADE,24/07/2012 11:10:00,124.27500,25/07/2012 08:35:00,125.90000,@LH,-1,1,-650.00,0.2250,20.0000,-650.0000,
TRADE,31/07/2012 11:10:00,127.15000,03/08/2012 10:50:00,123.35000,@LH,-1,1,1520.00,0.6250,1580.0000,-220.0000,
TRADE,03/08/2012 12:20:00,123.15000,08/08/2012 12:35:00,121.87500,@LH,-1,1,510.00,0.2250,740.0000,-20.0000,
TRADE,15/08/2012 10:25:00,122.70000,20/08/2012 10:45:00,122.32500,@LH,-1,1,150.00,0.2250,310.0000,-170.0000,
TRADE,22/08/2012 08:40:00,121.32500,24/08/2012 12:55:00,118.95000,@LH,-1,1,950.00,1.3500,1030.0000,-140.0000,
TRADE,06/09/2012 08:40:00,119.55000,11/09/2012 08:55:00,118.60000,@LH,-1,1,380.00,0.6500,1080.0000,-140.0000,
TRADE,23/10/2012 08:40:00,126.92500,25/10/2012 12:55:00,126.97500,@LH,-1,1,-20.00,0.7500,120.0000,-340.0000,
TRADE,02/11/2012 11:50:00,126.75000,07/11/2012 11:20:00,128.12500,@LH,-1,1,-550.00,0.1500,440.0000,-310.0000,
TRADE,14/11/2012 08:50:00,129.05000,16/11/2012 13:05:00,129.27500,@LH,-1,1,-90.00,0.1000,130.0000,-140.0000,
TRADE,04/12/2012 10:30:00,129.97500,07/12/2012 10:10:00,127.90000,@LH,-1,1,830.00,0.3750,840.0000,-220.0000,
TRADE,07/12/2012 10:25:00,127.77500,12/12/2012 10:40:00,128.72500,@LH,-1,1,-380.00,0.1500,20.0000,-480.0000,
TRADE,17/12/2012 11:50:00,129.52500,19/12/2012 09:25:00,130.90000,@LH,-1,1,-550.00,0.2000,200.0000,-350.0000,
TRADE,31/12/2012 09:15:00,129.52500,03/01/2013 09:20:00,130.90000,@LH,-1,1,-550.00,1.6250,0.0000,-510.0000,
TRADE,09/01/2013 09:15:00,130.05000,14/01/2013 09:30:00,129.00000,@LH,-1,1,420.00,0.3250,560.0000,0.0000,
TRADE,01/02/2013 12:20:00,131.45000,06/02/2013 12:35:00,128.92500,@LH,-1,1,1010.00,0.3000,1110.0000,-90.0000,
TRADE,07/02/2013 08:40:00,128.32500,12/02/2013 08:55:00,128.47500,@LH,-1,1,-60.00,0.4250,90.0000,-330.0000,
TRADE,14/02/2013 08:40:00,127.70000,20/02/2013 08:55:00,125.50000,@LH,-1,1,880.00,0.6000,910.0000,-10.0000,
TRADE,20/02/2013 09:50:00,125.30000,25/02/2013 10:05:00,123.42500,@LH,-1,1,750.00,0.2250,790.0000,-110.0000,
TRADE,28/02/2013 08:55:00,123.40000,05/03/2013 09:10:00,122.57500,@LH,-1,1,330.00,0.1500,450.0000,-300.0000,
TRADE,05/03/2013 11:35:00,122.10000,07/03/2013 09:15:00,123.47500,@LH,-1,1,-550.00,0.1500,560.0000,-380.0000,
TRADE,13/03/2013 12:40:00,123.10000,18/03/2013 12:55:00,121.80000,@LH,-1,1,520.00,0.4500,720.0000,-200.0000,
TRADE,19/03/2013 10:40:00,121.32500,22/03/2013 10:20:00,120.22500,@LH,-1,1,440.00,0.1250,840.0000,-20.0000,
TRADE,05/04/2013 09:15:00,121.72500,10/04/2013 09:30:00,121.37500,@LH,-1,1,140.00,0.5000,540.0000,-110.0000,
TRADE,10/04/2013 12:40:00,120.42500,15/04/2013 12:55:00,119.45000,@LH,-1,1,390.00,0.3500,560.0000,-280.0000,
TRADE,22/04/2013 09:15:00,120.32500,24/04/2013 10:00:00,121.70000,@LH,-1,1,-550.00,0.7750,140.0000,-540.0000,
TRADE,06/05/2013 12:20:00,122.52500,09/05/2013 12:00:00,122.62500,@LH,-1,1,-40.00,0.1250,240.0000,-190.0000,
TRADE,09/05/2013 12:35:00,121.90000,14/05/2013 12:00:00,123.27500,@LH,-1,1,-550.00,0.2750,420.0000,-520.0000,
TRADE,17/05/2013 12:10:00,122.07500,20/05/2013 10:15:00,123.45000,@LH,-1,1,-550.00,0.6250,190.0000,-530.0000,
TRADE,03/06/2013 10:35:00,126.05000,04/06/2013 13:00:00,127.42500,@LH,-1,1,-550.00,0.3000,0.0000,-490.0000,
TRADE,14/06/2013 09:05:00,129.97500,19/06/2013 08:35:00,131.77500,@LH,-1,1,-720.00,0.3000,90.0000,-720.0000,
TRADE,21/06/2013 09:15:00,130.52500,24/06/2013 09:35:00,131.90000,@LH,-1,1,-550.00,0.2500,50.0000,-420.0000,
TRADE,01/07/2013 10:15:00,130.60000,05/07/2013 11:20:00,130.90000,@LH,-1,1,-120.00,0.4500,430.0000,-240.0000,
TRADE,08/07/2013 10:45:00,129.90000,11/07/2013 10:25:00,129.12500,@LH,-1,1,310.00,0.3750,580.0000,-100.0000,
TRADE,12/07/2013 09:05:00,128.52500,15/07/2013 09:10:00,129.90000,@LH,-1,1,-550.00,0.1000,240.0000,-140.0000,
TRADE,26/07/2013 09:30:00,131.42500,31/07/2013 09:45:00,129.95000,@LH,-1,1,590.00,0.6750,830.0000,-180.0000,
TRADE,07/08/2013 12:10:00,131.62500,12/08/2013 09:55:00,133.00000,@LH,-1,1,-550.00,0.3750,250.0000,-490.0000,
TRADE,16/08/2013 12:15:00,133.15000,21/08/2013 12:30:00,132.20000,@LH,-1,1,380.00,0.2000,480.0000,-160.0000,
TRADE,22/08/2013 08:40:00,131.47500,27/08/2013 08:55:00,132.12500,@LH,-1,1,-260.00,0.8000,500.0000,-410.0000,
TRADE,12/09/2013 09:05:00,136.40000,16/09/2013 09:10:00,137.77500,@LH,-1,1,-550.00,0.1750,20.0000,-530.0000,
TRADE,20/09/2013 08:55:00,136.32500,24/09/2013 09:00:00,137.70000,@LH,-1,1,-550.00,0.3250,90.0000,-530.0000,
TRADE,30/09/2013 09:15:00,137.77500,03/10/2013 08:55:00,138.05000,@LH,-1,1,-110.00,1.9000,420.0000,-180.0000,
TRADE,09/10/2013 11:25:00,138.75000,14/10/2013 11:40:00,137.37500,@LH,-1,1,550.00,0.2250,610.0000,-20.0000,
TRADE,18/10/2013 10:35:00,138.87500,22/10/2013 10:55:00,140.25000,@LH,-1,1,-550.00,0.5500,190.0000,-500.0000,
TRADE,30/10/2013 11:50:00,141.77500,04/11/2013 12:05:00,139.75000,@LH,-1,1,810.00,0.1000,980.0000,-30.0000,
TRADE,06/11/2013 08:40:00,138.82500,08/11/2013 12:55:00,139.35000,@LH,-1,1,-210.00,0.8000,230.0000,-370.0000,
TRADE,12/11/2013 10:05:00,138.57500,15/11/2013 09:45:00,137.37500,@LH,-1,1,480.00,0.5250,840.0000,-140.0000,
TRADE,19/11/2013 08:40:00,136.15000,20/11/2013 13:00:00,137.52500,@LH,-1,1,-550.00,0.6250,0.0000,-490.0000,
TRADE,26/11/2013 10:05:00,136.45000,27/11/2013 12:30:00,137.82500,@LH,-1,1,-550.00,0.1000,60.0000,-540.0000,
TRADE,03/12/2013 09:20:00,136.20000,06/12/2013 09:00:00,134.87500,@LH,-1,1,530.00,0.5500,590.0000,-70.0000,
TRADE,06/12/2013 09:15:00,134.67500,09/12/2013 10:15:00,136.05000,@LH,-1,1,-550.00,0.3750,140.0000,-500.0000,
TRADE,11/12/2013 08:45:00,134.90000,13/12/2013 13:00:00,133.65000,@LH,-1,1,500.00,0.0750,620.0000,-10.0000,
TRADE,16/12/2013 09:15:00,133.07500,19/12/2013 08:55:00,132.72500,@LH,-1,1,140.00,0.8000,430.0000,-140.0000,
TRADE,20/12/2013 09:40:00,132.35000,26/12/2013 11:20:00,131.82500,@LH,-1,1,210.00,0.2250,210.0000,-250.0000,
TRADE,07/01/2014 08:55:00,132.27500,10/01/2014 08:35:00,131.65000,@LH,-1,1,250.00,0.4750,530.0000,-110.0000,
TRADE,22/01/2014 09:15:00,131.82500,27/01/2014 09:30:00,132.80000,@LH,-1,1,-390.00,0.2750,130.0000,-510.0000,
TRADE,03/02/2014 11:20:00,131.97500,05/02/2014 09:20:00,133.35000,@LH,-1,1,-550.00,0.4750,180.0000,-520.0000,
TRADE,12/02/2014 11:00:00,132.65000,13/02/2014 11:05:00,134.02500,@LH,-1,1,-550.00,0.7500,90.0000,-510.0000,
TRADE,25/03/2014 08:40:00,161.97500,26/03/2014 10:50:00,161.97500,@LH,-1,1,0.00,1.3500,1450.0000,-20.0000,
TRADE,02/04/2014 10:00:00,161.15000,07/04/2014 11:10:00,155.55000,@LH,-1,1,2240.00,0.4750,2490.0000,-70.0000,
TRADE,08/04/2014 08:45:00,154.80000,09/04/2014 09:20:00,154.80000,@LH,-1,1,0.00,0.6500,1410.0000,-140.0000,
TRADE,22/04/2014 08:40:00,157.27500,22/04/2014 11:10:00,158.65000,@LH,-1,1,-550.00,0.2250,300.0000,-430.0000,
TRADE,28/04/2014 09:30:00,158.17500,28/04/2014 11:20:00,159.55000,@LH,-1,1,-550.00,0.7750,50.0000,-370.0000,
TRADE,30/04/2014 09:45:00,157.65000,05/05/2014 10:00:00,157.15000,@LH,-1,1,200.00,0.3750,390.0000,-500.0000,
TRADE,07/05/2014 11:15:00,156.85000,12/05/2014 11:30:00,154.25000,@LH,-1,1,1040.00,0.5500,1220.0000,-80.0000,
TRADE,16/05/2014 12:00:00,153.97500,21/05/2014 12:15:00,154.95000,@LH,-1,1,-390.00,0.1500,170.0000,-430.0000,
TRADE,22/05/2014 09:55:00,153.40000,28/05/2014 10:10:00,148.97500,@LH,-1,1,1770.00,0.1750,1820.0000,-110.0000,
TRADE,02/06/2014 09:30:00,148.90000,02/06/2014 11:05:00,150.27500,@LH,-1,1,-550.00,0.4500,20.0000,-540.0000,
TRADE,16/06/2014 11:00:00,154.17500,19/06/2014 10:40:00,154.50000,@LH,-1,1,-130.00,0.2750,1220.0000,-400.0000,
TRADE,23/06/2014 10:15:00,153.72500,24/06/2014 08:35:00,155.10000,@LH,-1,1,-550.00,0.3250,50.0000,-520.0000,
TRADE,08/07/2014 11:45:00,155.30000,09/07/2014 09:15:00,156.67500,@LH,-1,1,-550.00,0.3250,260.0000,-500.0000,
TRADE,09/07/2014 10:50:00,153.92500,14/07/2014 10:00:00,155.30000,@LH,-1,1,-550.00,0.4750,900.0000,-530.0000,
TRADE,17/07/2014 09:20:00,154.65000,22/07/2014 09:35:00,150.77500,@LH,-1,1,1550.00,1.0000,2060.0000,-120.0000,
TRADE,24/07/2014 08:40:00,147.50000,24/07/2014 11:40:00,148.87500,@LH,-1,1,-550.00,2.7500,180.0000,-490.0000,
TRADE,29/07/2014 09:55:00,147.50000,01/08/2014 09:35:00,145.15000,@LH,-1,1,940.00,0.2250,1190.0000,-330.0000,
TRADE,04/08/2014 09:25:00,144.17500,04/08/2014 10:00:00,145.55000,@LH,-1,1,-550.00,0.3000,50.0000,-400.0000,
TRADE,05/08/2014 10:50:00,143.45000,08/08/2014 10:30:00,141.62500,@LH,-1,1,730.00,0.7000,1720.0000,-520.0000,
TRADE,12/08/2014 10:25:00,138.82500,15/08/2014 10:40:00,136.42500,@LH,-1,1,960.00,0.4750,1150.0000,-310.0000,
TRADE,18/08/2014 09:15:00,135.20000,18/08/2014 11:50:00,136.57500,@LH,-1,1,-550.00,1.4750,120.0000,-510.0000,
TRADE,20/08/2014 10:15:00,134.95000,21/08/2014 11:20:00,136.32500,@LH,-1,1,-550.00,0.3000,1140.0000,-350.0000,
TRADE,12/09/2014 08:40:00,146.57500,12/09/2014 12:15:00,147.95000,@LH,-1,1,-550.00,1.5000,210.0000,-460.0000,
TRADE,25/09/2014 08:40:00,148.17500,30/09/2014 08:55:00,149.32500,@LH,-1,1,-460.00,0.8000,1100.0000,-490.0000,
TRADE,03/10/2014 10:55:00,146.85000,06/10/2014 09:10:00,148.22500,@LH,-1,1,-550.00,0.4500,240.0000,-270.0000,
TRADE,14/10/2014 09:05:00,147.90000,17/10/2014 09:00:00,144.82500,@LH,-1,1,1230.00,0.4750,1690.0000,-500.0000,
TRADE,20/10/2014 09:15:00,143.05000,23/10/2014 08:55:00,142.45000,@LH,-1,1,240.00,1.2750,420.0000,-470.0000,
TRADE,29/10/2014 11:05:00,142.60000,03/11/2014 11:20:00,142.67500,@LH,-1,1,-30.00,0.5750,1050.0000,-150.0000,
TRADE,05/11/2014 10:05:00,141.40000,07/11/2014 08:35:00,142.82500,@LH,-1,1,-570.00,0.4250,360.0000,-570.0000,
TRADE,18/11/2014 10:50:00,145.40000,21/11/2014 10:30:00,144.17500,@LH,-1,1,490.00,0.4250,670.0000,-180.0000,
TRADE,28/11/2014 08:40:00,143.82500,03/12/2014 09:45:00,142.80000,@LH,-1,1,410.00,0.8750,740.0000,-420.0000,
TRADE,03/12/2014 12:30:00,142.57500,08/12/2014 12:45:00,140.22500,@LH,-1,1,940.00,0.3250,1130.0000,-20.0000,
TRADE,09/12/2014 09:45:00,139.65000,10/12/2014 08:50:00,141.02500,@LH,-1,1,-550.00,0.3250,100.0000,-410.0000,
TRADE,12/12/2014 08:40:00,139.05000,17/12/2014 08:55:00,134.02500,@LH,-1,1,2010.00,0.4500,2090.0000,-330.0000,
TRADE,22/12/2014 10:50:00,136.10000,26/12/2014 11:20:00,135.62500,@LH,-1,1,190.00,0.2500,320.0000,-470.0000,
TRADE,05/01/2015 10:10:00,136.02500,08/01/2015 09:50:00,134.62500,@LH,-1,1,560.00,0.2250,1090.0000,-10.0000,
TRADE,08/01/2015 12:40:00,133.07500,13/01/2015 12:55:00,130.52500,@LH,-1,1,1020.00,0.4250,1120.0000,-490.0000,
TRADE,16/01/2015 08:40:00,129.72500,22/01/2015 08:55:00,128.27500,@LH,-1,1,580.00,1.2000,1280.0000,-220.0000,
TRADE,22/01/2015 12:40:00,126.55000,27/01/2015 12:55:00,125.47500,@LH,-1,1,430.00,0.7000,1020.0000,-240.0000,
TRADE,03/02/2015 09:35:00,123.75000,06/02/2015 09:15:00,121.02500,@LH,-1,1,1090.00,0.3000,1830.0000,-200.0000,
TRADE,10/02/2015 11:00:00,118.95000,13/02/2015 10:40:00,118.95000,@LH,-1,1,0.00,0.4000,910.0000,-370.0000,
TRADE,17/02/2015 11:10:00,117.20000,18/02/2015 09:15:00,118.57500,@LH,-1,1,-550.00,0.3750,330.0000,-500.0000,
TRADE,26/02/2015 11:00:00,120.90000,03/03/2015 11:15:00,119.90000,@LH,-1,1,400.00,0.3750,490.0000,-380.0000,
TRADE,03/03/2015 12:00:00,119.45000,04/03/2015 11:45:00,120.82500,@LH,-1,1,-550.00,0.3750,800.0000,-510.0000,
TRADE,11/03/2015 10:10:00,118.07500,16/03/2015 10:25:00,113.95000,@LH,-1,1,1650.00,0.3500,1740.0000,-150.0000,
TRADE,18/03/2015 11:00:00,113.60000,23/03/2015 11:15:00,111.92500,@LH,-1,1,670.00,0.4250,1130.0000,-290.0000,
TRADE,02/04/2015 09:50:00,114.55000,06/04/2015 09:20:00,115.92500,@LH,-1,1,-550.00,0.6750,280.0000,-400.0000,
TRADE,15/04/2015 09:25:00,117.00000,20/04/2015 09:40:00,115.15000,@LH,-1,1,740.00,0.4500,1000.0000,-50.0000,
TRADE,15/05/2015 08:40:00,121.95000,20/05/2015 08:55:00,121.10000,@LH,-1,1,340.00,1.5750,520.0000,-350.0000,
TRADE,29/05/2015 11:55:00,122.65000,03/06/2015 12:15:00,121.32500,@LH,-1,1,530.00,0.2750,640.0000,-320.0000,
TRADE,04/06/2015 08:40:00,120.65000,09/06/2015 08:55:00,120.30000,@LH,-1,1,140.00,0.6750,470.0000,-130.0000,
TRADE,09/06/2015 10:05:00,119.47500,12/06/2015 09:45:00,117.60000,@LH,-1,1,750.00,0.2750,800.0000,-180.0000,
TRADE,12/06/2015 11:00:00,117.40000,17/06/2015 11:15:00,116.20000,@LH,-1,1,480.00,0.3000,1240.0000,-160.0000,
TRADE,19/06/2015 09:15:00,115.10000,24/06/2015 09:30:00,112.70000,@LH,-1,1,960.00,0.2000,1590.0000,-10.0000,
TRADE,25/06/2015 09:20:00,111.92500,26/06/2015 09:10:00,113.30000,@LH,-1,1,-550.00,0.3250,140.0000,-530.0000,
TRADE,08/07/2015 11:10:00,115.00000,13/07/2015 11:25:00,113.90000,@LH,-1,1,440.00,0.9750,1760.0000,-490.0000,
TRADE,20/07/2015 12:35:00,115.07500,22/07/2015 08:35:00,117.27500,@LH,-1,1,-880.00,0.2250,130.0000,-880.0000,
TRADE,24/07/2015 12:15:00,117.67500,29/07/2015 08:35:00,120.25000,@LH,-1,1,-1030.00,0.2250,330.0000,-1030.0000,
TRADE,31/07/2015 09:25:00,118.65000,04/08/2015 08:40:00,120.02500,@LH,-1,1,-550.00,0.4250,740.0000,-510.0000,
TRADE,06/08/2015 10:50:00,118.82500,11/08/2015 11:05:00,116.30000,@LH,-1,1,1010.00,0.6750,1110.0000,-80.0000,
TRADE,19/08/2015 09:40:00,118.80000,24/08/2015 09:55:00,118.10000,@LH,-1,1,280.00,0.4250,1380.0000,-450.0000,
TRADE,28/08/2015 10:20:00,119.97500,31/08/2015 11:10:00,121.35000,@LH,-1,1,-550.00,0.2500,90.0000,-480.0000,
TRADE,08/09/2015 09:35:00,122.45000,11/09/2015 09:15:00,121.75000,@LH,-1,1,280.00,0.2750,330.0000,-290.0000,
TRADE,11/09/2015 10:20:00,121.10000,15/09/2015 09:10:00,122.47500,@LH,-1,1,-550.00,0.2000,400.0000,-440.0000,
TRADE,23/09/2015 11:00:00,124.52500,25/09/2015 10:10:00,125.90000,@LH,-1,1,-550.00,0.3500,190.0000,-480.0000,
TRADE,01/10/2015 09:10:00,125.50000,06/10/2015 09:25:00,125.45000,@LH,-1,1,20.00,0.3750,580.0000,-290.0000,
TRADE,15/10/2015 09:30:00,126.25000,20/10/2015 09:05:00,127.62500,@LH,-1,1,-550.00,0.2250,470.0000,-520.0000,
TRADE,22/10/2015 10:30:00,126.52500,27/10/2015 10:45:00,122.05000,@LH,-1,1,1790.00,0.4000,1830.0000,-380.0000,
TRADE,27/10/2015 12:10:00,121.62500,30/10/2015 11:50:00,120.17500,@LH,-1,1,580.00,0.1000,920.0000,-110.0000,
TRADE,02/11/2015 10:35:00,118.45000,05/11/2015 10:15:00,117.50000,@LH,-1,1,380.00,0.4500,520.0000,-270.0000,
TRADE,05/11/2015 11:35:00,116.87500,10/11/2015 11:50:00,113.72500,@LH,-1,1,1260.00,1.0000,1490.0000,-110.0000,
TRADE,10/11/2015 12:20:00,113.07500,11/11/2015 08:35:00,115.42500,@LH,-1,1,-940.00,0.4250,0.0000,-940.0000,
TRADE,13/11/2015 09:55:00,114.80000,18/11/2015 10:10:00,114.77500,@LH,-1,1,10.00,0.4750,1180.0000,-420.0000,
TRADE,30/11/2015 09:15:00,117.00000,01/12/2015 08:35:00,118.65000,@LH,-1,1,-660.00,1.6500,190.0000,-660.0000,
TRADE,03/12/2015 10:40:00,118.40000,04/12/2015 12:55:00,119.77500,@LH,-1,1,-550.00,0.4500,0.0000,-540.0000,
TRADE,15/12/2015 10:10:00,119.42500,18/12/2015 09:50:00,118.12500,@LH,-1,1,520.00,0.3750,1490.0000,-320.0000,
TRADE,04/01/2016 09:15:00,119.10000,05/01/2016 08:35:00,120.47500,@LH,-1,1,-550.00,1.7000,110.0000,-510.0000,
TRADE,07/01/2016 11:05:00,121.17500,12/01/2016 09:25:00,122.55000,@LH,-1,1,-550.00,0.2500,620.0000,-430.0000,
TRADE,02/02/2016 10:05:00,125.20000,05/02/2016 09:45:00,125.92500,@LH,-1,1,-290.00,0.1000,290.0000,-380.0000,
TRADE,09/02/2016 09:35:00,124.90000,12/02/2016 09:15:00,125.05000,@LH,-1,1,-60.00,0.3750,560.0000,-330.0000,
TRADE,19/02/2016 09:15:00,125.10000,24/02/2016 09:30:00,125.02500,@LH,-1,1,30.00,0.4500,510.0000,-450.0000,
TRADE,29/02/2016 09:20:00,125.40000,03/03/2016 09:00:00,125.05000,@LH,-1,1,140.00,0.4000,170.0000,-350.0000,
TRADE,03/03/2016 09:15:00,124.92500,04/03/2016 08:35:00,126.30000,@LH,-1,1,-550.00,0.2250,130.0000,-510.0000,
TRADE,14/03/2016 08:40:00,126.37500,16/03/2016 12:55:00,126.87500,@LH,-1,1,-200.00,1.5000,370.0000,-410.0000,
TRADE,21/03/2016 08:50:00,125.85000,23/03/2016 13:05:00,125.15000,@LH,-1,1,280.00,0.2750,450.0000,0.0000,
TRADE,30/03/2016 11:05:00,126.07500,04/04/2016 10:45:00,123.37500,@LH,-1,1,1080.00,0.4000,1210.0000,-80.0000,
TRADE,12/04/2016 10:00:00,123.37500,15/04/2016 09:40:00,121.37500,@LH,-1,1,800.00,0.6500,900.0000,-140.0000,
TRADE,15/04/2016 10:40:00,121.07500,18/04/2016 08:40:00,122.45000,@LH,-1,1,-550.00,0.1750,0.0000,-510.0000,
TRADE,25/04/2016 08:45:00,122.57500,27/04/2016 08:35:00,123.95000,@LH,-1,1,-550.00,0.4500,310.0000,-210.0000,
TRADE,04/05/2016 11:45:00,126.15000,09/05/2016 11:25:00,124.40000,@LH,-1,1,700.00,0.1750,710.0000,-330.0000,
TRADE,09/05/2016 11:30:00,124.32500,11/05/2016 09:15:00,125.70000,@LH,-1,1,-550.00,0.2000,60.0000,-530.0000,
TRADE,18/05/2016 10:55:00,125.67500,23/05/2016 10:35:00,123.40000,@LH,-1,1,910.00,0.3750,1120.0000,-110.0000,
TRADE,20/06/2016 09:00:00,132.45000,23/06/2016 08:40:00,129.42500,@LH,-1,1,1210.00,0.4500,1310.0000,-310.0000,
TRADE,23/06/2016 09:50:00,129.00000,28/06/2016 09:30:00,127.52500,@LH,-1,1,590.00,0.3500,680.0000,-300.0000,
TRADE,30/06/2016 09:10:00,126.95000,01/07/2016 11:05:00,128.32500,@LH,-1,1,-550.00,0.3500,100.0000,-420.0000,
TRADE,05/07/2016 10:00:00,126.45000,08/07/2016 09:40:00,123.27500,@LH,-1,1,1270.00,0.8500,1310.0000,-480.0000,
TRADE,08/07/2016 10:05:00,123.05000,13/07/2016 09:15:00,124.42500,@LH,-1,1,-550.00,0.2000,350.0000,-500.0000,
TRADE,14/07/2016 10:00:00,122.40000,19/07/2016 09:40:00,121.50000,@LH,-1,1,360.00,0.1750,420.0000,-330.0000,
TRADE,20/07/2016 10:40:00,120.77500,25/07/2016 10:20:00,119.10000,@LH,-1,1,670.00,0.1750,1160.0000,-80.0000,
TRADE,26/07/2016 12:25:00,118.65000,29/07/2016 12:05:00,114.57500,@LH,-1,1,1630.00,0.1250,1800.0000,-60.0000,
TRADE,03/08/2016 12:40:00,114.82500,08/08/2016 12:20:00,113.87500,@LH,-1,1,380.00,0.2000,890.0000,-160.0000,
TRADE,10/08/2016 09:05:00,112.75000,10/08/2016 12:50:00,114.12500,@LH,-1,1,-550.00,0.1000,40.0000,-490.0000,
TRADE,24/08/2016 11:20:00,115.07500,26/08/2016 08:35:00,116.45000,@LH,-1,1,-550.00,0.1750,670.0000,-140.0000,
TRADE,02/09/2016 12:25:00,116.22500,08/09/2016 12:05:00,116.75000,@LH,-1,1,-210.00,0.7250,1080.0000,-340.0000,
TRADE,09/09/2016 11:45:00,115.02500,12/09/2016 10:10:00,116.40000,@LH,-1,1,-550.00,0.2500,360.0000,-360.0000,
TRADE,13/09/2016 09:10:00,113.72500,16/09/2016 08:50:00,110.30000,@LH,-1,1,1370.00,0.3750,1660.0000,-50.0000,
TRADE,21/09/2016 11:15:00,109.35000,26/09/2016 10:55:00,108.37500,@LH,-1,1,390.00,0.5750,430.0000,-270.0000,
TRADE,27/09/2016 09:40:00,107.77500,30/09/2016 09:20:00,105.47500,@LH,-1,1,920.00,0.5000,990.0000,-280.0000,
TRADE,30/09/2016 10:15:00,104.92500,05/10/2016 09:55:00,101.85000,@LH,-1,1,1230.00,0.2000,1300.0000,-170.0000,
TRADE,05/10/2016 10:00:00,101.62500,06/10/2016 11:20:00,103.00000,@LH,-1,1,-550.00,0.3000,420.0000,-520.0000,
TRADE,10/10/2016 10:00:00,101.20000,11/10/2016 08:35:00,102.57500,@LH,-1,1,-550.00,0.2250,40.0000,-430.0000,
TRADE,17/10/2016 09:40:00,101.25000,20/10/2016 09:20:00,100.85000,@LH,-1,1,160.00,0.1500,430.0000,-190.0000,
TRADE,04/11/2016 09:10:00,105.47500,08/11/2016 08:35:00,106.85000,@LH,-1,1,-550.00,0.3250,360.0000,-500.0000,
TRADE,29/11/2016 08:45:00,109.02500,01/12/2016 13:00:00,107.45000,@LH,-1,1,630.00,0.5000,720.0000,-320.0000,
TRADE,15/12/2016 08:45:00,114.67500,15/12/2016 12:15:00,116.05000,@LH,-1,1,-550.00,0.3250,50.0000,-520.0000,
TRADE,21/12/2016 08:40:00,116.97500,21/12/2016 09:55:00,118.35000,@LH,-1,1,-550.00,1.0000,160.0000,-540.0000,
TRADE,23/12/2016 11:00:00,117.72500,28/12/2016 08:35:00,119.10000,@LH,-1,1,-550.00,1.3250,760.0000,-400.0000,
TRADE,03/01/2017 11:55:00,117.65000,05/01/2017 08:45:00,119.02500,@LH,-1,1,-550.00,0.9750,300.0000,-520.0000,
TRADE,09/01/2017 08:40:00,117.10000,10/01/2017 11:10:00,118.47500,@LH,-1,1,-550.00,0.8750,350.0000,-520.0000,
TRADE,23/01/2017 09:20:00,118.27500,25/01/2017 08:35:00,119.67500,@LH,-1,1,-560.00,0.2000,110.0000,-560.0000,
TRADE,09/02/2017 10:50:00,123.10000,14/02/2017 10:30:00,123.27500,@LH,-1,1,-70.00,0.3000,720.0000,-390.0000,
TRADE,22/02/2017 08:40:00,121.82500,24/02/2017 12:55:00,120.12500,@LH,-1,1,680.00,1.1000,1400.0000,-30.0000,
TRADE,03/03/2017 08:40:00,119.40000,07/03/2017 12:55:00,120.07500,@LH,-1,1,-270.00,1.5000,210.0000,-450.0000,
TRADE,10/03/2017 11:10:00,119.47500,13/03/2017 08:35:00,120.85000,@LH,-1,1,-550.00,0.5250,0.0000,-530.0000,
TRADE,16/03/2017 09:30:00,122.02500,21/03/2017 09:10:00,120.70000,@LH,-1,1,530.00,0.3000,700.0000,-280.0000,
TRADE,24/03/2017 11:00:00,119.77500,29/03/2017 10:40:00,116.42500,@LH,-1,1,1340.00,0.8750,1480.0000,-190.0000,
TRADE,03/04/2017 11:15:00,116.75000,06/04/2017 10:55:00,116.30000,@LH,-1,1,180.00,0.2500,480.0000,-370.0000,
TRADE,13/04/2017 08:40:00,115.65000,18/04/2017 12:55:00,115.02500,@LH,-1,1,250.00,0.4750,480.0000,-430.0000,
TRADE,19/04/2017 08:40:00,114.37500,21/04/2017 12:55:00,112.02500,@LH,-1,1,940.00,1.1500,1110.0000,-10.0000,
TRADE,11/05/2017 10:20:00,120.55000,12/05/2017 10:40:00,121.92500,@LH,-1,1,-550.00,0.2250,140.0000,-540.0000,
TRADE,05/06/2017 10:30:00,125.52500,08/06/2017 10:10:00,125.67500,@LH,-1,1,-60.00,0.2750,440.0000,-210.0000,
TRADE,15/06/2017 10:20:00,123.27500,19/06/2017 08:55:00,124.65000,@LH,-1,1,-550.00,2.2500,430.0000,-510.0000,
TRADE,22/06/2017 11:15:00,125.05000,27/06/2017 10:55:00,122.97500,@LH,-1,1,830.00,0.5250,1170.0000,-20.0000,
TRADE,06/07/2017 09:00:00,127.30000,11/07/2017 08:40:00,126.55000,@LH,-1,1,300.00,1.1750,440.0000,-350.0000,
TRADE,14/07/2017 08:40:00,126.02500,18/07/2017 12:55:00,125.07500,@LH,-1,1,380.00,1.6000,820.0000,-100.0000,
TRADE,24/07/2017 08:40:00,124.90000,26/07/2017 08:35:00,126.27500,@LH,-1,1,-550.00,0.7750,190.0000,-520.0000,
TRADE,28/07/2017 10:15:00,125.35000,02/08/2017 09:55:00,123.20000,@LH,-1,1,860.00,0.2500,1010.0000,-160.0000,
TRADE,16/08/2017 11:15:00,127.47500,21/08/2017 10:55:00,123.62500,@LH,-1,1,1540.00,0.6250,1580.0000,-80.0000,
TRADE,21/08/2017 11:05:00,123.50000,24/08/2017 10:45:00,121.42500,@LH,-1,1,830.00,0.3000,870.0000,-140.0000,
TRADE,28/08/2017 08:45:00,121.22500,30/08/2017 13:00:00,120.20000,@LH,-1,1,410.00,0.3250,1080.0000,-80.0000,
TRADE,07/09/2017 09:40:00,120.57500,12/09/2017 09:20:00,119.10000,@LH,-1,1,590.00,0.0750,620.0000,-430.0000,
TRADE,12/09/2017 10:05:00,118.97500,15/09/2017 09:45:00,118.55000,@LH,-1,1,170.00,0.1500,810.0000,-110.0000,
TRADE,20/09/2017 08:40:00,118.15000,22/09/2017 12:55:00,114.62500,@LH,-1,1,1410.00,0.9500,1510.0000,-60.0000,
TRADE,25/09/2017 08:40:00,114.22500,25/09/2017 12:20:00,115.60000,@LH,-1,1,-550.00,0.3250,0.0000,-490.0000,
TRADE,26/09/2017 11:10:00,114.05000,27/09/2017 11:15:00,115.42500,@LH,-1,1,-550.00,0.1500,130.0000,-490.0000,
TRADE,29/09/2017 08:40:00,113.55000,29/09/2017 09:10:00,114.92500,@LH,-1,1,-550.00,0.7250,140.0000,-120.0000,
TRADE,06/10/2017 12:35:00,117.10000,11/10/2017 09:20:00,118.47500,@LH,-1,1,-550.00,0.3000,260.0000,-540.0000,
TRADE,24/10/2017 08:40:00,119.10000,25/10/2017 09:25:00,120.47500,@LH,-1,1,-550.00,0.5000,120.0000,-540.0000,
TRADE,27/10/2017 12:15:00,119.67500,30/10/2017 12:55:00,121.05000,@LH,-1,1,-550.00,0.3250,60.0000,-520.0000,
TRADE,03/11/2017 12:05:00,120.85000,08/11/2017 11:45:00,119.45000,@LH,-1,1,560.00,0.6250,600.0000,-120.0000,
TRADE,08/11/2017 12:05:00,119.32500,13/11/2017 11:45:00,118.02500,@LH,-1,1,520.00,0.1000,620.0000,-170.0000,
TRADE,14/11/2017 09:05:00,117.70000,17/11/2017 08:45:00,116.00000,@LH,-1,1,680.00,0.1500,1040.0000,-20.0000,
TRADE,06/12/2017 10:20:00,119.47500,11/12/2017 10:00:00,117.75000,@LH,-1,1,690.00,0.3000,770.0000,-150.0000,
TRADE,11/12/2017 10:05:00,117.45000,14/12/2017 09:45:00,116.52500,@LH,-1,1,370.00,0.3750,600.0000,-40.0000,
TRADE,19/12/2017 09:30:00,116.75000,20/12/2017 10:10:00,118.12500,@LH,-1,1,-550.00,0.2250,110.0000,-170.0000,
TRADE,02/01/2018 12:40:00,120.42500,05/01/2018 12:20:00,120.87500,@LH,-1,1,-180.00,0.1000,210.0000,-430.0000,
TRADE,10/01/2018 11:40:00,121.95000,16/01/2018 11:20:00,122.97500,@LH,-1,1,-410.00,0.4750,610.0000,-450.0000,
TRADE,19/01/2018 09:40:00,122.07500,24/01/2018 09:20:00,122.30000,@LH,-1,1,-90.00,0.2750,340.0000,-170.0000,
TRADE,30/01/2018 08:55:00,121.22500,02/02/2018 08:35:00,121.37500,@LH,-1,1,-60.00,0.2250,380.0000,-140.0000,
TRADE,02/02/2018 09:25:00,120.12500,02/02/2018 13:00:00,121.50000,@LH,-1,1,-550.00,0.2500,110.0000,-370.0000,
TRADE,06/02/2018 08:50:00,119.70000,08/02/2018 13:05:00,117.65000,@LH,-1,1,820.00,0.7000,1110.0000,-30.0000,
TRADE,16/02/2018 08:40:00,117.00000,21/02/2018 08:35:00,118.37500,@LH,-1,1,-550.00,1.5500,320.0000,-480.0000,
TRADE,26/02/2018 11:55:00,118.57500,01/03/2018 11:35:00,115.45000,@LH,-1,1,1250.00,0.2000,1310.0000,-120.0000,
TRADE,07/03/2018 11:00:00,115.17500,12/03/2018 10:40:00,115.32500,@LH,-1,1,-60.00,0.1750,230.0000,-530.0000,
TRADE,15/03/2018 08:40:00,114.62500,19/03/2018 12:55:00,111.85000,@LH,-1,1,1110.00,0.6750,1190.0000,-150.0000,
TRADE,22/03/2018 08:40:00,110.47500,26/03/2018 12:55:00,106.42500,@LH,-1,1,1620.00,0.5250,1670.0000,-160.0000,
TRADE,27/03/2018 08:40:00,105.92500,28/03/2018 10:40:00,107.30000,@LH,-1,1,-550.00,0.3750,350.0000,-530.0000,
TRADE,02/04/2018 10:20:00,105.72500,04/04/2018 11:50:00,105.72500,@LH,-1,1,0.00,0.2250,1350.0000,-60.0000,
TRADE,23/04/2018 08:40:00,108.85000,25/04/2018 12:55:00,106.85000,@LH,-1,1,800.00,1.4000,1120.0000,-220.0000,
TRADE,26/04/2018 11:10:00,105.97500,01/05/2018 10:50:00,105.90000,@LH,-1,1,30.00,0.3250,670.0000,-180.0000,
TRADE,11/05/2018 09:20:00,107.80000,16/05/2018 09:00:00,107.50000,@LH,-1,1,120.00,0.2000,650.0000,-320.0000,
TRADE,18/05/2018 11:15:00,106.90000,23/05/2018 10:55:00,107.12500,@LH,-1,1,-90.00,0.1750,900.0000,-220.0000,
TRADE,04/06/2018 09:00:00,106.32500,06/06/2018 09:50:00,107.70000,@LH,-1,1,-550.00,0.7000,840.0000,-490.0000,
TRADE,11/06/2018 12:15:00,106.37500,12/06/2018 13:00:00,107.75000,@LH,-1,1,-550.00,0.2000,510.0000,-440.0000,
TRADE,19/06/2018 09:05:00,107.50000,22/06/2018 08:45:00,105.30000,@LH,-1,1,880.00,0.4750,1250.0000,-240.0000,
TRADE,25/06/2018 09:15:00,103.92500,26/06/2018 09:00:00,105.30000,@LH,-1,1,-550.00,0.7250,170.0000,-500.0000,
TRADE,02/07/2018 10:50:00,104.42500,03/07/2018 09:00:00,105.80000,@LH,-1,1,-550.00,0.4750,150.0000,-380.0000,
TRADE,09/07/2018 08:40:00,105.17500,11/07/2018 12:55:00,99.70000,@LH,-1,1,2190.00,0.9750,2400.0000,-10.0000,
TRADE,17/07/2018 10:15:00,99.22500,20/07/2018 09:55:00,96.55000,@LH,-1,1,1070.00,0.2500,1270.0000,-20.0000,
TRADE,20/07/2018 11:25:00,96.02500,25/07/2018 11:05:00,96.22500,@LH,-1,1,-80.00,0.4500,200.0000,-530.0000,
TRADE,26/07/2018 11:10:00,95.42500,31/07/2018 10:50:00,93.27500,@LH,-1,1,860.00,0.4000,910.0000,-140.0000,
TRADE,02/08/2018 08:40:00,92.80000,03/08/2018 09:10:00,94.17500,@LH,-1,1,-550.00,0.8000,230.0000,-290.0000,
TRADE,07/08/2018 11:30:00,92.82500,09/08/2018 10:25:00,94.20000,@LH,-1,1,-550.00,0.2500,850.0000,-520.0000,
TRADE,21/08/2018 12:00:00,98.62500,24/08/2018 11:40:00,94.62500,@LH,-1,1,1600.00,0.5750,2230.0000,-240.0000,
TRADE,29/08/2018 08:40:00,94.17500,29/08/2018 09:00:00,95.55000,@LH,-1,1,-550.00,0.6500,0.0000,-440.0000,
TRADE,30/08/2018 09:55:00,94.10000,05/09/2018 09:35:00,93.50000,@LH,-1,1,240.00,0.1250,920.0000,-290.0000,
TRADE,17/09/2018 08:55:00,97.15000,17/09/2018 09:15:00,98.52500,@LH,-1,1,-550.00,0.6250,20.0000,-530.0000,
TRADE,27/09/2018 09:20:00,103.67500,28/09/2018 09:10:00,105.05000,@LH,-1,1,-550.00,0.3500,520.0000,-510.0000,
TRADE,03/10/2018 08:40:00,105.60000,05/10/2018 12:55:00,105.30000,@LH,-1,1,120.00,1.9750,1030.0000,-100.0000,
TRADE,09/10/2018 09:40:00,103.55000,10/10/2018 08:35:00,104.92500,@LH,-1,1,-550.00,0.3250,40.0000,-470.0000,
TRADE,11/10/2018 08:40:00,102.52500,12/10/2018 09:05:00,103.90000,@LH,-1,1,-550.00,1.9250,330.0000,-400.0000,
TRADE,17/10/2018 12:20:00,102.70000,22/10/2018 12:00:00,100.87500,@LH,-1,1,730.00,0.2000,1430.0000,-140.0000,
TRADE,31/10/2018 12:40:00,106.40000,05/11/2018 12:20:00,105.20000,@LH,-1,1,480.00,0.6500,720.0000,-230.0000,
TRADE,05/11/2018 12:35:00,104.57500,08/11/2018 12:15:00,102.80000,@LH,-1,1,710.00,0.3500,1090.0000,-180.0000,
TRADE,21/11/2018 08:40:00,106.32500,27/11/2018 09:10:00,104.22500,@LH,-1,1,840.00,0.8250,840.0000,-510.0000,
TRADE,27/11/2018 09:30:00,103.92500,27/11/2018 12:25:00,105.30000,@LH,-1,1,-550.00,0.4250,10.0000,-520.0000,
TRADE,03/12/2018 11:00:00,105.27500,03/12/2018 13:00:00,106.65000,@LH,-1,1,-550.00,1.4250,270.0000,-370.0000,
TRADE,11/12/2018 09:10:00,105.70000,14/12/2018 08:50:00,105.85000,@LH,-1,1,-60.00,0.5250,760.0000,-90.0000,
TRADE,17/12/2018 08:55:00,103.17500,20/12/2018 08:35:00,102.20000,@LH,-1,1,390.00,0.8750,540.0000,-230.0000,
TRADE,21/12/2018 12:10:00,101.05000,27/12/2018 12:40:00,100.27500,@LH,-1,1,310.00,0.1500,460.0000,-220.0000,
TRADE,07/01/2019 09:40:00,101.00000,08/01/2019 08:35:00,102.37500,@LH,-1,1,-550.00,0.4000,0.0000,-520.0000,
TRADE,11/01/2019 10:25:00,102.25000,16/01/2019 10:05:00,99.82500,@LH,-1,1,970.00,0.3250,1190.0000,-420.0000,
TRADE,23/01/2019 09:50:00,100.20000,28/01/2019 09:30:00,98.37500,@LH,-1,1,730.00,0.0750,1170.0000,-250.0000,
TRADE,31/01/2019 09:50:00,97.20000,04/02/2019 11:00:00,98.57500,@LH,-1,1,-550.00,0.4750,640.0000,-540.0000,
TRADE,07/02/2019 08:40:00,95.90000,11/02/2019 12:55:00,95.12500,@LH,-1,1,310.00,0.8750,830.0000,-150.0000,
TRADE,14/02/2019 08:40:00,94.85000,15/02/2019 12:15:00,96.22500,@LH,-1,1,-550.00,1.0000,310.0000,-330.0000,
TRADE,19/02/2019 08:40:00,93.75000,22/02/2019 08:45:00,92.05000,@LH,-1,1,680.00,1.9500,2220.0000,0.0000,
TRADE,06/03/2019 10:35:00,92.75000,08/03/2019 08:35:00,94.12500,@LH,-1,1,-550.00,0.2750,0.0000,-540.0000,
TRADE,27/03/2019 08:55:00,113.67500,27/03/2019 12:25:00,115.05000,@LH,-1,1,-550.00,0.5750,210.0000,-530.0000,
TRADE,28/03/2019 11:10:00,112.47500,29/03/2019 10:25:00,112.47500,@LH,-1,1,0.00,0.4500,1730.0000,-130.0000,
TRADE,09/04/2019 09:40:00,116.05000,10/04/2019 10:25:00,117.42500,@LH,-1,1,-550.00,0.4500,870.0000,-510.0000,
TRADE,16/04/2019 12:30:00,117.35000,22/04/2019 12:10:00,114.77500,@LH,-1,1,1030.00,0.6750,1060.0000,-350.0000,
TRADE,22/04/2019 12:15:00,114.62500,25/04/2019 11:55:00,110.12500,@LH,-1,1,1800.00,0.4000,1800.0000,-270.0000,
TRADE,26/04/2019 12:40:00,109.52500,01/05/2019 09:55:00,110.90000,@LH,-1,1,-550.00,0.2250,860.0000,-540.0000,
TRADE,06/05/2019 08:40:00,110.10000,07/05/2019 11:35:00,110.10000,@LH,-1,1,0.00,2.8000,1750.0000,0.0000,
TRADE,17/05/2019 11:20:00,110.30000,17/05/2019 11:45:00,111.67500,@LH,-1,1,-550.00,0.3750,120.0000,-390.0000,
TRADE,23/05/2019 08:40:00,108.70000,23/05/2019 11:10:00,110.07500,@LH,-1,1,-550.00,1.7250,70.0000,-530.0000,
TRADE,24/05/2019 10:40:00,108.30000,30/05/2019 10:20:00,105.82500,@LH,-1,1,990.00,0.1750,2020.0000,-90.0000,
TRADE,03/06/2019 11:10:00,103.22500,06/06/2019 10:50:00,101.72500,@LH,-1,1,600.00,0.1750,840.0000,-260.0000,
TRADE,07/06/2019 10:50:00,100.95000,10/06/2019 11:20:00,102.32500,@LH,-1,1,-550.00,0.9750,450.0000,-380.0000,
TRADE,11/06/2019 11:45:00,99.32500,11/06/2019 12:15:00,100.70000,@LH,-1,1,-550.00,0.9500,0.0000,-430.0000,
TRADE,12/06/2019 11:05:00,99.17500,13/06/2019 10:00:00,100.55000,@LH,-1,1,-550.00,0.4750,80.0000,-440.0000,
TRADE,14/06/2019 11:05:00,98.52500,17/06/2019 13:00:00,99.90000,@LH,-1,1,-550.00,1.0000,490.0000,-540.0000,
TRADE,21/06/2019 08:40:00,97.07500,26/06/2019 08:35:00,92.20000,@LH,-1,1,1950.00,1.2250,2260.0000,-20.0000,
TRADE,03/07/2019 11:10:00,95.40000,09/07/2019 12:20:00,96.55000,@LH,-1,1,-460.00,0.4250,970.0000,-460.0000,
TRADE,16/07/2019 11:15:00,96.77500,17/07/2019 08:35:00,98.15000,@LH,-1,1,-550.00,0.5500,220.0000,-260.0000,
TRADE,25/07/2019 12:30:00,103.15000,30/07/2019 12:10:00,99.07500,@LH,-1,1,1630.00,0.2750,2270.0000,-490.0000,
TRADE,31/07/2019 09:55:00,97.37500,05/08/2019 09:35:00,86.92500,@LH,-1,1,4180.00,0.5000,4570.0000,-20.0000,
TRADE,12/08/2019 08:40:00,90.37500,12/08/2019 08:45:00,91.75000,@LH,-1,1,-550.00,1.6750,30.0000,-390.0000,
TRADE,16/08/2019 11:00:00,88.92500,21/08/2019 10:40:00,87.70000,@LH,-1,1,490.00,0.9000,990.0000,-540.0000,
TRADE,21/08/2019 12:40:00,87.57500,26/08/2019 10:00:00,87.57500,@LH,-1,1,0.00,0.2750,1530.0000,-190.0000,
TRADE,06/09/2019 08:40:00,89.92500,10/09/2019 12:55:00,88.10000,@LH,-1,1,730.00,1.3250,2230.0000,-70.0000,
TRADE,17/09/2019 10:10:00,87.32500,20/09/2019 09:50:00,86.80000,@LH,-1,1,210.00,0.7750,680.0000,-300.0000,
TRADE,20/09/2019 12:25:00,85.57500,25/09/2019 08:35:00,87.37500,@LH,-1,1,-720.00,0.6750,410.0000,-720.0000,
TRADE,27/09/2019 11:55:00,87.65000,27/09/2019 12:25:00,89.02500,@LH,-1,1,-550.00,0.7750,230.0000,-320.0000,
TRADE,30/09/2019 08:40:00,86.37500,30/09/2019 09:05:00,87.75000,@LH,-1,1,-550.00,2.0750,30.0000,-360.0000,
TRADE,02/10/2019 10:45:00,87.70000,07/10/2019 10:25:00,82.55000,@LH,-1,1,2060.00,0.4500,2060.0000,-170.0000,
TRADE,08/10/2019 08:40:00,82.47500,08/10/2019 08:55:00,83.85000,@LH,-1,1,-550.00,1.1750,60.0000,-470.0000,
TRADE,17/10/2019 10:25:00,86.90000,18/10/2019 08:35:00,88.30000,@LH,-1,1,-560.00,0.2250,350.0000,-560.0000,
TRADE,18/10/2019 09:55:00,85.77500,21/10/2019 09:45:00,87.15000,@LH,-1,1,-550.00,0.6000,540.0000,-540.0000,
TRADE,22/10/2019 11:05:00,84.07500,25/10/2019 10:45:00,83.27500,@LH,-1,1,320.00,0.6000,820.0000,-480.0000,
TRADE,29/10/2019 12:35:00,81.92500,30/10/2019 08:40:00,83.30000,@LH,-1,1,-550.00,0.4500,70.0000,-480.0000,
TRADE,04/11/2019 08:40:00,81.90000,04/11/2019 09:35:00,83.27500,@LH,-1,1,-550.00,0.8750,90.0000,-520.0000,
TRADE,08/11/2019 08:45:00,82.17500,12/11/2019 11:30:00,83.55000,@LH,-1,1,-550.00,0.5750,380.0000,-490.0000,
TRADE,19/11/2019 09:30:00,80.55000,22/11/2019 09:10:00,79.17500,@LH,-1,1,550.00,0.2750,880.0000,-60.0000,
TRADE,27/11/2019 10:15:00,78.57500,29/11/2019 09:40:00,79.95000,@LH,-1,1,-550.00,0.1750,620.0000,-340.0000,
TRADE,02/12/2019 12:10:00,76.75000,03/12/2019 09:00:00,78.12500,@LH,-1,1,-550.00,0.1500,20.0000,-540.0000,
TRADE,09/12/2019 08:40:00,77.62500,10/12/2019 08:50:00,79.00000,@LH,-1,1,-550.00,1.1000,130.0000,-540.0000,
TRADE,23/12/2019 10:20:00,81.25000,26/12/2019 08:35:00,82.62500,@LH,-1,1,-550.00,0.3000,190.0000,-440.0000,
TRADE,27/12/2019 10:30:00,81.17500,30/12/2019 08:35:00,82.55000,@LH,-1,1,-550.00,0.1500,20.0000,-550.0000,
TRADE,03/01/2020 08:45:00,81.65000,07/01/2020 13:05:00,80.50000,@LH,-1,1,460.00,0.5750,1120.0000,-40.0000,
TRADE,09/01/2020 09:45:00,79.30000,14/01/2020 09:25:00,78.92500,@LH,-1,1,150.00,0.2000,970.0000,-90.0000,
TRADE,16/01/2020 10:10:00,77.72500,17/01/2020 13:05:00,79.10000,@LH,-1,1,-550.00,0.2500,20.0000,-520.0000,
TRADE,24/01/2020 10:00:00,78.27500,29/01/2020 09:40:00,75.15000,@LH,-1,1,1250.00,0.2000,1370.0000,-180.0000,
TRADE,29/01/2020 10:15:00,74.60000,03/02/2020 10:10:00,66.60000,@LH,-1,1,3200.00,0.2750,3410.0000,-100.0000,
TRADE,05/02/2020 11:45:00,66.75000,06/02/2020 08:35:00,68.12500,@LH,-1,1,-550.00,0.2250,60.0000,-190.0000,
TRADE,11/02/2020 08:40:00,69.77500,13/02/2020 12:55:00,69.37500,@LH,-1,1,160.00,0.7000,710.0000,-140.0000,
TRADE,24/02/2020 08:40:00,69.52500,25/02/2020 09:05:00,70.90000,@LH,-1,1,-550.00,3.0250,60.0000,-530.0000,
TRADE,26/02/2020 09:35:00,69.30000,26/02/2020 10:25:00,70.67500,@LH,-1,1,-550.00,0.1000,0.0000,-460.0000,
TRADE,27/02/2020 08:55:00,69.07500,03/03/2020 08:35:00,68.77500,@LH,-1,1,120.00,0.4250,990.0000,0.0000,
TRADE,09/03/2020 08:40:00,68.52500,09/03/2020 09:05:00,69.90000,@LH,-1,1,-550.00,3.1250,100.0000,-450.0000,
TRADE,12/03/2020 08:40:00,66.65000,17/03/2020 09:10:00,62.85000,@LH,-1,1,1520.00,2.6500,3780.0000,-510.0000,
TRADE,26/03/2020 08:40:00,69.55000,30/03/2020 13:05:00,58.97500,@LH,-1,1,4230.00,0.8750,4230.0000,-130.0000,
TRADE,31/03/2020 09:50:00,58.72500,31/03/2020 10:10:00,60.10000,@LH,-1,1,-550.00,0.4000,20.0000,-520.0000,
TRADE,01/04/2020 08:40:00,56.55000,06/04/2020 12:05:00,49.87500,@LH,-1,1,2670.00,3.0250,5400.0000,0.0000,
TRADE,13/04/2020 08:40:00,44.15000,14/04/2020 08:45:00,45.52500,@LH,-1,1,-550.00,4.2500,360.0000,-540.0000,
TRADE,14/04/2020 09:25:00,42.72500,14/04/2020 11:20:00,44.10000,@LH,-1,1,-550.00,1.1500,800.0000,-390.0000,
TRADE,07/05/2020 09:00:00,61.95000,07/05/2020 11:35:00,63.32500,@LH,-1,1,-550.00,0.7500,360.0000,-490.0000,
TRADE,11/05/2020 10:50:00,59.77500,14/05/2020 10:30:00,57.67500,@LH,-1,1,840.00,0.5000,1750.0000,-480.0000,
TRADE,18/05/2020 11:45:00,56.82500,21/05/2020 10:45:00,58.20000,@LH,-1,1,-550.00,0.1500,740.0000,-540.0000,
TRADE,28/05/2020 08:55:00,57.87500,29/05/2020 13:00:00,59.25000,@LH,-1,1,-550.00,0.3000,580.0000,-350.0000,
TRADE,04/06/2020 09:10:00,56.72500,04/06/2020 10:00:00,58.10000,@LH,-1,1,-550.00,0.2750,20.0000,-520.0000,
TRADE,10/06/2020 08:55:00,58.55000,15/06/2020 08:35:00,56.95000,@LH,-1,1,640.00,0.5500,640.0000,-380.0000,
TRADE,16/06/2020 09:15:00,56.55000,19/06/2020 08:55:00,55.92500,@LH,-1,1,250.00,0.2500,980.0000,-210.0000,
TRADE,22/06/2020 08:55:00,54.40000,25/06/2020 08:35:00,53.82500,@LH,-1,1,230.00,0.3500,560.0000,-480.0000,
TRADE,26/06/2020 08:40:00,50.87500,30/06/2020 12:55:00,51.72500,@LH,-1,1,-340.00,3.4750,310.0000,-430.0000,
TRADE,07/07/2020 08:40:00,51.35000,09/07/2020 09:50:00,52.72500,@LH,-1,1,-550.00,1.0000,350.0000,-440.0000,
TRADE,20/07/2020 09:40:00,53.57500,22/07/2020 08:35:00,55.32500,@LH,-1,1,-700.00,0.5750,320.0000,-700.0000,
TRADE,29/07/2020 10:55:00,56.00000,03/08/2020 10:35:00,54.72500,@LH,-1,1,510.00,0.1750,680.0000,-160.0000,
TRADE,12/08/2020 10:05:00,57.52500,13/08/2020 13:05:00,58.90000,@LH,-1,1,-550.00,0.1750,220.0000,-540.0000,
TRADE,18/08/2020 09:20:00,58.42500,20/08/2020 08:35:00,60.12500,@LH,-1,1,-680.00,0.3000,290.0000,-680.0000,
TRADE,28/08/2020 08:40:00,60.90000,01/09/2020 12:55:00,61.60000,@LH,-1,1,-280.00,1.4000,520.0000,-290.0000,
TRADE,16/09/2020 11:55:00,70.75000,17/09/2020 08:35:00,72.50000,@LH,-1,1,-700.00,0.2750,20.0000,-700.0000,
TRADE,05/10/2020 09:10:00,75.72500,06/10/2020 08:35:00,77.10000,@LH,-1,1,-550.00,0.4750,0.0000,-500.0000,
TRADE,13/10/2020 08:40:00,79.57500,14/10/2020 08:35:00,80.95000,@LH,-1,1,-550.00,0.8250,370.0000,-370.0000,
TRADE,22/10/2020 09:00:00,81.67500,27/10/2020 08:40:00,82.90000,@LH,-1,1,-490.00,1.0000,1050.0000,-530.0000,
TRADE,28/10/2020 10:40:00,79.72500,02/11/2020 10:20:00,78.77500,@LH,-1,1,380.00,0.5250,750.0000,-400.0000,
TRADE,06/11/2020 10:05:00,79.25000,11/11/2020 09:45:00,78.45000,@LH,-1,1,320.00,0.1250,760.0000,-430.0000,
TRADE,13/11/2020 11:05:00,78.15000,16/11/2020 09:40:00,79.52500,@LH,-1,1,-550.00,0.6000,90.0000,-530.0000,
TRADE,19/11/2020 09:20:00,77.95000,23/11/2020 08:35:00,79.32500,@LH,-1,1,-550.00,0.2250,280.0000,-220.0000,
TRADE,03/12/2020 08:40:00,79.87500,07/12/2020 12:55:00,77.50000,@LH,-1,1,950.00,0.5250,1210.0000,-170.0000,
TRADE,08/12/2020 08:40:00,76.65000,08/12/2020 09:50:00,78.02500,@LH,-1,1,-550.00,0.8500,30.0000,-540.0000,
TRADE,11/12/2020 09:20:00,76.60000,14/12/2020 13:05:00,77.97500,@LH,-1,1,-550.00,0.2000,540.0000,-540.0000,
TRADE,06/01/2021 10:30:00,82.05000,11/01/2021 10:10:00,80.92500,@LH,-1,1,450.00,0.4000,780.0000,-120.0000,
TRADE,13/01/2021 08:40:00,79.55000,15/01/2021 12:55:00,80.27500,@LH,-1,1,-290.00,1.5250,470.0000,-350.0000,
TRADE,28/01/2021 08:55:00,81.85000,29/01/2021 08:35:00,83.22500,@LH,-1,1,-550.00,0.2500,20.0000,-450.0000,
TRADE,01/02/2021 10:05:00,81.92500,02/02/2021 11:30:00,83.30000,@LH,-1,1,-550.00,0.2500,320.0000,-520.0000,
TRADE,18/02/2021 08:40:00,89.95000,19/02/2021 08:35:00,91.32500,@LH,-1,1,-550.00,0.7250,230.0000,-510.0000,
TRADE,26/02/2021 11:50:00,93.42500,03/03/2021 11:30:00,93.70000,@LH,-1,1,-110.00,0.5750,1020.0000,-490.0000,
TRADE,15/03/2021 10:05:00,95.42500,16/03/2021 08:35:00,97.80000,@LH,-1,1,-950.00,0.2000,20.0000,-950.0000,
TRADE,12/04/2021 11:05:00,108.42500,15/04/2021 10:45:00,105.65000,@LH,-1,1,1110.00,1.3000,1110.0000,-170.0000,
TRADE,16/04/2021 08:45:00,104.80000,19/04/2021 11:15:00,106.17500,@LH,-1,1,-550.00,1.3000,1170.0000,-510.0000,
TRADE,22/04/2021 12:30:00,104.37500,23/04/2021 08:35:00,105.75000,@LH,-1,1,-550.00,0.5250,180.0000,-470.0000,
TRADE,07/05/2021 11:25:00,113.85000,12/05/2021 11:05:00,113.10000,@LH,-1,1,300.00,0.6250,1060.0000,-170.0000,
TRADE,13/05/2021 11:05:00,111.07500,18/05/2021 10:45:00,110.25000,@LH,-1,1,330.00,0.3500,880.0000,-350.0000,
TRADE,11/06/2021 08:55:00,119.92500,16/06/2021 08:35:00,116.65000,@LH,-1,1,1310.00,0.6500,1620.0000,-220.0000,
TRADE,16/06/2021 08:40:00,114.50000,21/06/2021 10:30:00,107.25000,@LH,-1,1,2900.00,2.9000,3280.0000,-50.0000,
TRADE,23/06/2021 08:40:00,104.52500,25/06/2021 12:55:00,102.65000,@LH,-1,1,750.00,3.0250,2160.0000,-470.0000,
TRADE,01/07/2021 10:05:00,104.27500,06/07/2021 08:45:00,104.27500,@LH,-1,1,0.00,1.4250,1420.0000,-220.0000,
TRADE,08/07/2021 10:15:00,102.42500,08/07/2021 11:05:00,103.80000,@LH,-1,1,-550.00,0.2250,0.0000,-470.0000,
TRADE,28/07/2021 08:40:00,108.37500,30/07/2021 12:55:00,104.92500,@LH,-1,1,1380.00,1.1000,1670.0000,-100.0000,
TRADE,05/08/2021 08:40:00,105.75000,10/08/2021 09:05:00,100.52500,@LH,-1,1,2090.00,1.2500,2200.0000,0.0000,
TRADE,19/08/2021 11:00:00,103.77500,20/08/2021 08:35:00,105.15000,@LH,-1,1,-550.00,0.8000,100.0000,-300.0000,
TRADE,07/09/2021 08:40:00,105.72500,09/09/2021 12:55:00,102.87500,@LH,-1,1,1140.00,1.2750,1410.0000,-370.0000,
TRADE,10/09/2021 09:15:00,102.00000,15/09/2021 08:55:00,97.57500,@LH,-1,1,1770.00,0.4000,2120.0000,-20.0000,
TRADE,22/09/2021 12:05:00,100.90000,24/09/2021 11:00:00,102.27500,@LH,-1,1,-550.00,0.0500,80.0000,-410.0000,
TRADE,04/10/2021 11:00:00,111.12500,07/10/2021 10:40:00,109.12500,@LH,-1,1,800.00,0.1750,1270.0000,-10.0000,
TRADE,11/10/2021 08:40:00,107.60000,13/10/2021 12:55:00,105.60000,@LH,-1,1,800.00,1.3500,1040.0000,-380.0000,
TRADE,14/10/2021 11:45:00,104.87500,18/10/2021 10:00:00,106.25000,@LH,-1,1,-550.00,0.1500,90.0000,-540.0000,
TRADE,20/10/2021 11:05:00,104.25000,25/10/2021 10:45:00,101.65000,@LH,-1,1,1040.00,0.2000,1590.0000,-40.0000,
TRADE,27/10/2021 08:55:00,99.70000,28/10/2021 09:15:00,101.07500,@LH,-1,1,-550.00,0.3750,210.0000,-320.0000,
TRADE,08/11/2021 09:50:00,103.35000,11/11/2021 09:30:00,102.95000,@LH,-1,1,160.00,0.3500,900.0000,-230.0000,
TRADE,18/11/2021 08:40:00,102.62500,22/11/2021 12:55:00,102.15000,@LH,-1,1,190.00,0.9500,650.0000,-200.0000,
TRADE,26/11/2021 11:10:00,100.95000,01/12/2021 11:50:00,99.62500,@LH,-1,1,530.00,1.4000,1080.0000,-260.0000,
TRADE,06/12/2021 10:40:00,98.45000,09/12/2021 10:20:00,96.17500,@LH,-1,1,910.00,0.3250,1410.0000,-190.0000,
TRADE,15/12/2021 12:05:00,98.35000,16/12/2021 08:35:00,99.72500,@LH,-1,1,-550.00,0.2500,40.0000,-360.0000,
TRADE,20/12/2021 11:00:00,98.77500,21/12/2021 09:20:00,100.15000,@LH,-1,1,-550.00,0.2750,10.0000,-520.0000,
TRADE,31/12/2021 09:25:00,101.77500,05/01/2022 09:05:00,100.35000,@LH,-1,1,570.00,0.5500,880.0000,-40.0000,
TRADE,07/01/2022 11:10:00,99.72500,12/01/2022 10:50:00,98.50000,@LH,-1,1,490.00,0.9250,1040.0000,-30.0000,
TRADE,13/01/2022 09:40:00,97.12500,14/01/2022 08:35:00,98.55000,@LH,-1,1,-570.00,0.2000,200.0000,-570.0000,
TRADE,27/01/2022 09:15:00,105.35000,28/01/2022 08:35:00,106.75000,@LH,-1,1,-560.00,1.1500,40.0000,-560.0000,
TRADE,28/01/2022 11:00:00,104.82500,28/01/2022 12:00:00,106.20000,@LH,-1,1,-550.00,0.5500,20.0000,-530.0000,
TRADE,11/02/2022 09:55:00,113.22500,11/02/2022 11:05:00,114.60000,@LH,-1,1,-550.00,0.3000,20.0000,-450.0000,
TRADE,14/02/2022 09:20:00,112.50000,14/02/2022 10:20:00,113.87500,@LH,-1,1,-550.00,1.8000,40.0000,-540.0000,
TRADE,24/02/2022 08:50:00,117.35000,28/02/2022 13:05:00,114.42500,@LH,-1,1,1170.00,1.3000,1330.0000,-430.0000,
TRADE,04/03/2022 08:40:00,113.07500,07/03/2022 10:45:00,113.07500,@LH,-1,1,0.00,3.6750,1380.0000,-400.0000,
TRADE,10/03/2022 09:45:00,111.37500,11/03/2022 08:40:00,112.75000,@LH,-1,1,-550.00,0.2750,160.0000,-540.0000,
TRADE,17/03/2022 10:25:00,112.30000,22/03/2022 10:05:00,111.10000,@LH,-1,1,480.00,0.2000,770.0000,-320.0000,
TRADE,31/03/2022 11:35:00,114.40000,05/04/2022 11:15:00,109.12500,@LH,-1,1,2110.00,2.0250,2650.0000,-350.0000,
TRADE,20/04/2022 09:35:00,112.32500,25/04/2022 09:15:00,108.52500,@LH,-1,1,1520.00,0.7750,1600.0000,-300.0000,
TRADE,25/04/2022 09:25:00,108.27500,28/04/2022 09:15:00,102.20000,@LH,-1,1,2430.00,0.4000,2480.0000,-70.0000,
TRADE,28/04/2022 09:45:00,101.97500,28/04/2022 11:40:00,103.35000,@LH,-1,1,-550.00,0.4250,190.0000,-450.0000,
TRADE,29/04/2022 08:50:00,101.42500,03/05/2022 13:05:00,94.77500,@LH,-1,1,2660.00,0.8750,2670.0000,-350.0000,
TRADE,06/05/2022 11:30:00,97.12500,11/05/2022 11:10:00,93.47500,@LH,-1,1,1460.00,0.5250,1940.0000,-130.0000,
TRADE,12/05/2022 08:40:00,91.72500,12/05/2022 08:50:00,93.10000,@LH,-1,1,-550.00,1.7000,10.0000,-510.0000,
TRADE,31/05/2022 10:00:00,100.20000,01/06/2022 08:40:00,101.57500,@LH,-1,1,-550.00,0.6750,300.0000,-530.0000,
TRADE,06/06/2022 08:40:00,100.40000,08/06/2022 10:40:00,101.77500,@LH,-1,1,-550.00,2.3500,520.0000,-500.0000,
TRADE,09/06/2022 10:00:00,96.35000,09/06/2022 11:20:00,97.72500,@LH,-1,1,-550.00,0.4500,160.0000,-500.0000,
TRADE,13/06/2022 08:40:00,95.67500,13/06/2022 08:50:00,97.05000,@LH,-1,1,-550.00,2.2250,250.0000,-240.0000,
TRADE,23/06/2022 08:45:00,100.57500,24/06/2022 11:05:00,100.57500,@LH,-1,1,0.00,1.8750,1300.0000,-40.0000,
TRADE,30/06/2022 10:40:00,96.60000,01/07/2022 09:25:00,97.97500,@LH,-1,1,-550.00,1.2250,1040.0000,-350.0000,
TRADE,11/07/2022 09:40:00,100.82500,11/07/2022 09:50:00,102.20000,@LH,-1,1,-550.00,2.2500,70.0000,-390.0000,
TRADE,04/08/2022 08:40:00,111.80000,04/08/2022 09:30:00,113.17500,@LH,-1,1,-550.00,1.8250,110.0000,-410.0000,
TRADE,12/08/2022 11:20:00,116.92500,17/08/2022 11:00:00,114.50000,@LH,-1,1,970.00,0.5000,1710.0000,-530.0000,
TRADE,18/08/2022 10:40:00,112.35000,23/08/2022 08:35:00,112.35000,@LH,-1,1,0.00,0.3250,1350.0000,-50.0000,
TRADE,24/08/2022 08:40:00,108.77500,26/08/2022 12:55:00,107.60000,@LH,-1,1,470.00,1.8250,680.0000,-320.0000,
TRADE,31/08/2022 12:00:00,108.27500,06/09/2022 11:40:00,107.82500,@LH,-1,1,180.00,0.2000,650.0000,-490.0000,
TRADE,08/09/2022 09:10:00,106.47500,08/09/2022 10:00:00,107.85000,@LH,-1,1,-550.00,0.6250,60.0000,-530.0000,
TRADE,20/09/2022 10:25:00,112.75000,23/09/2022 10:05:00,110.57500,@LH,-1,1,870.00,0.2000,1050.0000,-310.0000,
TRADE,23/09/2022 11:05:00,109.90000,28/09/2022 10:45:00,103.92500,@LH,-1,1,2390.00,0.3250,2560.0000,-110.0000,
TRADE,28/09/2022 12:25:00,103.50000,29/09/2022 08:35:00,105.02500,@LH,-1,1,-610.00,0.2000,0.0000,-610.0000,
TRADE,04/10/2022 11:15:00,103.57500,06/10/2022 08:35:00,105.55000,@LH,-1,1,-790.00,0.5000,1020.0000,-790.0000,
TRADE,25/10/2022 11:10:00,115.40000,26/10/2022 09:00:00,116.77500,@LH,-1,1,-550.00,0.6000,10.0000,-540.0000,
TRADE,27/10/2022 09:10:00,115.00000,01/11/2022 08:50:00,113.20000,@LH,-1,1,720.00,0.8250,1010.0000,0.0000,
TRADE,02/11/2022 08:40:00,112.17500,04/11/2022 12:55:00,111.32500,@LH,-1,1,340.00,1.3000,520.0000,-290.0000,
TRADE,10/11/2022 08:40:00,112.37500,11/11/2022 08:35:00,113.75000,@LH,-1,1,-550.00,1.0000,20.0000,-340.0000,
TRADE,11/11/2022 09:40:00,111.85000,14/11/2022 09:55:00,113.22500,@LH,-1,1,-550.00,0.6250,0.0000,-520.0000,
TRADE,18/11/2022 09:00:00,112.57500,23/11/2022 08:40:00,112.25000,@LH,-1,1,130.00,0.1500,420.0000,-200.0000,
TRADE,25/11/2022 08:40:00,111.65000,30/11/2022 09:20:00,107.50000,@LH,-1,1,1660.00,0.7000,1840.0000,-430.0000,
TRADE,06/12/2022 09:40:00,111.50000,09/12/2022 09:20:00,107.85000,@LH,-1,1,1460.00,0.4250,2030.0000,-310.0000,
TRADE,12/12/2022 08:45:00,106.25000,13/12/2022 08:35:00,107.62500,@LH,-1,1,-550.00,0.5750,50.0000,-460.0000,
TRADE,15/12/2022 08:40:00,105.87500,16/12/2022 09:20:00,107.25000,@LH,-1,1,-550.00,1.0500,410.0000,-340.0000,
TRADE,29/12/2022 11:35:00,112.62500,04/01/2023 11:15:00,107.27500,@LH,-1,1,2140.00,0.2250,2150.0000,-50.0000,
TRADE,04/01/2023 12:10:00,107.02500,09/01/2023 11:50:00,103.87500,@LH,-1,1,1260.00,0.1500,1600.0000,-310.0000,
TRADE,10/01/2023 11:00:00,102.97500,13/01/2023 10:40:00,101.75000,@LH,-1,1,490.00,0.1250,830.0000,-230.0000,
TRADE,18/01/2023 10:00:00,100.90000,18/01/2023 10:25:00,102.27500,@LH,-1,1,-550.00,0.2500,40.0000,-460.0000,
TRADE,19/01/2023 08:40:00,100.60000,23/01/2023 12:55:00,100.10000,@LH,-1,1,200.00,0.5750,730.0000,-260.0000,
TRADE,24/01/2023 10:10:00,99.22500,26/01/2023 10:55:00,100.60000,@LH,-1,1,-550.00,0.3500,330.0000,-530.0000,
TRADE,01/02/2023 08:55:00,99.05000,02/02/2023 11:10:00,100.42500,@LH,-1,1,-550.00,1.0000,640.0000,-510.0000,
TRADE,06/02/2023 09:55:00,98.55000,09/02/2023 09:35:00,97.77500,@LH,-1,1,310.00,0.4250,1030.0000,-450.0000,
TRADE,16/02/2023 08:55:00,99.85000,17/02/2023 08:35:00,101.22500,@LH,-1,1,-550.00,0.7500,20.0000,-430.0000,
TRADE,27/02/2023 09:10:00,99.37500,02/03/2023 08:50:00,100.37500,@LH,-1,1,-400.00,0.6500,240.0000,-480.0000,
TRADE,02/03/2023 12:25:00,98.62500,07/03/2023 12:05:00,99.22500,@LH,-1,1,-240.00,0.1750,290.0000,-460.0000,
TRADE,15/03/2023 09:10:00,99.40000,20/03/2023 08:50:00,92.50000,@LH,-1,1,2760.00,0.2000,3610.0000,-170.0000,
TRADE,22/03/2023 08:40:00,91.32500,24/03/2023 12:55:00,92.40000,@LH,-1,1,-430.00,1.0500,1140.0000,-490.0000,
TRADE,29/03/2023 10:50:00,91.87500,03/04/2023 10:30:00,92.30000,@LH,-1,1,-170.00,0.3250,440.0000,-470.0000,
TRADE,05/04/2023 08:40:00,89.32500,10/04/2023 12:55:00,89.90000,@LH,-1,1,-230.00,1.0000,640.0000,-500.0000,
TRADE,11/04/2023 11:00:00,88.17500,12/04/2023 09:30:00,89.55000,@LH,-1,1,-550.00,0.1750,70.0000,-500.0000,
TRADE,12/04/2023 11:35:00,87.97500,17/04/2023 11:15:00,89.07500,@LH,-1,1,-440.00,0.4250,750.0000,-490.0000,
TRADE,19/04/2023 09:10:00,85.77500,19/04/2023 09:40:00,87.15000,@LH,-1,1,-550.00,0.9500,30.0000,-470.0000,
TRADE,03/05/2023 11:25:00,88.90000,08/05/2023 11:05:00,84.37500,@LH,-1,1,1810.00,0.9500,2080.0000,-150.0000,
TRADE,17/05/2023 10:30:00,86.05000,22/05/2023 10:10:00,80.67500,@LH,-1,1,2150.00,0.4250,2410.0000,-60.0000,
TRADE,23/05/2023 08:40:00,79.85000,25/05/2023 12:55:00,77.00000,@LH,-1,1,1140.00,1.0250,1200.0000,-470.0000,
TRADE,26/05/2023 08:50:00,75.97500,30/05/2023 09:15:00,77.35000,@LH,-1,1,-550.00,0.9250,1000.0000,-440.0000,
TRADE,08/06/2023 09:25:00,81.42500,09/06/2023 08:35:00,82.80000,@LH,-1,1,-550.00,0.7750,50.0000,-500.0000,
TRADE,22/06/2023 09:40:00,90.97500,26/06/2023 08:50:00,92.35000,@LH,-1,1,-550.00,0.4750,880.0000,-340.0000,
