TRADE,21/10/2010 13:05:00,125.42500,26/10/2010 13:05:00,126.17500,@LH,1,1,300.00,1.4500,1090.0000,0.0000,
TRADE,28/10/2010 13:05:00,124.67500,02/11/2010 13:05:00,123.45000,@LH,-1,1,490.00,1.3250,920.0000,-10.0000,
TRADE,04/11/2010 13:05:00,124.62500,09/11/2010 13:05:00,124.95000,@LH,1,1,130.00,1.4250,370.0000,-290.0000,
TRADE,11/11/2010 13:05:00,126.02500,16/11/2010 13:05:00,126.22500,@LH,-1,1,-80.00,1.9750,200.0000,-420.0000,
TRADE,18/11/2010 13:05:00,126.22500,23/11/2010 13:05:00,126.77500,@LH,-1,1,-220.00,0.9500,470.0000,-290.0000,
TRADE,02/12/2010 13:05:00,125.40000,07/12/2010 13:05:00,125.77500,@LH,-1,1,-150.00,1.2750,80.0000,-500.0000,
TRADE,09/12/2010 13:05:00,125.90000,14/12/2010 13:05:00,126.00000,@LH,1,1,40.00,1.3500,560.0000,-300.0000,
TRADE,16/12/2010 13:05:00,124.52500,21/12/2010 13:05:00,125.60000,@LH,1,1,430.00,0.9750,760.0000,-110.0000,
TRADE,23/12/2010 13:05:00,128.82500,29/12/2010 13:05:00,128.97500,@LH,1,1,60.00,2.9250,120.0000,-230.0000,
TRADE,30/12/2010 13:05:00,129.65000,04/01/2011 13:05:00,127.95000,@LH,-1,1,680.00,1.2000,700.0000,-150.0000,
TRADE,06/01/2011 13:05:00,128.72500,11/01/2011 13:05:00,130.35000,@LH,1,1,650.00,1.3000,720.0000,-20.0000,
TRADE,13/01/2011 13:05:00,130.72500,19/01/2011 13:05:00,130.57500,@LH,-1,1,60.00,1.2500,660.0000,-330.0000,
TRADE,20/01/2011 13:05:00,129.92500,25/01/2011 13:05:00,130.77500,@LH,1,1,340.00,1.0500,510.0000,-220.0000,
TRADE,27/01/2011 13:05:00,132.90000,01/02/2011 13:05:00,135.57500,@LH,1,1,1070.00,1.2750,1800.0000,-80.0000,
TRADE,03/02/2011 13:05:00,133.82500,08/02/2011 13:05:00,134.10000,@LH,-1,1,-110.00,2.5500,190.0000,-550.0000,
TRADE,10/02/2011 13:05:00,134.62500,15/02/2011 13:05:00,135.47500,@LH,1,1,340.00,1.3500,920.0000,-340.0000,
TRADE,17/02/2011 13:05:00,134.92500,23/02/2011 13:05:00,134.87500,@LH,-1,1,20.00,3.1500,420.0000,-750.0000,
TRADE,24/02/2011 13:05:00,134.07500,01/03/2011 13:05:00,131.75000,@LH,1,1,-930.00,2.3000,260.0000,-1050.0000,
TRADE,03/03/2011 13:05:00,131.72500,08/03/2011 13:05:00,129.70000,@LH,-1,1,810.00,1.2500,1040.0000,-110.0000,
TRADE,10/03/2011 13:05:00,131.97500,14/03/2011 13:05:00,128.85000,@LH,1,1,-1250.00,1.2500,600.0000,-960.0000,
TRADE,17/03/2011 13:05:00,129.77500,22/03/2011 13:05:00,131.55000,@LH,1,1,710.00,1.4250,900.0000,-130.0000,
TRADE,24/03/2011 13:05:00,133.07500,29/03/2011 13:05:00,135.52500,@LH,1,1,980.00,1.5250,1160.0000,-130.0000,
TRADE,31/03/2011 13:05:00,135.32500,05/04/2011 13:05:00,135.47500,@LH,-1,1,-60.00,3.4250,300.0000,-350.0000,
TRADE,07/04/2011 13:05:00,133.02500,12/04/2011 13:05:00,132.32500,@LH,1,1,-280.00,2.2500,360.0000,-610.0000,
TRADE,21/04/2011 13:05:00,133.67500,27/04/2011 13:05:00,129.52500,@LH,-1,1,1660.00,2.0500,2110.0000,-140.0000,
TRADE,28/04/2011 13:05:00,127.80000,03/05/2011 13:05:00,126.97500,@LH,1,1,-330.00,1.1750,330.0000,-460.0000,
TRADE,05/05/2011 13:05:00,123.85000,10/05/2011 13:05:00,124.97500,@LH,1,1,450.00,1.2750,560.0000,-210.0000,
TRADE,12/05/2011 13:05:00,125.67500,17/05/2011 13:05:00,125.72500,@LH,1,1,20.00,1.0000,540.0000,-150.0000,
TRADE,19/05/2011 13:05:00,123.62500,24/05/2011 13:05:00,120.50000,@LH,-1,1,1250.00,2.4500,1250.0000,-170.0000,
TRADE,26/05/2011 13:05:00,120.27500,01/06/2011 13:05:00,121.65000,@LH,1,1,550.00,1.2750,920.0000,-380.0000,
TRADE,02/06/2011 13:05:00,121.25000,07/06/2011 13:05:00,119.15000,@LH,-1,1,840.00,2.0500,840.0000,0.0000,
TRADE,09/06/2011 13:05:00,123.17500,14/06/2011 13:05:00,123.17500,@LH,-1,1,0.00,1.5500,530.0000,-240.0000,
TRADE,16/06/2011 13:05:00,125.45000,21/06/2011 13:05:00,128.15000,@LH,1,1,1080.00,0.6500,1080.0000,-150.0000,
TRADE,23/06/2011 13:05:00,126.02500,28/06/2011 13:05:00,123.35000,@LH,-1,1,1070.00,1.5250,1270.0000,-430.0000,
TRADE,30/06/2011 13:05:00,123.90000,06/07/2011 13:05:00,124.27500,@LH,1,1,150.00,1.5500,240.0000,-800.0000,
TRADE,07/07/2011 13:05:00,125.07500,12/07/2011 13:05:00,129.30000,@LH,1,1,1690.00,0.9250,1900.0000,-20.0000,
TRADE,14/07/2011 13:05:00,129.67500,19/07/2011 13:05:00,130.20000,@LH,-1,1,-210.00,1.9000,990.0000,-390.0000,
TRADE,21/07/2011 13:05:00,129.07500,26/07/2011 13:05:00,131.45000,@LH,1,1,950.00,2.1250,1250.0000,-270.0000,
TRADE,28/07/2011 13:05:00,130.95000,02/08/2011 13:05:00,133.25000,@LH,-1,1,-920.00,1.5250,30.0000,-920.0000,
TRADE,04/08/2011 13:05:00,132.22500,09/08/2011 13:05:00,130.17500,@LH,-1,1,820.00,2.6250,1040.0000,-220.0000,
TRADE,11/08/2011 13:05:00,127.55000,16/08/2011 13:05:00,129.82500,@LH,1,1,910.00,2.4500,910.0000,-80.0000,
TRADE,18/08/2011 13:05:00,126.67500,23/08/2011 13:05:00,127.95000,@LH,1,1,510.00,2.0000,880.0000,-300.0000,
TRADE,25/08/2011 13:05:00,127.10000,30/08/2011 13:05:00,125.82500,@LH,-1,1,510.00,1.3500,510.0000,-60.0000,
TRADE,01/09/2011 13:05:00,124.92500,07/09/2011 13:05:00,123.80000,@LH,-1,1,450.00,0.8750,930.0000,-330.0000,
TRADE,08/09/2011 13:05:00,124.72500,13/09/2011 13:05:00,127.17500,@LH,1,1,980.00,1.2500,980.0000,-10.0000,
TRADE,15/09/2011 13:05:00,128.70000,20/09/2011 13:05:00,127.47500,@LH,-1,1,490.00,1.9750,970.0000,-60.0000,
TRADE,22/09/2011 13:05:00,127.70000,27/09/2011 13:05:00,128.92500,@LH,1,1,490.00,0.8000,490.0000,-150.0000,
TRADE,29/09/2011 13:05:00,128.62500,30/09/2011 13:05:00,131.75000,@LH,-1,1,-1250.00,0.8250,10.0000,-1180.0000,
TRADE,06/10/2011 13:05:00,133.70000,11/10/2011 13:05:00,132.57500,@LH,-1,1,450.00,1.6250,450.0000,-520.0000,
TRADE,13/10/2011 13:05:00,133.10000,18/10/2011 13:05:00,136.45000,@LH,1,1,1340.00,0.8750,1340.0000,-300.0000,
TRADE,20/10/2011 13:05:00,134.90000,25/10/2011 13:05:00,133.70000,@LH,-1,1,480.00,1.0250,540.0000,-210.0000,
TRADE,27/10/2011 13:05:00,132.92500,01/11/2011 13:05:00,131.87500,@LH,1,1,-420.00,1.0000,250.0000,-530.0000,
TRADE,03/11/2011 13:05:00,132.15000,08/11/2011 13:05:00,130.57500,@LH,1,1,-630.00,1.4250,20.0000,-660.0000,
TRADE,10/11/2011 13:05:00,131.10000,15/11/2011 13:05:00,131.02500,@LH,1,1,-30.00,0.5000,440.0000,-180.0000,
TRADE,17/11/2011 13:05:00,130.82500,22/11/2011 13:05:00,132.75000,@LH,1,1,770.00,1.2000,890.0000,-80.0000,
TRADE,25/11/2011 13:05:00,133.20000,30/11/2011 13:05:00,133.72500,@LH,-1,1,-210.00,0.9750,340.0000,-340.0000,
TRADE,01/12/2011 13:05:00,133.17500,06/12/2011 13:05:00,130.15000,@LH,-1,1,1210.00,1.1250,1280.0000,0.0000,
TRADE,08/12/2011 13:05:00,130.25000,13/12/2011 13:05:00,128.27500,@LH,-1,1,790.00,0.5750,1080.0000,-80.0000,
TRADE,15/12/2011 13:05:00,127.85000,16/12/2011 13:05:00,124.72500,@LH,1,1,-1250.00,1.0250,130.0000,-1240.0000,
TRADE,22/12/2011 13:05:00,125.42500,28/12/2011 13:05:00,127.80000,@LH,1,1,950.00,0.8500,1000.0000,-10.0000,
TRADE,29/12/2011 13:05:00,127.05000,04/01/2012 13:05:00,127.67500,@LH,-1,1,-250.00,1.2250,540.0000,-250.0000,
TRADE,05/01/2012 13:05:00,126.50000,10/01/2012 13:05:00,125.62500,@LH,-1,1,350.00,1.1500,640.0000,-180.0000,
TRADE,12/01/2012 13:05:00,125.05000,18/01/2012 13:05:00,128.27500,@LH,-1,1,-1290.00,1.4750,10.0000,-1290.0000,
TRADE,19/01/2012 13:05:00,128.02500,24/01/2012 13:05:00,128.42500,@LH,-1,1,-160.00,0.8500,440.0000,-200.0000,
TRADE,26/01/2012 13:05:00,128.82500,31/01/2012 13:05:00,128.82500,@LH,-1,1,0.00,0.8250,590.0000,-100.0000,
TRADE,09/02/2012 13:05:00,130.15000,14/02/2012 13:05:00,129.27500,@LH,-1,1,350.00,0.4000,460.0000,-510.0000,
TRADE,16/02/2012 13:05:00,131.42500,22/02/2012 13:05:00,131.40000,@LH,1,1,-10.00,0.7750,150.0000,-310.0000,
TRADE,23/02/2012 13:05:00,131.17500,28/02/2012 13:05:00,129.57500,@LH,1,1,-640.00,1.1750,210.0000,-660.0000,
TRADE,01/03/2012 13:05:00,130.37500,06/03/2012 13:05:00,129.57500,@LH,1,1,-320.00,1.8250,590.0000,-400.0000,
TRADE,08/03/2012 13:05:00,129.12500,13/03/2012 13:05:00,128.75000,@LH,1,1,-150.00,0.6750,40.0000,-520.0000,
TRADE,15/03/2012 13:05:00,129.07500,20/03/2012 13:05:00,126.75000,@LH,1,1,-930.00,0.5500,20.0000,-930.0000,
TRADE,22/03/2012 13:05:00,126.52500,27/03/2012 13:05:00,125.92500,@LH,-1,1,240.00,1.0000,430.0000,-150.0000,
TRADE,29/03/2012 13:05:00,124.55000,03/04/2012 13:05:00,125.10000,@LH,-1,1,-220.00,1.6500,640.0000,-330.0000,
TRADE,05/04/2012 13:05:00,125.77500,11/04/2012 13:05:00,126.37500,@LH,-1,1,-240.00,0.8250,40.0000,-820.0000,
TRADE,12/04/2012 13:05:00,126.57500,17/04/2012 13:05:00,122.05000,@LH,-1,1,1810.00,1.5000,2050.0000,-100.0000,
TRADE,19/04/2012 13:05:00,121.25000,24/04/2012 13:05:00,121.00000,@LH,1,1,-100.00,2.2750,280.0000,-600.0000,
TRADE,26/04/2012 13:05:00,120.05000,01/05/2012 13:05:00,119.52500,@LH,1,1,-210.00,1.2000,520.0000,-490.0000,
TRADE,03/05/2012 13:05:00,117.92500,08/05/2012 13:05:00,117.57500,@LH,1,1,-140.00,1.9250,450.0000,-750.0000,
TRADE,10/05/2012 13:05:00,117.97500,15/05/2012 13:05:00,119.25000,@LH,-1,1,-510.00,1.8000,270.0000,-510.0000,
TRADE,17/05/2012 13:05:00,119.82500,22/05/2012 13:05:00,119.77500,@LH,-1,1,20.00,0.9000,70.0000,-460.0000,
TRADE,24/05/2012 13:05:00,117.52500,30/05/2012 13:05:00,119.72500,@LH,-1,1,-880.00,1.7500,200.0000,-1040.0000,
TRADE,31/05/2012 13:05:00,121.30000,05/06/2012 13:05:00,122.30000,@LH,1,1,400.00,1.6500,920.0000,-20.0000,
TRADE,07/06/2012 13:05:00,123.62500,12/06/2012 13:05:00,124.50000,@LH,-1,1,-350.00,1.0250,270.0000,-360.0000,
TRADE,14/06/2012 13:05:00,124.05000,19/06/2012 13:05:00,124.67500,@LH,-1,1,-250.00,1.5000,470.0000,-500.0000,
TRADE,21/06/2012 13:05:00,124.10000,25/06/2012 13:05:00,120.97500,@LH,1,1,-1250.00,1.4750,190.0000,-1210.0000,
TRADE,28/06/2012 13:05:00,124.30000,03/07/2012 13:05:00,126.35000,@LH,1,1,820.00,3.1750,1530.0000,-130.0000,
TRADE,06/07/2012 13:05:00,125.75000,11/07/2012 13:05:00,124.07500,@LH,-1,1,670.00,2.1000,770.0000,-310.0000,
TRADE,12/07/2012 13:05:00,123.47500,17/07/2012 13:05:00,121.80000,@LH,1,1,-670.00,1.3250,520.0000,-800.0000,
TRADE,19/07/2012 13:05:00,125.62500,24/07/2012 13:05:00,125.27500,@LH,1,1,-140.00,2.7500,170.0000,-440.0000,
TRADE,02/08/2012 13:05:00,126.22500,07/08/2012 13:05:00,122.27500,@LH,-1,1,1580.00,1.0500,1840.0000,-110.0000,
TRADE,09/08/2012 13:05:00,122.30000,14/08/2012 13:05:00,123.67500,@LH,1,1,550.00,1.0000,710.0000,-140.0000,
TRADE,16/08/2012 13:05:00,122.00000,21/08/2012 13:05:00,122.47500,@LH,-1,1,-190.00,1.9250,30.0000,-450.0000,
TRADE,23/08/2012 13:05:00,119.25000,28/08/2012 13:05:00,119.70000,@LH,1,1,180.00,2.7250,280.0000,-200.0000,
TRADE,30/08/2012 13:05:00,120.15000,05/09/2012 13:05:00,120.75000,@LH,1,1,240.00,1.6750,320.0000,-350.0000,
TRADE,06/09/2012 13:05:00,119.57500,11/09/2012 13:05:00,118.67500,@LH,-1,1,360.00,2.0500,1090.0000,-130.0000,
TRADE,13/09/2012 13:05:00,119.55000,18/09/2012 13:05:00,120.20000,@LH,-1,1,-260.00,1.2500,50.0000,-560.0000,
TRADE,20/09/2012 13:05:00,121.30000,25/09/2012 13:05:00,123.07500,@LH,1,1,710.00,0.9250,710.0000,-140.0000,
TRADE,27/09/2012 13:05:00,123.65000,02/10/2012 13:05:00,124.92500,@LH,1,1,510.00,0.6750,510.0000,-480.0000,
TRADE,04/10/2012 13:05:00,125.27500,09/10/2012 13:05:00,125.57500,@LH,-1,1,-120.00,1.8750,200.0000,-550.0000,
TRADE,11/10/2012 13:05:00,126.77500,16/10/2012 13:05:00,127.25000,@LH,-1,1,-190.00,1.3000,500.0000,-420.0000,
TRADE,18/10/2012 13:05:00,128.15000,23/10/2012 13:05:00,127.12500,@LH,-1,1,410.00,0.7500,410.0000,-250.0000,
TRADE,25/10/2012 13:05:00,127.30000,30/10/2012 13:05:00,127.00000,@LH,1,1,-120.00,0.7250,370.0000,-600.0000,
TRADE,01/11/2012 13:05:00,127.65000,06/11/2012 13:05:00,125.97500,@LH,1,1,-670.00,1.3500,310.0000,-720.0000,
TRADE,08/11/2012 13:05:00,129.12500,13/11/2012 13:05:00,129.95000,@LH,1,1,330.00,3.1750,330.0000,-80.0000,
TRADE,15/11/2012 13:05:00,128.87500,20/11/2012 13:05:00,130.60000,@LH,-1,1,-690.00,0.7000,60.0000,-820.0000,
TRADE,23/11/2012 13:05:00,131.37500,28/11/2012 13:05:00,131.62500,@LH,1,1,100.00,1.0000,230.0000,-220.0000,
TRADE,06/12/2012 13:05:00,129.50000,11/12/2012 13:05:00,128.37500,@LH,-1,1,450.00,0.7750,710.0000,-90.0000,
TRADE,13/12/2012 13:05:00,130.52500,18/12/2012 13:05:00,129.42500,@LH,1,1,-440.00,1.8250,120.0000,-490.0000,
TRADE,27/12/2012 13:05:00,131.75000,02/01/2013 13:05:00,130.72500,@LH,-1,1,410.00,0.3750,950.0000,-10.0000,
TRADE,03/01/2013 13:05:00,130.35000,08/01/2013 13:05:00,131.32500,@LH,1,1,390.00,0.9500,640.0000,-30.0000,
TRADE,10/01/2013 13:05:00,129.10000,15/01/2013 13:05:00,129.90000,@LH,1,1,320.00,2.0500,330.0000,-180.0000,
TRADE,17/01/2013 13:05:00,130.42500,23/01/2013 13:05:00,130.02500,@LH,1,1,-160.00,0.5250,150.0000,-320.0000,
TRADE,24/01/2013 13:05:00,131.20000,29/01/2013 13:05:00,131.62500,@LH,-1,1,-170.00,0.6750,20.0000,-320.0000,
TRADE,31/01/2013 13:05:00,132.07500,05/02/2013 13:05:00,130.12500,@LH,-1,1,780.00,1.0500,790.0000,-200.0000,
TRADE,07/02/2013 13:05:00,128.30000,12/02/2013 13:05:00,128.37500,@LH,1,1,30.00,1.6500,340.0000,-80.0000,
TRADE,14/02/2013 13:05:00,127.67500,20/02/2013 13:05:00,125.57500,@LH,1,1,-840.00,0.5750,20.0000,-900.0000,
TRADE,21/02/2013 13:05:00,125.10000,26/02/2013 13:05:00,124.20000,@LH,-1,1,360.00,1.5000,710.0000,-150.0000,
TRADE,28/02/2013 13:05:00,123.65000,05/03/2013 13:05:00,122.30000,@LH,1,1,-540.00,0.8000,200.0000,-540.0000,
TRADE,07/03/2013 13:05:00,122.95000,12/03/2013 13:05:00,123.67500,@LH,1,1,290.00,1.4250,730.0000,-90.0000,
TRADE,14/03/2013 13:05:00,123.02500,19/03/2013 13:05:00,121.70000,@LH,-1,1,530.00,1.4750,690.0000,-230.0000,
TRADE,21/03/2013 13:05:00,120.02500,26/03/2013 13:05:00,121.85000,@LH,-1,1,-730.00,1.5000,100.0000,-730.0000,
TRADE,28/03/2013 13:05:00,121.50000,03/04/2013 13:05:00,122.57500,@LH,1,1,430.00,1.4500,720.0000,-190.0000,
TRADE,04/04/2013 13:05:00,123.37500,09/04/2013 13:05:00,120.70000,@LH,-1,1,1070.00,1.5250,1200.0000,-140.0000,
TRADE,11/04/2013 13:05:00,120.50000,16/04/2013 13:05:00,119.65000,@LH,-1,1,340.00,1.3750,590.0000,-250.0000,
TRADE,18/04/2013 13:05:00,121.27500,23/04/2013 13:05:00,120.77500,@LH,1,1,-200.00,2.0250,220.0000,-520.0000,
TRADE,25/04/2013 13:05:00,121.87500,30/04/2013 13:05:00,123.30000,@LH,-1,1,-570.00,1.5500,90.0000,-820.0000,
TRADE,02/05/2013 13:05:00,124.07500,07/05/2013 13:05:00,122.10000,@LH,-1,1,790.00,1.0750,820.0000,-20.0000,
TRADE,09/05/2013 13:05:00,122.15000,14/05/2013 13:05:00,122.00000,@LH,1,1,-60.00,0.6000,200.0000,-520.0000,
TRADE,16/05/2013 13:05:00,123.10000,21/05/2013 13:05:00,122.95000,@LH,-1,1,60.00,1.7750,600.0000,-550.0000,
TRADE,23/05/2013 13:05:00,124.90000,29/05/2013 13:05:00,126.05000,@LH,1,1,460.00,2.1750,610.0000,-110.0000,
TRADE,30/05/2013 13:05:00,126.25000,04/06/2013 13:05:00,126.62500,@LH,1,1,150.00,1.0000,380.0000,-90.0000,
TRADE,06/06/2013 13:05:00,127.80000,11/06/2013 13:05:00,129.87500,@LH,1,1,830.00,0.6750,1450.0000,-30.0000,
TRADE,13/06/2013 13:05:00,130.77500,18/06/2013 13:05:00,130.42500,@LH,-1,1,140.00,1.2000,410.0000,-70.0000,
TRADE,27/06/2013 13:05:00,132.15000,02/07/2013 13:05:00,130.47500,@LH,1,1,-670.00,0.9250,470.0000,-750.0000,
TRADE,05/07/2013 13:05:00,130.40000,10/07/2013 13:05:00,129.22500,@LH,-1,1,470.00,0.9250,780.0000,-420.0000,
TRADE,11/07/2013 13:05:00,129.32500,16/07/2013 13:05:00,129.07500,@LH,1,1,-100.00,1.3500,280.0000,-560.0000,
TRADE,18/07/2013 13:05:00,129.60000,23/07/2013 13:05:00,131.67500,@LH,1,1,830.00,0.7750,830.0000,-40.0000,
TRADE,25/07/2013 13:05:00,132.57500,30/07/2013 13:05:00,130.02500,@LH,-1,1,1020.00,0.5750,1020.0000,-230.0000,
TRADE,01/08/2013 13:05:00,130.12500,06/08/2013 13:05:00,132.52500,@LH,1,1,960.00,0.5500,960.0000,-70.0000,
TRADE,08/08/2013 13:05:00,131.90000,13/08/2013 13:05:00,132.92500,@LH,-1,1,-410.00,1.8250,360.0000,-440.0000,
TRADE,22/08/2013 13:05:00,131.45000,27/08/2013 13:05:00,132.12500,@LH,-1,1,-270.00,1.3750,490.0000,-420.0000,
TRADE,29/08/2013 13:05:00,132.47500,04/09/2013 13:05:00,135.12500,@LH,1,1,1060.00,0.5750,1060.0000,-40.0000,
TRADE,12/09/2013 13:05:00,136.55000,17/09/2013 13:05:00,138.02500,@LH,-1,1,-590.00,1.3000,80.0000,-840.0000,
TRADE,19/09/2013 13:05:00,137.40000,24/09/2013 13:05:00,137.35000,@LH,1,1,-20.00,1.7000,210.0000,-520.0000,
TRADE,03/10/2013 13:05:00,137.92500,08/10/2013 13:05:00,139.37500,@LH,1,1,580.00,0.6500,620.0000,-40.0000,
TRADE,10/10/2013 13:05:00,137.82500,15/10/2013 13:05:00,137.52500,@LH,1,1,-120.00,2.0000,150.0000,-240.0000,
TRADE,17/10/2013 13:05:00,140.17500,22/10/2013 13:05:00,139.60000,@LH,1,1,-230.00,1.2750,380.0000,-710.0000,
TRADE,24/10/2013 13:05:00,139.77500,28/10/2013 13:05:00,142.90000,@LH,-1,1,-1250.00,0.7500,160.0000,-1160.0000,
TRADE,31/10/2013 13:05:00,141.57500,05/11/2013 13:05:00,139.65000,@LH,-1,1,770.00,2.4000,900.0000,0.0000,
TRADE,07/11/2013 13:05:00,138.57500,12/11/2013 13:05:00,139.47500,@LH,1,1,360.00,1.0750,470.0000,-130.0000,
TRADE,14/11/2013 13:05:00,137.15000,19/11/2013 13:05:00,136.17500,@LH,-1,1,390.00,1.1000,390.0000,-160.0000,
TRADE,21/11/2013 13:05:00,137.37500,26/11/2013 13:05:00,137.00000,@LH,1,1,-150.00,1.1500,140.0000,-340.0000,
TRADE,29/11/2013 13:05:00,136.92500,04/12/2013 13:05:00,135.57500,@LH,-1,1,540.00,0.9750,680.0000,-200.0000,
TRADE,05/12/2013 13:05:00,135.15000,10/12/2013 13:05:00,135.70000,@LH,-1,1,-220.00,1.1750,330.0000,-840.0000,
TRADE,12/12/2013 13:05:00,134.62500,17/12/2013 13:05:00,133.22500,@LH,1,1,-560.00,1.5000,110.0000,-700.0000,
TRADE,19/12/2013 13:05:00,132.82500,24/12/2013 13:05:00,132.65000,@LH,1,1,-70.00,1.1000,90.0000,-210.0000,
TRADE,27/12/2013 13:05:00,132.10000,02/01/2014 13:05:00,132.57500,@LH,1,1,190.00,0.6750,240.0000,-270.0000,
TRADE,09/01/2014 13:05:00,131.57500,14/01/2014 13:05:00,131.80000,@LH,-1,1,-90.00,0.9500,250.0000,-440.0000,
TRADE,23/01/2014 13:05:00,131.97500,28/01/2014 13:05:00,132.82500,@LH,-1,1,-340.00,0.8250,180.0000,-510.0000,
TRADE,30/01/2014 13:05:00,132.32500,04/02/2014 13:05:00,132.07500,@LH,-1,1,100.00,0.3750,320.0000,-550.0000,
TRADE,13/02/2014 13:05:00,133.47500,19/02/2014 13:05:00,136.30000,@LH,-1,1,-1130.00,1.5750,130.0000,-1140.0000,
TRADE,20/02/2014 13:05:00,135.35000,25/02/2014 13:05:00,137.92500,@LH,1,1,1030.00,0.7500,1290.0000,0.0000,
TRADE,06/03/2014 13:05:00,150.62500,10/03/2014 13:05:00,153.75000,@LH,-1,1,-1250.00,5.4250,140.0000,-960.0000,
TRADE,13/03/2014 13:05:00,156.12500,18/03/2014 13:05:00,162.40000,@LH,1,1,2510.00,2.0250,2510.0000,-420.0000,
TRADE,20/03/2014 13:05:00,163.97500,25/03/2014 13:05:00,162.07500,@LH,-1,1,760.00,1.9500,760.0000,-470.0000,
TRADE,27/03/2014 13:05:00,163.25000,28/03/2014 13:05:00,166.70000,@LH,-1,1,-1380.00,4.0500,0.0000,-1380.0000,
TRADE,03/04/2014 13:05:00,158.00000,08/04/2014 13:05:00,155.17500,@LH,1,1,-1130.00,3.3250,720.0000,-1230.0000,
TRADE,10/04/2014 13:05:00,156.12500,15/04/2014 13:05:00,157.65000,@LH,-1,1,-610.00,5.5250,450.0000,-760.0000,
TRADE,17/04/2014 13:05:00,158.90000,23/04/2014 13:05:00,158.30000,@LH,1,1,-240.00,2.6500,660.0000,-950.0000,
TRADE,24/04/2014 13:05:00,162.50000,29/04/2014 13:05:00,159.52500,@LH,-1,1,1190.00,3.2000,1780.0000,-40.0000,
TRADE,01/05/2014 13:05:00,158.15000,06/05/2014 13:05:00,158.17500,@LH,-1,1,-10.00,2.7500,590.0000,-300.0000,
TRADE,08/05/2014 13:05:00,156.35000,13/05/2014 13:05:00,153.92500,@LH,1,1,-970.00,2.2250,50.0000,-1020.0000,
TRADE,15/05/2014 13:05:00,154.85000,20/05/2014 13:05:00,154.12500,@LH,1,1,-290.00,3.2500,80.0000,-510.0000,
TRADE,22/05/2014 13:05:00,154.25000,28/05/2014 13:05:00,150.35000,@LH,-1,1,1560.00,1.5250,1560.0000,-40.0000,
TRADE,29/05/2014 13:05:00,149.67500,03/06/2014 13:05:00,151.52500,@LH,-1,1,-740.00,3.0750,360.0000,-740.0000,
TRADE,05/06/2014 13:05:00,152.80000,10/06/2014 13:05:00,154.95000,@LH,1,1,860.00,1.3500,980.0000,-160.0000,
TRADE,12/06/2014 13:05:00,154.35000,13/06/2014 13:05:00,157.47500,@LH,-1,1,-1250.00,0.8000,70.0000,-1110.0000,
TRADE,19/06/2014 13:05:00,154.70000,24/06/2014 13:05:00,155.02500,@LH,-1,1,-130.00,2.2750,450.0000,-490.0000,
TRADE,26/06/2014 13:05:00,153.62500,01/07/2014 13:05:00,157.77500,@LH,1,1,1660.00,3.2750,1700.0000,-150.0000,
TRADE,03/07/2014 13:05:00,156.20000,09/07/2014 13:05:00,155.57500,@LH,1,1,-250.00,1.9750,770.0000,-620.0000,
TRADE,10/07/2014 13:05:00,153.05000,15/07/2014 13:05:00,155.52500,@LH,1,1,990.00,3.6250,1290.0000,-550.0000,
TRADE,17/07/2014 13:05:00,155.75000,22/07/2014 13:05:00,149.95000,@LH,-1,1,2320.00,1.0250,2380.0000,-60.0000,
TRADE,24/07/2014 13:05:00,146.95000,29/07/2014 13:05:00,147.92500,@LH,1,1,390.00,3.1000,1080.0000,-30.0000,
TRADE,31/07/2014 13:05:00,147.00000,05/08/2014 13:05:00,145.07500,@LH,1,1,-770.00,3.6000,130.0000,-1180.0000,
TRADE,07/08/2014 13:05:00,142.92500,12/08/2014 13:05:00,140.45000,@LH,-1,1,990.00,1.9000,1510.0000,-20.0000,
TRADE,14/08/2014 13:05:00,136.95000,19/08/2014 13:05:00,137.87500,@LH,-1,1,-370.00,1.6000,820.0000,-870.0000,
TRADE,21/08/2014 13:05:00,133.12500,26/08/2014 13:05:00,135.22500,@LH,1,1,840.00,2.5750,1430.0000,-410.0000,
TRADE,04/09/2014 13:05:00,145.35000,09/09/2014 13:05:00,145.20000,@LH,-1,1,60.00,1.7500,640.0000,-980.0000,
TRADE,11/09/2014 13:05:00,148.37500,16/09/2014 13:05:00,147.52500,@LH,-1,1,340.00,1.7500,930.0000,-180.0000,
TRADE,18/09/2014 13:05:00,144.32500,23/09/2014 13:05:00,148.57500,@LH,1,1,1700.00,2.7000,2030.0000,-230.0000,
TRADE,25/09/2014 13:05:00,148.20000,30/09/2014 13:05:00,149.22500,@LH,1,1,410.00,1.3000,410.0000,-1110.0000,
TRADE,02/10/2014 13:05:00,148.12500,07/10/2014 13:05:00,150.30000,@LH,-1,1,-870.00,2.5000,750.0000,-870.0000,
TRADE,09/10/2014 13:05:00,150.15000,14/10/2014 13:05:00,148.20000,@LH,1,1,-780.00,1.6000,300.0000,-880.0000,
TRADE,16/10/2014 13:05:00,145.30000,21/10/2014 13:05:00,143.25000,@LH,-1,1,820.00,2.9250,1000.0000,-130.0000,
TRADE,23/10/2014 13:05:00,143.40000,28/10/2014 13:05:00,143.57500,@LH,1,1,70.00,1.8500,430.0000,-630.0000,
TRADE,30/10/2014 13:05:00,142.60000,04/11/2014 13:05:00,143.37500,@LH,-1,1,-310.00,2.4000,1050.0000,-310.0000,
TRADE,06/11/2014 13:05:00,141.32500,11/11/2014 13:05:00,142.72500,@LH,1,1,560.00,1.5250,1110.0000,-150.0000,
TRADE,13/11/2014 13:05:00,145.05000,18/11/2014 13:05:00,146.15000,@LH,-1,1,-440.00,1.4750,150.0000,-840.0000,
TRADE,20/11/2014 13:05:00,144.02500,25/11/2014 13:05:00,146.07500,@LH,-1,1,-820.00,0.7750,120.0000,-850.0000,
TRADE,28/11/2014 13:05:00,144.10000,03/12/2014 13:05:00,143.45000,@LH,1,1,-260.00,0.6750,310.0000,-850.0000,
TRADE,04/12/2014 13:05:00,141.67500,09/12/2014 13:05:00,139.90000,@LH,1,1,-710.00,2.1750,270.0000,-770.0000,
TRADE,11/12/2014 13:05:00,139.90000,16/12/2014 13:05:00,138.90000,@LH,1,1,-400.00,1.5250,160.0000,-960.0000,
TRADE,18/12/2014 13:05:00,136.77500,23/12/2014 13:05:00,135.45000,@LH,-1,1,530.00,3.1000,590.0000,-510.0000,
TRADE,26/12/2014 13:05:00,136.52500,31/12/2014 13:05:00,137.07500,@LH,1,1,220.00,0.8750,340.0000,-430.0000,
TRADE,02/01/2015 13:05:00,136.50000,07/01/2015 13:05:00,133.97500,@LH,-1,1,1010.00,1.4000,1280.0000,-180.0000,
TRADE,08/01/2015 13:05:00,134.45000,13/01/2015 13:05:00,131.95000,@LH,-1,1,1000.00,1.5750,1150.0000,-160.0000,
TRADE,15/01/2015 13:05:00,131.02500,20/01/2015 13:05:00,127.90000,@LH,1,1,-1250.00,1.3500,290.0000,-1200.0000,
TRADE,22/01/2015 13:05:00,128.60000,27/01/2015 13:05:00,126.85000,@LH,-1,1,700.00,1.4750,1840.0000,-30.0000,
TRADE,29/01/2015 13:05:00,127.32500,02/02/2015 13:05:00,124.20000,@LH,1,1,-1250.00,3.9250,400.0000,-1100.0000,
TRADE,05/02/2015 13:05:00,120.17500,10/02/2015 13:05:00,120.05000,@LH,-1,1,50.00,2.7750,400.0000,-840.0000,
TRADE,12/02/2015 13:05:00,117.15000,18/02/2015 13:05:00,116.45000,@LH,-1,1,280.00,2.9000,280.0000,-1080.0000,
TRADE,19/02/2015 13:05:00,118.90000,24/02/2015 13:05:00,121.67500,@LH,1,1,1110.00,2.5000,1600.0000,-50.0000,
TRADE,26/02/2015 13:05:00,121.72500,03/03/2015 13:05:00,120.35000,@LH,-1,1,550.00,0.9250,820.0000,-150.0000,
TRADE,05/03/2015 13:05:00,121.02500,10/03/2015 13:05:00,118.40000,@LH,1,1,-1050.00,4.1000,90.0000,-1110.0000,
TRADE,12/03/2015 13:05:00,116.10000,17/03/2015 13:05:00,115.25000,@LH,-1,1,340.00,2.5000,950.0000,-180.0000,
TRADE,19/03/2015 13:05:00,112.60000,24/03/2015 13:05:00,112.12500,@LH,1,1,-190.00,1.6250,120.0000,-730.0000,
TRADE,26/03/2015 13:05:00,113.52500,31/03/2015 13:05:00,115.55000,@LH,1,1,810.00,2.0250,1050.0000,-50.0000,
TRADE,02/04/2015 13:05:00,115.67500,08/04/2015 13:05:00,115.75000,@LH,-1,1,-30.00,0.9500,730.0000,-270.0000,
TRADE,09/04/2015 13:05:00,116.67500,14/04/2015 13:05:00,117.65000,@LH,-1,1,-390.00,1.0000,430.0000,-970.0000,
TRADE,16/04/2015 13:05:00,115.05000,21/04/2015 13:05:00,114.92500,@LH,-1,1,50.00,3.0500,270.0000,-390.0000,
TRADE,23/04/2015 13:05:00,116.07500,28/04/2015 13:05:00,119.42500,@LH,1,1,1340.00,2.1250,1420.0000,-20.0000,
TRADE,07/05/2015 13:05:00,123.45000,12/05/2015 13:05:00,123.60000,@LH,-1,1,-60.00,1.3750,480.0000,-360.0000,
TRADE,14/05/2015 13:05:00,123.20000,19/05/2015 13:05:00,121.42500,@LH,-1,1,710.00,1.0250,730.0000,-410.0000,
TRADE,21/05/2015 13:05:00,121.30000,27/05/2015 13:05:00,122.92500,@LH,1,1,650.00,1.0500,940.0000,-100.0000,
TRADE,28/05/2015 13:05:00,123.72500,02/06/2015 13:05:00,123.07500,@LH,1,1,-260.00,1.2250,230.0000,-800.0000,
TRADE,04/06/2015 13:05:00,120.95000,09/06/2015 13:05:00,120.10000,@LH,1,1,-340.00,1.5750,10.0000,-590.0000,
TRADE,11/06/2015 13:05:00,118.90000,16/06/2015 13:05:00,115.42500,@LH,-1,1,1390.00,0.9250,1840.0000,-110.0000,
TRADE,18/06/2015 13:05:00,116.67500,22/06/2015 13:05:00,113.40000,@LH,1,1,-1310.00,1.0000,100.0000,-1310.0000,
TRADE,25/06/2015 13:05:00,112.60000,30/06/2015 13:05:00,112.37500,@LH,-1,1,90.00,0.8250,550.0000,-280.0000,
TRADE,02/07/2015 13:05:00,115.30000,08/07/2015 13:05:00,116.12500,@LH,1,1,330.00,1.8500,760.0000,-80.0000,
TRADE,09/07/2015 13:05:00,115.87500,14/07/2015 13:05:00,114.72500,@LH,-1,1,460.00,2.4000,2110.0000,-140.0000,
TRADE,16/07/2015 13:05:00,115.95000,21/07/2015 13:05:00,114.85000,@LH,-1,1,440.00,1.4750,450.0000,-160.0000,
TRADE,06/08/2015 13:05:00,120.57500,11/08/2015 13:05:00,116.92500,@LH,-1,1,1460.00,1.7500,1650.0000,-130.0000,
TRADE,13/08/2015 13:05:00,117.87500,18/08/2015 13:05:00,119.85000,@LH,1,1,790.00,1.7750,1060.0000,-190.0000,
TRADE,20/08/2015 13:05:00,119.15000,25/08/2015 13:05:00,120.15000,@LH,-1,1,-400.00,1.8750,1520.0000,-400.0000,
TRADE,27/08/2015 13:05:00,120.85000,01/09/2015 13:05:00,122.27500,@LH,1,1,570.00,1.2250,570.0000,-440.0000,
TRADE,03/09/2015 13:05:00,123.57500,09/09/2015 13:05:00,123.02500,@LH,1,1,-220.00,1.9250,30.0000,-460.0000,
TRADE,10/09/2015 13:05:00,122.77500,15/09/2015 13:05:00,121.65000,@LH,-1,1,450.00,1.0750,1070.0000,-120.0000,
TRADE,17/09/2015 13:05:00,122.90000,22/09/2015 13:05:00,125.15000,@LH,-1,1,-900.00,2.0000,0.0000,-1200.0000,
TRADE,24/09/2015 13:05:00,124.12500,29/09/2015 13:05:00,126.37500,@LH,-1,1,-900.00,1.6000,20.0000,-950.0000,
TRADE,01/10/2015 13:05:00,126.22500,06/10/2015 13:05:00,125.40000,@LH,-1,1,330.00,1.1000,870.0000,-20.0000,
TRADE,08/10/2015 13:05:00,125.97500,13/10/2015 13:05:00,126.97500,@LH,1,1,400.00,1.8250,530.0000,-290.0000,
TRADE,15/10/2015 13:05:00,126.80000,20/10/2015 13:05:00,126.82500,@LH,-1,1,-10.00,1.6750,690.0000,-150.0000,
TRADE,22/10/2015 13:05:00,127.67500,23/10/2015 13:05:00,124.55000,@LH,1,1,-1250.00,1.6500,50.0000,-1200.0000,
TRADE,29/10/2015 13:05:00,121.70000,02/11/2015 13:05:00,118.57500,@LH,1,1,-1250.00,1.4250,30.0000,-1230.0000,
TRADE,05/11/2015 13:05:00,118.27500,05/11/2015 13:05:00,115.15000,@LH,1,1,-1250.00,1.3500,140.0000,-1190.0000,
TRADE,19/11/2015 13:05:00,114.70000,20/11/2015 13:05:00,117.82500,@LH,-1,1,-1250.00,1.6500,0.0000,-1240.0000,
TRADE,27/11/2015 13:05:00,118.30000,02/12/2015 13:05:00,120.20000,@LH,-1,1,-760.00,1.5250,710.0000,-900.0000,
TRADE,03/12/2015 13:05:00,120.12500,08/12/2015 13:05:00,118.12500,@LH,-1,1,800.00,1.1500,930.0000,-100.0000,
TRADE,10/12/2015 13:05:00,120.05000,15/12/2015 13:05:00,120.57500,@LH,1,1,210.00,1.5750,980.0000,-130.0000,
TRADE,17/12/2015 13:05:00,117.82500,22/12/2015 13:05:00,117.52500,@LH,-1,1,120.00,1.6500,850.0000,-490.0000,
TRADE,24/12/2015 13:05:00,119.80000,30/12/2015 13:05:00,120.02500,@LH,1,1,90.00,1.4500,240.0000,-340.0000,
TRADE,31/12/2015 13:05:00,120.45000,06/01/2016 13:05:00,121.60000,@LH,-1,1,-460.00,0.9250,650.0000,-710.0000,
TRADE,07/01/2016 13:05:00,122.12500,12/01/2016 13:05:00,121.25000,@LH,-1,1,350.00,0.7750,1000.0000,-20.0000,
TRADE,14/01/2016 13:05:00,122.65000,20/01/2016 13:05:00,124.12500,@LH,1,1,590.00,1.3750,590.0000,-230.0000,
TRADE,21/01/2016 13:05:00,123.47500,26/01/2016 13:05:00,124.30000,@LH,-1,1,-330.00,1.5000,30.0000,-530.0000,
TRADE,04/02/2016 13:05:00,125.02500,09/02/2016 13:05:00,125.10000,@LH,-1,1,-30.00,0.6500,50.0000,-560.0000,
TRADE,11/02/2016 13:05:00,123.55000,17/02/2016 13:05:00,125.30000,@LH,1,1,700.00,1.9000,1090.0000,-20.0000,
TRADE,18/02/2016 13:05:00,126.72500,23/02/2016 13:05:00,124.80000,@LH,-1,1,770.00,1.6250,1160.0000,-390.0000,
TRADE,25/02/2016 13:05:00,126.80000,01/03/2016 13:05:00,125.72500,@LH,1,1,-430.00,2.3250,210.0000,-660.0000,
TRADE,03/03/2016 13:05:00,125.50000,08/03/2016 13:05:00,125.65000,@LH,-1,1,-60.00,0.9000,360.0000,-540.0000,
TRADE,10/03/2016 13:05:00,127.27500,15/03/2016 13:05:00,126.35000,@LH,1,1,-370.00,2.7250,430.0000,-580.0000,
TRADE,17/03/2016 13:05:00,126.85000,22/03/2016 13:05:00,124.80000,@LH,-1,1,820.00,1.9500,850.0000,-150.0000,
TRADE,24/03/2016 13:05:00,125.70000,30/03/2016 13:05:00,127.15000,@LH,1,1,580.00,0.7500,780.0000,-380.0000,
TRADE,31/03/2016 13:05:00,125.92500,05/04/2016 13:05:00,123.15000,@LH,1,1,-1110.00,2.1750,140.0000,-1200.0000,
TRADE,07/04/2016 13:05:00,124.42500,12/04/2016 13:05:00,123.87500,@LH,1,1,-220.00,1.1250,310.0000,-380.0000,
TRADE,14/04/2016 13:05:00,122.45000,19/04/2016 13:05:00,122.55000,@LH,-1,1,-40.00,1.7750,560.0000,-80.0000,
TRADE,28/04/2016 13:05:00,124.25000,03/05/2016 13:05:00,126.97500,@LH,-1,1,-1090.00,1.8000,80.0000,-1140.0000,
TRADE,05/05/2016 13:05:00,126.45000,10/05/2016 13:05:00,124.77500,@LH,-1,1,670.00,1.4000,910.0000,-210.0000,
TRADE,12/05/2016 13:05:00,127.25000,17/05/2016 13:05:00,127.47500,@LH,1,1,90.00,2.0500,190.0000,-670.0000,
TRADE,19/05/2016 13:05:00,125.40000,24/05/2016 13:05:00,123.62500,@LH,-1,1,710.00,1.7500,1010.0000,-30.0000,
TRADE,26/05/2016 13:05:00,124.95000,01/06/2016 13:05:00,124.90000,@LH,1,1,-20.00,0.8500,380.0000,-350.0000,
TRADE,02/06/2016 13:05:00,126.42500,03/06/2016 13:05:00,129.55000,@LH,-1,1,-1250.00,2.3000,10.0000,-1210.0000,
TRADE,09/06/2016 13:05:00,131.92500,14/06/2016 13:05:00,131.37500,@LH,-1,1,220.00,1.5000,720.0000,-50.0000,
TRADE,16/06/2016 13:05:00,132.80000,21/06/2016 13:05:00,133.00000,@LH,1,1,80.00,1.7000,470.0000,-260.0000,
TRADE,23/06/2016 13:05:00,130.10000,28/06/2016 13:05:00,127.70000,@LH,1,1,-960.00,3.3500,40.0000,-1120.0000,
TRADE,30/06/2016 13:05:00,127.42500,06/07/2016 13:05:00,127.25000,@LH,1,1,-70.00,1.3250,580.0000,-480.0000,
TRADE,07/07/2016 13:05:00,124.45000,12/07/2016 13:05:00,123.07500,@LH,-1,1,550.00,2.8250,910.0000,-230.0000,
TRADE,14/07/2016 13:05:00,122.90000,19/07/2016 13:05:00,122.32500,@LH,1,1,-230.00,1.3500,280.0000,-620.0000,
TRADE,21/07/2016 13:05:00,120.25000,26/07/2016 13:05:00,119.77500,@LH,-1,1,190.00,2.0250,950.0000,0.0000,
TRADE,28/07/2016 13:05:00,115.87500,02/08/2016 13:05:00,115.52500,@LH,1,1,-140.00,2.8750,180.0000,-830.0000,
TRADE,04/08/2016 13:05:00,114.30000,09/08/2016 13:05:00,113.87500,@LH,-1,1,170.00,1.2500,680.0000,-370.0000,
TRADE,11/08/2016 13:05:00,114.42500,16/08/2016 13:05:00,117.92500,@LH,1,1,1400.00,1.6250,1400.0000,-620.0000,
TRADE,18/08/2016 13:05:00,115.72500,23/08/2016 13:05:00,116.15000,@LH,1,1,170.00,1.7750,930.0000,-260.0000,
TRADE,25/08/2016 13:05:00,115.22500,30/08/2016 13:05:00,116.40000,@LH,-1,1,-470.00,0.8750,730.0000,-700.0000,
TRADE,01/09/2016 13:05:00,117.77500,06/09/2016 13:05:00,114.65000,@LH,1,1,-1250.00,1.2750,440.0000,-1050.0000,
TRADE,08/09/2016 13:05:00,116.52500,13/09/2016 13:05:00,114.57500,@LH,-1,1,780.00,2.2500,960.0000,-220.0000,
TRADE,15/09/2016 13:05:00,110.27500,20/09/2016 13:05:00,110.07500,@LH,-1,1,80.00,2.9000,280.0000,-480.0000,
TRADE,22/09/2016 13:05:00,109.40000,27/09/2016 13:05:00,108.25000,@LH,1,1,-460.00,1.6250,250.0000,-570.0000,
TRADE,29/09/2016 13:05:00,106.12500,04/10/2016 13:05:00,104.10000,@LH,-1,1,810.00,1.3000,1320.0000,-230.0000,
TRADE,06/10/2016 13:05:00,101.60000,11/10/2016 13:05:00,102.22500,@LH,-1,1,-250.00,3.1500,210.0000,-730.0000,
TRADE,13/10/2016 13:05:00,103.22500,18/10/2016 13:05:00,101.17500,@LH,1,1,-820.00,1.6000,470.0000,-1000.0000,
TRADE,20/10/2016 13:05:00,100.77500,25/10/2016 13:05:00,103.22500,@LH,-1,1,-980.00,1.3000,100.0000,-980.0000,
TRADE,27/10/2016 13:05:00,103.67500,01/11/2016 13:05:00,107.17500,@LH,1,1,1400.00,1.1250,1580.0000,-140.0000,
TRADE,03/11/2016 13:05:00,106.92500,08/11/2016 13:05:00,106.67500,@LH,-1,1,100.00,1.5000,940.0000,-40.0000,
TRADE,10/11/2016 13:05:00,106.00000,15/11/2016 13:05:00,106.37500,@LH,1,1,150.00,1.4500,890.0000,-440.0000,
TRADE,17/11/2016 13:05:00,107.65000,22/11/2016 13:05:00,109.30000,@LH,-1,1,-660.00,2.0250,550.0000,-740.0000,
TRADE,25/11/2016 13:05:00,110.02500,30/11/2016 13:05:00,108.67500,@LH,-1,1,540.00,1.1750,690.0000,-390.0000,
TRADE,01/12/2016 13:05:00,108.92500,06/12/2016 13:05:00,109.02500,@LH,-1,1,-40.00,1.4000,680.0000,-40.0000,
TRADE,15/12/2016 13:05:00,115.37500,16/12/2016 13:05:00,118.50000,@LH,-1,1,-1250.00,0.8750,330.0000,-1240.0000,
TRADE,22/12/2016 13:05:00,118.97500,27/12/2016 13:05:00,115.85000,@LH,1,1,-1250.00,2.5750,180.0000,-1210.0000,
TRADE,29/12/2016 13:05:00,119.25000,04/01/2017 13:05:00,117.55000,@LH,1,1,-680.00,1.6750,530.0000,-940.0000,
TRADE,05/01/2017 13:05:00,118.60000,10/01/2017 13:05:00,117.87500,@LH,1,1,-290.00,1.4750,270.0000,-950.0000,
TRADE,12/01/2017 13:05:00,119.57500,18/01/2017 13:05:00,119.57500,@LH,-1,1,0.00,1.2500,470.0000,-130.0000,
TRADE,19/01/2017 13:05:00,119.15000,24/01/2017 13:05:00,118.72500,@LH,-1,1,170.00,2.1500,460.0000,-160.0000,
TRADE,02/02/2017 13:05:00,121.40000,07/02/2017 13:05:00,123.82500,@LH,-1,1,-970.00,1.7500,290.0000,-970.0000,
TRADE,09/02/2017 13:05:00,124.42500,13/02/2017 13:05:00,121.30000,@LH,1,1,-1250.00,1.3750,50.0000,-600.0000,
TRADE,16/02/2017 13:05:00,123.37500,22/02/2017 13:05:00,122.30000,@LH,-1,1,430.00,1.6750,530.0000,-280.0000,
TRADE,23/02/2017 13:05:00,119.80000,28/02/2017 13:05:00,120.60000,@LH,1,1,320.00,2.7750,600.0000,-590.0000,
TRADE,02/03/2017 13:05:00,120.85000,07/03/2017 13:05:00,119.70000,@LH,1,1,-460.00,1.3750,430.0000,-790.0000,
TRADE,09/03/2017 13:05:00,121.02500,14/03/2017 13:05:00,122.72500,@LH,1,1,680.00,0.7750,680.0000,-660.0000,
TRADE,16/03/2017 13:05:00,122.67500,21/03/2017 13:05:00,121.07500,@LH,-1,1,640.00,0.9750,830.0000,-20.0000,
TRADE,23/03/2017 13:05:00,120.67500,28/03/2017 13:05:00,117.47500,@LH,-1,1,1280.00,0.8000,1390.0000,-500.0000,
TRADE,30/03/2017 13:05:00,116.35000,04/04/2017 13:05:00,116.40000,@LH,1,1,20.00,1.2250,830.0000,-20.0000,
TRADE,06/04/2017 13:05:00,116.17500,11/04/2017 13:05:00,116.82500,@LH,-1,1,-260.00,0.9750,110.0000,-570.0000,
TRADE,13/04/2017 13:05:00,115.80000,19/04/2017 13:05:00,114.65000,@LH,1,1,-460.00,1.9500,370.0000,-540.0000,
TRADE,20/04/2017 13:05:00,113.47500,25/04/2017 13:05:00,113.22500,@LH,-1,1,100.00,1.4500,750.0000,-290.0000,
TRADE,27/04/2017 13:05:00,115.22500,02/05/2017 13:05:00,117.32500,@LH,1,1,840.00,1.8250,1160.0000,-40.0000,
TRADE,04/05/2017 13:05:00,119.57500,09/05/2017 13:05:00,121.42500,@LH,-1,1,-740.00,1.6250,20.0000,-740.0000,
TRADE,11/05/2017 13:05:00,121.32500,16/05/2017 13:05:00,120.92500,@LH,-1,1,160.00,1.1750,450.0000,-300.0000,
TRADE,18/05/2017 13:05:00,122.45000,23/05/2017 13:05:00,122.75000,@LH,1,1,120.00,1.3000,450.0000,-270.0000,
TRADE,25/05/2017 13:05:00,124.10000,31/05/2017 13:05:00,125.35000,@LH,-1,1,-500.00,0.9250,270.0000,-760.0000,
TRADE,01/06/2017 13:05:00,126.85000,06/06/2017 13:05:00,124.62500,@LH,1,1,-890.00,1.6500,80.0000,-940.0000,
TRADE,08/06/2017 13:05:00,124.90000,13/06/2017 13:05:00,124.65000,@LH,1,1,-100.00,1.1000,770.0000,-430.0000,
TRADE,15/06/2017 13:05:00,124.70000,20/06/2017 13:05:00,126.20000,@LH,1,1,600.00,1.3000,640.0000,-1100.0000,
TRADE,22/06/2017 13:05:00,126.57500,23/06/2017 13:05:00,123.45000,@LH,1,1,-1250.00,1.1500,60.0000,-1020.0000,
TRADE,29/06/2017 13:05:00,124.20000,30/06/2017 13:05:00,127.32500,@LH,-1,1,-1250.00,1.6000,40.0000,-1210.0000,
TRADE,06/07/2017 13:05:00,129.02500,11/07/2017 13:05:00,126.52500,@LH,-1,1,1000.00,1.2250,1130.0000,-60.0000,
TRADE,13/07/2017 13:05:00,127.42500,14/07/2017 13:05:00,124.30000,@LH,1,1,-1250.00,1.1250,340.0000,-1180.0000,
TRADE,20/07/2017 13:05:00,127.00000,25/07/2017 13:05:00,125.55000,@LH,1,1,-580.00,2.9000,60.0000,-1030.0000,
TRADE,27/07/2017 13:05:00,126.10000,01/08/2017 13:05:00,124.60000,@LH,1,1,-600.00,1.2250,300.0000,-600.0000,
TRADE,03/08/2017 13:05:00,124.80000,08/08/2017 13:05:00,127.25000,@LH,1,1,980.00,2.6250,980.0000,-570.0000,
TRADE,10/08/2017 13:05:00,126.85000,15/08/2017 13:05:00,128.17500,@LH,-1,1,-530.00,1.0250,210.0000,-530.0000,
TRADE,17/08/2017 13:05:00,127.17500,22/08/2017 13:05:00,123.55000,@LH,-1,1,1450.00,3.3750,1690.0000,0.0000,
TRADE,24/08/2017 13:05:00,122.25000,29/08/2017 13:05:00,120.32500,@LH,1,1,-770.00,1.0500,300.0000,-790.0000,
TRADE,31/08/2017 13:05:00,120.37500,06/09/2017 13:05:00,122.70000,@LH,1,1,930.00,1.6250,1110.0000,-200.0000,
TRADE,07/09/2017 13:05:00,121.52500,12/09/2017 13:05:00,119.42500,@LH,-1,1,840.00,1.1000,840.0000,-90.0000,
TRADE,14/09/2017 13:05:00,118.17500,19/09/2017 13:05:00,118.72500,@LH,1,1,220.00,1.7250,690.0000,-390.0000,
TRADE,21/09/2017 13:05:00,117.25000,26/09/2017 13:05:00,115.22500,@LH,-1,1,810.00,1.5750,1270.0000,0.0000,
TRADE,28/09/2017 13:05:00,115.15000,02/10/2017 13:05:00,118.27500,@LH,-1,1,-1250.00,1.8250,780.0000,-1190.0000,
TRADE,05/10/2017 13:05:00,117.95000,10/10/2017 13:05:00,117.07500,@LH,-1,1,350.00,1.0750,600.0000,-410.0000,
TRADE,12/10/2017 13:05:00,118.60000,17/10/2017 13:05:00,119.85000,@LH,1,1,500.00,1.2250,500.0000,-580.0000,
TRADE,19/10/2017 13:05:00,119.85000,24/10/2017 13:05:00,119.35000,@LH,1,1,-200.00,1.5750,530.0000,-220.0000,
TRADE,26/10/2017 13:05:00,120.47500,31/10/2017 13:05:00,121.47500,@LH,1,1,400.00,1.0000,400.0000,-380.0000,
TRADE,02/11/2017 13:05:00,122.32500,07/11/2017 13:05:00,120.45000,@LH,-1,1,750.00,1.7000,820.0000,0.0000,
TRADE,09/11/2017 13:05:00,119.42500,14/11/2017 13:05:00,118.25000,@LH,-1,1,470.00,0.9000,660.0000,-130.0000,
TRADE,16/11/2017 13:05:00,117.27500,21/11/2017 13:05:00,118.30000,@LH,1,1,410.00,1.9750,410.0000,-620.0000,
TRADE,24/11/2017 13:05:00,119.05000,29/11/2017 13:05:00,121.45000,@LH,1,1,960.00,2.1500,1060.0000,-30.0000,
TRADE,30/11/2017 13:05:00,120.87500,05/12/2017 13:05:00,121.40000,@LH,-1,1,-210.00,1.6250,720.0000,-270.0000,
TRADE,07/12/2017 13:05:00,118.47500,12/12/2017 13:05:00,116.60000,@LH,-1,1,750.00,1.8250,750.0000,-210.0000,
TRADE,14/12/2017 13:05:00,115.95000,19/12/2017 13:05:00,117.27500,@LH,1,1,530.00,1.1750,1470.0000,0.0000,
TRADE,21/12/2017 13:05:00,118.30000,27/12/2017 13:05:00,121.22500,@LH,1,1,1170.00,1.8500,1230.0000,-180.0000,
TRADE,28/12/2017 13:05:00,120.80000,03/01/2018 13:05:00,120.80000,@LH,-1,1,0.00,1.6500,170.0000,-540.0000,
TRADE,04/01/2018 13:05:00,121.15000,09/01/2018 13:05:00,123.02500,@LH,-1,1,-750.00,1.0000,250.0000,-780.0000,
TRADE,11/01/2018 13:05:00,122.20000,17/01/2018 13:05:00,123.35000,@LH,-1,1,-460.00,2.1000,710.0000,-700.0000,
TRADE,18/01/2018 13:05:00,122.57500,23/01/2018 13:05:00,121.87500,@LH,1,1,-280.00,1.1750,190.0000,-490.0000,
TRADE,25/01/2018 13:05:00,123.02500,30/01/2018 13:05:00,121.57500,@LH,1,1,-580.00,1.4500,160.0000,-620.0000,
TRADE,01/02/2018 13:05:00,120.57500,06/02/2018 13:05:00,120.95000,@LH,1,1,150.00,1.3000,690.0000,-290.0000,
TRADE,08/02/2018 13:05:00,117.35000,13/02/2018 13:05:00,118.50000,@LH,1,1,460.00,2.5250,620.0000,-250.0000,
TRADE,15/02/2018 13:05:00,118.90000,21/02/2018 13:05:00,118.05000,@LH,1,1,-340.00,2.2000,210.0000,-1080.0000,
TRADE,22/02/2018 13:05:00,118.00000,27/02/2018 13:05:00,118.25000,@LH,-1,1,-100.00,1.4250,140.0000,-850.0000,
TRADE,01/03/2018 13:05:00,115.67500,06/03/2018 13:05:00,117.45000,@LH,-1,1,-710.00,2.6750,250.0000,-710.0000,
TRADE,08/03/2018 13:05:00,115.35000,13/03/2018 13:05:00,115.85000,@LH,1,1,200.00,1.9000,450.0000,-260.0000,
TRADE,15/03/2018 13:05:00,114.57500,19/03/2018 13:05:00,111.45000,@LH,1,1,-1250.00,1.1500,170.0000,-1170.0000,
TRADE,22/03/2018 13:05:00,110.80000,27/03/2018 13:05:00,106.25000,@LH,-1,1,1820.00,1.0750,1870.0000,-40.0000,
TRADE,29/03/2018 13:05:00,108.50000,04/04/2018 13:05:00,103.32500,@LH,-1,1,2070.00,3.9750,2200.0000,-140.0000,
TRADE,05/04/2018 13:05:00,105.25000,10/04/2018 13:05:00,108.10000,@LH,1,1,1140.00,3.5250,1250.0000,-320.0000,
TRADE,12/04/2018 13:05:00,108.00000,17/04/2018 13:05:00,109.20000,@LH,1,1,480.00,1.7500,880.0000,-260.0000,
TRADE,19/04/2018 13:05:00,110.90000,24/04/2018 13:05:00,108.35000,@LH,-1,1,1020.00,2.1750,1080.0000,-120.0000,
TRADE,26/04/2018 13:05:00,106.90000,01/05/2018 13:05:00,105.40000,@LH,-1,1,600.00,1.6500,1040.0000,-30.0000,
TRADE,03/05/2018 13:05:00,105.90000,08/05/2018 13:05:00,107.12500,@LH,1,1,490.00,1.5500,650.0000,-420.0000,
TRADE,10/05/2018 13:05:00,108.40000,15/05/2018 13:05:00,108.32500,@LH,-1,1,30.00,1.4250,560.0000,-470.0000,
TRADE,17/05/2018 13:05:00,107.72500,22/05/2018 13:05:00,105.47500,@LH,-1,1,900.00,1.2750,1060.0000,-440.0000,
TRADE,24/05/2018 13:05:00,106.37500,30/05/2018 13:05:00,108.02500,@LH,1,1,660.00,1.9750,720.0000,-200.0000,
TRADE,31/05/2018 13:05:00,108.70000,05/06/2018 13:05:00,105.22500,@LH,-1,1,1390.00,1.5000,1390.0000,-120.0000,
TRADE,07/06/2018 13:05:00,107.87500,12/06/2018 13:05:00,105.97500,@LH,-1,1,760.00,2.6000,1110.0000,-130.0000,
TRADE,14/06/2018 13:05:00,109.92500,19/06/2018 13:05:00,108.42500,@LH,-1,1,600.00,2.1500,940.0000,-120.0000,
TRADE,21/06/2018 13:05:00,104.92500,26/06/2018 13:05:00,103.82500,@LH,1,1,-440.00,3.0750,450.0000,-570.0000,
TRADE,28/06/2018 13:05:00,105.05000,03/07/2018 13:05:00,105.12500,@LH,1,1,30.00,0.9500,940.0000,-400.0000,
TRADE,06/07/2018 13:05:00,105.70000,11/07/2018 13:05:00,99.77500,@LH,-1,1,2370.00,1.5000,2370.0000,-600.0000,
TRADE,12/07/2018 13:05:00,99.72500,17/07/2018 13:05:00,99.95000,@LH,1,1,90.00,1.9500,680.0000,-170.0000,
TRADE,19/07/2018 13:05:00,97.75000,24/07/2018 13:05:00,96.75000,@LH,-1,1,400.00,1.1250,750.0000,-380.0000,
TRADE,26/07/2018 13:05:00,96.17500,31/07/2018 13:05:00,93.87500,@LH,1,1,-920.00,1.3750,370.0000,-1130.0000,
TRADE,02/08/2018 13:05:00,93.17500,07/08/2018 13:05:00,93.20000,@LH,1,1,10.00,2.3000,740.0000,-380.0000,
TRADE,09/08/2018 13:05:00,90.72500,09/08/2018 13:05:00,93.85000,@LH,-1,1,-1250.00,1.9500,10.0000,-1240.0000,
TRADE,16/08/2018 13:05:00,96.42500,17/08/2018 13:05:00,99.55000,@LH,-1,1,-1250.00,1.5000,0.0000,-1130.0000,
TRADE,23/08/2018 13:05:00,95.97500,28/08/2018 13:05:00,98.47500,@LH,-1,1,-1000.00,2.7000,1170.0000,-1000.0000,
TRADE,30/08/2018 13:05:00,94.22500,05/09/2018 13:05:00,94.42500,@LH,1,1,80.00,2.0500,310.0000,-970.0000,
TRADE,06/09/2018 13:05:00,96.15000,10/09/2018 13:05:00,99.27500,@LH,-1,1,-1250.00,2.3000,180.0000,-1250.0000,
TRADE,13/09/2018 13:05:00,98.72500,18/09/2018 13:05:00,100.27500,@LH,1,1,620.00,2.4000,620.0000,-660.0000,
TRADE,20/09/2018 13:05:00,103.57500,25/09/2018 13:05:00,104.52500,@LH,1,1,380.00,1.3250,410.0000,-320.0000,
TRADE,27/09/2018 13:05:00,104.65000,01/10/2018 13:05:00,107.77500,@LH,-1,1,-1250.00,1.1250,910.0000,-1240.0000,
TRADE,04/10/2018 13:05:00,104.32500,09/10/2018 13:05:00,104.67500,@LH,-1,1,-140.00,2.7750,520.0000,-740.0000,
TRADE,11/10/2018 13:05:00,103.82500,16/10/2018 13:05:00,104.65000,@LH,1,1,330.00,2.1750,650.0000,-850.0000,
TRADE,18/10/2018 13:05:00,102.22500,23/10/2018 13:05:00,101.60000,@LH,-1,1,250.00,2.3000,1240.0000,0.0000,
TRADE,25/10/2018 13:05:00,105.77500,30/10/2018 13:05:00,107.35000,@LH,1,1,630.00,2.8500,630.0000,-630.0000,
TRADE,01/11/2018 13:05:00,105.67500,06/11/2018 13:05:00,104.37500,@LH,-1,1,520.00,2.0000,520.0000,-520.0000,
TRADE,08/11/2018 13:05:00,103.00000,13/11/2018 13:05:00,104.20000,@LH,1,1,480.00,1.7500,1100.0000,-370.0000,
TRADE,15/11/2018 13:05:00,105.02500,19/11/2018 13:05:00,108.15000,@LH,-1,1,-1250.00,1.4500,160.0000,-1230.0000,
TRADE,23/11/2018 13:05:00,106.65000,28/11/2018 13:05:00,104.57500,@LH,-1,1,830.00,0.8250,1110.0000,-380.0000,
TRADE,29/11/2018 13:05:00,104.80000,04/12/2018 13:05:00,106.70000,@LH,1,1,760.00,2.0500,1490.0000,-80.0000,
TRADE,06/12/2018 13:05:00,106.60000,11/12/2018 13:05:00,106.20000,@LH,-1,1,160.00,2.9750,660.0000,-500.0000,
TRADE,13/12/2018 13:05:00,105.07500,18/12/2018 13:05:00,103.35000,@LH,1,1,-690.00,1.1000,570.0000,-940.0000,
TRADE,20/12/2018 13:05:00,102.20000,26/12/2018 13:05:00,100.60000,@LH,-1,1,640.00,1.3250,910.0000,-370.0000,
TRADE,27/12/2018 13:05:00,100.87500,02/01/2019 13:05:00,101.07500,@LH,1,1,80.00,1.1000,120.0000,-390.0000,
TRADE,03/01/2019 13:05:00,101.80000,08/01/2019 13:05:00,102.30000,@LH,1,1,200.00,2.4250,340.0000,-340.0000,
TRADE,10/01/2019 13:05:00,103.27500,15/01/2019 13:05:00,101.95000,@LH,-1,1,530.00,1.7250,870.0000,-260.0000,
TRADE,17/01/2019 13:05:00,99.77500,23/01/2019 13:05:00,100.85000,@LH,1,1,430.00,2.7000,840.0000,-380.0000,
TRADE,24/01/2019 13:05:00,100.45000,28/01/2019 13:05:00,97.32500,@LH,1,1,-1250.00,1.3500,40.0000,-1080.0000,
TRADE,31/01/2019 13:05:00,97.85000,05/02/2019 13:05:00,99.00000,@LH,-1,1,-460.00,1.2500,900.0000,-490.0000,
TRADE,07/02/2019 13:05:00,96.75000,12/02/2019 13:05:00,95.65000,@LH,1,1,-440.00,0.8000,0.0000,-1170.0000,
TRADE,14/02/2019 13:05:00,95.20000,20/02/2019 13:05:00,92.22500,@LH,-1,1,1190.00,0.8500,1190.0000,-410.0000,
TRADE,21/02/2019 13:05:00,90.35000,26/02/2019 13:05:00,90.87500,@LH,-1,1,-210.00,4.2750,660.0000,-880.0000,
TRADE,28/02/2019 13:05:00,91.40000,05/03/2019 13:05:00,93.67500,@LH,1,1,910.00,2.6500,940.0000,-100.0000,
TRADE,07/03/2019 13:05:00,93.87500,12/03/2019 13:05:00,98.95000,@LH,1,1,2030.00,1.2500,2230.0000,-310.0000,
TRADE,14/03/2019 13:05:00,99.45000,15/03/2019 13:05:00,102.57500,@LH,-1,1,-1250.00,2.9250,50.0000,-950.0000,
TRADE,21/03/2019 13:05:00,109.95000,21/03/2019 13:05:00,113.07500,@LH,-1,1,-1250.00,3.2750,0.0000,-1060.0000,
TRADE,28/03/2019 13:05:00,113.97500,02/04/2019 13:05:00,109.57500,@LH,-1,1,1760.00,2.4000,2950.0000,-450.0000,
TRADE,11/04/2019 13:05:00,119.80000,16/04/2019 13:05:00,119.37500,@LH,-1,1,170.00,3.8000,1740.0000,0.0000,
TRADE,18/04/2019 13:05:00,116.87500,23/04/2019 13:05:00,113.60000,@LH,1,1,-1310.00,3.4000,320.0000,-1310.0000,
TRADE,25/04/2019 13:05:00,111.35000,29/04/2019 13:05:00,108.22500,@LH,1,1,-1250.00,1.5750,170.0000,-1210.0000,
TRADE,02/05/2019 13:05:00,112.35000,07/05/2019 13:05:00,109.07500,@LH,1,1,-1310.00,3.6750,730.0000,-1310.0000,
TRADE,09/05/2019 13:05:00,108.02500,14/05/2019 13:05:00,108.30000,@LH,1,1,110.00,2.8250,1010.0000,-680.0000,
TRADE,16/05/2019 13:05:00,111.05000,21/05/2019 13:05:00,111.90000,@LH,1,1,340.00,2.5500,930.0000,-420.0000,
TRADE,23/05/2019 13:05:00,109.95000,29/05/2019 13:05:00,103.97500,@LH,-1,1,2390.00,1.4250,2680.0000,-70.0000,
TRADE,30/05/2019 13:05:00,105.90000,03/06/2019 13:05:00,102.77500,@LH,1,1,-1250.00,3.6500,400.0000,-1190.0000,
TRADE,06/06/2019 13:05:00,103.55000,07/06/2019 13:05:00,100.42500,@LH,1,1,-1250.00,1.7500,130.0000,-1130.0000,
TRADE,13/06/2019 13:05:00,99.47500,18/06/2019 13:05:00,99.50000,@LH,-1,1,-10.00,1.8500,870.0000,-880.0000,
TRADE,20/06/2019 13:05:00,99.82500,25/06/2019 13:05:00,92.15000,@LH,-1,1,3070.00,2.2500,3360.0000,-600.0000,
TRADE,27/06/2019 13:05:00,93.07500,02/07/2019 13:05:00,96.27500,@LH,1,1,1280.00,2.4750,1690.0000,-140.0000,
TRADE,05/07/2019 13:05:00,95.30000,10/07/2019 13:05:00,97.40000,@LH,1,1,840.00,3.0250,840.0000,-930.0000,
TRADE,18/07/2019 13:05:00,100.00000,23/07/2019 13:05:00,101.67500,@LH,-1,1,-670.00,2.8000,770.0000,-810.0000,
TRADE,25/07/2019 13:05:00,104.70000,30/07/2019 13:05:00,101.20000,@LH,-1,1,1400.00,1.1500,1520.0000,-110.0000,
TRADE,01/08/2019 13:05:00,95.27500,01/08/2019 13:05:00,92.15000,@LH,1,1,-1250.00,3.5750,0.0000,-1130.0000,
TRADE,08/08/2019 13:05:00,90.70000,13/08/2019 13:05:00,91.15000,@LH,1,1,180.00,2.7750,1150.0000,-500.0000,
TRADE,15/08/2019 13:05:00,91.95000,16/08/2019 13:05:00,88.82500,@LH,1,1,-1250.00,3.1250,420.0000,-1190.0000,
TRADE,22/08/2019 13:05:00,87.45000,27/08/2019 13:05:00,88.70000,@LH,-1,1,-500.00,2.6250,1480.0000,-500.0000,
TRADE,29/08/2019 13:05:00,88.15000,04/09/2019 13:05:00,91.57500,@LH,1,1,1370.00,2.7250,1370.0000,-150.0000,
TRADE,05/09/2019 13:05:00,91.32500,10/09/2019 13:05:00,86.05000,@LH,-1,1,2110.00,1.6250,2110.0000,-450.0000,
TRADE,12/09/2019 13:05:00,87.62500,17/09/2019 13:05:00,88.55000,@LH,1,1,370.00,3.2750,1470.0000,-390.0000,
TRADE,19/09/2019 13:05:00,86.15000,24/09/2019 13:05:00,85.95000,@LH,-1,1,80.00,1.6250,640.0000,-520.0000,
TRADE,03/10/2019 13:05:00,87.40000,08/10/2019 13:05:00,81.82500,@LH,-1,1,2230.00,3.1500,2230.0000,-130.0000,
TRADE,17/10/2019 13:05:00,88.37500,22/10/2019 13:05:00,86.70000,@LH,-1,1,670.00,2.4500,1580.0000,-130.0000,
TRADE,24/10/2019 13:05:00,83.55000,29/10/2019 13:05:00,83.55000,@LH,1,1,0.00,2.8250,380.0000,-610.0000,
TRADE,31/10/2019 13:05:00,83.07500,05/11/2019 13:05:00,82.95000,@LH,-1,1,50.00,2.9750,560.0000,-540.0000,
TRADE,07/11/2019 13:05:00,83.90000,12/11/2019 13:05:00,82.05000,@LH,-1,1,740.00,3.2000,1070.0000,-120.0000,
TRADE,14/11/2019 13:05:00,81.42500,19/11/2019 13:05:00,81.15000,@LH,-1,1,110.00,3.0250,280.0000,-380.0000,
TRADE,21/11/2019 13:05:00,79.45000,26/11/2019 13:05:00,79.50000,@LH,1,1,20.00,2.2750,220.0000,-390.0000,
TRADE,29/11/2019 13:05:00,78.00000,04/12/2019 13:05:00,80.02500,@LH,1,1,810.00,1.8750,1050.0000,-520.0000,
TRADE,05/12/2019 13:05:00,79.65000,10/12/2019 13:05:00,78.35000,@LH,-1,1,520.00,1.3750,940.0000,-680.0000,
TRADE,12/12/2019 13:05:00,79.00000,17/12/2019 13:05:00,81.50000,@LH,1,1,1000.00,1.2500,1540.0000,-200.0000,
TRADE,19/12/2019 13:05:00,81.20000,24/12/2019 13:05:00,81.42500,@LH,-1,1,-90.00,1.0750,170.0000,-560.0000,
TRADE,27/12/2019 13:05:00,82.05000,02/01/2020 13:05:00,82.90000,@LH,-1,1,-340.00,1.4500,370.0000,-460.0000,
TRADE,03/01/2020 13:05:00,81.90000,08/01/2020 13:05:00,80.07500,@LH,1,1,-730.00,1.8250,120.0000,-1220.0000,
TRADE,09/01/2020 13:05:00,80.20000,13/01/2020 13:05:00,77.07500,@LH,1,1,-1250.00,1.6000,40.0000,-1200.0000,
TRADE,16/01/2020 13:05:00,78.97500,22/01/2020 13:05:00,78.92500,@LH,-1,1,20.00,1.2750,540.0000,-200.0000,
TRADE,23/01/2020 13:05:00,78.75000,28/01/2020 13:05:00,76.17500,@LH,-1,1,1030.00,1.0500,1290.0000,-620.0000,
TRADE,30/01/2020 13:05:00,73.00000,31/01/2020 13:05:00,69.87500,@LH,1,1,-1250.00,2.7250,10.0000,-1120.0000,
TRADE,06/02/2020 13:05:00,66.60000,06/02/2020 13:05:00,69.72500,@LH,-1,1,-1250.00,1.5000,0.0000,-1230.0000,
TRADE,13/02/2020 13:05:00,68.72500,19/02/2020 13:05:00,71.17500,@LH,1,1,980.00,1.7750,980.0000,-290.0000,
TRADE,20/02/2020 13:05:00,71.97500,25/02/2020 13:05:00,70.27500,@LH,-1,1,680.00,2.5750,1130.0000,-140.0000,
TRADE,27/02/2020 13:05:00,69.60000,03/03/2020 13:05:00,68.77500,@LH,-1,1,330.00,1.7250,1200.0000,-160.0000,
TRADE,05/03/2020 13:05:00,69.20000,10/03/2020 13:05:00,69.70000,@LH,1,1,200.00,1.4750,900.0000,-480.0000,
TRADE,12/03/2020 13:05:00,67.55000,13/03/2020 13:05:00,64.42500,@LH,1,1,-1250.00,2.2000,150.0000,-750.0000,
TRADE,19/03/2020 13:05:00,65.85000,24/03/2020 13:05:00,71.37500,@LH,1,1,2210.00,6.5250,2210.0000,-560.0000,
TRADE,26/03/2020 13:05:00,70.27500,31/03/2020 13:05:00,59.02500,@LH,-1,1,4500.00,2.3000,4520.0000,-20.0000,
TRADE,02/04/2020 13:05:00,52.05000,03/04/2020 13:05:00,48.12500,@LH,1,1,-1570.00,3.0250,470.0000,-1570.0000,
TRADE,09/04/2020 13:05:00,49.12500,15/04/2020 13:05:00,42.45000,@LH,-1,1,2670.00,7.3000,3360.0000,-250.0000,
TRADE,16/04/2020 13:05:00,43.35000,21/04/2020 13:05:00,45.17500,@LH,1,1,730.00,2.5500,1340.0000,-450.0000,
TRADE,23/04/2020 13:05:00,47.92500,28/04/2020 13:05:00,56.20000,@LH,1,1,3310.00,2.0000,3310.0000,-90.0000,
TRADE,30/04/2020 13:05:00,54.52500,05/05/2020 13:05:00,64.22500,@LH,1,1,3880.00,3.0500,4660.0000,-110.0000,
TRADE,07/05/2020 13:05:00,64.90000,12/05/2020 13:05:00,60.00000,@LH,-1,1,1960.00,2.7750,2350.0000,-110.0000,
TRADE,14/05/2020 13:05:00,56.45000,19/05/2020 13:05:00,56.82500,@LH,1,1,150.00,3.7750,940.0000,-420.0000,
TRADE,21/05/2020 13:05:00,56.25000,27/05/2020 13:05:00,59.75000,@LH,1,1,1400.00,1.3000,1710.0000,-30.0000,
TRADE,28/05/2020 13:05:00,59.10000,02/06/2020 13:05:00,57.17500,@LH,-1,1,770.00,2.1500,1070.0000,-100.0000,
TRADE,04/06/2020 13:05:00,57.37500,09/06/2020 13:05:00,59.82500,@LH,1,1,980.00,1.3750,1290.0000,-280.0000,
TRADE,11/06/2020 13:05:00,58.32500,16/06/2020 13:05:00,57.52500,@LH,-1,1,320.00,1.5500,610.0000,-170.0000,
TRADE,18/06/2020 13:05:00,55.82500,23/06/2020 13:05:00,54.07500,@LH,-1,1,700.00,1.8750,1130.0000,-500.0000,
TRADE,25/06/2020 13:05:00,53.82500,26/06/2020 13:05:00,50.70000,@LH,1,1,-1250.00,1.4000,280.0000,-910.0000,
TRADE,02/07/2020 13:05:00,51.65000,08/07/2020 13:05:00,51.45000,@LH,1,1,-80.00,1.9000,510.0000,-340.0000,
TRADE,09/07/2020 13:05:00,51.52500,14/07/2020 13:05:00,53.35000,@LH,-1,1,-730.00,1.3000,80.0000,-1150.0000,
TRADE,16/07/2020 13:05:00,53.12500,16/07/2020 13:05:00,56.25000,@LH,-1,1,-1250.00,1.2000,20.0000,-1090.0000,
TRADE,30/07/2020 13:05:00,55.95000,04/08/2020 13:05:00,54.67500,@LH,1,1,-510.00,1.5000,180.0000,-660.0000,
TRADE,06/08/2020 13:05:00,55.37500,11/08/2020 13:05:00,60.42500,@LH,1,1,2020.00,1.0750,2080.0000,-10.0000,
TRADE,13/08/2020 13:05:00,58.20000,18/08/2020 13:05:00,59.87500,@LH,-1,1,-670.00,1.7500,110.0000,-850.0000,
TRADE,20/08/2020 13:05:00,60.12500,25/08/2020 13:05:00,61.90000,@LH,1,1,710.00,1.4750,970.0000,-60.0000,
TRADE,27/08/2020 13:05:00,61.82500,01/09/2020 13:05:00,60.42500,@LH,-1,1,560.00,2.0500,890.0000,-290.0000,
TRADE,03/09/2020 13:05:00,63.72500,09/09/2020 13:05:00,66.47500,@LH,1,1,1100.00,2.0250,1460.0000,-50.0000,
TRADE,10/09/2020 13:05:00,69.52500,11/09/2020 13:05:00,73.90000,@LH,-1,1,-1750.00,1.9500,90.0000,-1750.0000,
TRADE,17/09/2020 13:05:00,72.50000,22/09/2020 13:05:00,74.02500,@LH,-1,1,-610.00,2.7250,320.0000,-680.0000,
TRADE,24/09/2020 13:05:00,75.60000,29/09/2020 13:05:00,78.02500,@LH,1,1,970.00,1.3000,1130.0000,-110.0000,
TRADE,01/10/2020 13:05:00,76.85000,06/10/2020 13:05:00,76.97500,@LH,1,1,50.00,1.9000,310.0000,-480.0000,
TRADE,08/10/2020 13:05:00,79.02500,13/10/2020 13:05:00,80.25000,@LH,1,1,490.00,1.3000,870.0000,-20.0000,
TRADE,22/10/2020 13:05:00,83.32500,27/10/2020 13:05:00,81.92500,@LH,-1,1,560.00,1.9750,1710.0000,-90.0000,
TRADE,29/10/2020 13:05:00,79.55000,03/11/2020 13:05:00,80.25000,@LH,1,1,280.00,1.8000,470.0000,-680.0000,
TRADE,05/11/2020 13:05:00,80.62500,10/11/2020 13:05:00,80.05000,@LH,1,1,-230.00,1.7500,290.0000,-900.0000,
TRADE,12/11/2020 13:05:00,79.37500,17/11/2020 13:05:00,78.90000,@LH,1,1,-190.00,2.1750,380.0000,-580.0000,
TRADE,19/11/2020 13:05:00,79.12500,24/11/2020 13:05:00,79.55000,@LH,-1,1,-170.00,1.5000,750.0000,-420.0000,
TRADE,27/11/2020 13:05:00,80.12500,02/12/2020 13:05:00,80.40000,@LH,1,1,110.00,1.4000,690.0000,-660.0000,
TRADE,03/12/2020 13:05:00,80.12500,04/12/2020 13:05:00,77.00000,@LH,1,1,-1250.00,1.1500,70.0000,-1220.0000,
TRADE,10/12/2020 13:05:00,78.20000,15/12/2020 13:05:00,77.55000,@LH,1,1,-260.00,1.4500,40.0000,-1180.0000,
TRADE,17/12/2020 13:05:00,78.22500,22/12/2020 13:05:00,78.62500,@LH,-1,1,-160.00,1.5000,490.0000,-190.0000,
TRADE,23/12/2020 13:05:00,78.37500,29/12/2020 13:05:00,79.02500,@LH,-1,1,-260.00,0.8750,140.0000,-800.0000,
TRADE,31/12/2020 13:05:00,80.27500,04/01/2021 13:05:00,83.67500,@LH,-1,1,-1360.00,2.0750,30.0000,-1360.0000,
TRADE,07/01/2021 13:05:00,81.70000,12/01/2021 13:05:00,81.15000,@LH,-1,1,220.00,2.2250,640.0000,-170.0000,
TRADE,14/01/2021 13:05:00,78.75000,20/01/2021 13:05:00,78.75000,@LH,1,1,0.00,1.8750,680.0000,-150.0000,
TRADE,21/01/2021 13:05:00,80.67500,26/01/2021 13:05:00,83.00000,@LH,1,1,930.00,2.3500,940.0000,-220.0000,
TRADE,28/01/2021 13:05:00,82.12500,02/02/2021 13:05:00,81.40000,@LH,-1,1,290.00,1.4250,400.0000,-450.0000,
TRADE,04/02/2021 13:05:00,85.40000,09/02/2021 13:05:00,85.90000,@LH,-1,1,-200.00,1.8250,630.0000,-570.0000,
TRADE,18/02/2021 13:05:00,90.62500,23/02/2021 13:05:00,91.32500,@LH,-1,1,-280.00,1.8250,500.0000,-410.0000,
TRADE,04/03/2021 13:05:00,93.60000,09/03/2021 13:05:00,93.32500,@LH,1,1,-110.00,2.9750,180.0000,-660.0000,
TRADE,11/03/2021 13:05:00,95.10000,16/03/2021 13:05:00,97.80000,@LH,1,1,1080.00,1.0750,1080.0000,-100.0000,
TRADE,18/03/2021 13:05:00,99.75000,23/03/2021 13:05:00,101.25000,@LH,1,1,600.00,1.8000,690.0000,-360.0000,
TRADE,01/04/2021 13:05:00,106.75000,07/04/2021 13:05:00,106.82500,@LH,-1,1,-30.00,2.0750,490.0000,-640.0000,
TRADE,08/04/2021 13:05:00,108.92500,13/04/2021 13:05:00,106.27500,@LH,1,1,-1060.00,2.6250,840.0000,-1060.0000,
TRADE,15/04/2021 13:05:00,108.05000,20/04/2021 13:05:00,105.87500,@LH,-1,1,870.00,2.0500,2470.0000,0.0000,
TRADE,22/04/2021 13:05:00,105.75000,27/04/2021 13:05:00,107.45000,@LH,1,1,680.00,3.1000,910.0000,-730.0000,
TRADE,06/05/2021 13:05:00,115.67500,11/05/2021 13:05:00,112.67500,@LH,-1,1,1200.00,2.0250,1460.0000,-110.0000,
TRADE,13/05/2021 13:05:00,111.82500,18/05/2021 13:05:00,109.67500,@LH,1,1,-860.00,1.3750,260.0000,-1180.0000,
TRADE,20/05/2021 13:05:00,112.52500,25/05/2021 13:05:00,115.17500,@LH,-1,1,-1060.00,1.0750,310.0000,-1230.0000,
TRADE,27/05/2021 13:05:00,116.12500,01/06/2021 13:05:00,119.25000,@LH,-1,1,-1250.00,1.1000,100.0000,-1200.0000,
TRADE,03/06/2021 13:05:00,119.55000,08/06/2021 13:05:00,121.47500,@LH,1,1,770.00,3.0000,1450.0000,-440.0000,
TRADE,10/06/2021 13:05:00,121.30000,15/06/2021 13:05:00,116.62500,@LH,-1,1,1870.00,2.0000,1870.0000,-360.0000,
TRADE,17/06/2021 13:05:00,112.57500,22/06/2021 13:05:00,106.17500,@LH,-1,1,2560.00,2.9500,2560.0000,-190.0000,
TRADE,24/06/2021 13:05:00,102.60000,24/06/2021 13:05:00,99.47500,@LH,1,1,-1250.00,3.3000,20.0000,-1190.0000,
TRADE,01/07/2021 13:05:00,106.85000,07/07/2021 13:05:00,104.67500,@LH,-1,1,870.00,2.7500,2450.0000,-550.0000,
TRADE,08/07/2021 13:05:00,103.85000,12/07/2021 13:05:00,106.97500,@LH,-1,1,-1250.00,2.6250,580.0000,-1190.0000,
TRADE,15/07/2021 13:05:00,107.40000,20/07/2021 13:05:00,107.57500,@LH,-1,1,-70.00,1.8500,620.0000,-600.0000,
TRADE,22/07/2021 13:05:00,109.72500,27/07/2021 13:05:00,110.02500,@LH,-1,1,-120.00,1.6500,840.0000,-250.0000,
TRADE,29/07/2021 13:05:00,105.42500,03/08/2021 13:05:00,107.05000,@LH,-1,1,-650.00,2.9500,490.0000,-950.0000,
TRADE,05/08/2021 13:05:00,106.60000,06/08/2021 13:05:00,103.47500,@LH,1,1,-1250.00,1.7500,10.0000,-1160.0000,
TRADE,12/08/2021 13:05:00,102.77500,17/08/2021 13:05:00,105.20000,@LH,1,1,970.00,2.2250,1380.0000,-540.0000,
TRADE,19/08/2021 13:05:00,105.57500,24/08/2021 13:05:00,103.60000,@LH,-1,1,790.00,1.4750,820.0000,-450.0000,
TRADE,26/08/2021 13:05:00,105.82500,31/08/2021 13:05:00,106.50000,@LH,-1,1,-270.00,2.4750,520.0000,-1010.0000,
TRADE,02/09/2021 13:05:00,106.57500,08/09/2021 13:05:00,105.02500,@LH,1,1,-620.00,2.0500,290.0000,-660.0000,
TRADE,09/09/2021 13:05:00,104.87500,14/09/2021 13:05:00,97.97500,@LH,-1,1,2760.00,2.1000,2900.0000,-120.0000,
TRADE,16/09/2021 13:05:00,100.22500,21/09/2021 13:05:00,102.30000,@LH,1,1,830.00,2.2750,1130.0000,-410.0000,
TRADE,23/09/2021 13:05:00,101.62500,27/09/2021 13:05:00,107.20000,@LH,-1,1,-2230.00,1.2500,260.0000,-2230.0000,
TRADE,30/09/2021 13:05:00,112.25000,05/10/2021 13:05:00,110.52500,@LH,-1,1,690.00,1.3000,820.0000,-330.0000,
TRADE,07/10/2021 13:05:00,110.12500,12/10/2021 13:05:00,107.40000,@LH,-1,1,1090.00,1.8750,1320.0000,-50.0000,
TRADE,14/10/2021 13:05:00,105.60000,19/10/2021 13:05:00,105.90000,@LH,1,1,120.00,0.9250,510.0000,-380.0000,
TRADE,21/10/2021 13:05:00,103.17500,26/10/2021 13:05:00,100.90000,@LH,1,1,-910.00,2.3500,0.0000,-1160.0000,
TRADE,28/10/2021 13:05:00,99.82500,02/11/2021 13:05:00,103.07500,@LH,1,1,1300.00,1.5250,1930.0000,-250.0000,
TRADE,04/11/2021 13:05:00,104.40000,09/11/2021 13:05:00,103.80000,@LH,-1,1,240.00,1.5500,450.0000,-490.0000,
TRADE,11/11/2021 13:05:00,102.67500,16/11/2021 13:05:00,102.92500,@LH,-1,1,-100.00,2.1750,200.0000,-500.0000,
TRADE,18/11/2021 13:05:00,102.80000,23/11/2021 13:05:00,102.02500,@LH,-1,1,310.00,1.7750,720.0000,-130.0000,
TRADE,26/11/2021 13:05:00,102.50000,01/12/2021 13:05:00,100.12500,@LH,-1,1,950.00,1.5500,1700.0000,-320.0000,
TRADE,02/12/2021 13:05:00,99.85000,07/12/2021 13:05:00,97.82500,@LH,1,1,-810.00,1.4000,970.0000,-840.0000,
TRADE,09/12/2021 13:05:00,96.57500,14/12/2021 13:05:00,100.32500,@LH,1,1,1500.00,1.7000,1690.0000,-420.0000,
TRADE,16/12/2021 13:05:00,99.25000,21/12/2021 13:05:00,99.12500,@LH,-1,1,50.00,1.6750,200.0000,-720.0000,
TRADE,23/12/2021 13:05:00,102.92500,29/12/2021 13:05:00,102.35000,@LH,1,1,-230.00,1.1500,520.0000,-430.0000,
TRADE,30/12/2021 13:05:00,102.77500,04/01/2022 13:05:00,100.35000,@LH,-1,1,970.00,1.6500,970.0000,-250.0000,
TRADE,06/01/2022 13:05:00,102.27500,07/01/2022 13:05:00,99.15000,@LH,1,1,-1250.00,2.1500,540.0000,-1230.0000,
TRADE,13/01/2022 13:05:00,98.57500,19/01/2022 13:05:00,101.15000,@LH,1,1,1030.00,1.8500,1100.0000,-780.0000,
TRADE,20/01/2022 13:05:00,103.10000,24/01/2022 13:05:00,106.22500,@LH,-1,1,-1250.00,1.3500,430.0000,-1220.0000,
TRADE,27/01/2022 13:05:00,107.65000,01/02/2022 13:05:00,105.90000,@LH,-1,1,700.00,1.5500,1150.0000,-230.0000,
TRADE,03/02/2022 13:05:00,110.12500,08/02/2022 13:05:00,112.17500,@LH,1,1,820.00,3.1000,1550.0000,-430.0000,
TRADE,10/02/2022 13:05:00,116.60000,15/02/2022 13:05:00,113.75000,@LH,-1,1,1140.00,1.7000,1780.0000,-900.0000,
TRADE,17/02/2022 13:05:00,116.65000,23/02/2022 13:05:00,123.35000,@LH,1,1,2680.00,2.2750,2860.0000,-270.0000,
TRADE,24/02/2022 13:05:00,120.50000,24/02/2022 13:05:00,117.37500,@LH,1,1,-1250.00,5.0750,120.0000,-940.0000,
TRADE,03/03/2022 13:05:00,118.60000,04/03/2022 13:05:00,115.32500,@LH,1,1,-1310.00,2.7000,0.0000,-1310.0000,
TRADE,10/03/2022 13:05:00,112.65000,15/03/2022 13:05:00,113.87500,@LH,1,1,490.00,2.5250,640.0000,-670.0000,
TRADE,17/03/2022 13:05:00,113.77500,22/03/2022 13:05:00,111.65000,@LH,-1,1,850.00,2.6750,1360.0000,-80.0000,
TRADE,31/03/2022 13:05:00,120.07500,05/04/2022 13:05:00,108.92500,@LH,-1,1,4460.00,3.1250,4640.0000,-10.0000,
TRADE,07/04/2022 13:05:00,107.82500,12/04/2022 13:05:00,108.80000,@LH,1,1,390.00,2.2000,390.0000,-850.0000,
TRADE,14/04/2022 13:05:00,110.35000,18/04/2022 13:05:00,113.47500,@LH,-1,1,-1250.00,1.6250,530.0000,-1180.0000,
TRADE,21/04/2022 13:05:00,111.22500,26/04/2022 13:05:00,106.80000,@LH,-1,1,1770.00,2.8250,1770.0000,-560.0000,
TRADE,28/04/2022 13:05:00,103.12500,29/04/2022 13:05:00,100.00000,@LH,1,1,-1250.00,2.3000,540.0000,-1180.0000,
TRADE,05/05/2022 13:05:00,98.37500,10/05/2022 13:05:00,95.17500,@LH,-1,1,1280.00,3.0500,2020.0000,-770.0000,
TRADE,12/05/2022 13:05:00,93.15000,16/05/2022 13:05:00,96.27500,@LH,-1,1,-1250.00,2.4000,1310.0000,-430.0000,
TRADE,19/05/2022 13:05:00,98.57500,24/05/2022 13:05:00,102.20000,@LH,1,1,1450.00,3.9500,1980.0000,-720.0000,
TRADE,26/05/2022 13:05:00,102.35000,01/06/2022 13:05:00,100.75000,@LH,-1,1,640.00,3.1250,1160.0000,-930.0000,
TRADE,02/06/2022 13:05:00,103.67500,07/06/2022 13:05:00,99.27500,@LH,-1,1,1760.00,3.0750,1830.0000,-450.0000,
TRADE,09/06/2022 13:05:00,97.95000,14/06/2022 13:05:00,99.35000,@LH,1,1,560.00,4.6750,560.0000,-1160.0000,
TRADE,16/06/2022 13:05:00,97.25000,22/06/2022 13:05:00,103.55000,@LH,1,1,2520.00,2.8000,2690.0000,0.0000,
TRADE,23/06/2022 13:05:00,101.67500,28/06/2022 13:05:00,97.97500,@LH,-1,1,1480.00,1.9750,1740.0000,-310.0000,
TRADE,30/06/2022 13:05:00,97.75000,30/06/2022 13:05:00,94.62500,@LH,1,1,-1250.00,1.5500,480.0000,-890.0000,
TRADE,28/07/2022 13:05:00,113.97500,02/08/2022 13:05:00,114.07500,@LH,-1,1,-40.00,2.8500,750.0000,-390.0000,
TRADE,04/08/2022 13:05:00,111.57500,09/08/2022 13:05:00,116.87500,@LH,1,1,2120.00,1.9500,2500.0000,-270.0000,
TRADE,11/08/2022 13:05:00,118.22500,16/08/2022 13:05:00,117.57500,@LH,-1,1,260.00,1.2250,1010.0000,-200.0000,
TRADE,18/08/2022 13:05:00,114.55000,18/08/2022 13:05:00,111.42500,@LH,1,1,-1250.00,2.8750,20.0000,-1110.0000,
TRADE,25/08/2022 13:05:00,107.45000,30/08/2022 13:05:00,108.82500,@LH,1,1,550.00,2.9250,830.0000,-150.0000,
TRADE,01/09/2022 13:05:00,108.07500,07/09/2022 13:05:00,108.82500,@LH,1,1,300.00,2.5250,570.0000,-570.0000,
TRADE,08/09/2022 13:05:00,108.07500,13/09/2022 13:05:00,109.32500,@LH,-1,1,-500.00,2.4000,750.0000,-980.0000,
TRADE,15/09/2022 13:05:00,112.55000,20/09/2022 13:05:00,113.52500,@LH,-1,1,-390.00,1.4000,60.0000,-630.0000,
TRADE,22/09/2022 13:05:00,111.57500,27/09/2022 13:05:00,108.27500,@LH,-1,1,1320.00,1.9000,2090.0000,-240.0000,
TRADE,29/09/2022 13:05:00,105.02500,04/10/2022 13:05:00,105.80000,@LH,1,1,310.00,1.9250,540.0000,-570.0000,
TRADE,06/10/2022 13:05:00,105.55000,11/10/2022 13:05:00,107.52500,@LH,1,1,790.00,2.6500,950.0000,-370.0000,
TRADE,13/10/2022 13:05:00,108.72500,17/10/2022 13:05:00,111.85000,@LH,-1,1,-1250.00,1.6250,440.0000,-1180.0000,
TRADE,20/10/2022 13:05:00,115.35000,25/10/2022 13:05:00,116.17500,@LH,-1,1,-330.00,1.2500,500.0000,-1000.0000,
TRADE,27/10/2022 13:05:00,115.92500,01/11/2022 13:05:00,112.70000,@LH,-1,1,1290.00,1.7750,1380.0000,-160.0000,
TRADE,03/11/2022 13:05:00,111.35000,08/11/2022 13:05:00,115.05000,@LH,1,1,1480.00,2.0000,1710.0000,-190.0000,
TRADE,10/11/2022 13:05:00,113.12500,15/11/2022 13:05:00,112.95000,@LH,1,1,-70.00,1.5750,350.0000,-510.0000,
TRADE,17/11/2022 13:05:00,113.10000,22/11/2022 13:05:00,111.77500,@LH,-1,1,530.00,1.3750,630.0000,-420.0000,
TRADE,25/11/2022 13:05:00,112.00000,30/11/2022 13:05:00,107.05000,@LH,-1,1,1980.00,1.1750,1980.0000,-290.0000,
TRADE,01/12/2022 13:05:00,108.67500,06/12/2022 13:05:00,112.95000,@LH,1,1,1710.00,2.2250,2620.0000,-230.0000,
TRADE,08/12/2022 13:05:00,108.95000,13/12/2022 13:05:00,107.17500,@LH,-1,1,710.00,1.8000,1130.0000,-110.0000,
TRADE,15/12/2022 13:05:00,106.42500,20/12/2022 13:05:00,108.57500,@LH,1,1,860.00,1.8500,1380.0000,-630.0000,
TRADE,22/12/2022 13:05:00,111.60000,27/12/2022 13:05:00,114.72500,@LH,-1,1,-1250.00,4.9750,560.0000,-1190.0000,
TRADE,29/12/2022 13:05:00,113.10000,04/01/2023 13:05:00,108.20000,@LH,-1,1,1960.00,1.2500,2070.0000,-290.0000,
TRADE,05/01/2023 13:05:00,106.87500,06/01/2023 13:05:00,103.75000,@LH,1,1,-1250.00,2.5500,170.0000,-1220.0000,
TRADE,12/01/2023 13:05:00,102.42500,18/01/2023 13:05:00,102.55000,@LH,1,1,50.00,1.3250,540.0000,-610.0000,
TRADE,19/01/2023 13:05:00,100.77500,24/01/2023 13:05:00,100.80000,@LH,-1,1,-10.00,2.1000,800.0000,-190.0000,
TRADE,26/01/2023 13:05:00,100.42500,31/01/2023 13:05:00,102.15000,@LH,1,1,690.00,1.3500,1040.0000,-810.0000,
TRADE,02/02/2023 13:05:00,99.50000,07/02/2023 13:05:00,97.75000,@LH,-1,1,700.00,3.4000,980.0000,-790.0000,
TRADE,09/02/2023 13:05:00,98.82500,14/02/2023 13:05:00,100.70000,@LH,-1,1,-750.00,2.3750,820.0000,-960.0000,
TRADE,16/02/2023 13:05:00,100.65000,21/02/2023 13:05:00,103.77500,@LH,-1,1,-1250.00,1.5000,340.0000,-670.0000,
TRADE,23/02/2023 13:05:00,101.15000,28/02/2023 13:05:00,99.72500,@LH,-1,1,570.00,2.7000,790.0000,-340.0000,
TRADE,02/03/2023 13:05:00,100.20000,07/03/2023 13:05:00,98.52500,@LH,1,1,-670.00,1.2750,150.0000,-880.0000,
TRADE,09/03/2023 13:05:00,99.90000,14/03/2023 13:05:00,100.92500,@LH,-1,1,-410.00,1.9500,410.0000,-920.0000,
TRADE,16/03/2023 13:05:00,98.20000,21/03/2023 13:05:00,92.82500,@LH,-1,1,2150.00,1.9500,3130.0000,-100.0000,
TRADE,23/03/2023 13:05:00,89.90000,28/03/2023 13:05:00,93.57500,@LH,1,1,1470.00,2.5250,2190.0000,-570.0000,
TRADE,30/03/2023 13:05:00,91.67500,04/04/2023 13:05:00,92.60000,@LH,-1,1,-370.00,2.1250,360.0000,-550.0000,
TRADE,06/04/2023 13:05:00,89.22500,12/04/2023 13:05:00,88.50000,@LH,-1,1,290.00,2.1500,600.0000,-540.0000,
TRADE,13/04/2023 13:05:00,87.67500,18/04/2023 13:05:00,88.57500,@LH,1,1,360.00,2.0000,610.0000,-630.0000,
TRADE,20/04/2023 13:05:00,86.17500,25/04/2023 13:05:00,87.40000,@LH,-1,1,-490.00,3.0250,350.0000,-1120.0000,
TRADE,27/04/2023 13:05:00,90.62500,02/05/2023 13:05:00,89.85000,@LH,-1,1,310.00,4.2000,610.0000,-820.0000,
TRADE,04/05/2023 13:05:00,88.15000,09/05/2023 13:05:00,83.97500,@LH,-1,1,1670.00,3.1750,1780.0000,-290.0000,
TRADE,11/05/2023 13:05:00,85.07500,16/05/2023 13:05:00,86.77500,@LH,1,1,680.00,1.6000,1020.0000,-510.0000,
TRADE,18/05/2023 13:05:00,84.62500,23/05/2023 13:05:00,80.40000,@LH,-1,1,1690.00,4.3000,1840.0000,-150.0000,
TRADE,25/05/2023 13:05:00,79.67500,26/05/2023 13:05:00,76.55000,@LH,1,1,-1250.00,1.2750,10.0000,-1220.0000,
TRADE,08/06/2023 13:05:00,82.95000,12/06/2023 13:05:00,86.07500,@LH,-1,1,-1250.00,2.1750,660.0000,-1170.0000,
TRADE,22/06/2023 13:05:00,93.07500,27/06/2023 13:05:00,90.75000,@LH,-1,1,930.00,1.8000,1720.0000,-300.0000,
