TRADE,12/10/2010 20:00:00,11.88300,14/10/2010 16:00:00,11.97200,@NG,1,1,890.00,0.1160,1340.0000,-480.0000,
TRADE,18/10/2010 20:00:00,11.66000,20/10/2010 16:00:00,11.80800,@NG,1,1,1480.00,0.0790,1810.0000,-250.0000,
TRADE,25/10/2010 20:00:00,11.58700,27/10/2010 16:00:00,11.71000,@NG,1,1,1230.00,0.1000,1450.0000,-340.0000,
TRADE,31/10/2010 20:00:00,11.92200,01/11/2010 08:00:00,12.07800,@NG,-1,1,-1560.00,0.0330,290.0000,-1280.0000,
TRADE,01/11/2010 20:00:00,11.71900,03/11/2010 16:00:00,11.71100,@NG,1,1,-80.00,0.1180,1000.0000,-780.0000,
TRADE,08/11/2010 20:00:00,11.98900,10/11/2010 16:00:00,12.03300,@NG,1,1,440.00,0.0610,1510.0000,-400.0000,
TRADE,11/11/2010 20:00:00,11.82000,16/11/2010 04:00:00,11.74600,@NG,-1,1,740.00,0.0670,2190.0000,-130.0000,
TRADE,19/11/2010 17:00:00,12.06000,23/11/2010,12.18300,@NG,-1,1,-1230.00,0.1070,440.0000,-1240.0000,
TRADE,25/11/2010 20:00:00,12.13200,30/11/2010 08:00:00,11.95300,@NG,-1,1,1790.00,0.0210,2360.0000,-850.0000,
TRADE,30/11/2010 20:00:00,11.93800,02/12/2010 08:00:00,12.04700,@NG,-1,1,-1090.00,0.0650,440.0000,-1160.0000,
TRADE,03/12/2010 17:00:00,12.05200,06/12/2010 12:00:00,12.18200,@NG,-1,1,-1300.00,0.0710,90.0000,-1250.0000,
TRADE,06/12/2010 20:00:00,12.23000,07/12/2010 16:00:00,12.11300,@NG,1,1,-1170.00,0.0920,450.0000,-1020.0000,
TRADE,07/12/2010 20:00:00,12.13800,08/12/2010 12:00:00,12.25300,@NG,-1,1,-1150.00,0.1420,580.0000,-900.0000,
TRADE,12/12/2010 20:00:00,12.17400,15/12/2010 08:00:00,11.96900,@NG,-1,1,2050.00,0.0120,2120.0000,-1030.0000,
TRADE,15/12/2010 20:00:00,11.96700,20/12/2010 04:00:00,11.74900,@NG,-1,1,2180.00,0.0630,2860.0000,-80.0000,
TRADE,20/12/2010 20:00:00,11.96800,21/12/2010 12:00:00,11.86600,@NG,1,1,-1020.00,0.1300,70.0000,-990.0000,
TRADE,28/12/2010 20:00:00,11.96800,30/12/2010 16:00:00,11.93200,@NG,1,1,-360.00,0.1380,760.0000,-720.0000,
TRADE,03/01/2011 20:00:00,12.30700,05/01/2011 12:00:00,12.18600,@NG,1,1,-1210.00,0.0980,800.0000,-1150.0000,
TRADE,07/01/2011 17:00:00,12.10100,12/01/2011 04:00:00,12.16300,@NG,-1,1,-620.00,0.1090,990.0000,-890.0000,
TRADE,14/01/2011 17:00:00,12.16600,19/01/2011 04:00:00,12.11000,@NG,-1,1,560.00,0.1010,990.0000,-560.0000,
TRADE,21/01/2011 17:00:00,12.39500,23/01/2011 20:00:00,12.50500,@NG,-1,1,-1100.00,0.0540,40.0000,-870.0000,
TRADE,24/01/2011 20:00:00,12.26400,25/01/2011 12:00:00,12.13100,@NG,1,1,-1330.00,0.1240,250.0000,-1290.0000,
TRADE,28/01/2011 17:00:00,11.99600,31/01/2011 12:00:00,12.10400,@NG,-1,1,-1080.00,0.0670,160.0000,-880.0000,
TRADE,31/01/2011 20:00:00,12.08300,02/02/2011 16:00:00,12.06100,@NG,1,1,-220.00,0.1350,230.0000,-990.0000,
TRADE,04/02/2011 17:00:00,11.97700,09/02/2011 04:00:00,11.73500,@NG,-1,1,2420.00,0.0320,2860.0000,0.0000,
TRADE,09/02/2011 20:00:00,11.74200,14/02/2011 04:00:00,11.54600,@NG,-1,1,1960.00,0.0560,2180.0000,-700.0000,
TRADE,14/02/2011 20:00:00,11.60000,16/02/2011 16:00:00,11.58500,@NG,1,1,-150.00,0.0540,600.0000,-460.0000,
TRADE,22/02/2011 20:00:00,11.51700,24/02/2011 16:00:00,11.45100,@NG,1,1,-660.00,0.0590,750.0000,-720.0000,
TRADE,27/02/2011 20:00:00,11.63200,02/03/2011 08:00:00,11.50000,@NG,-1,1,1320.00,0.0190,1610.0000,-910.0000,
TRADE,02/03/2011 20:00:00,11.44500,07/03/2011 04:00:00,11.39100,@NG,-1,1,540.00,0.0370,910.0000,-480.0000,
TRADE,07/03/2011 20:00:00,11.54900,08/03/2011 12:00:00,11.46800,@NG,1,1,-810.00,0.0910,130.0000,-680.0000,
TRADE,09/03/2011 20:00:00,11.54300,14/03/2011 04:00:00,11.53900,@NG,-1,1,40.00,0.0440,1250.0000,-270.0000,
TRADE,14/03/2011 20:00:00,11.52900,16/03/2011 16:00:00,11.54200,@NG,1,1,130.00,0.1450,1090.0000,-1060.0000,
TRADE,16/03/2011 20:00:00,11.56400,17/03/2011 12:00:00,11.67800,@NG,-1,1,-1140.00,0.0630,220.0000,-590.0000,
TRADE,18/03/2011 17:00:00,11.78300,22/03/2011 16:00:00,11.87600,@NG,-1,1,-930.00,0.0630,440.0000,-880.0000,
TRADE,25/03/2011 17:00:00,12.04200,30/03/2011 04:00:00,11.81900,@NG,-1,1,2230.00,0.1670,2510.0000,-530.0000,
TRADE,30/03/2011 20:00:00,11.91400,04/04/2011 04:00:00,11.84900,@NG,-1,1,650.00,0.0710,1730.0000,-640.0000,
TRADE,04/04/2011 20:00:00,11.81900,06/04/2011 12:00:00,11.73700,@NG,1,1,-820.00,0.0840,390.0000,-810.0000,
TRADE,08/04/2011 17:00:00,11.57800,11/04/2011 12:00:00,11.64500,@NG,-1,1,-670.00,0.0370,520.0000,-530.0000,
TRADE,11/04/2011 20:00:00,11.65000,13/04/2011 16:00:00,11.69000,@NG,1,1,400.00,0.0570,680.0000,-560.0000,
TRADE,15/04/2011 17:00:00,11.74400,19/04/2011 20:00:00,11.83000,@NG,-1,1,-860.00,0.0420,1210.0000,-850.0000,
TRADE,25/04/2011 20:00:00,11.91100,27/04/2011 16:00:00,11.90200,@NG,1,1,-90.00,0.0460,560.0000,-460.0000,
TRADE,27/04/2011 20:00:00,11.88400,29/04/2011 16:00:00,12.06800,@NG,1,1,1840.00,0.0440,2110.0000,-150.0000,
TRADE,29/04/2011 17:00:00,12.14900,04/05/2011 04:00:00,12.12500,@NG,-1,1,240.00,0.1230,390.0000,-530.0000,
TRADE,06/05/2011 17:00:00,11.73900,11/05/2011 04:00:00,11.73500,@NG,-1,1,40.00,0.0620,1170.0000,-310.0000,
TRADE,16/05/2011 20:00:00,11.78300,17/05/2011 12:00:00,11.69800,@NG,1,1,-850.00,0.0540,180.0000,-740.0000,
TRADE,19/05/2011 20:00:00,11.56700,23/05/2011 12:00:00,11.75700,@NG,1,1,1900.00,0.0530,2040.0000,-170.0000,
TRADE,23/05/2011 20:00:00,11.80500,25/05/2011 16:00:00,11.84900,@NG,1,1,440.00,0.0710,650.0000,-620.0000,
TRADE,26/05/2011 20:00:00,11.79600,30/05/2011 12:00:00,11.98800,@NG,1,1,1920.00,0.0840,2020.0000,-40.0000,
TRADE,31/05/2011 20:00:00,12.07200,02/06/2011 16:00:00,12.19200,@NG,1,1,1200.00,0.0870,2140.0000,-580.0000,
TRADE,03/06/2011 17:00:00,12.12200,06/06/2011 12:00:00,12.23900,@NG,-1,1,-1170.00,0.0850,100.0000,-1040.0000,
TRADE,06/06/2011 20:00:00,12.24100,08/06/2011 16:00:00,12.25600,@NG,1,1,150.00,0.1170,400.0000,-500.0000,
TRADE,10/06/2011 17:00:00,12.17900,15/06/2011 04:00:00,11.98200,@NG,-1,1,1970.00,0.0790,2010.0000,-590.0000,
TRADE,20/06/2011 20:00:00,11.73500,22/06/2011 16:00:00,11.78500,@NG,1,1,500.00,0.0710,1360.0000,-40.0000,
TRADE,28/06/2011 20:00:00,11.77400,29/06/2011 12:00:00,11.70500,@NG,1,1,-690.00,0.0460,100.0000,-390.0000,
TRADE,01/07/2011 17:00:00,11.72300,05/07/2011 12:00:00,11.79200,@NG,-1,1,-690.00,0.0680,660.0000,-590.0000,
TRADE,05/07/2011 20:00:00,11.75400,06/07/2011 16:00:00,11.66000,@NG,1,1,-940.00,0.0880,130.0000,-880.0000,
TRADE,08/07/2011 17:00:00,11.62300,11/07/2011 12:00:00,11.72100,@NG,-1,1,-980.00,0.0560,350.0000,-920.0000,
TRADE,11/07/2011 20:00:00,11.68700,13/07/2011 16:00:00,11.80100,@NG,1,1,1140.00,0.0450,1370.0000,-580.0000,
TRADE,18/07/2011 20:00:00,11.94300,20/07/2011 12:00:00,11.85700,@NG,1,1,-860.00,0.1000,600.0000,-650.0000,
TRADE,25/07/2011 20:00:00,11.78600,26/07/2011 12:00:00,11.71500,@NG,1,1,-710.00,0.0590,100.0000,-490.0000,
TRADE,01/08/2011 20:00:00,11.62600,03/08/2011 12:00:00,11.57100,@NG,1,1,-550.00,0.0440,410.0000,-540.0000,
TRADE,05/08/2011 17:00:00,11.38100,09/08/2011 12:00:00,11.47100,@NG,-1,1,-900.00,0.0440,890.0000,-710.0000,
TRADE,12/08/2011 17:00:00,11.49600,17/08/2011 04:00:00,11.37300,@NG,-1,1,1230.00,0.0660,1560.0000,-80.0000,
TRADE,22/08/2011 20:00:00,11.32100,24/08/2011 16:00:00,11.39100,@NG,1,1,700.00,0.0510,1640.0000,-100.0000,
TRADE,29/08/2011 20:00:00,11.29900,31/08/2011 16:00:00,11.51400,@NG,1,1,2150.00,0.0730,2310.0000,-570.0000,
TRADE,04/09/2011 20:00:00,11.34400,07/09/2011 08:00:00,11.38100,@NG,-1,1,-370.00,0.0190,310.0000,-680.0000,
TRADE,08/09/2011 20:00:00,11.45400,13/09/2011 04:00:00,11.35200,@NG,-1,1,1020.00,0.0770,1660.0000,-150.0000,
TRADE,16/09/2011 17:00:00,11.28500,21/09/2011 04:00:00,11.25500,@NG,-1,1,300.00,0.0540,800.0000,-360.0000,
TRADE,26/09/2011 20:00:00,11.24900,28/09/2011 16:00:00,11.23200,@NG,1,1,-170.00,0.0360,760.0000,-250.0000,
TRADE,30/09/2011 17:00:00,11.06700,05/10/2011 04:00:00,11.04700,@NG,-1,1,200.00,0.0560,770.0000,-310.0000,
TRADE,07/10/2011 17:00:00,10.88500,10/10/2011 12:00:00,10.96000,@NG,-1,1,-750.00,0.0350,310.0000,-680.0000,
TRADE,10/10/2011 20:00:00,10.95700,12/10/2011 16:00:00,10.92200,@NG,1,1,-350.00,0.0360,720.0000,-450.0000,
TRADE,16/10/2011 20:00:00,11.12900,19/10/2011 08:00:00,10.94900,@NG,-1,1,1800.00,0.0120,1980.0000,-470.0000,
TRADE,21/10/2011 17:00:00,11.04400,26/10/2011 04:00:00,11.06900,@NG,-1,1,-250.00,0.0540,640.0000,-550.0000,
TRADE,30/10/2011 20:00:00,11.13500,02/11/2011 08:00:00,10.96000,@NG,-1,1,1750.00,0.0150,1780.0000,-480.0000,
TRADE,02/11/2011 20:00:00,10.96500,03/11/2011 16:00:00,11.05800,@NG,-1,1,-930.00,0.0630,190.0000,-770.0000,
TRADE,04/11/2011 17:00:00,10.99800,09/11/2011 04:00:00,10.94200,@NG,-1,1,560.00,0.0710,1410.0000,-80.0000,
TRADE,10/11/2011 20:00:00,10.85100,15/11/2011 04:00:00,10.64800,@NG,-1,1,2030.00,0.0650,2150.0000,-130.0000,
TRADE,20/11/2011 20:00:00,10.53400,21/11/2011 12:00:00,10.63000,@NG,-1,1,-960.00,0.0170,440.0000,-910.0000,
TRADE,21/11/2011 20:00:00,10.61400,23/11/2011 16:00:00,10.56500,@NG,1,1,-490.00,0.0650,460.0000,-570.0000,
TRADE,28/11/2011 20:00:00,10.61200,30/11/2011 16:00:00,10.63200,@NG,1,1,200.00,0.0570,910.0000,-240.0000,
TRADE,02/12/2011 17:00:00,10.65400,07/12/2011 04:00:00,10.55100,@NG,-1,1,1030.00,0.0240,1860.0000,0.0000,
TRADE,11/12/2011 20:00:00,10.31600,14/12/2011 08:00:00,10.32400,@NG,-1,1,-80.00,0.0110,360.0000,-460.0000,
TRADE,19/12/2011 20:00:00,10.17700,21/12/2011 16:00:00,10.22000,@NG,1,1,430.00,0.0420,650.0000,-280.0000,
TRADE,28/12/2011 20:00:00,10.15600,29/12/2011 12:00:00,10.09200,@NG,1,1,-640.00,0.0660,170.0000,-290.0000,
TRADE,03/01/2012 20:00:00,10.01500,05/01/2012 16:00:00,10.01600,@NG,1,1,10.00,0.0410,1330.0000,-280.0000,
TRADE,06/01/2012 17:00:00,10.09500,11/01/2012 04:00:00,9.91000,@NG,-1,1,1850.00,0.0370,2000.0000,-70.0000,
TRADE,13/01/2012 17:00:00,9.64800,18/01/2012 04:00:00,9.50800,@NG,-1,1,1400.00,0.0550,1840.0000,-120.0000,
TRADE,18/01/2012 20:00:00,9.50300,23/01/2012 04:00:00,9.30000,@NG,-1,1,2030.00,0.0330,2280.0000,-110.0000,
TRADE,23/01/2012 20:00:00,9.58800,25/01/2012 16:00:00,9.73900,@NG,1,1,1510.00,0.1180,2130.0000,-510.0000,
TRADE,25/01/2012 20:00:00,9.77200,30/01/2012 04:00:00,9.80300,@NG,-1,1,-310.00,0.0860,1990.0000,-570.0000,
TRADE,30/01/2012 20:00:00,9.64000,31/01/2012 12:00:00,9.50000,@NG,1,1,-1400.00,0.1340,340.0000,-1210.0000,
TRADE,05/02/2012 20:00:00,9.48800,08/02/2012 08:00:00,9.46200,@NG,-1,1,260.00,0.0180,560.0000,-1150.0000,
TRADE,08/02/2012 20:00:00,9.42600,09/02/2012 12:00:00,9.52700,@NG,-1,1,-1010.00,0.0620,360.0000,-980.0000,
TRADE,10/02/2012 17:00:00,9.45900,14/02/2012 12:00:00,9.53200,@NG,-1,1,-730.00,0.0360,790.0000,-110.0000,
TRADE,21/02/2012 20:00:00,9.62000,22/02/2012 12:00:00,9.56700,@NG,1,1,-530.00,0.0350,220.0000,-500.0000,
TRADE,27/02/2012 20:00:00,9.45200,28/02/2012 12:00:00,9.36900,@NG,1,1,-830.00,0.0610,170.0000,-800.0000,
TRADE,28/02/2012 20:00:00,9.37500,29/02/2012 16:00:00,9.45600,@NG,-1,1,-810.00,0.0290,280.0000,-770.0000,
TRADE,02/03/2012 17:00:00,9.31300,07/03/2012 04:00:00,9.18400,@NG,-1,1,1290.00,0.0260,1360.0000,-40.0000,
TRADE,12/03/2012 20:00:00,9.10000,14/03/2012 16:00:00,9.12500,@NG,1,1,250.00,0.0360,890.0000,-510.0000,
TRADE,19/03/2012 20:00:00,9.18800,21/03/2012 16:00:00,9.16900,@NG,1,1,-190.00,0.0490,260.0000,-400.0000,
TRADE,26/03/2012 20:00:00,9.06000,28/03/2012 12:00:00,9.00300,@NG,1,1,-570.00,0.0450,210.0000,-460.0000,
TRADE,30/03/2012 17:00:00,8.86800,03/04/2012 12:00:00,8.93100,@NG,-1,1,-630.00,0.0570,470.0000,-590.0000,
TRADE,09/04/2012,8.84000,11/04/2012 12:00:00,8.78700,@NG,-1,1,530.00,0.0230,660.0000,-380.0000,
TRADE,13/04/2012 17:00:00,8.73900,16/04/2012 12:00:00,8.77800,@NG,-1,1,-390.00,0.0210,110.0000,-310.0000,
TRADE,16/04/2012 20:00:00,8.76800,17/04/2012 12:00:00,8.72900,@NG,1,1,-390.00,0.0480,40.0000,-350.0000,
TRADE,23/04/2012 20:00:00,8.76900,25/04/2012 16:00:00,8.75800,@NG,1,1,-110.00,0.0450,130.0000,-470.0000,
TRADE,27/04/2012 17:00:00,8.85800,30/04/2012 16:00:00,8.94100,@NG,-1,1,-830.00,0.0450,440.0000,-760.0000,
TRADE,30/04/2012 20:00:00,8.95600,02/05/2012 16:00:00,8.98600,@NG,1,1,300.00,0.0520,930.0000,-70.0000,
TRADE,03/05/2012 20:00:00,9.00200,08/05/2012 04:00:00,9.00200,@NG,-1,1,0.00,0.0250,770.0000,-350.0000,
TRADE,11/05/2012 17:00:00,9.16600,16/05/2012 04:00:00,9.18000,@NG,-1,1,-140.00,0.0380,1150.0000,-240.0000,
TRADE,18/05/2012 17:00:00,9.38100,23/05/2012 04:00:00,9.35200,@NG,-1,1,290.00,0.1090,1380.0000,-260.0000,
TRADE,29/05/2012 20:00:00,9.10200,30/05/2012 08:00:00,9.03500,@NG,1,1,-670.00,0.1300,110.0000,-660.0000,
TRADE,01/06/2012 17:00:00,8.93100,04/06/2012 12:00:00,9.01100,@NG,-1,1,-800.00,0.0440,80.0000,-770.0000,
TRADE,04/06/2012 20:00:00,9.03500,06/06/2012 16:00:00,9.06200,@NG,1,1,270.00,0.0630,570.0000,-470.0000,
TRADE,11/06/2012 20:00:00,8.81200,13/06/2012 16:00:00,8.81800,@NG,1,1,60.00,0.0460,650.0000,-340.0000,
TRADE,15/06/2012 17:00:00,9.07300,18/06/2012 12:00:00,9.18600,@NG,-1,1,-1130.00,0.0480,90.0000,-1060.0000,
TRADE,18/06/2012 20:00:00,9.25300,19/06/2012 16:00:00,9.15700,@NG,1,1,-960.00,0.0780,230.0000,-870.0000,
TRADE,25/06/2012 20:00:00,9.27600,27/06/2012 16:00:00,9.46000,@NG,1,1,1840.00,0.0400,2640.0000,-270.0000,
TRADE,29/06/2012 17:00:00,9.39100,04/07/2012,9.48200,@NG,-1,1,-910.00,0.1160,840.0000,-920.0000,
TRADE,05/07/2012 20:00:00,9.50400,06/07/2012 12:00:00,9.42600,@NG,1,1,-780.00,0.0470,1210.0000,-470.0000,
TRADE,08/07/2012 20:00:00,9.34600,10/07/2012 04:00:00,9.45800,@NG,-1,1,-1120.00,0.0100,50.0000,-1150.0000,
TRADE,13/07/2012 17:00:00,9.44100,18/07/2012 04:00:00,9.34400,@NG,-1,1,970.00,0.0560,1560.0000,-390.0000,
TRADE,23/07/2012 20:00:00,9.67400,25/07/2012 16:00:00,9.65000,@NG,1,1,-240.00,0.0630,870.0000,-490.0000,
TRADE,30/07/2012 20:00:00,9.78300,01/08/2012 16:00:00,9.75600,@NG,1,1,-270.00,0.0620,770.0000,-630.0000,
TRADE,03/08/2012 17:00:00,9.47100,07/08/2012 16:00:00,9.57200,@NG,-1,1,-1010.00,0.0610,870.0000,-1000.0000,
TRADE,10/08/2012 17:00:00,9.36100,15/08/2012 04:00:00,9.40400,@NG,-1,1,-430.00,0.0570,630.0000,-700.0000,
TRADE,17/08/2012 17:00:00,9.31600,21/08/2012 08:00:00,9.38900,@NG,-1,1,-730.00,0.0470,470.0000,-700.0000,
TRADE,24/08/2012 17:00:00,9.28000,29/08/2012 04:00:00,9.18700,@NG,-1,1,930.00,0.0620,950.0000,-710.0000,
TRADE,04/09/2012 20:00:00,9.40900,05/09/2012 16:00:00,9.34900,@NG,1,1,-600.00,0.0380,230.0000,-570.0000,
TRADE,10/09/2012 20:00:00,9.38800,12/09/2012 16:00:00,9.53800,@NG,1,1,1500.00,0.1230,2110.0000,-230.0000,
TRADE,12/09/2012 20:00:00,9.61800,17/09/2012 04:00:00,9.51300,@NG,-1,1,1050.00,0.1030,1350.0000,-150.0000,
TRADE,17/09/2012 20:00:00,9.43700,18/09/2012 16:00:00,9.35400,@NG,1,1,-830.00,0.0240,420.0000,-810.0000,
TRADE,24/09/2012 20:00:00,9.41000,26/09/2012 16:00:00,9.54600,@NG,1,1,1360.00,0.0480,1980.0000,-30.0000,
TRADE,28/09/2012 17:00:00,9.68600,01/10/2012 08:00:00,9.76800,@NG,-1,1,-820.00,0.0710,80.0000,-810.0000,
TRADE,01/10/2012 20:00:00,9.83700,03/10/2012 16:00:00,9.78400,@NG,1,1,-530.00,0.0550,760.0000,-780.0000,
TRADE,05/10/2012 17:00:00,9.75600,09/10/2012 16:00:00,9.82500,@NG,-1,1,-690.00,0.0610,620.0000,-670.0000,
TRADE,12/10/2012 17:00:00,9.96700,17/10/2012 04:00:00,9.80300,@NG,-1,1,1640.00,0.0510,1920.0000,-70.0000,
TRADE,19/10/2012 17:00:00,9.95900,24/10/2012 04:00:00,9.88200,@NG,-1,1,770.00,0.0570,1660.0000,-560.0000,
TRADE,29/10/2012 20:00:00,9.84300,30/10/2012 08:00:00,9.75500,@NG,1,1,-880.00,0.0520,20.0000,-840.0000,
TRADE,05/11/2012 20:00:00,9.58100,07/11/2012 16:00:00,9.58800,@NG,1,1,70.00,0.0340,590.0000,-480.0000,
TRADE,12/11/2012 20:00:00,9.59100,14/11/2012 16:00:00,9.81800,@NG,1,1,2270.00,0.0700,2560.0000,-110.0000,
TRADE,16/11/2012 17:00:00,9.81200,21/11/2012 04:00:00,9.82400,@NG,-1,1,-120.00,0.0460,820.0000,-500.0000,
TRADE,26/11/2012 20:00:00,9.76600,28/11/2012 12:00:00,9.68800,@NG,1,1,-780.00,0.0550,300.0000,-560.0000,
TRADE,02/12/2012 20:00:00,9.43500,03/12/2012 04:00:00,9.52300,@NG,-1,1,-880.00,0.0140,270.0000,-700.0000,
TRADE,03/12/2012 20:00:00,9.47400,05/12/2012 16:00:00,9.52400,@NG,1,1,500.00,0.0590,560.0000,-850.0000,
TRADE,07/12/2012 17:00:00,9.43500,12/12/2012 04:00:00,9.28800,@NG,-1,1,1470.00,0.1010,1620.0000,-10.0000,
TRADE,12/12/2012 20:00:00,9.27900,17/12/2012 04:00:00,9.18000,@NG,-1,1,990.00,0.0710,1360.0000,-100.0000,
TRADE,17/12/2012 20:00:00,9.22900,19/12/2012 16:00:00,9.22700,@NG,1,1,-20.00,0.0390,1030.0000,-630.0000,
TRADE,27/12/2012 20:00:00,9.25400,31/12/2012 12:00:00,9.24300,@NG,1,1,-110.00,0.0400,840.0000,-430.0000,
TRADE,31/12/2012 20:00:00,9.20700,01/01/2013 20:00:00,9.12300,@NG,1,1,-840.00,0.0420,300.0000,-260.0000,
TRADE,02/01/2013 20:00:00,9.08800,04/01/2013 16:00:00,9.10100,@NG,1,1,130.00,0.0670,570.0000,-730.0000,
TRADE,07/01/2013 20:00:00,9.11700,09/01/2013,9.04500,@NG,1,1,-720.00,0.0790,150.0000,-710.0000,
TRADE,13/01/2013 20:00:00,9.23000,16/01/2013 08:00:00,9.25700,@NG,-1,1,-270.00,0.0110,510.0000,-850.0000,
TRADE,18/01/2013 17:00:00,9.42500,22/01/2013,9.48400,@NG,-1,1,-590.00,0.0640,80.0000,-710.0000,
TRADE,22/01/2013 20:00:00,9.40200,24/01/2013 16:00:00,9.33800,@NG,1,1,-640.00,0.0640,450.0000,-690.0000,
TRADE,25/01/2013 17:00:00,9.30100,30/01/2013 04:00:00,9.11500,@NG,-1,1,1860.00,0.0520,2370.0000,-40.0000,
TRADE,01/02/2013 17:00:00,9.12900,05/02/2013 16:00:00,9.19900,@NG,-1,1,-700.00,0.0440,380.0000,-700.0000,
TRADE,08/02/2013 17:00:00,9.09400,13/02/2013 04:00:00,9.08100,@NG,-1,1,130.00,0.0420,550.0000,-520.0000,
TRADE,15/02/2013 17:00:00,8.99300,19/02/2013 08:00:00,9.03600,@NG,-1,1,-430.00,0.0260,260.0000,-390.0000,
TRADE,19/02/2013 20:00:00,9.09900,21/02/2013 16:00:00,9.08800,@NG,1,1,-110.00,0.0160,700.0000,-360.0000,
TRADE,25/02/2013 20:00:00,9.23700,27/02/2013 16:00:00,9.31200,@NG,1,1,750.00,0.0300,910.0000,-330.0000,
TRADE,01/03/2013 17:00:00,9.23400,04/03/2013 12:00:00,9.30700,@NG,-1,1,-730.00,0.0380,520.0000,-680.0000,
TRADE,04/03/2013 20:00:00,9.30700,06/03/2013 16:00:00,9.26900,@NG,1,1,-380.00,0.0270,610.0000,-490.0000,
TRADE,08/03/2013 17:00:00,9.40500,13/03/2013 04:00:00,9.41200,@NG,-1,1,-70.00,0.0230,410.0000,-450.0000,
TRADE,17/03/2013 20:00:00,9.68100,20/03/2013 08:00:00,9.72600,@NG,-1,1,-450.00,0.0180,490.0000,-690.0000,
TRADE,22/03/2013 17:00:00,9.71100,27/03/2013 04:00:00,9.75100,@NG,-1,1,-400.00,0.0540,770.0000,-680.0000,
TRADE,01/04/2013,9.73200,03/04/2013 12:00:00,9.71600,@NG,-1,1,160.00,0.0640,490.0000,-610.0000,
TRADE,03/04/2013 20:00:00,9.65300,04/04/2013 12:00:00,9.71300,@NG,-1,1,-600.00,0.0530,110.0000,-430.0000,
TRADE,07/04/2013 20:00:00,9.91200,10/04/2013 08:00:00,9.78600,@NG,-1,1,1260.00,0.0210,1590.0000,-170.0000,
TRADE,12/04/2013 17:00:00,9.99200,17/04/2013 04:00:00,9.92800,@NG,-1,1,640.00,0.0480,1590.0000,-470.0000,
TRADE,19/04/2013 17:00:00,10.16000,24/04/2013 04:00:00,9.97800,@NG,-1,1,1820.00,0.0420,1930.0000,-10.0000,
TRADE,28/04/2013 20:00:00,9.94500,29/04/2013 12:00:00,10.05000,@NG,-1,1,-1050.00,0.0110,80.0000,-960.0000,
TRADE,29/04/2013 20:00:00,10.09400,01/05/2013 16:00:00,10.12300,@NG,1,1,290.00,0.0500,620.0000,-600.0000,
TRADE,03/05/2013 17:00:00,9.77000,08/05/2013 04:00:00,9.61600,@NG,-1,1,1540.00,0.0430,1630.0000,0.0000,
TRADE,09/05/2013 20:00:00,9.68800,13/05/2013,9.60900,@NG,1,1,-790.00,0.0490,340.0000,-790.0000,
TRADE,13/05/2013 20:00:00,9.64100,15/05/2013 16:00:00,9.78000,@NG,1,1,1390.00,0.0530,1490.0000,-60.0000,
TRADE,16/05/2013 20:00:00,9.65300,20/05/2013 12:00:00,9.85000,@NG,1,1,1970.00,0.0350,2110.0000,-260.0000,
TRADE,20/05/2013 20:00:00,9.79700,22/05/2013 16:00:00,9.89500,@NG,1,1,980.00,0.0830,1430.0000,-70.0000,
TRADE,23/05/2013 20:00:00,9.96500,27/05/2013 12:00:00,9.95800,@NG,1,1,-70.00,0.0630,420.0000,-480.0000,
TRADE,28/05/2013 20:00:00,9.88000,29/05/2013 16:00:00,9.79800,@NG,1,1,-820.00,0.0530,140.0000,-780.0000,
TRADE,03/06/2013 20:00:00,9.65800,05/06/2013 16:00:00,9.66400,@NG,1,1,60.00,0.0590,400.0000,-280.0000,
TRADE,10/06/2013 20:00:00,9.46600,11/06/2013 16:00:00,9.40700,@NG,1,1,-590.00,0.0610,20.0000,-560.0000,
TRADE,17/06/2013 20:00:00,9.55100,19/06/2013 16:00:00,9.61300,@NG,1,1,620.00,0.0830,880.0000,-210.0000,
TRADE,24/06/2013 20:00:00,9.41000,25/06/2013 12:00:00,9.32800,@NG,1,1,-820.00,0.0540,120.0000,-800.0000,
TRADE,28/06/2013 17:00:00,9.22100,02/07/2013 12:00:00,9.30200,@NG,-1,1,-810.00,0.0820,460.0000,-780.0000,
TRADE,05/07/2013 17:00:00,9.26000,09/07/2013 12:00:00,9.35100,@NG,1,1,910.00,0.0450,1480.0000,-50.0000,
TRADE,12/07/2013 17:00:00,9.28800,17/07/2013 04:00:00,9.31900,@NG,-1,1,-310.00,0.0570,980.0000,-740.0000,
TRADE,19/07/2013 17:00:00,9.43200,24/07/2013 04:00:00,9.36500,@NG,-1,1,670.00,0.0350,1480.0000,-30.0000,
TRADE,29/07/2013 20:00:00,9.12700,31/07/2013 12:00:00,9.06900,@NG,1,1,-580.00,0.0560,20.0000,-680.0000,
TRADE,02/08/2013 17:00:00,8.98700,07/08/2013 04:00:00,8.94100,@NG,-1,1,460.00,0.0340,540.0000,-150.0000,
TRADE,09/08/2013 17:00:00,8.86900,12/08/2013 08:00:00,8.94600,@NG,-1,1,-770.00,0.0990,90.0000,-520.0000,
TRADE,12/08/2013 20:00:00,8.94800,14/08/2013 16:00:00,9.00700,@NG,1,1,590.00,0.0610,690.0000,-450.0000,
TRADE,19/08/2013 20:00:00,9.08800,21/08/2013 16:00:00,9.11800,@NG,1,1,300.00,0.0410,530.0000,-590.0000,
TRADE,27/08/2013 20:00:00,9.17700,29/08/2013 16:00:00,9.12800,@NG,1,1,-490.00,0.0540,790.0000,-660.0000,
TRADE,30/08/2013 17:00:00,9.21200,03/09/2013 08:00:00,9.27600,@NG,-1,1,-640.00,0.0670,150.0000,-780.0000,
TRADE,03/09/2013 20:00:00,9.26600,05/09/2013 12:00:00,9.21400,@NG,1,1,-520.00,0.0420,540.0000,-480.0000,
TRADE,06/09/2013 17:00:00,9.12900,09/09/2013 12:00:00,9.19200,@NG,-1,1,-630.00,0.0320,30.0000,-620.0000,
TRADE,09/09/2013 20:00:00,9.20900,10/09/2013 12:00:00,9.15100,@NG,1,1,-580.00,0.0640,210.0000,-530.0000,
TRADE,13/09/2013 17:00:00,9.27200,16/09/2013 12:00:00,9.33600,@NG,-1,1,-640.00,0.0390,460.0000,-600.0000,
TRADE,16/09/2013 20:00:00,9.33700,18/09/2013 16:00:00,9.33000,@NG,1,1,-70.00,0.0340,400.0000,-650.0000,
TRADE,20/09/2013 17:00:00,9.28900,25/09/2013 04:00:00,9.11000,@NG,-1,1,1790.00,0.0230,2000.0000,-20.0000,
TRADE,27/09/2013 17:00:00,9.12900,02/10/2013 04:00:00,9.15100,@NG,-1,1,-220.00,0.0620,860.0000,-580.0000,
TRADE,07/10/2013 20:00:00,9.16700,09/10/2013 16:00:00,9.23400,@NG,1,1,670.00,0.0430,1010.0000,0.0000,
TRADE,14/10/2013 20:00:00,9.34700,16/10/2013 16:00:00,9.38000,@NG,1,1,330.00,0.0490,560.0000,-400.0000,
TRADE,21/10/2013 20:00:00,9.20300,22/10/2013 16:00:00,9.11900,@NG,1,1,-840.00,0.0900,10.0000,-780.0000,
TRADE,28/10/2013 20:00:00,9.09400,30/10/2013 16:00:00,9.06800,@NG,1,1,-260.00,0.0470,200.0000,-550.0000,
TRADE,04/11/2013 20:00:00,8.87600,06/11/2013 16:00:00,8.95900,@NG,1,1,830.00,0.0280,1000.0000,-680.0000,
TRADE,08/11/2013 17:00:00,8.99400,12/11/2013 08:00:00,9.05000,@NG,-1,1,-560.00,0.0450,230.0000,-530.0000,
TRADE,18/11/2013 20:00:00,9.04500,19/11/2013 16:00:00,8.97800,@NG,1,1,-670.00,0.0730,310.0000,-660.0000,
TRADE,25/11/2013 20:00:00,9.23200,27/11/2013 16:00:00,9.26900,@NG,1,1,370.00,0.0620,660.0000,-600.0000,
TRADE,27/11/2013 20:00:00,9.29000,02/12/2013 08:00:00,9.31400,@NG,-1,1,-240.00,0.0380,310.0000,-580.0000,
TRADE,04/12/2013 20:00:00,9.35000,05/12/2013 12:00:00,9.41200,@NG,-1,1,-620.00,0.0420,130.0000,-480.0000,
TRADE,08/12/2013 20:00:00,9.53400,09/12/2013 12:00:00,9.61200,@NG,-1,1,-780.00,0.0140,90.0000,-770.0000,
TRADE,09/12/2013 20:00:00,9.62400,11/12/2013 16:00:00,9.66000,@NG,1,1,360.00,0.0420,490.0000,-660.0000,
TRADE,13/12/2013 17:00:00,9.77100,18/12/2013 04:00:00,9.68600,@NG,-1,1,850.00,0.0530,1910.0000,-140.0000,
TRADE,20/12/2013 17:00:00,9.80900,22/12/2013 20:00:00,9.90700,@NG,-1,1,-980.00,0.0760,30.0000,-960.0000,
TRADE,23/12/2013 20:00:00,9.86000,24/12/2013 12:00:00,9.78400,@NG,1,1,-760.00,0.0420,120.0000,-750.0000,
TRADE,27/12/2013 17:00:00,9.68000,31/12/2013 12:00:00,9.69100,@NG,1,1,110.00,0.0830,1250.0000,-150.0000,
TRADE,02/01/2014 20:00:00,9.63600,03/01/2014 12:00:00,9.55000,@NG,1,1,-860.00,0.0540,190.0000,-540.0000,
TRADE,05/01/2014 20:00:00,9.64600,07/01/2014 12:00:00,9.75000,@NG,-1,1,-1040.00,0.0090,470.0000,-660.0000,
TRADE,08/01/2014 20:00:00,9.54500,13/01/2014 04:00:00,9.46100,@NG,-1,1,840.00,0.0740,2590.0000,-10.0000,
TRADE,13/01/2014 20:00:00,9.63700,15/01/2014 16:00:00,9.75400,@NG,1,1,1170.00,0.0800,1280.0000,-170.0000,
TRADE,17/01/2014 17:00:00,9.63300,21/01/2014 12:00:00,9.71900,@NG,-1,1,-860.00,0.0880,970.0000,-800.0000,
TRADE,21/01/2014 20:00:00,9.77100,23/01/2014 16:00:00,10.14800,@NG,1,1,3770.00,0.0620,5090.0000,-50.0000,
TRADE,26/01/2014 20:00:00,10.48600,26/01/2014 20:00:00,10.69500,@NG,-1,1,-2090.00,0.0520,60.0000,0.0000,
TRADE,27/01/2014 20:00:00,10.25500,29/01/2014 16:00:00,10.54700,@NG,1,1,2920.00,0.2180,3350.0000,-590.0000,
TRADE,31/01/2014 17:00:00,10.40700,04/02/2014 12:00:00,10.62000,@NG,-1,1,-2130.00,0.2030,1500.0000,-2120.0000,
TRADE,06/02/2014 20:00:00,10.52100,11/02/2014 04:00:00,10.12000,@NG,-1,1,4010.00,0.1910,4520.0000,-340.0000,
TRADE,18/02/2014 20:00:00,11.06900,20/02/2014 16:00:00,11.61100,@NG,1,1,5420.00,0.1820,8370.0000,-50.0000,
TRADE,24/02/2014 20:00:00,10.98400,26/02/2014 16:00:00,10.89000,@NG,1,1,-940.00,0.2900,1210.0000,-1700.0000,
TRADE,03/03/2014 20:00:00,10.82300,05/03/2014 16:00:00,10.92000,@NG,1,1,970.00,0.1150,2300.0000,-20.0000,
TRADE,10/03/2014 20:00:00,10.97800,12/03/2014 12:00:00,10.85400,@NG,1,1,-1240.00,0.0810,360.0000,-1190.0000,
TRADE,12/03/2014 20:00:00,10.84000,13/03/2014 12:00:00,10.73500,@NG,1,1,-1050.00,0.0620,0.0000,-970.0000,
TRADE,20/03/2014 20:00:00,10.70900,21/03/2014 12:00:00,10.62100,@NG,1,1,-880.00,0.0430,0.0000,-840.0000,
TRADE,26/03/2014 20:00:00,10.71300,28/03/2014 16:00:00,10.84300,@NG,1,1,1300.00,0.0590,1850.0000,-180.0000,
TRADE,31/03/2014 20:00:00,10.71100,01/04/2014 12:00:00,10.62700,@NG,1,1,-840.00,0.0430,70.0000,-820.0000,
TRADE,07/04/2014 20:00:00,10.80500,09/04/2014 16:00:00,10.89300,@NG,1,1,880.00,0.0590,1050.0000,-210.0000,
TRADE,14/04/2014 20:00:00,10.88700,16/04/2014 16:00:00,10.87900,@NG,1,1,-80.00,0.0290,740.0000,-480.0000,
TRADE,21/04/2014,11.07000,23/04/2014 12:00:00,11.09200,@NG,-1,1,-220.00,0.0640,650.0000,-460.0000,
TRADE,28/04/2014 20:00:00,11.08300,30/04/2014 16:00:00,11.08200,@NG,1,1,-10.00,0.0520,750.0000,-220.0000,
TRADE,02/05/2014 17:00:00,11.00200,04/05/2014 20:00:00,11.08500,@NG,-1,1,-830.00,0.0340,60.0000,-830.0000,
TRADE,05/05/2014 20:00:00,11.00700,07/05/2014 16:00:00,11.05200,@NG,1,1,450.00,0.0380,1300.0000,-60.0000,
TRADE,09/05/2014 17:00:00,10.84200,14/05/2014 04:00:00,10.67000,@NG,-1,1,1720.00,0.0360,1850.0000,-170.0000,
TRADE,16/05/2014 17:00:00,10.72400,19/05/2014 12:00:00,10.80900,@NG,-1,1,-850.00,0.0390,240.0000,-830.0000,
TRADE,19/05/2014 20:00:00,10.78300,21/05/2014 16:00:00,10.84600,@NG,1,1,630.00,0.0630,1020.0000,-430.0000,
TRADE,27/05/2014 20:00:00,10.80000,29/05/2014 16:00:00,10.92500,@NG,1,1,1250.00,0.0430,1750.0000,-20.0000,
TRADE,30/05/2014 17:00:00,10.86800,03/06/2014 08:00:00,10.93800,@NG,-1,1,-700.00,0.0620,360.0000,-650.0000,
TRADE,06/06/2014 17:00:00,11.03700,11/06/2014 04:00:00,10.84500,@NG,-1,1,1920.00,0.0380,2070.0000,-160.0000,
TRADE,11/06/2014 20:00:00,10.83200,12/06/2014 12:00:00,10.89400,@NG,-1,1,-620.00,0.0480,60.0000,-350.0000,
TRADE,13/06/2014 17:00:00,11.05700,15/06/2014 20:00:00,11.14900,@NG,-1,1,-920.00,0.0440,0.0000,-130.0000,
TRADE,16/06/2014 20:00:00,11.02400,18/06/2014 16:00:00,11.01100,@NG,1,1,-130.00,0.0870,590.0000,-420.0000,
TRADE,20/06/2014 17:00:00,10.87200,25/06/2014 04:00:00,10.83500,@NG,-1,1,370.00,0.0450,1310.0000,-150.0000,
TRADE,25/06/2014 20:00:00,10.86000,26/06/2014 12:00:00,10.79100,@NG,1,1,-690.00,0.0530,370.0000,-340.0000,
TRADE,27/06/2014 17:00:00,10.71500,02/07/2014 04:00:00,10.73700,@NG,-1,1,-220.00,0.0550,480.0000,-670.0000,
TRADE,07/07/2014 20:00:00,10.53000,08/07/2014 08:00:00,10.47300,@NG,1,1,-570.00,0.0540,40.0000,-550.0000,
TRADE,14/07/2014 20:00:00,10.44200,15/07/2014 16:00:00,10.37500,@NG,1,1,-670.00,0.0410,50.0000,-660.0000,
TRADE,18/07/2014 17:00:00,10.23600,23/07/2014 04:00:00,10.06100,@NG,-1,1,1750.00,0.0290,1920.0000,-80.0000,
TRADE,28/07/2014 20:00:00,10.04900,30/07/2014 16:00:00,10.04700,@NG,1,1,-20.00,0.0450,650.0000,-270.0000,
TRADE,01/08/2014 17:00:00,10.08100,05/08/2014 12:00:00,10.14700,@NG,-1,1,-660.00,0.0600,370.0000,-640.0000,
TRADE,08/08/2014 17:00:00,10.25200,13/08/2014 04:00:00,10.24900,@NG,-1,1,30.00,0.0610,470.0000,-510.0000,
TRADE,15/08/2014 17:00:00,10.07400,19/08/2014 08:00:00,10.13800,@NG,-1,1,-640.00,0.0280,640.0000,-560.0000,
TRADE,22/08/2014 17:00:00,10.12900,25/08/2014 08:00:00,10.21300,@NG,-1,1,-840.00,0.0450,40.0000,-740.0000,
TRADE,25/08/2014 20:00:00,10.22200,27/08/2014 16:00:00,10.21800,@NG,1,1,-40.00,0.0390,510.0000,-450.0000,
TRADE,29/08/2014 17:00:00,10.32000,03/09/2014 04:00:00,10.14300,@NG,-1,1,1770.00,0.0520,1940.0000,-60.0000,
TRADE,03/09/2014 20:00:00,10.09700,08/09/2014 04:00:00,10.02800,@NG,-1,1,690.00,0.0420,950.0000,-230.0000,
TRADE,08/09/2014 20:00:00,10.11900,10/09/2014 16:00:00,10.19900,@NG,1,1,800.00,0.0320,1380.0000,-250.0000,
TRADE,10/09/2014 20:00:00,10.19200,15/09/2014 04:00:00,10.10000,@NG,-1,1,920.00,0.0310,1650.0000,-120.0000,
TRADE,15/09/2014 20:00:00,10.16300,16/09/2014 12:00:00,10.10500,@NG,1,1,-580.00,0.0350,180.0000,-510.0000,
TRADE,19/09/2014 17:00:00,10.08000,23/09/2014 08:00:00,10.13700,@NG,-1,1,-570.00,0.0220,350.0000,-390.0000,
TRADE,26/09/2014 17:00:00,10.21200,29/09/2014 16:00:00,10.29500,@NG,-1,1,-830.00,0.0660,140.0000,-730.0000,
TRADE,29/09/2014 20:00:00,10.30200,01/10/2014 16:00:00,10.32400,@NG,1,1,220.00,0.0890,690.0000,-170.0000,
TRADE,03/10/2014 17:00:00,10.21900,08/10/2014 04:00:00,10.11100,@NG,-1,1,1080.00,0.0530,1660.0000,-50.0000,
TRADE,10/10/2014 17:00:00,10.04800,14/10/2014 04:00:00,10.11500,@NG,-1,1,-670.00,0.0480,410.0000,-670.0000,
TRADE,15/10/2014 20:00:00,9.99500,20/10/2014 04:00:00,9.91100,@NG,-1,1,840.00,0.0350,940.0000,-260.0000,
TRADE,20/10/2014 20:00:00,9.86300,22/10/2014 16:00:00,9.88500,@NG,1,1,220.00,0.0260,420.0000,-450.0000,
TRADE,24/10/2014 17:00:00,9.81400,29/10/2014 04:00:00,9.84800,@NG,-1,1,-340.00,0.0510,830.0000,-600.0000,
TRADE,30/10/2014 20:00:00,9.94500,31/10/2014 08:00:00,10.02200,@NG,-1,1,-770.00,0.0370,20.0000,-530.0000,
TRADE,02/11/2014 20:00:00,10.11800,04/11/2014 16:00:00,10.23100,@NG,-1,1,-1130.00,0.0160,180.0000,-1170.0000,
TRADE,09/11/2014 20:00:00,10.62000,12/11/2014 08:00:00,10.30600,@NG,-1,1,3140.00,0.0140,3880.0000,-350.0000,
TRADE,12/11/2014 20:00:00,10.27500,17/11/2014 04:00:00,10.25100,@NG,-1,1,240.00,0.0680,2330.0000,-240.0000,
TRADE,17/11/2014 20:00:00,10.41000,18/11/2014 12:00:00,10.27500,@NG,1,1,-1350.00,0.1610,280.0000,-1210.0000,
TRADE,21/11/2014 17:00:00,10.36200,26/11/2014 04:00:00,10.36000,@NG,-1,1,20.00,0.0990,2470.0000,-490.0000,
TRADE,30/11/2014 20:00:00,9.93500,02/12/2014 16:00:00,9.86700,@NG,1,1,-680.00,0.1140,660.0000,-940.0000,
TRADE,08/12/2014 20:00:00,9.58400,10/12/2014 16:00:00,9.64300,@NG,1,1,590.00,0.0760,850.0000,-270.0000,
TRADE,15/12/2014 20:00:00,9.69700,17/12/2014 16:00:00,9.64700,@NG,1,1,-500.00,0.0860,520.0000,-1320.0000,
TRADE,18/12/2014 20:00:00,9.63000,19/12/2014 12:00:00,9.52100,@NG,1,1,-1090.00,0.0540,70.0000,-1020.0000,
TRADE,22/12/2014 20:00:00,9.15700,24/12/2014 12:00:00,9.01700,@NG,1,1,-1400.00,0.1220,370.0000,-1310.0000,
TRADE,29/12/2014 20:00:00,9.09100,30/12/2014 12:00:00,9.00200,@NG,1,1,-890.00,0.0900,50.0000,-860.0000,
TRADE,02/01/2015 17:00:00,8.87700,06/01/2015 12:00:00,8.81600,@NG,1,1,-610.00,0.1410,2170.0000,-1470.0000,
TRADE,06/01/2015 20:00:00,8.86700,09/01/2015 08:00:00,8.89900,@NG,-1,1,-320.00,0.1040,1330.0000,-630.0000,
TRADE,12/01/2015 20:00:00,8.72300,14/01/2015 16:00:00,9.08600,@NG,1,1,3630.00,0.0400,3650.0000,-100.0000,
TRADE,16/01/2015 17:00:00,9.02100,21/01/2015 04:00:00,8.82800,@NG,-1,1,1930.00,0.0960,2820.0000,-30.0000,
TRADE,27/01/2015 20:00:00,8.84600,28/01/2015 16:00:00,8.75000,@NG,1,1,-960.00,0.0730,10.0000,-950.0000,
TRADE,30/01/2015 17:00:00,8.63000,03/02/2015 16:00:00,8.72000,@NG,-1,1,-900.00,0.0560,730.0000,-880.0000,
TRADE,09/02/2015 20:00:00,8.55800,11/02/2015 16:00:00,8.72600,@NG,1,1,1680.00,0.0480,2480.0000,-30.0000,
TRADE,17/02/2015 20:00:00,8.72700,19/02/2015 16:00:00,8.74700,@NG,1,1,200.00,0.0910,1070.0000,-460.0000,
TRADE,24/02/2015 20:00:00,8.82200,26/02/2015 12:00:00,8.71900,@NG,1,1,-1030.00,0.1000,610.0000,-1010.0000,
TRADE,27/02/2015 17:00:00,8.64700,04/03/2015 04:00:00,8.67600,@NG,-1,1,-290.00,0.0330,710.0000,-410.0000,
TRADE,09/03/2015 20:00:00,8.62300,11/03/2015 16:00:00,8.75500,@NG,1,1,1320.00,0.0670,1600.0000,-260.0000,
TRADE,13/03/2015 17:00:00,8.66200,17/03/2015 04:00:00,8.72900,@NG,-1,1,-670.00,0.0460,470.0000,-650.0000,
TRADE,22/03/2015 20:00:00,8.67600,25/03/2015 08:00:00,8.64500,@NG,-1,1,310.00,0.0110,500.0000,-680.0000,
TRADE,30/03/2015 20:00:00,8.55100,01/04/2015 12:00:00,8.49800,@NG,1,1,-530.00,0.0280,460.0000,-470.0000,
TRADE,06/04/2015,8.60300,08/04/2015 12:00:00,8.54800,@NG,-1,1,550.00,0.0340,710.0000,-170.0000,
TRADE,10/04/2015 17:00:00,8.42300,15/04/2015 04:00:00,8.42700,@NG,-1,1,-40.00,0.0430,370.0000,-400.0000,
TRADE,17/04/2015 17:00:00,8.54800,22/04/2015 04:00:00,8.47200,@NG,-1,1,760.00,0.0240,1040.0000,-60.0000,
TRADE,27/04/2015 20:00:00,8.38100,29/04/2015 16:00:00,8.46700,@NG,1,1,860.00,0.0230,880.0000,-210.0000,
TRADE,01/05/2015 17:00:00,8.64800,06/05/2015 04:00:00,8.65400,@NG,-1,1,-60.00,0.0310,380.0000,-480.0000,
TRADE,10/05/2015 20:00:00,8.78600,13/05/2015 08:00:00,8.77400,@NG,-1,1,120.00,0.0130,1290.0000,-210.0000,
TRADE,18/05/2015 20:00:00,8.89300,19/05/2015 12:00:00,8.83000,@NG,1,1,-630.00,0.0250,840.0000,-560.0000,
TRADE,20/05/2015 20:00:00,8.80600,21/05/2015 12:00:00,8.89100,@NG,-1,1,-850.00,0.0840,140.0000,-330.0000,
TRADE,26/05/2015 20:00:00,8.69200,28/05/2015 12:00:00,8.63400,@NG,1,1,-580.00,0.0370,640.0000,-510.0000,
TRADE,29/05/2015 17:00:00,8.49500,02/06/2015 20:00:00,8.55600,@NG,-1,1,-610.00,0.0310,550.0000,-520.0000,
TRADE,05/06/2015 17:00:00,8.43000,08/06/2015 12:00:00,8.49000,@NG,-1,1,-600.00,0.0150,50.0000,-550.0000,
TRADE,08/06/2015 20:00:00,8.54700,10/06/2015 16:00:00,8.70000,@NG,1,1,1530.00,0.0420,2160.0000,-100.0000,
TRADE,12/06/2015 17:00:00,8.59800,15/06/2015 08:00:00,8.67100,@NG,-1,1,-730.00,0.0620,40.0000,-670.0000,
TRADE,15/06/2015 20:00:00,8.74200,17/06/2015 16:00:00,8.72100,@NG,1,1,-210.00,0.0520,540.0000,-700.0000,
TRADE,18/06/2015 20:00:00,8.63200,23/06/2015 04:00:00,8.56200,@NG,-1,1,700.00,0.0350,760.0000,-460.0000,
TRADE,25/06/2015 20:00:00,8.67900,26/06/2015 12:00:00,8.61700,@NG,1,1,-620.00,0.0440,90.0000,-560.0000,
TRADE,28/06/2015 20:00:00,8.57500,29/06/2015 12:00:00,8.63900,@NG,-1,1,-640.00,0.0110,200.0000,-560.0000,
TRADE,29/06/2015 20:00:00,8.62100,01/07/2015 16:00:00,8.60100,@NG,1,1,-200.00,0.0790,550.0000,-490.0000,
TRADE,05/07/2015 20:00:00,8.59100,08/07/2015 08:00:00,8.55300,@NG,-1,1,380.00,0.0230,830.0000,-290.0000,
TRADE,08/07/2015 20:00:00,8.50900,10/07/2015 08:00:00,8.56900,@NG,-1,1,-600.00,0.0470,450.0000,-570.0000,
TRADE,13/07/2015 20:00:00,8.67800,15/07/2015 16:00:00,8.71400,@NG,1,1,360.00,0.0410,760.0000,-360.0000,
TRADE,15/07/2015 20:00:00,8.72900,20/07/2015 04:00:00,8.65000,@NG,-1,1,790.00,0.0360,860.0000,-210.0000,
TRADE,20/07/2015 20:00:00,8.64600,22/07/2015 16:00:00,8.69200,@NG,1,1,460.00,0.0680,890.0000,-40.0000,
TRADE,24/07/2015 17:00:00,8.60300,28/07/2015 12:00:00,8.65700,@NG,-1,1,-540.00,0.0350,480.0000,-510.0000,
TRADE,28/07/2015 20:00:00,8.63500,30/07/2015 16:00:00,8.61000,@NG,1,1,-250.00,0.0570,810.0000,-330.0000,
TRADE,31/07/2015 17:00:00,8.54300,03/08/2015 12:00:00,8.59900,@NG,-1,1,-560.00,0.0320,100.0000,-540.0000,
TRADE,03/08/2015 20:00:00,8.57300,05/08/2015 16:00:00,8.64000,@NG,1,1,670.00,0.0490,1110.0000,-50.0000,
TRADE,07/08/2015 17:00:00,8.61900,11/08/2015 20:00:00,8.67800,@NG,-1,1,-590.00,0.0560,140.0000,-570.0000,
TRADE,14/08/2015 17:00:00,8.62900,19/08/2015 04:00:00,8.52500,@NG,-1,1,1040.00,0.0270,1280.0000,-30.0000,
TRADE,24/08/2015 20:00:00,8.49000,26/08/2015 16:00:00,8.51500,@NG,1,1,250.00,0.0250,470.0000,-170.0000,
TRADE,26/08/2015 20:00:00,8.50400,27/08/2015 12:00:00,8.45400,@NG,1,1,-500.00,0.0230,160.0000,-290.0000,
TRADE,28/08/2015 17:00:00,8.53100,02/09/2015 04:00:00,8.47900,@NG,-1,1,520.00,0.0180,760.0000,-40.0000,
TRADE,04/09/2015 17:00:00,8.46600,07/09/2015 12:00:00,8.51300,@NG,-1,1,-470.00,0.0320,130.0000,-440.0000,
TRADE,08/09/2015 20:00:00,8.51700,09/09/2015 12:00:00,8.47600,@NG,1,1,-410.00,0.0260,30.0000,-400.0000,
TRADE,11/09/2015 17:00:00,8.50900,14/09/2015 16:00:00,8.55900,@NG,-1,1,-500.00,0.0180,60.0000,-490.0000,
TRADE,14/09/2015 20:00:00,8.56900,16/09/2015 08:00:00,8.52100,@NG,1,1,-480.00,0.0520,370.0000,-460.0000,
TRADE,21/09/2015 20:00:00,8.38400,23/09/2015 16:00:00,8.38400,@NG,1,1,0.00,0.0360,320.0000,-100.0000,
TRADE,28/09/2015 20:00:00,8.39800,29/09/2015 16:00:00,8.33600,@NG,1,1,-620.00,0.0480,40.0000,-620.0000,
TRADE,02/10/2015 17:00:00,8.18100,07/10/2015 04:00:00,8.18600,@NG,-1,1,-50.00,0.0340,230.0000,-390.0000,
TRADE,09/10/2015 17:00:00,8.24900,14/10/2015 04:00:00,8.22400,@NG,-1,1,250.00,0.0320,330.0000,-390.0000,
TRADE,16/10/2015 17:00:00,8.15300,20/10/2015 04:00:00,8.20100,@NG,-1,1,-480.00,0.0140,30.0000,-570.0000,
TRADE,22/10/2015 20:00:00,8.10800,27/10/2015 04:00:00,7.80200,@NG,-1,1,3060.00,0.0350,3290.0000,-20.0000,
TRADE,01/11/2015 20:00:00,7.70700,04/11/2015 08:00:00,7.71300,@NG,-1,1,-60.00,0.0300,370.0000,-250.0000,
TRADE,08/11/2015 20:00:00,7.81200,11/11/2015 08:00:00,7.74700,@NG,-1,1,650.00,0.0120,990.0000,-140.0000,
TRADE,12/11/2015 20:00:00,7.72400,13/11/2015 12:00:00,7.79200,@NG,-1,1,-680.00,0.0430,10.0000,-620.0000,
TRADE,15/11/2015 20:00:00,7.88800,18/11/2015 08:00:00,7.84500,@NG,-1,1,430.00,0.0140,1640.0000,-110.0000,
TRADE,18/11/2015 20:00:00,7.77300,23/11/2015 04:00:00,7.51200,@NG,-1,1,2610.00,0.0270,2610.0000,-420.0000,
TRADE,23/11/2015 20:00:00,7.64400,25/11/2015 16:00:00,7.64200,@NG,1,1,-20.00,0.0680,160.0000,-680.0000,
TRADE,29/11/2015 20:00:00,7.49300,01/12/2015 16:00:00,7.52100,@NG,1,1,280.00,0.0230,840.0000,0.0000,
TRADE,07/12/2015 20:00:00,7.38600,09/12/2015 16:00:00,7.37700,@NG,1,1,-90.00,0.0310,500.0000,-540.0000,
TRADE,11/12/2015 17:00:00,7.29300,16/12/2015 04:00:00,7.11900,@NG,-1,1,1740.00,0.0360,1800.0000,-90.0000,
TRADE,18/12/2015 17:00:00,7.09200,21/12/2015 12:00:00,7.19000,@NG,-1,1,-980.00,0.0310,100.0000,-860.0000,
TRADE,21/12/2015 20:00:00,7.24900,23/12/2015 16:00:00,7.23500,@NG,1,1,-140.00,0.0590,80.0000,-680.0000,
TRADE,28/12/2015 20:00:00,7.53100,30/12/2015 16:00:00,7.46800,@NG,1,1,-630.00,0.0650,1230.0000,-710.0000,
TRADE,04/01/2016,7.60000,06/01/2016 12:00:00,7.57300,@NG,-1,1,270.00,0.0420,930.0000,-430.0000,
TRADE,08/01/2016 17:00:00,7.74500,13/01/2016 04:00:00,7.53400,@NG,-1,1,2110.00,0.0750,2360.0000,-30.0000,
TRADE,19/01/2016 20:00:00,7.35600,21/01/2016 16:00:00,7.43300,@NG,1,1,770.00,0.0360,1010.0000,-210.0000,
TRADE,26/01/2016 20:00:00,7.42600,28/01/2016 16:00:00,7.43100,@NG,1,1,50.00,0.0380,550.0000,-670.0000,
TRADE,31/01/2016 20:00:00,7.48400,03/02/2016 08:00:00,7.29600,@NG,-1,1,1880.00,0.0100,2370.0000,-150.0000,
TRADE,03/02/2016 20:00:00,7.32600,07/02/2016 20:00:00,7.38900,@NG,-1,1,-630.00,0.0370,1010.0000,-620.0000,
TRADE,08/02/2016 20:00:00,7.40100,10/02/2016 08:00:00,7.34000,@NG,1,1,-610.00,0.0440,40.0000,-650.0000,
TRADE,16/02/2016 20:00:00,7.18600,18/02/2016 16:00:00,7.17000,@NG,1,1,-160.00,0.0300,450.0000,-490.0000,
TRADE,24/02/2016 20:00:00,7.05900,25/02/2016 12:00:00,7.00100,@NG,1,1,-580.00,0.0320,20.0000,-500.0000,
TRADE,26/02/2016 17:00:00,7.01300,02/03/2016 04:00:00,6.92300,@NG,-1,1,900.00,0.0650,1040.0000,-70.0000,
TRADE,02/03/2016 20:00:00,6.89100,07/03/2016 04:00:00,6.84400,@NG,-1,1,470.00,0.0440,560.0000,-280.0000,
TRADE,07/03/2016 20:00:00,6.94400,09/03/2016 16:00:00,6.99800,@NG,1,1,540.00,0.0480,630.0000,-420.0000,
TRADE,14/03/2016 20:00:00,7.04300,16/03/2016 16:00:00,7.07900,@NG,1,1,360.00,0.0370,790.0000,-110.0000,
TRADE,21/03/2016 20:00:00,7.04400,23/03/2016 16:00:00,7.06900,@NG,1,1,250.00,0.0620,790.0000,-240.0000,
TRADE,28/03/2016 20:00:00,7.08100,30/03/2016 16:00:00,7.12300,@NG,1,1,420.00,0.0490,820.0000,-190.0000,
TRADE,30/03/2016 20:00:00,7.14000,04/04/2016 04:00:00,7.13700,@NG,-1,1,30.00,0.0380,670.0000,-360.0000,
TRADE,04/04/2016 20:00:00,7.15600,05/04/2016 16:00:00,7.08500,@NG,1,1,-710.00,0.0530,330.0000,-670.0000,
TRADE,06/04/2016 20:00:00,7.04900,07/04/2016 12:00:00,7.10000,@NG,-1,1,-510.00,0.0220,90.0000,-480.0000,
TRADE,10/04/2016 20:00:00,7.09900,12/04/2016 16:00:00,7.15100,@NG,-1,1,-520.00,0.0070,440.0000,-350.0000,
TRADE,17/04/2016 20:00:00,7.03000,18/04/2016 08:00:00,7.08200,@NG,-1,1,-520.00,0.0070,100.0000,-480.0000,
TRADE,18/04/2016 20:00:00,7.08400,20/04/2016 16:00:00,7.26600,@NG,1,1,1820.00,0.0340,2010.0000,-110.0000,
TRADE,21/04/2016 20:00:00,7.20900,22/04/2016 16:00:00,7.28100,@NG,-1,1,-720.00,0.0330,270.0000,-640.0000,
TRADE,25/04/2016 20:00:00,7.21900,27/04/2016 12:00:00,7.15700,@NG,1,1,-620.00,0.0300,130.0000,-630.0000,
TRADE,01/05/2016 20:00:00,7.15600,04/05/2016 08:00:00,7.10900,@NG,-1,1,470.00,0.0140,1060.0000,-110.0000,
TRADE,06/05/2016 17:00:00,7.11900,10/05/2016 08:00:00,7.16500,@NG,-1,1,-460.00,0.0230,150.0000,-450.0000,
TRADE,15/05/2016 20:00:00,7.10400,18/05/2016 08:00:00,7.07400,@NG,-1,1,300.00,0.0110,570.0000,-70.0000,
TRADE,20/05/2016 17:00:00,7.07800,22/05/2016 20:00:00,7.13200,@NG,-1,1,-540.00,0.0270,100.0000,-530.0000,
TRADE,23/05/2016 20:00:00,7.08600,24/05/2016 12:00:00,7.02800,@NG,1,1,-580.00,0.0370,250.0000,-540.0000,
TRADE,31/05/2016 20:00:00,7.13700,02/06/2016 16:00:00,7.25300,@NG,1,1,1160.00,0.0360,1340.0000,-20.0000,
TRADE,05/06/2016 20:00:00,7.29700,08/06/2016 08:00:00,7.34300,@NG,-1,1,-460.00,0.0070,400.0000,-560.0000,
TRADE,10/06/2016 17:00:00,7.43100,15/06/2016 04:00:00,7.46200,@NG,-1,1,-310.00,0.0340,380.0000,-620.0000,
TRADE,17/06/2016 17:00:00,7.50200,20/06/2016 12:00:00,7.56900,@NG,-1,1,-670.00,0.0460,70.0000,-630.0000,
TRADE,20/06/2016 20:00:00,7.59200,22/06/2016 16:00:00,7.62100,@NG,1,1,290.00,0.0320,520.0000,-240.0000,
TRADE,27/06/2016 20:00:00,7.58700,29/06/2016 16:00:00,7.71800,@NG,1,1,1310.00,0.0580,2130.0000,-180.0000,
TRADE,01/07/2016 17:00:00,7.81500,06/07/2016 04:00:00,7.60400,@NG,-1,1,2110.00,0.0460,2370.0000,-10.0000,
TRADE,06/07/2016 20:00:00,7.61900,11/07/2016 04:00:00,7.66700,@NG,-1,1,-480.00,0.0360,680.0000,-540.0000,
TRADE,11/07/2016 20:00:00,7.53700,13/07/2016 16:00:00,7.54700,@NG,1,1,100.00,0.0460,880.0000,-240.0000,
TRADE,18/07/2016 20:00:00,7.55700,20/07/2016 12:00:00,7.49300,@NG,1,1,-640.00,0.0610,560.0000,-600.0000,
TRADE,26/07/2016 20:00:00,7.52800,28/07/2016 16:00:00,7.71800,@NG,1,1,1900.00,0.0540,1970.0000,-220.0000,
TRADE,29/07/2016 17:00:00,7.72400,03/08/2016 04:00:00,7.59200,@NG,-1,1,1320.00,0.0440,1370.0000,-130.0000,
TRADE,08/08/2016 20:00:00,7.60700,09/08/2016 08:00:00,7.55500,@NG,1,1,-520.00,0.0430,0.0000,-500.0000,
TRADE,10/08/2016 20:00:00,7.42900,15/08/2016 04:00:00,7.43400,@NG,-1,1,-50.00,0.0360,450.0000,-570.0000,
TRADE,15/08/2016 20:00:00,7.45300,17/08/2016 16:00:00,7.48300,@NG,1,1,300.00,0.0300,560.0000,-120.0000,
TRADE,22/08/2016 20:00:00,7.53900,24/08/2016 16:00:00,7.64900,@NG,1,1,1100.00,0.0360,1330.0000,-260.0000,
TRADE,26/08/2016 17:00:00,7.71400,30/08/2016 12:00:00,7.73400,@NG,1,1,200.00,0.0570,400.0000,-280.0000,
TRADE,06/09/2016 20:00:00,7.54100,07/09/2016 12:00:00,7.50000,@NG,1,1,-410.00,0.0310,240.0000,-380.0000,
TRADE,09/09/2016 17:00:00,7.61200,11/09/2016 20:00:00,7.66800,@NG,-1,1,-560.00,0.0340,0.0000,-490.0000,
TRADE,12/09/2016 20:00:00,7.71800,14/09/2016 16:00:00,7.68900,@NG,1,1,-290.00,0.0290,820.0000,-440.0000,
TRADE,19/09/2016 20:00:00,7.75700,21/09/2016 16:00:00,7.87600,@NG,1,1,1190.00,0.0260,1630.0000,0.0000,
TRADE,21/09/2016 20:00:00,7.88800,26/09/2016 04:00:00,7.79800,@NG,-1,1,900.00,0.0320,1330.0000,-250.0000,
TRADE,27/09/2016 20:00:00,7.81000,28/09/2016 08:00:00,7.74900,@NG,1,1,-610.00,0.0320,20.0000,-460.0000,
TRADE,02/10/2016 20:00:00,7.66900,04/10/2016 16:00:00,7.73500,@NG,-1,1,-660.00,0.0170,390.0000,-650.0000,
TRADE,09/10/2016 20:00:00,7.95800,10/10/2016 12:00:00,8.04500,@NG,-1,1,-870.00,0.0230,400.0000,-680.0000,
TRADE,10/10/2016 20:00:00,8.03200,12/10/2016 08:00:00,7.96500,@NG,1,1,-670.00,0.0410,320.0000,-660.0000,
TRADE,14/10/2016 17:00:00,8.04600,19/10/2016 04:00:00,8.01400,@NG,-1,1,320.00,0.0270,710.0000,-350.0000,
TRADE,24/10/2016 20:00:00,7.61200,26/10/2016 08:00:00,7.51400,@NG,1,1,-980.00,0.0700,310.0000,-1070.0000,
TRADE,28/10/2016 17:00:00,7.50400,02/11/2016 04:00:00,7.23500,@NG,-1,1,2690.00,0.0580,2790.0000,-480.0000,
TRADE,03/11/2016 20:00:00,7.15400,06/11/2016 20:00:00,7.24400,@NG,-1,1,-900.00,0.0770,240.0000,-830.0000,
TRADE,07/11/2016 20:00:00,7.21800,08/11/2016 08:00:00,7.13200,@NG,1,1,-860.00,0.0500,270.0000,-780.0000,
TRADE,09/11/2016 20:00:00,7.07400,14/11/2016 04:00:00,7.06500,@NG,-1,1,90.00,0.1210,1300.0000,-430.0000,
TRADE,14/11/2016 20:00:00,7.14200,16/11/2016 16:00:00,7.14800,@NG,1,1,60.00,0.0430,690.0000,-840.0000,
TRADE,21/11/2016 20:00:00,7.35000,23/11/2016 16:00:00,7.38600,@NG,1,1,360.00,0.0410,530.0000,-480.0000,
TRADE,28/11/2016 20:00:00,7.60800,30/11/2016 16:00:00,7.59000,@NG,1,1,-180.00,0.0450,230.0000,-670.0000,
TRADE,05/12/2016 20:00:00,7.85200,07/12/2016 16:00:00,7.94200,@NG,1,1,900.00,0.0680,1600.0000,-140.0000,
TRADE,09/12/2016 17:00:00,8.00000,14/12/2016 04:00:00,7.74000,@NG,-1,1,2600.00,0.0970,2880.0000,-10.0000,
TRADE,19/12/2016 20:00:00,7.66300,20/12/2016 12:00:00,7.57100,@NG,1,1,-920.00,0.0470,100.0000,-860.0000,
TRADE,27/12/2016 20:00:00,7.99000,29/12/2016 16:00:00,8.03300,@NG,1,1,430.00,0.0420,1600.0000,-720.0000,
TRADE,03/01/2017 20:00:00,7.58900,05/01/2017 12:00:00,7.47800,@NG,1,1,-1110.00,0.0940,170.0000,-1090.0000,
TRADE,06/01/2017 17:00:00,7.51800,11/01/2017 04:00:00,7.49900,@NG,-1,1,190.00,0.0570,1720.0000,-570.0000,
TRADE,13/01/2017 17:00:00,7.65900,17/01/2017 04:00:00,7.74100,@NG,-1,1,-820.00,0.0280,110.0000,-840.0000,
TRADE,17/01/2017 20:00:00,7.63400,18/01/2017 16:00:00,7.54500,@NG,1,1,-890.00,0.0520,510.0000,-880.0000,
TRADE,23/01/2017 20:00:00,7.50900,25/01/2017 16:00:00,7.56800,@NG,1,1,590.00,0.0660,920.0000,-60.0000,
TRADE,26/01/2017 20:00:00,7.62100,27/01/2017 04:00:00,7.52400,@NG,1,1,-970.00,0.1160,0.0000,-940.0000,
TRADE,29/01/2017 20:00:00,7.53400,01/02/2017 08:00:00,7.43600,@NG,-1,1,980.00,0.0200,1900.0000,-420.0000,
TRADE,01/02/2017 20:00:00,7.39500,06/02/2017 04:00:00,7.28600,@NG,-1,1,1090.00,0.0360,1520.0000,-480.0000,
TRADE,06/02/2017 20:00:00,7.28500,08/02/2017 16:00:00,7.34900,@NG,1,1,640.00,0.0240,1050.0000,0.0000,
TRADE,13/02/2017 20:00:00,7.18000,15/02/2017 16:00:00,7.19300,@NG,1,1,130.00,0.0270,480.0000,-590.0000,
TRADE,21/02/2017 20:00:00,6.81300,23/02/2017 16:00:00,6.89500,@NG,1,1,820.00,0.0560,1250.0000,-570.0000,
TRADE,23/02/2017 20:00:00,6.87200,27/02/2017 08:00:00,6.78600,@NG,1,1,-860.00,0.0510,520.0000,-820.0000,
TRADE,27/02/2017 20:00:00,6.81800,01/03/2017 16:00:00,6.92000,@NG,1,1,1020.00,0.0220,1350.0000,-400.0000,
TRADE,01/03/2017 20:00:00,6.91600,05/03/2017 20:00:00,7.03600,@NG,-1,1,-1200.00,0.0310,610.0000,-1200.0000,
TRADE,06/03/2017 20:00:00,6.98300,08/03/2017 16:00:00,7.05000,@NG,1,1,670.00,0.0950,740.0000,-430.0000,
TRADE,09/03/2017 20:00:00,7.09700,10/03/2017 16:00:00,7.16700,@NG,-1,1,-700.00,0.0490,60.0000,-690.0000,
TRADE,13/03/2017 20:00:00,7.13500,14/03/2017 12:00:00,7.06700,@NG,1,1,-680.00,0.0760,530.0000,-600.0000,
TRADE,15/03/2017 20:00:00,7.09200,20/03/2017 04:00:00,7.03600,@NG,-1,1,560.00,0.0280,850.0000,-120.0000,
TRADE,20/03/2017 20:00:00,7.20100,22/03/2017 16:00:00,7.16200,@NG,1,1,-390.00,0.0620,370.0000,-430.0000,
TRADE,27/03/2017 20:00:00,7.18200,29/03/2017 16:00:00,7.27600,@NG,1,1,940.00,0.0430,1060.0000,-430.0000,
TRADE,30/03/2017 20:00:00,7.24200,04/04/2017 04:00:00,7.20200,@NG,-1,1,400.00,0.0450,690.0000,-480.0000,
TRADE,05/04/2017 20:00:00,7.32200,10/04/2017 04:00:00,7.29700,@NG,-1,1,250.00,0.0370,440.0000,-660.0000,
TRADE,10/04/2017 20:00:00,7.28800,11/04/2017 12:00:00,7.22800,@NG,1,1,-600.00,0.0240,280.0000,-570.0000,
TRADE,17/04/2017 20:00:00,7.21400,19/04/2017 16:00:00,7.25200,@NG,1,1,380.00,0.0600,570.0000,-520.0000,
TRADE,24/04/2017 20:00:00,7.12100,26/04/2017 16:00:00,7.21100,@NG,1,1,900.00,0.0390,1000.0000,-390.0000,
TRADE,27/04/2017 20:00:00,7.19500,01/05/2017 08:00:00,7.25000,@NG,-1,1,-550.00,0.0280,90.0000,-600.0000,
TRADE,01/05/2017 20:00:00,7.18800,03/05/2017 16:00:00,7.17300,@NG,1,1,-150.00,0.0330,420.0000,-560.0000,
TRADE,08/05/2017 20:00:00,7.13800,10/05/2017 16:00:00,7.26400,@NG,1,1,1260.00,0.0420,1680.0000,-80.0000,
TRADE,12/05/2017 17:00:00,7.36900,17/05/2017 04:00:00,7.19500,@NG,-1,1,1740.00,0.0270,1960.0000,-170.0000,
TRADE,17/05/2017 20:00:00,7.16000,21/05/2017 20:00:00,7.24800,@NG,-1,1,-880.00,0.0430,420.0000,-880.0000,
TRADE,22/05/2017 20:00:00,7.28000,23/05/2017 12:00:00,7.22300,@NG,1,1,-570.00,0.0280,100.0000,-510.0000,
TRADE,25/05/2017 20:00:00,7.14800,28/05/2017 20:00:00,7.08100,@NG,1,1,-670.00,0.0500,460.0000,-590.0000,
TRADE,30/05/2017 20:00:00,7.01800,31/05/2017 12:00:00,6.97400,@NG,1,1,-440.00,0.0170,200.0000,-180.0000,
TRADE,02/06/2017 17:00:00,6.87100,07/06/2017,6.93500,@NG,-1,1,-640.00,0.0200,700.0000,-620.0000,
TRADE,12/06/2017 20:00:00,6.87300,13/06/2017 12:00:00,6.81900,@NG,1,1,-540.00,0.0360,580.0000,-490.0000,
TRADE,14/06/2017 20:00:00,6.80300,15/06/2017 12:00:00,6.86900,@NG,-1,1,-660.00,0.0340,80.0000,-210.0000,
TRADE,16/06/2017 17:00:00,6.89100,21/06/2017 04:00:00,6.76300,@NG,-1,1,1280.00,0.0250,1480.0000,-60.0000,
TRADE,26/06/2017 20:00:00,6.90700,28/06/2017 16:00:00,6.94200,@NG,1,1,350.00,0.0560,540.0000,-250.0000,
TRADE,02/07/2017 20:00:00,6.79300,03/07/2017 12:00:00,6.86800,@NG,-1,1,-750.00,0.0150,140.0000,-730.0000,
TRADE,03/07/2017 20:00:00,6.79300,05/07/2017 12:00:00,6.73300,@NG,1,1,-600.00,0.0530,710.0000,-590.0000,
TRADE,05/07/2017 20:00:00,6.69900,07/07/2017 16:00:00,6.73600,@NG,1,1,370.00,0.0310,920.0000,-60.0000,
TRADE,10/07/2017 20:00:00,6.76400,12/07/2017 16:00:00,6.83300,@NG,1,1,690.00,0.0300,1330.0000,0.0000,
TRADE,17/07/2017 20:00:00,6.86800,19/07/2017 16:00:00,6.92200,@NG,1,1,540.00,0.0320,790.0000,-40.0000,
TRADE,21/07/2017 17:00:00,6.80600,26/07/2017 04:00:00,6.80900,@NG,-1,1,-30.00,0.0720,820.0000,-50.0000,
TRADE,28/07/2017 17:00:00,6.80500,02/08/2017 04:00:00,6.67000,@NG,-1,1,1350.00,0.0280,1830.0000,-20.0000,
TRADE,07/08/2017 20:00:00,6.66400,09/08/2017 16:00:00,6.74300,@NG,1,1,790.00,0.0300,920.0000,-200.0000,
TRADE,11/08/2017 17:00:00,6.84200,16/08/2017 04:00:00,6.77200,@NG,-1,1,700.00,0.0160,780.0000,-370.0000,
TRADE,21/08/2017 20:00:00,6.82500,23/08/2017 08:00:00,6.76700,@NG,1,1,-580.00,0.0240,420.0000,-370.0000,
TRADE,28/08/2017 20:00:00,6.79000,30/08/2017 16:00:00,6.77700,@NG,1,1,-130.00,0.0300,280.0000,-340.0000,
TRADE,03/09/2017 20:00:00,6.84100,06/09/2017 08:00:00,6.79300,@NG,-1,1,480.00,0.0080,530.0000,-460.0000,
TRADE,06/09/2017 20:00:00,6.83400,11/09/2017 04:00:00,6.75400,@NG,-1,1,800.00,0.0200,1210.0000,-240.0000,
TRADE,11/09/2017 20:00:00,6.77300,13/09/2017 16:00:00,6.89100,@NG,1,1,1180.00,0.0130,1220.0000,-90.0000,
TRADE,13/09/2017 20:00:00,6.87900,14/09/2017 12:00:00,6.93000,@NG,-1,1,-510.00,0.0280,150.0000,-470.0000,
TRADE,15/09/2017 17:00:00,6.86100,18/09/2017 12:00:00,6.91000,@NG,-1,1,-490.00,0.0250,100.0000,-470.0000,
TRADE,18/09/2017 20:00:00,6.97800,20/09/2017 08:00:00,6.94000,@NG,1,1,-380.00,0.0260,160.0000,-380.0000,
TRADE,22/09/2017 17:00:00,6.78100,27/09/2017 04:00:00,6.78600,@NG,-1,1,-50.00,0.0290,410.0000,-340.0000,
TRADE,29/09/2017 17:00:00,6.78400,04/10/2017 04:00:00,6.67500,@NG,-1,1,1090.00,0.0260,1380.0000,-70.0000,
TRADE,06/10/2017 17:00:00,6.63300,11/10/2017 04:00:00,6.66700,@NG,-1,1,-340.00,0.0160,400.0000,-370.0000,
TRADE,13/10/2017 17:00:00,6.75900,18/10/2017 04:00:00,6.70200,@NG,-1,1,570.00,0.0360,850.0000,-330.0000,
TRADE,18/10/2017 20:00:00,6.63600,22/10/2017 20:00:00,6.76700,@NG,-1,1,-1310.00,0.0390,970.0000,-1310.0000,
TRADE,23/10/2017 20:00:00,6.73900,25/10/2017 16:00:00,6.72200,@NG,1,1,-170.00,0.0470,310.0000,-460.0000,
TRADE,29/10/2017 20:00:00,6.54300,30/10/2017 12:00:00,6.60000,@NG,-1,1,-570.00,0.0130,20.0000,-550.0000,
TRADE,30/10/2017 20:00:00,6.58900,31/10/2017 12:00:00,6.53100,@NG,1,1,-580.00,0.0320,210.0000,-530.0000,
TRADE,02/11/2017 20:00:00,6.54200,03/11/2017 16:00:00,6.59900,@NG,-1,1,-570.00,0.0350,70.0000,-550.0000,
TRADE,06/11/2017 20:00:00,6.71500,08/11/2017 16:00:00,6.77500,@NG,1,1,600.00,0.0400,800.0000,-220.0000,
TRADE,08/11/2017 20:00:00,6.76000,09/11/2017 12:00:00,6.82200,@NG,-1,1,-620.00,0.0370,40.0000,-600.0000,
TRADE,10/11/2017 17:00:00,6.82200,15/11/2017 04:00:00,6.68800,@NG,-1,1,1340.00,0.0350,1530.0000,-140.0000,
TRADE,17/11/2017 17:00:00,6.73000,22/11/2017 04:00:00,6.62900,@NG,-1,1,1010.00,0.0340,1180.0000,-90.0000,
TRADE,26/11/2017 20:00:00,6.51900,28/11/2017 16:00:00,6.64500,@NG,1,1,1260.00,0.0400,1330.0000,-420.0000,
TRADE,01/12/2017 17:00:00,6.56900,06/12/2017 04:00:00,6.43400,@NG,-1,1,1350.00,0.0450,1880.0000,-640.0000,
TRADE,08/12/2017 17:00:00,6.28100,12/12/2017 04:00:00,6.34900,@NG,-1,1,-680.00,0.0240,0.0000,-730.0000,
TRADE,13/12/2017 20:00:00,6.20100,18/12/2017 04:00:00,6.15400,@NG,-1,1,470.00,0.0570,1140.0000,-370.0000,
TRADE,18/12/2017 20:00:00,6.24500,20/12/2017 12:00:00,6.16900,@NG,1,1,-760.00,0.0410,300.0000,-570.0000,
TRADE,26/12/2017 20:00:00,6.15800,28/12/2017 16:00:00,6.43600,@NG,1,1,2780.00,0.0480,3020.0000,-310.0000,
TRADE,01/01/2018 20:00:00,6.54500,04/01/2018 08:00:00,6.53500,@NG,-1,1,100.00,0.0120,1070.0000,-670.0000,
TRADE,05/01/2018 17:00:00,6.30900,09/01/2018 04:00:00,6.39100,@NG,-1,1,-820.00,0.0250,100.0000,-810.0000,
TRADE,14/01/2018 20:00:00,6.64600,17/01/2018 08:00:00,6.66900,@NG,-1,1,-230.00,0.0180,920.0000,-450.0000,
TRADE,19/01/2018 17:00:00,6.69900,23/01/2018 04:00:00,6.79900,@NG,-1,1,-1000.00,0.0590,410.0000,-950.0000,
TRADE,26/01/2018 17:00:00,7.11600,31/01/2018 04:00:00,7.10700,@NG,-1,1,90.00,0.0320,1340.0000,-870.0000,
TRADE,02/02/2018 17:00:00,6.80900,07/02/2018 04:00:00,6.71500,@NG,-1,1,940.00,0.0370,1700.0000,-150.0000,
TRADE,12/02/2018 20:00:00,6.50900,14/02/2018 16:00:00,6.53100,@NG,1,1,220.00,0.0250,770.0000,-120.0000,
TRADE,23/02/2018 17:00:00,6.56900,27/02/2018 12:00:00,6.56700,@NG,1,1,-20.00,0.0320,560.0000,-250.0000,
TRADE,05/03/2018 20:00:00,6.60500,07/03/2018 16:00:00,6.67400,@NG,1,1,690.00,0.0250,850.0000,-10.0000,
TRADE,12/03/2018 20:00:00,6.68700,14/03/2018 08:00:00,6.64100,@NG,1,1,-460.00,0.0300,260.0000,-400.0000,
TRADE,19/03/2018 20:00:00,6.55900,21/03/2018 16:00:00,6.56900,@NG,1,1,100.00,0.0160,510.0000,-70.0000,
TRADE,26/03/2018 20:00:00,6.53200,28/03/2018 16:00:00,6.56500,@NG,1,1,330.00,0.0260,590.0000,-120.0000,
TRADE,02/04/2018 20:00:00,6.53300,04/04/2018 16:00:00,6.59300,@NG,1,1,600.00,0.0320,730.0000,-60.0000,
TRADE,09/04/2018 20:00:00,6.55800,10/04/2018 12:00:00,6.51000,@NG,1,1,-480.00,0.0560,280.0000,-390.0000,
TRADE,16/04/2018 20:00:00,6.61300,18/04/2018 16:00:00,6.61700,@NG,1,1,40.00,0.0150,370.0000,-420.0000,
TRADE,20/04/2018 17:00:00,6.60200,24/04/2018 20:00:00,6.63900,@NG,-1,1,-370.00,0.0300,360.0000,-380.0000,
TRADE,27/04/2018 17:00:00,6.59600,01/05/2018 08:00:00,6.63200,@NG,-1,1,-360.00,0.0160,430.0000,-300.0000,
TRADE,02/05/2018 20:00:00,6.58000,07/05/2018 04:00:00,6.55500,@NG,-1,1,250.00,0.0180,550.0000,-180.0000,
TRADE,07/05/2018 20:00:00,6.56000,09/05/2018 16:00:00,6.55900,@NG,1,1,-10.00,0.0240,380.0000,-290.0000,
TRADE,11/05/2018 17:00:00,6.63900,15/05/2018 08:00:00,6.66900,@NG,-1,1,-300.00,0.0150,160.0000,-330.0000,
TRADE,18/05/2018 17:00:00,6.66000,22/05/2018 12:00:00,6.69700,@NG,-1,1,-370.00,0.0330,290.0000,-280.0000,
TRADE,25/05/2018 17:00:00,6.75700,29/05/2018 12:00:00,6.74000,@NG,1,1,-170.00,0.0290,370.0000,-260.0000,
TRADE,29/05/2018 20:00:00,6.69400,31/05/2018 16:00:00,6.75400,@NG,1,1,600.00,0.0440,880.0000,-330.0000,
TRADE,01/06/2018 17:00:00,6.76400,06/06/2018 04:00:00,6.69300,@NG,-1,1,710.00,0.0360,960.0000,-130.0000,
TRADE,08/06/2018 17:00:00,6.69800,11/06/2018 08:00:00,6.74400,@NG,-1,1,-460.00,0.0240,40.0000,-450.0000,
TRADE,11/06/2018 20:00:00,6.74200,13/06/2018 16:00:00,6.75800,@NG,1,1,160.00,0.0230,400.0000,-320.0000,
TRADE,17/06/2018 20:00:00,6.84500,20/06/2018 08:00:00,6.71400,@NG,-1,1,1310.00,0.0070,1640.0000,-20.0000,
TRADE,25/06/2018 20:00:00,6.72100,27/06/2018 16:00:00,6.76700,@NG,1,1,460.00,0.0180,710.0000,-250.0000,
TRADE,29/06/2018 17:00:00,6.71800,04/07/2018 04:00:00,6.65000,@NG,-1,1,680.00,0.0220,790.0000,-30.0000,
TRADE,05/07/2018 20:00:00,6.62600,09/07/2018 12:00:00,6.63100,@NG,1,1,50.00,0.0260,330.0000,-80.0000,
TRADE,09/07/2018 20:00:00,6.62300,10/07/2018 16:00:00,6.58300,@NG,1,1,-400.00,0.0160,60.0000,-380.0000,
TRADE,16/07/2018 20:00:00,6.55800,18/07/2018 12:00:00,6.52000,@NG,1,1,-380.00,0.0180,240.0000,-370.0000,
TRADE,23/07/2018 20:00:00,6.51100,25/07/2018 16:00:00,6.55700,@NG,1,1,460.00,0.0170,580.0000,-70.0000,
TRADE,25/07/2018 20:00:00,6.56300,27/07/2018 16:00:00,6.59300,@NG,1,1,300.00,0.0120,410.0000,-70.0000,
TRADE,27/07/2018 17:00:00,6.58900,31/07/2018 12:00:00,6.62600,@NG,-1,1,-370.00,0.0210,160.0000,-320.0000,
TRADE,01/08/2018 20:00:00,6.56600,02/08/2018 12:00:00,6.61000,@NG,-1,1,-440.00,0.0200,190.0000,-420.0000,
TRADE,05/08/2018 20:00:00,6.65800,07/08/2018 12:00:00,6.69100,@NG,-1,1,-330.00,0.0100,290.0000,-310.0000,
TRADE,10/08/2018 17:00:00,6.75000,15/08/2018 04:00:00,6.75900,@NG,-1,1,-90.00,0.0190,460.0000,-310.0000,
TRADE,20/08/2018 20:00:00,6.76000,22/08/2018 16:00:00,6.77100,@NG,1,1,110.00,0.0150,400.0000,-40.0000,
TRADE,27/08/2018 20:00:00,6.67800,28/08/2018 12:00:00,6.64400,@NG,1,1,-340.00,0.0200,60.0000,-320.0000,
TRADE,30/08/2018 20:00:00,6.69500,31/08/2018 12:00:00,6.73700,@NG,-1,1,-420.00,0.0310,30.0000,-410.0000,
TRADE,04/09/2018 20:00:00,6.62800,06/09/2018 12:00:00,6.59100,@NG,1,1,-370.00,0.0300,260.0000,-350.0000,
TRADE,10/09/2018 20:00:00,6.61700,12/09/2018 16:00:00,6.63900,@NG,1,1,220.00,0.0170,630.0000,-210.0000,
TRADE,17/09/2018 20:00:00,6.62400,19/09/2018 16:00:00,6.73000,@NG,1,1,1060.00,0.0190,1350.0000,-20.0000,
TRADE,19/09/2018 20:00:00,6.71400,20/09/2018 12:00:00,6.76000,@NG,-1,1,-460.00,0.0210,170.0000,-440.0000,
TRADE,21/09/2018 17:00:00,6.79300,24/09/2018 12:00:00,6.83900,@NG,-1,1,-460.00,0.0170,290.0000,-440.0000,
TRADE,24/09/2018 20:00:00,6.84700,26/09/2018 16:00:00,6.86500,@NG,1,1,180.00,0.0150,290.0000,-200.0000,
TRADE,28/09/2018 17:00:00,6.81900,01/10/2018 08:00:00,6.87500,@NG,-1,1,-560.00,0.0240,70.0000,-430.0000,
TRADE,01/10/2018 20:00:00,6.92200,03/10/2018 16:00:00,7.05600,@NG,1,1,1340.00,0.0270,1530.0000,0.0000,
TRADE,07/10/2018 20:00:00,6.99600,08/10/2018 12:00:00,7.07500,@NG,-1,1,-790.00,0.0070,80.0000,-770.0000,
TRADE,08/10/2018 20:00:00,7.08800,10/10/2018 16:00:00,7.09700,@NG,1,1,90.00,0.0290,940.0000,-370.0000,
TRADE,12/10/2018 17:00:00,6.96300,15/10/2018 08:00:00,7.05100,@NG,-1,1,-880.00,0.0530,30.0000,-780.0000,
TRADE,15/10/2018 20:00:00,7.06600,17/10/2018 16:00:00,7.07800,@NG,1,1,120.00,0.0320,590.0000,-420.0000,
TRADE,19/10/2018 17:00:00,7.05500,24/10/2018 04:00:00,7.03700,@NG,-1,1,180.00,0.0430,1260.0000,-60.0000,
TRADE,29/10/2018 20:00:00,6.94200,31/10/2018 16:00:00,6.98900,@NG,1,1,470.00,0.0450,920.0000,-230.0000,
TRADE,05/11/2018 20:00:00,7.31100,07/11/2018 16:00:00,7.26900,@NG,1,1,-420.00,0.0850,230.0000,-720.0000,
TRADE,11/11/2018 20:00:00,7.49800,12/11/2018 08:00:00,7.60800,@NG,-1,1,-1100.00,0.0170,0.0000,-1090.0000,
TRADE,12/11/2018 20:00:00,7.63300,14/11/2018 16:00:00,8.28200,@NG,1,1,6490.00,0.1460,10490.0000,-10.0000,
TRADE,16/11/2018 17:00:00,8.11000,21/11/2018 04:00:00,8.31300,@NG,-1,1,-2030.00,0.2750,830.0000,-4220.0000,
TRADE,26/11/2018 20:00:00,7.97700,28/11/2018 16:00:00,8.11100,@NG,1,1,1340.00,0.1420,2650.0000,-1290.0000,
TRADE,29/11/2018 20:00:00,8.28800,04/12/2018 04:00:00,8.11900,@NG,-1,1,1690.00,0.1390,3390.0000,-1940.0000,
TRADE,07/12/2018 17:00:00,8.21800,11/12/2018 12:00:00,8.15700,@NG,1,1,-610.00,0.0940,1540.0000,-1220.0000,
TRADE,17/12/2018 20:00:00,7.24900,19/12/2018 16:00:00,7.35700,@NG,1,1,1080.00,0.1170,3500.0000,-70.0000,
TRADE,26/12/2018 20:00:00,7.16000,28/12/2018 16:00:00,7.06400,@NG,1,1,-960.00,0.0990,1440.0000,-1060.0000,
TRADE,31/12/2018 20:00:00,6.73100,03/01/2019 12:00:00,6.69500,@NG,1,1,-360.00,0.1230,580.0000,-910.0000,
TRADE,07/01/2019 20:00:00,6.69400,09/01/2019 16:00:00,6.74100,@NG,1,1,470.00,0.0290,1090.0000,-50.0000,
TRADE,14/01/2019 20:00:00,7.34000,16/01/2019 16:00:00,7.29500,@NG,1,1,-450.00,0.1430,1320.0000,-2130.0000,
TRADE,22/01/2019 20:00:00,6.80500,24/01/2019 16:00:00,6.87400,@NG,1,1,690.00,0.1420,1120.0000,-980.0000,
TRADE,28/01/2019 20:00:00,6.73600,30/01/2019 16:00:00,6.72300,@NG,1,1,-130.00,0.0620,380.0000,-830.0000,
TRADE,30/01/2019 20:00:00,6.71800,04/02/2019 04:00:00,6.57000,@NG,-1,1,1480.00,0.0480,1760.0000,-510.0000,
TRADE,04/02/2019 20:00:00,6.51500,06/02/2019 16:00:00,6.51300,@NG,1,1,-20.00,0.0270,560.0000,-250.0000,
TRADE,08/02/2019 17:00:00,6.46000,11/02/2019 04:00:00,6.53100,@NG,-1,1,-710.00,0.0470,10.0000,-660.0000,
TRADE,11/02/2019 20:00:00,6.50000,13/02/2019 04:00:00,6.42300,@NG,1,1,-770.00,0.0510,490.0000,-310.0000,
TRADE,19/02/2019 20:00:00,6.50900,21/02/2019 16:00:00,6.53000,@NG,1,1,210.00,0.0300,430.0000,-270.0000,
TRADE,25/02/2019 20:00:00,6.63400,27/02/2019 08:00:00,6.58200,@NG,1,1,-520.00,0.0460,390.0000,-540.0000,
TRADE,04/03/2019 20:00:00,6.67700,06/03/2019 16:00:00,6.65400,@NG,1,1,-230.00,0.0230,430.0000,-310.0000,
TRADE,11/03/2019 20:00:00,6.59900,13/03/2019 16:00:00,6.64900,@NG,1,1,500.00,0.0270,530.0000,-230.0000,
TRADE,18/03/2019 20:00:00,6.67000,20/03/2019 16:00:00,6.65700,@NG,1,1,-130.00,0.0240,510.0000,-260.0000,
TRADE,25/03/2019 20:00:00,6.58200,27/03/2019 08:00:00,6.54500,@NG,1,1,-370.00,0.0250,160.0000,-370.0000,
TRADE,28/03/2019 20:00:00,6.52900,02/04/2019 04:00:00,6.51000,@NG,-1,1,190.00,0.0190,630.0000,-140.0000,
TRADE,02/04/2019 20:00:00,6.49900,05/04/2019 08:00:00,6.44600,@NG,-1,1,530.00,0.0180,550.0000,-80.0000,
TRADE,05/04/2019 17:00:00,6.48100,08/04/2019 12:00:00,6.51600,@NG,-1,1,-350.00,0.0140,180.0000,-330.0000,
TRADE,08/04/2019 20:00:00,6.52100,10/04/2019 16:00:00,6.51700,@NG,1,1,-40.00,0.0200,180.0000,-310.0000,
TRADE,12/04/2019 17:00:00,6.46500,17/04/2019 04:00:00,6.38800,@NG,-1,1,770.00,0.0120,850.0000,-10.0000,
TRADE,22/04/2019,6.30900,22/04/2019 12:00:00,6.34400,@NG,-1,1,-350.00,0.0190,20.0000,-340.0000,
TRADE,28/04/2019 20:00:00,6.34400,01/05/2019 08:00:00,6.34200,@NG,-1,1,20.00,0.0070,320.0000,-360.0000,
TRADE,03/05/2019 17:00:00,6.32700,08/05/2019 04:00:00,6.31200,@NG,-1,1,150.00,0.0240,470.0000,-130.0000,
TRADE,09/05/2019 20:00:00,6.35600,10/05/2019 12:00:00,6.39600,@NG,-1,1,-400.00,0.0240,160.0000,-330.0000,
TRADE,12/05/2019 20:00:00,6.38200,14/05/2019 08:00:00,6.42600,@NG,-1,1,-440.00,0.0070,180.0000,-420.0000,
TRADE,16/05/2019 20:00:00,6.40400,20/05/2019 08:00:00,6.44100,@NG,-1,1,-370.00,0.0210,220.0000,-300.0000,
TRADE,20/05/2019 20:00:00,6.43400,21/05/2019 12:00:00,6.39200,@NG,1,1,-420.00,0.0200,10.0000,-380.0000,
TRADE,28/05/2019 20:00:00,6.33500,30/05/2019 12:00:00,6.29200,@NG,1,1,-430.00,0.0200,640.0000,-120.0000,
TRADE,02/06/2019 20:00:00,6.19700,05/06/2019 08:00:00,6.16700,@NG,-1,1,300.00,0.0110,630.0000,-310.0000,
TRADE,07/06/2019 17:00:00,6.09400,11/06/2019 16:00:00,6.13400,@NG,-1,1,-400.00,0.0260,170.0000,-350.0000,
TRADE,14/06/2019 17:00:00,6.14100,19/06/2019 04:00:00,6.09200,@NG,-1,1,490.00,0.0180,700.0000,-300.0000,
TRADE,21/06/2019 17:00:00,5.94500,24/06/2019 12:00:00,6.00100,@NG,-1,1,-560.00,0.0310,30.0000,-490.0000,
TRADE,24/06/2019 20:00:00,6.05100,25/06/2019 12:00:00,6.00700,@NG,1,1,-440.00,0.0240,20.0000,-420.0000,
TRADE,01/07/2019 20:00:00,6.03200,03/07/2019 16:00:00,6.04300,@NG,1,1,110.00,0.0440,350.0000,-300.0000,
TRADE,05/07/2019 17:00:00,6.17700,09/07/2019 20:00:00,6.18700,@NG,1,1,100.00,0.0430,300.0000,-470.0000,
TRADE,12/07/2019 17:00:00,6.22400,17/07/2019 04:00:00,6.09600,@NG,-1,1,1280.00,0.0310,1560.0000,-150.0000,
TRADE,22/07/2019 20:00:00,6.08100,24/07/2019 08:00:00,6.04200,@NG,1,1,-390.00,0.0230,170.0000,-380.0000,
TRADE,24/07/2019 20:00:00,5.99500,26/07/2019 12:00:00,5.95700,@NG,1,1,-380.00,0.0160,410.0000,-340.0000,
TRADE,28/07/2019 20:00:00,5.94200,31/07/2019 08:00:00,5.92200,@NG,-1,1,200.00,0.0110,530.0000,-100.0000,
TRADE,04/08/2019 20:00:00,5.86600,07/08/2019 08:00:00,5.89400,@NG,-1,1,-280.00,0.0110,490.0000,-550.0000,
TRADE,12/08/2019 20:00:00,5.89900,14/08/2019 16:00:00,5.93700,@NG,1,1,380.00,0.0190,920.0000,-250.0000,
TRADE,16/08/2019 17:00:00,5.99000,21/08/2019 04:00:00,6.00900,@NG,-1,1,-190.00,0.0280,680.0000,-290.0000,
TRADE,21/08/2019 20:00:00,5.96000,23/08/2019 12:00:00,5.91700,@NG,1,1,-430.00,0.0190,230.0000,-360.0000,
TRADE,26/08/2019 20:00:00,6.01400,27/08/2019 12:00:00,5.97400,@NG,1,1,-400.00,0.0230,50.0000,-360.0000,
TRADE,30/08/2019 17:00:00,6.06500,02/09/2019 08:00:00,6.10700,@NG,-1,1,-420.00,0.0210,120.0000,-260.0000,
TRADE,03/09/2019 20:00:00,6.12800,05/09/2019 16:00:00,6.22400,@NG,1,1,960.00,0.0240,1240.0000,-50.0000,
TRADE,06/09/2019 17:00:00,6.27300,09/09/2019 12:00:00,6.33700,@NG,-1,1,-640.00,0.0280,20.0000,-580.0000,
TRADE,09/09/2019 20:00:00,6.37900,11/09/2019 08:00:00,6.32800,@NG,1,1,-510.00,0.0260,530.0000,-450.0000,
TRADE,13/09/2019 17:00:00,6.40600,15/09/2019 20:00:00,6.47200,@NG,-1,1,-660.00,0.0750,60.0000,-660.0000,
TRADE,16/09/2019 20:00:00,6.46700,18/09/2019 16:00:00,6.41100,@NG,1,1,-560.00,0.0470,270.0000,-570.0000,
TRADE,24/09/2019 20:00:00,6.27800,26/09/2019 12:00:00,6.21900,@NG,1,1,-590.00,0.0360,400.0000,-500.0000,
TRADE,27/09/2019 17:00:00,6.15500,02/10/2019 04:00:00,6.05200,@NG,-1,1,1030.00,0.0250,1310.0000,-30.0000,
TRADE,06/10/2019 20:00:00,6.08900,09/10/2019 08:00:00,6.05000,@NG,-1,1,390.00,0.0120,670.0000,-90.0000,
TRADE,14/10/2019 20:00:00,6.04300,16/10/2019 16:00:00,6.10000,@NG,1,1,570.00,0.0500,970.0000,-210.0000,
TRADE,17/10/2019 20:00:00,6.07500,22/10/2019 04:00:00,5.99800,@NG,-1,1,770.00,0.0200,1060.0000,-410.0000,
TRADE,28/10/2019 20:00:00,6.17500,30/10/2019 16:00:00,6.29800,@NG,1,1,1230.00,0.0630,1550.0000,-130.0000,
TRADE,30/10/2019 20:00:00,6.29900,03/11/2019 20:00:00,6.40300,@NG,-1,1,-1040.00,0.0330,1170.0000,-1040.0000,
TRADE,04/11/2019 20:00:00,6.42900,06/11/2019 16:00:00,6.45900,@NG,1,1,300.00,0.0370,830.0000,-70.0000,
TRADE,08/11/2019 17:00:00,6.39800,13/11/2019 04:00:00,6.23000,@NG,-1,1,1680.00,0.0430,1840.0000,-60.0000,
TRADE,15/11/2019 17:00:00,6.28400,20/11/2019 04:00:00,6.12700,@NG,-1,1,1570.00,0.0510,1760.0000,-30.0000,
TRADE,22/11/2019 17:00:00,6.25700,25/11/2019 08:00:00,6.17900,@NG,1,1,-780.00,0.0430,380.0000,-740.0000,
TRADE,25/11/2019 20:00:00,6.13500,26/11/2019 12:00:00,6.05900,@NG,1,1,-760.00,0.0250,0.0000,-740.0000,
TRADE,27/11/2019 20:00:00,6.05400,02/12/2019 08:00:00,5.91500,@NG,-1,1,1390.00,0.0440,2320.0000,-110.0000,
TRADE,02/12/2019 20:00:00,5.89200,03/12/2019 08:00:00,5.97500,@NG,-1,1,-830.00,0.0340,40.0000,-760.0000,
TRADE,04/12/2019 20:00:00,5.96500,09/12/2019 04:00:00,5.77900,@NG,-1,1,1860.00,0.0520,2550.0000,-500.0000,
TRADE,09/12/2019 20:00:00,5.80400,11/12/2019 16:00:00,5.81800,@NG,1,1,140.00,0.0530,510.0000,-360.0000,
TRADE,16/12/2019 20:00:00,5.90300,17/12/2019 12:00:00,5.84800,@NG,1,1,-550.00,0.0390,110.0000,-470.0000,
TRADE,26/12/2019 20:00:00,5.80300,27/12/2019 04:00:00,5.75500,@NG,1,1,-480.00,0.0240,90.0000,-430.0000,
TRADE,29/12/2019 20:00:00,5.78400,02/01/2020 04:00:00,5.70700,@NG,-1,1,770.00,0.0090,960.0000,-110.0000,
TRADE,02/01/2020 20:00:00,5.66700,06/01/2020 12:00:00,5.69600,@NG,1,1,290.00,0.0230,330.0000,-470.0000,
TRADE,06/01/2020 20:00:00,5.68600,08/01/2020 16:00:00,5.66800,@NG,1,1,-180.00,0.0330,360.0000,-470.0000,
TRADE,13/01/2020 20:00:00,5.73100,15/01/2020 12:00:00,5.67000,@NG,1,1,-610.00,0.0370,610.0000,-600.0000,
TRADE,21/01/2020 20:00:00,5.44200,23/01/2020 16:00:00,5.46000,@NG,1,1,180.00,0.0440,750.0000,-100.0000,
TRADE,27/01/2020 20:00:00,5.43400,29/01/2020 16:00:00,5.43100,@NG,1,1,-30.00,0.0430,530.0000,-160.0000,
TRADE,31/01/2020 17:00:00,5.40000,04/02/2020 16:00:00,5.44800,@NG,-1,1,-480.00,0.0200,360.0000,-460.0000,
TRADE,10/02/2020 20:00:00,5.32800,12/02/2020 16:00:00,5.39500,@NG,1,1,670.00,0.0250,730.0000,-150.0000,
TRADE,18/02/2020 20:00:00,5.52600,20/02/2020 16:00:00,5.55300,@NG,1,1,270.00,0.0260,590.0000,-350.0000,
TRADE,21/02/2020 17:00:00,5.46500,26/02/2020 04:00:00,5.39800,@NG,-1,1,670.00,0.0280,840.0000,-60.0000,
TRADE,01/03/2020 20:00:00,5.24300,02/03/2020 20:00:00,5.32400,@NG,-1,1,-810.00,0.0130,150.0000,-800.0000,
TRADE,04/03/2020 20:00:00,5.38200,09/03/2020 04:00:00,5.16200,@NG,-1,1,2200.00,0.0400,2240.0000,-130.0000,
TRADE,09/03/2020 20:00:00,5.36900,11/03/2020 16:00:00,5.52600,@NG,1,1,1570.00,0.1240,1770.0000,-270.0000,
TRADE,13/03/2020 17:00:00,5.44900,18/03/2020 04:00:00,5.25000,@NG,-1,1,1990.00,0.0540,2160.0000,-10.0000,
TRADE,26/03/2020 20:00:00,5.16200,29/03/2020 20:00:00,5.09600,@NG,1,1,-660.00,0.0340,200.0000,-600.0000,
TRADE,31/03/2020 20:00:00,5.12800,02/04/2020 08:00:00,5.05800,@NG,1,1,-700.00,0.0290,230.0000,-760.0000,
TRADE,06/04/2020 20:00:00,5.21800,08/04/2020 16:00:00,5.31000,@NG,1,1,920.00,0.0450,1720.0000,0.0000,
TRADE,13/04/2020 20:00:00,5.20400,14/04/2020 16:00:00,5.12200,@NG,1,1,-820.00,0.0480,50.0000,-790.0000,
TRADE,20/04/2020 20:00:00,5.41800,21/04/2020 16:00:00,5.28200,@NG,1,1,-1360.00,0.1710,280.0000,-1320.0000,
TRADE,22/04/2020 20:00:00,5.39600,27/04/2020 04:00:00,5.20500,@NG,-1,1,1910.00,0.0860,1970.0000,-290.0000,
TRADE,27/04/2020 20:00:00,5.26100,29/04/2020 16:00:00,5.21200,@NG,1,1,-490.00,0.0810,1020.0000,-510.0000,
TRADE,04/05/2020 20:00:00,5.33600,06/05/2020 16:00:00,5.31500,@NG,1,1,-210.00,0.0400,1710.0000,-370.0000,
TRADE,08/05/2020 17:00:00,5.17400,13/05/2020 04:00:00,5.04900,@NG,-1,1,1250.00,0.0530,1440.0000,-610.0000,
TRADE,14/05/2020 20:00:00,5.01200,18/05/2020 08:00:00,5.10100,@NG,-1,1,-890.00,0.0560,330.0000,-780.0000,
TRADE,18/05/2020 20:00:00,5.13400,20/05/2020 16:00:00,5.15200,@NG,1,1,180.00,0.1030,1000.0000,-290.0000,
TRADE,22/05/2020 17:00:00,5.09000,26/05/2020 12:00:00,5.12600,@NG,1,1,360.00,0.0530,440.0000,-450.0000,
TRADE,26/05/2020 20:00:00,5.13600,27/05/2020 16:00:00,5.07100,@NG,1,1,-650.00,0.0400,460.0000,-590.0000,
TRADE,01/06/2020 20:00:00,4.98100,03/06/2020 16:00:00,5.03900,@NG,1,1,580.00,0.0590,830.0000,-200.0000,
TRADE,08/06/2020 20:00:00,5.00700,09/06/2020 20:00:00,4.95200,@NG,1,1,-550.00,0.0330,250.0000,-480.0000,
TRADE,15/06/2020 20:00:00,4.88100,16/06/2020 12:00:00,4.82300,@NG,1,1,-580.00,0.0230,70.0000,-560.0000,
TRADE,22/06/2020 20:00:00,4.86300,23/06/2020 20:00:00,4.81400,@NG,1,1,-490.00,0.0680,30.0000,-460.0000,
TRADE,24/06/2020 20:00:00,4.81000,25/06/2020 12:00:00,4.76200,@NG,1,1,-480.00,0.0440,50.0000,-440.0000,
TRADE,26/06/2020 17:00:00,4.69500,29/06/2020 04:00:00,4.75200,@NG,-1,1,-570.00,0.0320,10.0000,-530.0000,
TRADE,29/06/2020 20:00:00,4.84700,01/07/2020 16:00:00,4.83300,@NG,1,1,-140.00,0.0490,860.0000,-430.0000,
TRADE,06/07/2020 20:00:00,4.97900,08/07/2020 16:00:00,4.98800,@NG,1,1,90.00,0.0620,940.0000,-220.0000,
TRADE,08/07/2020 20:00:00,4.97900,13/07/2020 04:00:00,4.93200,@NG,-1,1,470.00,0.0430,930.0000,-610.0000,
TRADE,13/07/2020 20:00:00,4.87600,15/07/2020 16:00:00,4.89200,@NG,1,1,160.00,0.0520,500.0000,-190.0000,
TRADE,20/07/2020 20:00:00,4.79300,22/07/2020 16:00:00,4.81100,@NG,1,1,180.00,0.0250,370.0000,-220.0000,
TRADE,23/07/2020 20:00:00,4.93500,27/07/2020 12:00:00,4.91700,@NG,1,1,-180.00,0.0660,320.0000,-400.0000,
TRADE,27/07/2020 20:00:00,4.87400,29/07/2020 16:00:00,4.98300,@NG,1,1,1090.00,0.0350,1150.0000,-70.0000,
TRADE,03/08/2020 20:00:00,5.19800,05/08/2020 16:00:00,5.29000,@NG,1,1,920.00,0.0720,1530.0000,-520.0000,
TRADE,10/08/2020 20:00:00,5.25100,12/08/2020 16:00:00,5.19300,@NG,1,1,-580.00,0.0490,700.0000,-760.0000,
TRADE,17/08/2020 20:00:00,5.42900,19/08/2020 16:00:00,5.51600,@NG,1,1,870.00,0.0310,1260.0000,-330.0000,
TRADE,20/08/2020 20:00:00,5.44000,24/08/2020 12:00:00,5.54100,@NG,1,1,1010.00,0.0540,1180.0000,-700.0000,
TRADE,26/08/2020 20:00:00,5.51400,28/08/2020 16:00:00,5.65000,@NG,1,1,1360.00,0.0960,2160.0000,-360.0000,
TRADE,31/08/2020 20:00:00,5.62100,01/09/2020 12:00:00,5.51700,@NG,1,1,-1040.00,0.1250,410.0000,-950.0000,
TRADE,08/09/2020 20:00:00,5.36200,10/09/2020 16:00:00,5.33800,@NG,1,1,-240.00,0.1180,1050.0000,-590.0000,
TRADE,14/09/2020 20:00:00,5.29700,16/09/2020 16:00:00,5.28300,@NG,1,1,-140.00,0.0610,790.0000,-460.0000,
TRADE,21/09/2020 20:00:00,4.83100,23/09/2020 16:00:00,5.10000,@NG,1,1,2690.00,0.1130,2850.0000,-360.0000,
TRADE,28/09/2020 20:00:00,5.09500,29/09/2020 12:00:00,4.98800,@NG,1,1,-1070.00,0.0720,120.0000,-760.0000,
TRADE,30/09/2020 20:00:00,4.85700,05/10/2020 04:00:00,4.86100,@NG,-1,1,-40.00,0.0450,1660.0000,-530.0000,
TRADE,05/10/2020 20:00:00,4.96300,06/10/2020 20:00:00,4.80700,@NG,1,1,-1560.00,0.0960,580.0000,-1400.0000,
TRADE,12/10/2020 20:00:00,5.16200,13/10/2020 20:00:00,5.03200,@NG,1,1,-1300.00,0.0930,400.0000,-1250.0000,
TRADE,15/10/2020 20:00:00,5.10300,20/10/2020 04:00:00,5.17100,@NG,-1,1,-680.00,0.0530,1470.0000,-1050.0000,
TRADE,26/10/2020 20:00:00,5.34400,28/10/2020 16:00:00,5.38400,@NG,1,1,400.00,0.0560,860.0000,-700.0000,
TRADE,30/10/2020 17:00:00,5.45800,04/11/2020 04:00:00,5.16800,@NG,-1,1,2900.00,0.0880,3230.0000,-320.0000,
TRADE,04/11/2020 20:00:00,5.15300,09/11/2020 04:00:00,4.94800,@NG,-1,1,2050.00,0.0510,2380.0000,-540.0000,
TRADE,09/11/2020 20:00:00,4.95200,11/11/2020 16:00:00,5.05100,@NG,1,1,990.00,0.0500,1540.0000,-40.0000,
TRADE,16/11/2020 20:00:00,4.77900,18/11/2020 16:00:00,4.84800,@NG,1,1,690.00,0.1010,980.0000,-360.0000,
TRADE,23/11/2020 20:00:00,4.79400,25/11/2020 16:00:00,4.85600,@NG,1,1,620.00,0.0350,970.0000,-200.0000,
TRADE,29/11/2020 20:00:00,4.80500,01/12/2020 16:00:00,4.83100,@NG,1,1,260.00,0.0300,1650.0000,-80.0000,
TRADE,04/12/2020 17:00:00,4.53900,09/12/2020 04:00:00,4.42900,@NG,-1,1,1100.00,0.0740,1970.0000,-10.0000,
TRADE,14/12/2020 20:00:00,4.63400,16/12/2020 16:00:00,4.63900,@NG,1,1,50.00,0.0820,400.0000,-640.0000,
TRADE,21/12/2020 20:00:00,4.67500,23/12/2020 16:00:00,4.66800,@NG,1,1,-70.00,0.0380,1050.0000,-300.0000,
TRADE,23/12/2020 20:00:00,4.58900,27/12/2020 20:00:00,4.31600,@NG,1,1,-2730.00,0.1280,210.0000,-2730.0000,
TRADE,28/12/2020 20:00:00,4.34200,30/12/2020 16:00:00,4.40300,@NG,1,1,610.00,0.0780,1380.0000,-430.0000,
TRADE,04/01/2021 20:00:00,4.60400,06/01/2021 16:00:00,4.73200,@NG,1,1,1280.00,0.0450,1290.0000,-190.0000,
TRADE,11/01/2021 20:00:00,4.78300,13/01/2021 16:00:00,4.76800,@NG,1,1,-150.00,0.1510,1100.0000,-710.0000,
TRADE,13/01/2021 20:00:00,4.74000,18/01/2021 04:00:00,4.64100,@NG,-1,1,990.00,0.0750,1260.0000,-540.0000,
TRADE,18/01/2021 20:00:00,4.62400,19/01/2021 16:00:00,4.52400,@NG,1,1,-1000.00,0.0200,430.0000,-970.0000,
TRADE,25/01/2021 20:00:00,4.58700,27/01/2021 16:00:00,4.71200,@NG,1,1,1250.00,0.0710,1260.0000,-130.0000,
TRADE,29/01/2021 17:00:00,4.55500,31/01/2021 20:00:00,4.71400,@NG,-1,1,-1590.00,0.0810,170.0000,-1590.0000,
TRADE,01/02/2021 20:00:00,4.79900,03/02/2021 16:00:00,4.81100,@NG,1,1,120.00,0.0580,1900.0000,-670.0000,
TRADE,07/02/2021 20:00:00,4.89300,10/02/2021 08:00:00,4.74300,@NG,-1,1,1500.00,0.0180,1600.0000,-760.0000,
TRADE,12/02/2021 17:00:00,4.89800,14/02/2021 20:00:00,5.03000,@NG,-1,1,-1320.00,0.0840,280.0000,-1320.0000,
TRADE,16/02/2021 20:00:00,5.09700,18/02/2021 16:00:00,5.09900,@NG,1,1,20.00,0.1310,2030.0000,-710.0000,
TRADE,19/02/2021 17:00:00,5.05500,24/02/2021 04:00:00,4.89500,@NG,-1,1,1600.00,0.0580,1650.0000,-130.0000,
TRADE,01/03/2021 20:00:00,4.83700,03/03/2021 16:00:00,4.89300,@NG,1,1,560.00,0.0400,1120.0000,-180.0000,
TRADE,08/03/2021 20:00:00,4.72400,10/03/2021 16:00:00,4.73700,@NG,1,1,130.00,0.0380,280.0000,-470.0000,
TRADE,15/03/2021 20:00:00,4.56100,17/03/2021 16:00:00,4.58000,@NG,1,1,190.00,0.0320,670.0000,-200.0000,
TRADE,22/03/2021 20:00:00,4.63600,23/03/2021 16:00:00,4.56400,@NG,1,1,-720.00,0.0510,70.0000,-680.0000,
TRADE,25/03/2021 20:00:00,4.62800,29/03/2021 12:00:00,4.64500,@NG,1,1,170.00,0.0170,280.0000,-190.0000,
TRADE,29/03/2021 20:00:00,4.65200,31/03/2021 12:00:00,4.59400,@NG,1,1,-580.00,0.0460,480.0000,-530.0000,
TRADE,05/04/2021 20:00:00,4.52300,07/04/2021 16:00:00,4.53000,@NG,1,1,70.00,0.0270,570.0000,-580.0000,
TRADE,12/04/2021 20:00:00,4.57000,14/04/2021 16:00:00,4.64500,@NG,1,1,750.00,0.0320,1080.0000,-290.0000,
TRADE,14/04/2021 20:00:00,4.62900,15/04/2021 12:00:00,4.68000,@NG,-1,1,-510.00,0.0280,340.0000,-460.0000,
TRADE,16/04/2021 17:00:00,4.69600,19/04/2021 04:00:00,4.74500,@NG,-1,1,-490.00,0.0140,0.0000,-420.0000,
TRADE,19/04/2021 20:00:00,4.75500,21/04/2021 08:00:00,4.71400,@NG,1,1,-410.00,0.0310,160.0000,-400.0000,
TRADE,26/04/2021 20:00:00,4.80100,28/04/2021 16:00:00,4.88300,@NG,1,1,820.00,0.0540,1110.0000,-130.0000,
TRADE,02/05/2021 20:00:00,4.86200,04/05/2021 12:00:00,4.91200,@NG,-1,1,-500.00,0.0070,380.0000,-440.0000,
TRADE,05/05/2021 20:00:00,4.87000,10/05/2021 04:00:00,4.88900,@NG,-1,1,-190.00,0.0250,410.0000,-430.0000,
TRADE,10/05/2021 20:00:00,4.85300,12/05/2021 16:00:00,4.89000,@NG,1,1,370.00,0.0220,500.0000,-480.0000,
TRADE,17/05/2021 20:00:00,5.04300,18/05/2021 12:00:00,4.97100,@NG,1,1,-720.00,0.0490,160.0000,-620.0000,
TRADE,19/05/2021 20:00:00,4.89000,24/05/2021 04:00:00,4.78500,@NG,-1,1,1050.00,0.0290,1310.0000,-190.0000,
TRADE,24/05/2021 20:00:00,4.81300,26/05/2021 16:00:00,4.85600,@NG,1,1,430.00,0.0190,570.0000,-90.0000,
TRADE,28/05/2021 17:00:00,4.84600,31/05/2021 12:00:00,4.90600,@NG,-1,1,-600.00,0.0310,50.0000,-530.0000,
TRADE,01/06/2021 20:00:00,4.95800,02/06/2021 12:00:00,4.90500,@NG,1,1,-530.00,0.0300,210.0000,-420.0000,
TRADE,02/06/2021 20:00:00,4.92400,07/06/2021 04:00:00,4.95400,@NG,-1,1,-300.00,0.0280,610.0000,-500.0000,
TRADE,07/06/2021 20:00:00,4.93400,09/06/2021 16:00:00,4.98700,@NG,1,1,530.00,0.0370,1170.0000,-50.0000,
TRADE,09/06/2021 20:00:00,5.00900,10/06/2021 20:00:00,5.07400,@NG,-1,1,-650.00,0.0350,250.0000,-640.0000,
TRADE,13/06/2021 20:00:00,5.16800,16/06/2021 08:00:00,5.07900,@NG,-1,1,890.00,0.0110,1130.0000,-540.0000,
TRADE,16/06/2021 20:00:00,5.10000,21/06/2021 04:00:00,5.05200,@NG,-1,1,480.00,0.0240,810.0000,-170.0000,
TRADE,21/06/2021 20:00:00,5.05200,23/06/2021 16:00:00,5.20600,@NG,1,1,1540.00,0.0420,1840.0000,-110.0000,
TRADE,27/06/2021 20:00:00,5.35900,28/06/2021 12:00:00,5.43800,@NG,-1,1,-790.00,0.0150,200.0000,-710.0000,
TRADE,28/06/2021 20:00:00,5.43500,30/06/2021 16:00:00,5.46400,@NG,1,1,290.00,0.0680,2100.0000,-300.0000,
TRADE,02/07/2021 17:00:00,5.52800,05/07/2021 20:00:00,5.61000,@NG,-1,1,-820.00,0.0710,100.0000,-820.0000,
TRADE,06/07/2021 20:00:00,5.51700,07/07/2021 12:00:00,5.42300,@NG,1,1,-940.00,0.0760,240.0000,-730.0000,
TRADE,12/07/2021 20:00:00,5.58200,14/07/2021 12:00:00,5.50300,@NG,1,1,-790.00,0.0460,210.0000,-760.0000,
TRADE,19/07/2021 20:00:00,5.60800,21/07/2021 16:00:00,5.78900,@NG,1,1,1810.00,0.0540,1910.0000,-340.0000,
TRADE,26/07/2021 20:00:00,5.91600,27/07/2021 12:00:00,5.81700,@NG,1,1,-990.00,0.0530,300.0000,-970.0000,
TRADE,01/08/2021 20:00:00,5.82500,04/08/2021,5.92300,@NG,-1,1,-980.00,0.0150,580.0000,-1040.0000,
TRADE,09/08/2021 20:00:00,5.88700,11/08/2021 16:00:00,5.87800,@NG,1,1,-90.00,0.0420,940.0000,-560.0000,
TRADE,16/08/2021 20:00:00,5.80000,17/08/2021 12:00:00,5.71100,@NG,1,1,-890.00,0.0380,60.0000,-870.0000,
TRADE,23/08/2021 20:00:00,5.79400,25/08/2021 04:00:00,5.71700,@NG,1,1,-770.00,0.0640,280.0000,-730.0000,
TRADE,25/08/2021 20:00:00,5.77300,27/08/2021 16:00:00,6.19700,@NG,1,1,4240.00,0.0910,4690.0000,-100.0000,
TRADE,29/08/2021 20:00:00,6.33100,01/09/2021 08:00:00,6.26200,@NG,-1,1,690.00,0.0230,2840.0000,-270.0000,
TRADE,03/09/2021 17:00:00,6.53500,08/09/2021 04:00:00,6.43400,@NG,-1,1,1010.00,0.0500,1460.0000,-710.0000,
TRADE,10/09/2021 17:00:00,6.80000,13/09/2021 12:00:00,6.94800,@NG,-1,1,-1480.00,0.0720,890.0000,-1470.0000,
TRADE,13/09/2021 20:00:00,7.01600,15/09/2021 16:00:00,7.15100,@NG,1,1,1350.00,0.1060,4660.0000,-130.0000,
TRADE,17/09/2021 17:00:00,6.88800,22/09/2021 04:00:00,6.66800,@NG,-1,1,2200.00,0.1850,3210.0000,-1160.0000,
TRADE,24/09/2021 17:00:00,6.99100,28/09/2021 12:00:00,8.03100,@NG,1,1,10400.00,0.0990,10920.0000,-10.0000,
TRADE,29/09/2021 20:00:00,7.21500,30/09/2021 16:00:00,7.64500,@NG,-1,1,-4300.00,0.1810,1090.0000,-4160.0000,
TRADE,04/10/2021 20:00:00,7.66300,06/10/2021 16:00:00,7.62200,@NG,1,1,-410.00,0.2070,5680.0000,-1080.0000,
TRADE,07/10/2021 20:00:00,7.52300,12/10/2021 04:00:00,7.17200,@NG,-1,1,3510.00,0.2560,4500.0000,-1180.0000,
TRADE,18/10/2021 20:00:00,6.73800,20/10/2021 16:00:00,6.85200,@NG,1,1,1140.00,0.1880,1640.0000,-1480.0000,
TRADE,25/10/2021 20:00:00,7.69400,26/10/2021 12:00:00,7.38400,@NG,1,1,-3100.00,0.2490,1230.0000,-2680.0000,
TRADE,01/11/2021 20:00:00,6.79000,03/11/2021 16:00:00,7.22300,@NG,1,1,4330.00,0.1940,4880.0000,-60.0000,
TRADE,08/11/2021 20:00:00,6.99200,09/11/2021 12:00:00,6.76800,@NG,1,1,-2240.00,0.1870,590.0000,-2220.0000,
TRADE,15/11/2021 20:00:00,6.61900,17/11/2021 16:00:00,6.50800,@NG,1,1,-1110.00,0.2290,3590.0000,-1600.0000,
TRADE,22/11/2021 20:00:00,6.37900,24/11/2021 16:00:00,6.62800,@NG,1,1,2490.00,0.0910,2820.0000,-340.0000,
TRADE,28/11/2021 20:00:00,6.71100,29/11/2021 12:00:00,6.43300,@NG,1,1,-2780.00,0.2570,10.0000,-2760.0000,
TRADE,03/12/2021 17:00:00,5.58400,08/12/2021 04:00:00,5.29100,@NG,-1,1,2930.00,0.1870,4420.0000,-320.0000,
TRADE,13/12/2021 20:00:00,5.34300,15/12/2021 16:00:00,5.39800,@NG,1,1,550.00,0.1830,950.0000,-1450.0000,
TRADE,20/12/2021 20:00:00,5.36800,22/12/2021 16:00:00,5.51600,@NG,1,1,1480.00,0.1010,1850.0000,-1370.0000,
TRADE,27/12/2021 20:00:00,5.54200,29/12/2021 16:00:00,5.58000,@NG,1,1,380.00,0.1190,1480.0000,-1240.0000,
TRADE,03/01/2022 20:00:00,5.46100,05/01/2022 16:00:00,5.42700,@NG,1,1,-340.00,0.1610,960.0000,-1390.0000,
TRADE,05/01/2022 20:00:00,5.47000,09/01/2022 20:00:00,5.75700,@NG,-1,1,-2870.00,0.0870,570.0000,-2870.0000,
TRADE,10/01/2022 20:00:00,5.75500,12/01/2022 16:00:00,6.33300,@NG,1,1,5780.00,0.1030,6000.0000,-1350.0000,
TRADE,14/01/2022 17:00:00,5.85800,19/01/2022 04:00:00,5.90800,@NG,-1,1,-500.00,0.1070,380.0000,-1450.0000,
TRADE,25/01/2022 20:00:00,5.64400,27/01/2022 16:00:00,5.98600,@NG,1,1,3420.00,0.0850,3490.0000,-230.0000,
TRADE,30/01/2022 20:00:00,6.63200,02/02/2022 08:00:00,6.67200,@NG,-1,1,-400.00,0.0620,2470.0000,-1900.0000,
TRADE,04/02/2022 17:00:00,6.28900,09/02/2022 04:00:00,5.99500,@NG,-1,1,2940.00,0.2800,4040.0000,-350.0000,
TRADE,14/02/2022 20:00:00,5.93700,16/02/2022 16:00:00,6.35400,@NG,1,1,4170.00,0.1170,4510.0000,-150.0000,
TRADE,22/02/2022 20:00:00,6.27000,24/02/2022 16:00:00,6.61400,@NG,1,1,3440.00,0.1410,4870.0000,-140.0000,
TRADE,28/02/2022 20:00:00,6.20800,02/03/2022 16:00:00,6.56500,@NG,1,1,3570.00,0.0810,4340.0000,-490.0000,
TRADE,07/03/2022 20:00:00,6.63500,08/03/2022 08:00:00,6.38600,@NG,1,1,-2490.00,0.1360,660.0000,-2400.0000,
TRADE,14/03/2022 20:00:00,6.49700,15/03/2022 12:00:00,6.32300,@NG,1,1,-1740.00,0.1170,80.0000,-1640.0000,
TRADE,21/03/2022 20:00:00,6.78100,23/03/2022 16:00:00,7.09300,@NG,1,1,3120.00,0.1640,3680.0000,-850.0000,
TRADE,28/03/2022 20:00:00,7.28400,29/03/2022 20:00:00,7.08500,@NG,1,1,-1990.00,0.0940,170.0000,-1940.0000,
TRADE,03/04/2022 20:00:00,7.51900,05/04/2022 08:00:00,7.71300,@NG,-1,1,-1940.00,0.0260,950.0000,-1620.0000,
TRADE,10/04/2022 20:00:00,8.16800,11/04/2022 16:00:00,8.44800,@NG,-1,1,-2800.00,0.0190,1470.0000,-2740.0000,
TRADE,11/04/2022 20:00:00,8.44800,13/04/2022 16:00:00,8.70500,@NG,1,1,2570.00,0.1450,3140.0000,-740.0000,
TRADE,18/04/2022,9.29100,18/04/2022 12:00:00,9.58100,@NG,-1,1,-2900.00,0.2340,510.0000,-2870.0000,
TRADE,20/04/2022 20:00:00,8.63000,25/04/2022 04:00:00,8.21300,@NG,-1,1,4170.00,0.2030,5140.0000,-2900.0000,
TRADE,25/04/2022 20:00:00,8.69400,27/04/2022 16:00:00,8.98200,@NG,1,1,2880.00,0.3950,3660.0000,-2590.0000,
TRADE,02/05/2022 20:00:00,9.21300,04/05/2022 16:00:00,9.98800,@NG,1,1,7750.00,0.1670,9060.0000,-310.0000,
TRADE,09/05/2022 20:00:00,8.71900,11/05/2022 16:00:00,9.30000,@NG,1,1,5810.00,0.4800,6470.0000,-6440.0000,
TRADE,16/05/2022 20:00:00,9.64300,18/05/2022 16:00:00,9.91500,@NG,1,1,2720.00,0.3880,5500.0000,-300.0000,
TRADE,24/05/2022 20:00:00,10.43900,26/05/2022 16:00:00,10.87100,@NG,1,1,4320.00,0.1420,5600.0000,-790.0000,
TRADE,31/05/2022 20:00:00,9.79800,02/06/2022 16:00:00,10.08300,@NG,1,1,2850.00,0.4710,8210.0000,-900.0000,
TRADE,06/06/2022 20:00:00,10.91400,08/06/2022 16:00:00,11.14300,@NG,1,1,2290.00,0.1460,3120.0000,-1520.0000,
TRADE,10/06/2022 17:00:00,10.32400,15/06/2022 04:00:00,8.87300,@NG,-1,1,14510.00,0.2840,17540.0000,-1880.0000,
TRADE,15/06/2022 20:00:00,9.07700,20/06/2022 04:00:00,8.28700,@NG,-1,1,7900.00,0.3440,8660.0000,-5120.0000,
TRADE,24/06/2022 17:00:00,7.77400,28/06/2022 12:00:00,8.11500,@NG,1,1,3410.00,0.1470,3830.0000,-1910.0000,
TRADE,30/06/2022 20:00:00,7.10700,04/07/2022 12:00:00,7.20600,@NG,1,1,990.00,0.5120,3610.0000,-880.0000,
TRADE,05/07/2022 20:00:00,7.00000,07/07/2022 16:00:00,7.74800,@NG,1,1,7480.00,0.1950,7880.0000,-1020.0000,
TRADE,07/07/2022 20:00:00,7.73200,11/07/2022 12:00:00,7.88900,@NG,1,1,1570.00,0.2120,2570.0000,-2020.0000,
TRADE,11/07/2022 20:00:00,7.99200,12/07/2022 12:00:00,7.64600,@NG,1,1,-3460.00,0.1900,3120.0000,-3090.0000,
TRADE,18/07/2022 20:00:00,8.96400,20/07/2022 16:00:00,8.93900,@NG,1,1,-250.00,0.1750,950.0000,-3370.0000,
TRADE,25/07/2022 20:00:00,10.23600,27/07/2022 16:00:00,10.13500,@NG,1,1,-1010.00,0.2440,8050.0000,-1630.0000,
TRADE,01/08/2022 20:00:00,9.87800,02/08/2022 12:00:00,9.44200,@NG,1,1,-4360.00,0.3170,30.0000,-3940.0000,
TRADE,08/08/2022 20:00:00,9.23800,10/08/2022 16:00:00,9.65100,@NG,1,1,4130.00,0.2570,5070.0000,-30.0000,
TRADE,15/08/2022 20:00:00,10.48200,17/08/2022 16:00:00,10.83900,@NG,1,1,3570.00,0.2670,8170.0000,-750.0000,
TRADE,22/08/2022 20:00:00,11.42600,23/08/2022 16:00:00,10.94800,@NG,1,1,-4780.00,0.2180,2240.0000,-4650.0000,
TRADE,24/08/2022 20:00:00,10.86700,26/08/2022 04:00:00,11.19900,@NG,-1,1,-3320.00,0.2430,680.0000,-3520.0000,
TRADE,29/08/2022 20:00:00,10.89600,31/08/2022 12:00:00,10.48800,@NG,1,1,-4080.00,0.2460,560.0000,-3790.0000,
TRADE,04/09/2022 20:00:00,10.68000,07/09/2022 08:00:00,9.65400,@NG,-1,1,10260.00,0.0270,12050.0000,-980.0000,
TRADE,08/09/2022 20:00:00,9.60600,12/09/2022 12:00:00,9.86900,@NG,-1,1,-2630.00,0.1810,990.0000,-2510.0000,
TRADE,12/09/2022 20:00:00,10.03100,14/09/2022 16:00:00,10.36800,@NG,1,1,3370.00,0.2000,4700.0000,-2240.0000,
TRADE,16/09/2022 17:00:00,9.43900,21/09/2022 04:00:00,9.43000,@NG,-1,1,90.00,0.2540,3830.0000,-1980.0000,
TRADE,23/09/2022 17:00:00,8.49500,28/09/2022 04:00:00,8.35200,@NG,-1,1,1430.00,0.1910,3150.0000,-2330.0000,
TRADE,28/09/2022 20:00:00,8.49100,03/10/2022 04:00:00,8.15400,@NG,-1,1,3370.00,0.3630,4040.0000,-1360.0000,
TRADE,03/10/2022 20:00:00,8.01800,05/10/2022 16:00:00,8.42100,@NG,1,1,4030.00,0.1900,4920.0000,-2200.0000,
TRADE,05/10/2022 20:00:00,8.44500,10/10/2022 04:00:00,8.16400,@NG,-1,1,2810.00,0.1020,3570.0000,-2310.0000,
TRADE,10/10/2022 20:00:00,8.00100,12/10/2022 16:00:00,8.09700,@NG,1,1,960.00,0.3920,2900.0000,-1510.0000,
TRADE,14/10/2022 17:00:00,7.95700,19/10/2022 04:00:00,7.22700,@NG,-1,1,7300.00,0.1590,7960.0000,-100.0000,
TRADE,21/10/2022 17:00:00,6.49000,24/10/2022 12:00:00,6.74600,@NG,-1,1,-2560.00,0.1190,2520.0000,-2410.0000,
TRADE,24/10/2022 20:00:00,6.67200,26/10/2022 16:00:00,7.01100,@NG,1,1,3390.00,0.1060,5430.0000,-140.0000,
TRADE,28/10/2022 17:00:00,6.72600,31/10/2022 04:00:00,7.02100,@NG,-1,1,-2950.00,0.2560,60.0000,-2850.0000,
TRADE,31/10/2022 20:00:00,7.24600,01/11/2022 12:00:00,6.91200,@NG,1,1,-3340.00,0.2410,150.0000,-3170.0000,
TRADE,06/11/2022 20:00:00,7.91400,09/11/2022 08:00:00,7.09000,@NG,-1,1,8240.00,0.0460,9180.0000,-2410.0000,
TRADE,10/11/2022 20:00:00,7.08800,15/11/2022 04:00:00,7.01000,@NG,-1,1,780.00,0.2610,3790.0000,-3510.0000,
TRADE,21/11/2022 20:00:00,7.63800,23/11/2022 16:00:00,8.20700,@NG,1,1,5690.00,0.1520,8460.0000,-2470.0000,
TRADE,24/11/2022 20:00:00,7.93700,29/11/2022 08:00:00,7.53800,@NG,-1,1,3990.00,0.1950,7010.0000,-1240.0000,
TRADE,04/12/2022 20:00:00,6.20700,07/12/2022 08:00:00,5.99400,@NG,-1,1,2130.00,0.0450,5630.0000,-1520.0000,
TRADE,11/12/2022 20:00:00,7.25700,14/12/2022 08:00:00,6.91400,@NG,-1,1,3430.00,0.0350,4630.0000,-1550.0000,
TRADE,16/12/2022 17:00:00,6.90900,21/12/2022 04:00:00,5.76300,@NG,-1,1,11460.00,0.1780,13460.0000,-120.0000,
TRADE,27/12/2022 20:00:00,5.47800,28/12/2022 12:00:00,5.15400,@NG,1,1,-3240.00,0.1630,240.0000,-3070.0000,
TRADE,29/12/2022 20:00:00,4.98200,04/01/2023 04:00:00,4.35700,@NG,-1,1,6250.00,0.1730,6820.0000,-390.0000,
TRADE,04/01/2023 20:00:00,4.56500,09/01/2023 04:00:00,4.20800,@NG,-1,1,3570.00,0.1120,6390.0000,-160.0000,
TRADE,09/01/2023 20:00:00,4.31700,10/01/2023 12:00:00,4.02700,@NG,1,1,-2900.00,0.2440,120.0000,-2870.0000,
TRADE,13/01/2023 17:00:00,3.87600,16/01/2023 20:00:00,4.09900,@NG,-1,1,-2230.00,0.2010,100.0000,-2060.0000,
TRADE,17/01/2023 20:00:00,4.06300,18/01/2023 04:00:00,3.89000,@NG,1,1,-1730.00,0.1090,110.0000,-1530.0000,
TRADE,19/01/2023 20:00:00,3.61000,22/01/2023 20:00:00,3.85600,@NG,-1,1,-2460.00,0.0980,1130.0000,-2460.0000,
TRADE,23/01/2023 20:00:00,3.85600,25/01/2023 04:00:00,3.60300,@NG,1,1,-2530.00,0.2320,750.0000,-2390.0000,
TRADE,27/01/2023 17:00:00,3.50700,01/02/2023 04:00:00,3.40300,@NG,-1,1,1040.00,0.1080,2640.0000,-20.0000,
TRADE,03/02/2023 17:00:00,3.02700,07/02/2023 12:00:00,3.16900,@NG,-1,1,-1420.00,0.1020,310.0000,-1350.0000,
TRADE,10/02/2023 17:00:00,3.20900,15/02/2023 04:00:00,3.19200,@NG,-1,1,170.00,0.1050,2020.0000,-450.0000,
TRADE,21/02/2023 20:00:00,2.73800,23/02/2023 16:00:00,2.89200,@NG,1,1,1540.00,0.0770,2600.0000,-710.0000,
TRADE,26/02/2023 20:00:00,3.20400,01/03/2023 08:00:00,3.31100,@NG,-1,1,-1070.00,0.0240,960.0000,-1380.0000,
TRADE,01/03/2023 20:00:00,3.37400,03/03/2023 16:00:00,3.50400,@NG,-1,1,-1300.00,0.1480,1100.0000,-1090.0000,
TRADE,05/03/2023 20:00:00,3.38400,08/03/2023 08:00:00,3.23700,@NG,-1,1,1470.00,0.0270,3240.0000,0.0000,
TRADE,13/03/2023 20:00:00,3.17500,15/03/2023 12:00:00,3.02700,@NG,1,1,-1480.00,0.1080,530.0000,-1340.0000,
TRADE,20/03/2023 20:00:00,2.80100,22/03/2023 16:00:00,2.80800,@NG,1,1,70.00,0.0770,1110.0000,-1200.0000,
TRADE,24/03/2023 17:00:00,2.74200,27/03/2023 16:00:00,2.63900,@NG,1,1,-1030.00,0.0660,120.0000,-1020.0000,
TRADE,27/03/2023 20:00:00,2.65600,29/03/2023 04:00:00,2.56300,@NG,1,1,-930.00,0.0630,290.0000,-890.0000,
TRADE,03/04/2023 20:00:00,2.54100,05/04/2023 16:00:00,2.56800,@NG,1,1,270.00,0.0620,810.0000,-510.0000,
TRADE,10/04/2023 20:00:00,2.58700,12/04/2023 16:00:00,2.51100,@NG,1,1,-760.00,0.0740,850.0000,-860.0000,
TRADE,17/04/2023 20:00:00,2.70900,19/04/2023 16:00:00,2.67100,@NG,1,1,-380.00,0.0470,1010.0000,-860.0000,
TRADE,24/04/2023 20:00:00,2.70800,25/04/2023 08:00:00,2.61800,@NG,1,1,-900.00,0.0680,70.0000,-810.0000,
TRADE,30/04/2023 20:00:00,2.64500,03/05/2023 08:00:00,2.45600,@NG,-1,1,1890.00,0.0150,2120.0000,-120.0000,
TRADE,03/05/2023 20:00:00,2.40200,08/05/2023 04:00:00,2.43000,@NG,-1,1,-280.00,0.0810,1240.0000,-390.0000,
TRADE,08/05/2023 20:00:00,2.47900,10/05/2023 16:00:00,2.43900,@NG,1,1,-400.00,0.0410,650.0000,-720.0000,
TRADE,14/05/2023 20:00:00,2.51200,15/05/2023 12:00:00,2.61100,@NG,-1,1,-990.00,0.0130,150.0000,-960.0000,
TRADE,15/05/2023 20:00:00,2.62200,17/05/2023 16:00:00,2.60300,@NG,1,1,-190.00,0.0660,950.0000,-530.0000,
TRADE,21/05/2023 20:00:00,2.81500,24/05/2023 08:00:00,2.61500,@NG,-1,1,2000.00,0.0090,2350.0000,-10.0000,
TRADE,26/05/2023 17:00:00,2.51400,31/05/2023 04:00:00,2.39700,@NG,-1,1,1170.00,0.0800,1610.0000,-300.0000,
TRADE,04/06/2023 20:00:00,2.31000,05/06/2023 12:00:00,2.39500,@NG,-1,1,-850.00,0.0090,300.0000,-630.0000,
TRADE,05/06/2023 20:00:00,2.35000,07/06/2023 16:00:00,2.41800,@NG,1,1,680.00,0.0940,910.0000,-810.0000,
TRADE,09/06/2023 17:00:00,2.35900,13/06/2023 12:00:00,2.44100,@NG,-1,1,-820.00,0.0540,570.0000,-690.0000,
TRADE,18/06/2023 20:00:00,2.72500,21/06/2023 08:00:00,2.59300,@NG,-1,1,1320.00,0.0090,1570.0000,-670.0000,
TRADE,26/06/2023 20:00:00,2.88500,27/06/2023 16:00:00,2.76900,@NG,1,1,-1160.00,0.0560,100.0000,-1100.0000,
TRADE,27/06/2023 20:00:00,2.80400,30/06/2023 08:00:00,2.69400,@NG,-1,1,1100.00,0.1030,1880.0000,-740.0000,
