TRADE,22/10/2010 14:00:00,66.75000,22/10/2010 14:00:00,66.75000,@OJ,1,1,0.00,3.9000,480.0000,0.0000,
TRADE,26/10/2010 14:00:00,68.80000,02/11/2010 14:00:00,78.80000,@OJ,1,1,1500.00,3.4000,1440.0000,-360.0000,
TRADE,03/11/2010 14:00:00,82.35000,04/11/2010 14:00:00,80.20000,@OJ,1,1,-322.50,6.8000,135.0000,-322.5000,
TRADE,09/11/2010 14:00:00,75.20000,10/11/2010 14:00:00,75.20000,@OJ,1,1,0.00,3.5500,742.5000,0.0000,
TRADE,22/11/2010 14:00:00,71.25000,22/11/2010 14:00:00,71.25000,@OJ,1,1,0.00,1.5500,472.5000,0.0000,
TRADE,29/11/2010 14:00:00,72.00000,29/11/2010 14:00:00,69.40000,@OJ,1,1,-390.00,2.6000,45.0000,-292.5000,
TRADE,01/12/2010 14:00:00,69.90000,06/12/2010 14:00:00,79.90000,@OJ,1,1,1500.00,2.5000,1440.0000,0.0000,
TRADE,29/12/2010 14:00:00,89.95000,30/12/2010 14:00:00,86.55000,@OJ,1,1,-510.00,8.0000,210.0000,-502.5000,
TRADE,31/12/2010 14:00:00,90.30000,31/12/2010 14:00:00,85.60000,@OJ,1,1,-705.00,5.7000,322.5000,-165.0000,
TRADE,03/01/2011 14:00:00,92.45000,04/01/2011 14:00:00,102.45000,@OJ,1,1,1500.00,7.4000,1200.0000,0.0000,
TRADE,20/01/2011 14:00:00,100.05000,24/01/2011 14:00:00,96.15000,@OJ,1,1,-585.00,3.0000,67.5000,-585.0000,
TRADE,28/01/2011 14:00:00,90.75000,28/01/2011 14:00:00,89.55000,@OJ,1,1,-180.00,1.3500,45.0000,-172.5000,
TRADE,31/01/2011 14:00:00,91.05000,03/02/2011 14:00:00,93.00000,@OJ,1,1,292.50,2.1000,1050.0000,-15.0000,
TRADE,04/02/2011 14:00:00,96.70000,07/02/2011 14:00:00,94.55000,@OJ,1,1,-322.50,4.1500,352.5000,-172.5000,
TRADE,09/02/2011 14:00:00,95.30000,09/02/2011 14:00:00,93.25000,@OJ,1,1,-307.50,2.0500,15.0000,-165.0000,
TRADE,14/02/2011 14:00:00,90.15000,18/02/2011 14:00:00,100.15000,@OJ,1,1,1500.00,4.1000,1380.0000,-82.5000,
TRADE,08/03/2011 14:00:00,103.10000,09/03/2011 14:00:00,101.05000,@OJ,1,1,-307.50,3.9500,292.5000,-285.0000,
TRADE,21/03/2011 14:00:00,91.95000,21/03/2011 14:00:00,89.80000,@OJ,1,1,-322.50,2.1500,240.0000,-285.0000,
TRADE,24/03/2011 14:00:00,87.05000,28/03/2011 14:00:00,87.85000,@OJ,1,1,120.00,3.1500,405.0000,-105.0000,
TRADE,31/03/2011 14:00:00,88.90000,06/04/2011 14:00:00,91.35000,@OJ,1,1,367.50,3.2000,622.5000,-22.5000,
TRADE,08/04/2011 14:00:00,92.55000,08/04/2011 14:00:00,91.10000,@OJ,1,1,-217.50,2.1500,157.5000,-210.0000,
TRADE,11/04/2011 14:00:00,93.65000,13/04/2011 14:00:00,93.65000,@OJ,1,1,0.00,3.5000,720.0000,-165.0000,
TRADE,14/04/2011 14:00:00,95.55000,15/04/2011 14:00:00,95.55000,@OJ,1,1,0.00,3.3500,585.0000,-397.5000,
TRADE,19/04/2011 14:00:00,96.40000,21/04/2011 14:00:00,96.40000,@OJ,1,1,0.00,3.0000,532.5000,-105.0000,
TRADE,02/06/2011 14:00:00,111.35000,03/06/2011 14:00:00,110.15000,@OJ,1,1,-180.00,1.9500,270.0000,-112.5000,
TRADE,06/06/2011 14:00:00,113.15000,08/06/2011 14:00:00,111.20000,@OJ,1,1,-292.50,3.9000,277.5000,-292.5000,
TRADE,09/06/2011 14:00:00,112.05000,13/06/2011 14:00:00,111.05000,@OJ,1,1,-150.00,2.8500,202.5000,-150.0000,
TRADE,14/06/2011 14:00:00,113.05000,16/06/2011 14:00:00,108.35000,@OJ,1,1,-705.00,2.7500,247.5000,-292.5000,
TRADE,20/06/2011 14:00:00,111.00000,21/06/2011 14:00:00,121.00000,@OJ,1,1,1500.00,3.6000,697.5000,-90.0000,
TRADE,11/07/2011 14:00:00,126.45000,11/07/2011 14:00:00,124.45000,@OJ,1,1,-300.00,2.0000,0.0000,0.0000,
TRADE,13/07/2011 14:00:00,125.35000,19/07/2011 14:00:00,135.35000,@OJ,1,1,1500.00,5.8500,1290.0000,-75.0000,
TRADE,01/08/2011 14:00:00,135.35000,03/08/2011 14:00:00,134.55000,@OJ,1,1,-120.00,1.9000,240.0000,-172.5000,
TRADE,29/08/2011 14:00:00,101.75000,29/08/2011 14:00:00,98.00000,@OJ,1,1,-562.50,3.1000,30.0000,-412.5000,
TRADE,31/08/2011 14:00:00,98.40000,06/09/2011 14:00:00,99.45000,@OJ,1,1,157.50,3.3000,360.0000,-202.5000,
TRADE,07/09/2011 14:00:00,105.65000,09/09/2011 14:00:00,106.25000,@OJ,1,1,90.00,7.1500,705.0000,-127.5000,
TRADE,19/09/2011 14:00:00,104.25000,22/09/2011 14:00:00,104.25000,@OJ,1,1,0.00,3.8000,862.5000,-307.5000,
TRADE,10/10/2011 14:00:00,95.35000,11/10/2011 14:00:00,105.35000,@OJ,1,1,1500.00,2.8000,450.0000,-135.0000,
TRADE,13/10/2011 14:00:00,104.40000,19/10/2011 14:00:00,114.40000,@OJ,1,1,1500.00,5.9500,1485.0000,-135.0000,
TRADE,07/11/2011 14:00:00,120.20000,09/11/2011 14:00:00,118.85000,@OJ,1,1,-202.50,1.9500,195.0000,-202.5000,
TRADE,11/11/2011 14:00:00,117.90000,11/11/2011 14:00:00,115.15000,@OJ,1,1,-412.50,2.7500,217.5000,-397.5000,
TRADE,17/11/2011 14:00:00,116.00000,21/11/2011 14:00:00,126.00000,@OJ,1,1,1500.00,1.7500,1402.5000,0.0000,
TRADE,22/11/2011 14:00:00,126.35000,23/11/2011 14:00:00,121.65000,@OJ,1,1,-705.00,3.8500,150.0000,-660.0000,
TRADE,28/11/2011 14:00:00,125.35000,06/12/2011 14:00:00,123.65000,@OJ,1,1,-255.00,3.5500,225.0000,-577.5000,
TRADE,15/12/2011 14:00:00,114.35000,19/12/2011 14:00:00,114.35000,@OJ,1,1,0.00,2.3500,780.0000,-427.5000,
TRADE,04/01/2012 14:00:00,122.85000,09/01/2012 14:00:00,132.85000,@OJ,1,1,1500.00,5.9000,1425.0000,0.0000,
TRADE,06/02/2012 14:00:00,153.35000,07/02/2012 14:00:00,148.85000,@OJ,1,1,-675.00,6.5500,322.5000,-645.0000,
TRADE,13/02/2012 14:00:00,139.65000,13/02/2012 14:00:00,134.95000,@OJ,1,1,-705.00,9.3500,330.0000,-517.5000,
TRADE,15/02/2012 14:00:00,135.05000,15/02/2012 14:00:00,135.05000,@OJ,1,1,0.00,5.4000,1162.5000,0.0000,
TRADE,17/02/2012 14:00:00,139.95000,17/02/2012 14:00:00,139.95000,@OJ,1,1,0.00,3.0000,585.0000,0.0000,
TRADE,23/02/2012 14:00:00,136.85000,27/02/2012 14:00:00,132.85000,@OJ,1,1,-600.00,5.9000,150.0000,-600.0000,
TRADE,29/02/2012 14:00:00,135.75000,29/02/2012 14:00:00,135.75000,@OJ,1,1,0.00,4.0500,547.5000,-135.0000,
TRADE,01/03/2012 14:00:00,139.40000,06/03/2012 14:00:00,141.40000,@OJ,1,1,300.00,5.2500,1267.5000,-112.5000,
TRADE,14/03/2012 14:00:00,137.90000,16/03/2012 14:00:00,137.90000,@OJ,1,1,0.00,4.2500,495.0000,-187.5000,
TRADE,04/04/2012 14:00:00,113.65000,05/04/2012 14:00:00,111.05000,@OJ,1,1,-390.00,2.7500,75.0000,-382.5000,
TRADE,29/05/2012 14:00:00,64.45000,29/05/2012 14:00:00,64.45000,@OJ,1,1,0.00,3.1000,802.5000,0.0000,
TRADE,31/05/2012 14:00:00,65.20000,01/06/2012 14:00:00,61.95000,@OJ,1,1,-487.50,4.3500,255.0000,-442.5000,
TRADE,05/06/2012 14:00:00,64.35000,07/06/2012 14:00:00,67.25000,@OJ,1,1,435.00,2.7000,1050.0000,0.0000,
TRADE,13/06/2012 14:00:00,65.95000,14/06/2012 14:00:00,61.25000,@OJ,1,1,-705.00,5.5500,337.5000,-690.0000,
TRADE,15/06/2012 14:00:00,64.45000,20/06/2012 14:00:00,74.45000,@OJ,1,1,1500.00,4.9000,1275.0000,-450.0000,
TRADE,21/06/2012 14:00:00,76.10000,26/06/2012 14:00:00,74.70000,@OJ,1,1,-210.00,4.9000,352.5000,-277.5000,
TRADE,19/07/2012 14:00:00,79.50000,19/07/2012 14:00:00,74.80000,@OJ,1,1,-705.00,6.4500,225.0000,-660.0000,
TRADE,24/07/2012 14:00:00,70.40000,24/07/2012 14:00:00,70.40000,@OJ,1,1,0.00,2.4000,502.5000,0.0000,
TRADE,30/07/2012 14:00:00,70.45000,31/07/2012 14:00:00,70.45000,@OJ,1,1,0.00,1.4000,952.5000,0.0000,
TRADE,02/08/2012 14:00:00,70.05000,02/08/2012 14:00:00,70.05000,@OJ,1,1,0.00,4.8500,862.5000,-322.5000,
TRADE,08/08/2012 14:00:00,73.30000,10/08/2012 14:00:00,73.30000,@OJ,1,1,0.00,4.9500,502.5000,-127.5000,
TRADE,14/08/2012 14:00:00,74.95000,15/08/2012 14:00:00,84.95000,@OJ,1,1,1500.00,3.6500,1485.0000,-52.5000,
TRADE,16/08/2012 14:00:00,85.35000,16/08/2012 14:00:00,85.35000,@OJ,1,1,0.00,9.5500,817.5000,-45.0000,
TRADE,05/09/2012 14:00:00,102.70000,11/09/2012 14:00:00,107.60000,@OJ,1,1,735.00,4.5000,1320.0000,-180.0000,
TRADE,13/09/2012 14:00:00,108.95000,17/09/2012 14:00:00,108.95000,@OJ,1,1,0.00,4.7500,742.5000,-277.5000,
TRADE,27/09/2012 14:00:00,96.40000,01/10/2012 14:00:00,93.30000,@OJ,1,1,-465.00,3.2000,172.5000,-465.0000,
TRADE,02/10/2012 14:00:00,95.80000,04/10/2012 14:00:00,96.25000,@OJ,1,1,67.50,2.5000,352.5000,0.0000,
TRADE,11/10/2012 14:00:00,94.15000,11/10/2012 14:00:00,94.15000,@OJ,1,1,0.00,2.6500,1050.0000,0.0000,
TRADE,16/10/2012 14:00:00,94.10000,19/10/2012 14:00:00,94.10000,@OJ,1,1,0.00,2.3500,742.5000,-112.5000,
TRADE,01/11/2012 14:00:00,88.25000,01/11/2012 14:00:00,88.25000,@OJ,1,1,0.00,3.0000,675.0000,0.0000,
TRADE,05/11/2012 14:00:00,87.75000,09/11/2012 14:00:00,88.90000,@OJ,1,1,172.50,1.8500,577.5000,-135.0000,
TRADE,13/11/2012 14:00:00,88.80000,16/11/2012 14:00:00,98.80000,@OJ,1,1,1500.00,2.0000,1500.0000,-225.0000,
TRADE,20/11/2012 14:00:00,98.55000,26/11/2012 14:00:00,108.55000,@OJ,1,1,1500.00,3.4500,1440.0000,0.0000,
TRADE,11/12/2012 14:00:00,107.70000,12/12/2012 14:00:00,117.70000,@OJ,1,1,1500.00,2.1500,1410.0000,0.0000,
TRADE,13/12/2012 14:00:00,119.05000,20/12/2012 14:00:00,119.05000,@OJ,1,1,0.00,8.1500,862.5000,-615.0000,
TRADE,10/01/2013 14:00:00,91.20000,14/01/2013 14:00:00,91.50000,@OJ,1,1,45.00,2.5000,540.0000,-90.0000,
TRADE,16/01/2013 14:00:00,92.10000,24/01/2013 14:00:00,94.40000,@OJ,1,1,345.00,2.5000,795.0000,-142.5000,
TRADE,28/01/2013 14:00:00,94.50000,07/02/2013 14:00:00,100.60000,@OJ,1,1,915.00,2.0500,1357.5000,-210.0000,
TRADE,07/03/2013 14:00:00,103.15000,08/03/2013 14:00:00,113.15000,@OJ,1,1,1500.00,2.1000,1320.0000,-90.0000,
TRADE,02/04/2013 14:00:00,116.90000,02/04/2013 14:00:00,116.90000,@OJ,1,1,0.00,6.7000,622.5000,0.0000,
TRADE,04/04/2013 14:00:00,118.90000,10/04/2013 14:00:00,128.90000,@OJ,1,1,1500.00,4.3000,1282.5000,-277.5000,
TRADE,29/04/2013 14:00:00,122.50000,30/04/2013 14:00:00,122.50000,@OJ,1,1,0.00,5.7500,675.0000,-382.5000,
TRADE,02/05/2013 14:00:00,121.40000,06/05/2013 14:00:00,121.40000,@OJ,1,1,0.00,6.1000,525.0000,-105.0000,
TRADE,08/05/2013 14:00:00,121.20000,15/05/2013 14:00:00,126.75000,@OJ,1,1,832.50,4.1500,1185.0000,-135.0000,
TRADE,21/05/2013 14:00:00,123.35000,29/05/2013 14:00:00,133.35000,@OJ,1,1,1500.00,5.0000,1215.0000,-300.0000,
TRADE,30/05/2013 14:00:00,134.10000,31/05/2013 14:00:00,131.10000,@OJ,1,1,-450.00,6.0500,172.5000,-450.0000,
TRADE,12/06/2013 14:00:00,132.10000,12/06/2013 14:00:00,129.05000,@OJ,1,1,-457.50,3.0500,67.5000,-210.0000,
TRADE,17/06/2013 14:00:00,127.45000,18/06/2013 14:00:00,124.20000,@OJ,1,1,-487.50,2.9500,217.5000,-480.0000,
TRADE,20/06/2013 14:00:00,124.60000,21/06/2013 14:00:00,121.40000,@OJ,1,1,-480.00,3.6500,202.5000,-480.0000,
TRADE,12/07/2013 14:00:00,115.60000,18/07/2013 14:00:00,122.05000,@OJ,1,1,967.50,2.1500,1447.5000,0.0000,
TRADE,22/07/2013 14:00:00,124.15000,31/07/2013 14:00:00,124.25000,@OJ,1,1,15.00,2.5000,442.5000,-532.5000,
TRADE,30/08/2013 14:00:00,117.10000,03/09/2013 14:00:00,115.40000,@OJ,1,1,-255.00,2.0000,15.0000,-255.0000,
TRADE,06/09/2013 14:00:00,112.45000,09/09/2013 14:00:00,110.95000,@OJ,1,1,-225.00,1.4500,285.0000,-135.0000,
TRADE,12/09/2013 14:00:00,116.15000,16/09/2013 14:00:00,116.15000,@OJ,1,1,0.00,3.6000,795.0000,-127.5000,
TRADE,04/10/2013 14:00:00,106.95000,09/10/2013 14:00:00,106.15000,@OJ,1,1,-120.00,2.6500,255.0000,-247.5000,
TRADE,23/10/2013 14:00:00,96.65000,29/10/2013 14:00:00,96.65000,@OJ,1,1,0.00,1.9000,705.0000,-142.5000,
TRADE,21/11/2013 14:00:00,117.05000,25/11/2013 14:00:00,117.10000,@OJ,1,1,7.50,2.7000,217.5000,-67.5000,
TRADE,27/11/2013 14:00:00,118.15000,02/12/2013 14:00:00,117.05000,@OJ,1,1,-165.00,1.5000,217.5000,-277.5000,
TRADE,05/12/2013 14:00:00,115.15000,13/12/2013 14:00:00,125.15000,@OJ,1,1,1500.00,3.5500,1477.5000,-67.5000,
TRADE,03/01/2014 14:00:00,117.10000,10/01/2014 14:00:00,127.10000,@OJ,1,1,1500.00,2.4000,765.0000,0.0000,
TRADE,30/01/2014 14:00:00,116.60000,04/02/2014 14:00:00,119.60000,@OJ,1,1,450.00,1.4500,1095.0000,-15.0000,
TRADE,05/02/2014 14:00:00,122.15000,10/02/2014 14:00:00,122.15000,@OJ,1,1,0.00,5.4500,690.0000,-112.5000,
TRADE,13/02/2014 14:00:00,124.80000,18/02/2014 14:00:00,120.90000,@OJ,1,1,-585.00,2.1000,97.5000,-585.0000,
TRADE,20/02/2014 14:00:00,121.90000,24/02/2014 14:00:00,123.65000,@OJ,1,1,262.50,2.1500,600.0000,-97.5000,
TRADE,26/02/2014 14:00:00,124.30000,28/02/2014 14:00:00,123.60000,@OJ,1,1,-105.00,2.4500,37.5000,-105.0000,
TRADE,03/03/2014 14:00:00,124.40000,03/03/2014 14:00:00,122.80000,@OJ,1,1,-240.00,1.6000,0.0000,-97.5000,
TRADE,04/03/2014 14:00:00,125.40000,14/03/2014 14:00:00,126.85000,@OJ,1,1,217.50,4.0000,1387.5000,-37.5000,
TRADE,21/03/2014 14:00:00,132.10000,21/03/2014 14:00:00,129.95000,@OJ,1,1,-322.50,1.4500,30.0000,-232.5000,
TRADE,27/03/2014 14:00:00,127.15000,01/04/2014 14:00:00,128.40000,@OJ,1,1,187.50,1.5500,787.5000,-82.5000,
TRADE,03/04/2014 14:00:00,131.40000,10/04/2014 14:00:00,141.40000,@OJ,1,1,1500.00,3.0000,1350.0000,-180.0000,
TRADE,02/05/2014 14:00:00,136.85000,02/05/2014 14:00:00,136.55000,@OJ,1,1,-45.00,3.7000,645.0000,-45.0000,
TRADE,07/05/2014 14:00:00,137.35000,09/05/2014 14:00:00,137.35000,@OJ,1,1,0.00,1.1000,457.5000,-135.0000,
TRADE,30/05/2014 14:00:00,134.85000,11/06/2014 14:00:00,140.50000,@OJ,1,1,847.50,3.2000,1110.0000,-127.5000,
TRADE,13/06/2014 14:00:00,140.15000,16/06/2014 14:00:00,135.45000,@OJ,1,1,-705.00,2.6000,195.0000,-180.0000,
TRADE,14/07/2014 14:00:00,123.40000,17/07/2014 14:00:00,123.50000,@OJ,1,1,15.00,4.6000,322.5000,-285.0000,
TRADE,18/07/2014 14:00:00,124.90000,22/07/2014 14:00:00,124.80000,@OJ,1,1,-15.00,2.2000,240.0000,-15.0000,
TRADE,20/08/2014 14:00:00,119.40000,22/08/2014 14:00:00,117.65000,@OJ,1,1,-262.50,2.3000,67.5000,-262.5000,
TRADE,26/08/2014 14:00:00,118.75000,28/08/2014 14:00:00,118.75000,@OJ,1,1,0.00,3.8500,817.5000,0.0000,
TRADE,18/09/2014 14:00:00,113.95000,18/09/2014 14:00:00,113.95000,@OJ,1,1,0.00,2.7000,967.5000,0.0000,
TRADE,26/09/2014 14:00:00,113.90000,02/10/2014 14:00:00,114.90000,@OJ,1,1,150.00,3.4000,382.5000,-172.5000,
TRADE,07/10/2014 14:00:00,114.15000,10/10/2014 14:00:00,113.05000,@OJ,1,1,-165.00,3.2500,255.0000,-165.0000,
TRADE,29/10/2014 14:00:00,109.25000,30/10/2014 14:00:00,108.30000,@OJ,1,1,-142.50,1.3500,120.0000,-120.0000,
TRADE,05/11/2014 14:00:00,105.25000,06/11/2014 14:00:00,100.55000,@OJ,1,1,-705.00,1.9500,285.0000,-660.0000,
TRADE,03/12/2014 14:00:00,116.65000,15/12/2014 14:00:00,118.70000,@OJ,1,1,307.50,1.9000,1140.0000,-300.0000,
TRADE,31/12/2014 14:00:00,112.25000,06/01/2015 14:00:00,115.15000,@OJ,1,1,435.00,1.8500,892.5000,-225.0000,
TRADE,08/01/2015 14:00:00,114.90000,20/01/2015 14:00:00,116.75000,@OJ,1,1,277.50,2.5000,532.5000,-577.5000,
TRADE,21/01/2015 14:00:00,118.30000,23/01/2015 14:00:00,117.00000,@OJ,1,1,-195.00,2.1000,135.0000,-195.0000,
TRADE,30/01/2015 14:00:00,107.25000,06/02/2015 14:00:00,107.25000,@OJ,1,1,0.00,3.0000,982.5000,-142.5000,
TRADE,02/03/2015 14:00:00,94.65000,03/03/2015 14:00:00,89.95000,@OJ,1,1,-705.00,3.4500,435.0000,-690.0000,
TRADE,30/03/2015 14:00:00,98.65000,31/03/2015 14:00:00,98.05000,@OJ,1,1,-90.00,2.3000,360.0000,-45.0000,
TRADE,08/04/2015 14:00:00,89.55000,09/04/2015 14:00:00,87.45000,@OJ,1,1,-315.00,3.0000,315.0000,-315.0000,
TRADE,15/04/2015 14:00:00,83.80000,16/04/2015 14:00:00,83.80000,@OJ,1,1,0.00,3.4000,577.5000,-67.5000,
TRADE,20/04/2015 14:00:00,87.05000,20/04/2015 14:00:00,85.00000,@OJ,1,1,-307.50,3.0000,217.5000,-165.0000,
TRADE,22/04/2015 14:00:00,85.25000,24/04/2015 14:00:00,87.20000,@OJ,1,1,292.50,3.7000,645.0000,0.0000,
TRADE,05/05/2015 14:00:00,90.60000,06/05/2015 14:00:00,89.10000,@OJ,1,1,-225.00,1.7500,97.5000,-195.0000,
TRADE,11/05/2015 14:00:00,89.65000,12/05/2015 14:00:00,87.25000,@OJ,1,1,-360.00,4.2500,90.0000,-360.0000,
TRADE,19/05/2015 14:00:00,81.85000,26/05/2015 14:00:00,87.55000,@OJ,1,1,855.00,3.2500,1072.5000,0.0000,
TRADE,28/05/2015 14:00:00,85.15000,08/06/2015 14:00:00,95.15000,@OJ,1,1,1500.00,2.8000,1485.0000,-690.0000,
TRADE,22/06/2015 14:00:00,91.30000,23/06/2015 14:00:00,89.90000,@OJ,1,1,-210.00,4.4000,322.5000,-210.0000,
TRADE,26/06/2015 14:00:00,91.25000,29/06/2015 14:00:00,89.25000,@OJ,1,1,-300.00,3.1000,97.5000,-300.0000,
TRADE,02/07/2015 14:00:00,86.70000,09/07/2015 14:00:00,86.70000,@OJ,1,1,0.00,2.4000,1020.0000,-142.5000,
TRADE,15/07/2015 14:00:00,90.65000,16/07/2015 14:00:00,89.15000,@OJ,1,1,-225.00,4.2500,127.5000,-225.0000,
TRADE,21/07/2015 14:00:00,89.00000,29/07/2015 14:00:00,90.65000,@OJ,1,1,247.50,2.7000,577.5000,-262.5000,
TRADE,30/07/2015 14:00:00,91.55000,05/08/2015 14:00:00,101.55000,@OJ,1,1,1500.00,1.2000,1492.5000,-165.0000,
TRADE,07/08/2015 14:00:00,100.65000,10/08/2015 14:00:00,99.50000,@OJ,1,1,-172.50,2.0000,157.5000,-172.5000,
TRADE,21/09/2015 14:00:00,91.75000,21/09/2015 14:00:00,89.95000,@OJ,1,1,-270.00,1.8000,142.5000,-232.5000,
TRADE,02/11/2015 14:00:00,105.90000,05/11/2015 14:00:00,105.55000,@OJ,1,1,-52.50,2.4000,210.0000,-262.5000,
TRADE,06/11/2015 14:00:00,107.30000,10/11/2015 14:00:00,117.30000,@OJ,1,1,1500.00,2.2000,1425.0000,0.0000,
TRADE,11/11/2015 14:00:00,121.20000,11/11/2015 14:00:00,121.20000,@OJ,1,1,0.00,10.4000,1447.5000,0.0000,
TRADE,02/12/2015 14:00:00,114.00000,04/12/2015 14:00:00,111.40000,@OJ,1,1,-390.00,2.9500,82.5000,-412.5000,
TRADE,07/12/2015 14:00:00,113.80000,08/12/2015 14:00:00,112.30000,@OJ,1,1,-225.00,2.4500,390.0000,-45.0000,
TRADE,09/12/2015 14:00:00,116.70000,10/12/2015 14:00:00,126.70000,@OJ,1,1,1500.00,4.7000,1252.5000,0.0000,
TRADE,14/12/2015 14:00:00,122.75000,15/12/2015 14:00:00,118.05000,@OJ,1,1,-705.00,2.3000,127.5000,-405.0000,
TRADE,29/12/2015 14:00:00,123.10000,30/12/2015 14:00:00,122.40000,@OJ,1,1,-105.00,3.0500,187.5000,-105.0000,
TRADE,04/01/2016 14:00:00,119.50000,05/01/2016 14:00:00,114.80000,@OJ,1,1,-705.00,3.4000,75.0000,-660.0000,
TRADE,06/01/2016 14:00:00,120.00000,07/01/2016 14:00:00,115.30000,@OJ,1,1,-705.00,5.3000,0.0000,-660.0000,
TRADE,28/01/2016 14:00:00,98.60000,29/01/2016 14:00:00,108.60000,@OJ,1,1,1500.00,2.7000,1312.5000,-97.5000,
TRADE,16/02/2016 14:00:00,103.60000,18/02/2016 14:00:00,103.40000,@OJ,1,1,-30.00,2.4000,1035.0000,-105.0000,
TRADE,10/03/2016 14:00:00,97.65000,11/03/2016 14:00:00,94.05000,@OJ,1,1,-540.00,3.9000,270.0000,-540.0000,
TRADE,14/03/2016 14:00:00,95.50000,17/03/2016 14:00:00,100.45000,@OJ,1,1,742.50,2.4500,1177.5000,-97.5000,
TRADE,21/03/2016 14:00:00,101.15000,21/03/2016 14:00:00,99.75000,@OJ,1,1,-210.00,1.4000,0.0000,-210.0000,
TRADE,22/03/2016 14:00:00,101.50000,28/03/2016 14:00:00,107.60000,@OJ,1,1,915.00,2.3500,1170.0000,-90.0000,
TRADE,29/03/2016 14:00:00,109.15000,31/03/2016 14:00:00,119.15000,@OJ,1,1,1500.00,3.4500,1492.5000,-165.0000,
TRADE,01/04/2016 14:00:00,120.90000,05/04/2016 14:00:00,116.20000,@OJ,1,1,-705.00,5.7500,255.0000,-690.0000,
TRADE,28/04/2016 14:00:00,97.50000,28/04/2016 14:00:00,96.15000,@OJ,1,1,-202.50,1.3500,172.5000,-172.5000,
TRADE,29/04/2016 14:00:00,98.65000,03/05/2016 14:00:00,108.65000,@OJ,1,1,1500.00,4.5000,1275.0000,-150.0000,
TRADE,06/05/2016 14:00:00,109.65000,10/05/2016 14:00:00,110.15000,@OJ,1,1,75.00,2.7000,555.0000,-195.0000,
TRADE,11/05/2016 14:00:00,114.15000,13/05/2016 14:00:00,114.65000,@OJ,1,1,75.00,5.2000,510.0000,-90.0000,
TRADE,17/05/2016 14:00:00,116.10000,23/05/2016 14:00:00,117.95000,@OJ,1,1,277.50,6.0000,667.5000,-217.5000,
TRADE,25/05/2016 14:00:00,117.65000,27/05/2016 14:00:00,117.65000,@OJ,1,1,0.00,3.8000,232.5000,-60.0000,
TRADE,31/05/2016 14:00:00,119.00000,03/06/2016 14:00:00,129.00000,@OJ,1,1,1500.00,3.4500,1500.0000,-142.5000,
TRADE,06/06/2016 14:00:00,130.00000,07/06/2016 14:00:00,140.00000,@OJ,1,1,1500.00,4.0500,1260.0000,0.0000,
TRADE,23/06/2016 14:00:00,135.70000,24/06/2016 14:00:00,133.05000,@OJ,1,1,-397.50,3.2500,405.0000,-382.5000,
TRADE,28/06/2016 14:00:00,136.45000,05/07/2016 14:00:00,146.45000,@OJ,1,1,1500.00,4.0000,1500.0000,-262.5000,
TRADE,06/07/2016 14:00:00,151.45000,06/07/2016 14:00:00,151.45000,@OJ,1,1,0.00,10.4000,510.0000,-142.5000,
TRADE,25/07/2016 14:00:00,149.75000,26/07/2016 14:00:00,159.75000,@OJ,1,1,1500.00,4.3500,1492.5000,-45.0000,
TRADE,19/08/2016 14:00:00,144.45000,23/08/2016 14:00:00,154.45000,@OJ,1,1,1500.00,4.1000,1447.5000,-315.0000,
TRADE,29/08/2016 14:00:00,153.05000,31/08/2016 14:00:00,154.25000,@OJ,1,1,180.00,3.5000,757.5000,-82.5000,
TRADE,01/09/2016 14:00:00,155.95000,02/09/2016 14:00:00,155.95000,@OJ,1,1,0.00,6.0000,742.5000,0.0000,
TRADE,20/09/2016 14:00:00,165.80000,21/09/2016 14:00:00,165.80000,@OJ,1,1,0.00,6.6000,1102.5000,0.0000,
TRADE,27/09/2016 14:00:00,172.15000,28/09/2016 14:00:00,182.15000,@OJ,1,1,1500.00,4.0500,1117.5000,-322.5000,
TRADE,18/10/2016 14:00:00,158.40000,21/10/2016 14:00:00,168.40000,@OJ,1,1,1500.00,4.3000,1470.0000,-165.0000,
TRADE,24/10/2016 14:00:00,168.75000,27/10/2016 14:00:00,178.75000,@OJ,1,1,1500.00,6.4500,1492.5000,0.0000,
TRADE,28/10/2016 14:00:00,181.45000,31/10/2016 14:00:00,178.90000,@OJ,1,1,-382.50,6.0500,67.5000,-382.5000,
TRADE,01/11/2016 14:00:00,182.20000,02/11/2016 14:00:00,192.20000,@OJ,1,1,1500.00,6.6000,1500.0000,-45.0000,
TRADE,07/11/2016 14:00:00,188.60000,08/11/2016 14:00:00,187.10000,@OJ,1,1,-225.00,4.4500,307.5000,-225.0000,
TRADE,11/11/2016 14:00:00,187.00000,11/11/2016 14:00:00,182.30000,@OJ,1,1,-705.00,3.2500,105.0000,-547.5000,
TRADE,18/11/2016 14:00:00,181.50000,18/11/2016 14:00:00,181.50000,@OJ,1,1,0.00,6.5500,600.0000,0.0000,
TRADE,23/11/2016 14:00:00,180.30000,25/11/2016 14:00:00,178.35000,@OJ,1,1,-292.50,2.1000,442.5000,-172.5000,
TRADE,28/11/2016 14:00:00,184.60000,28/11/2016 14:00:00,184.60000,@OJ,1,1,0.00,8.8500,675.0000,0.0000,
TRADE,30/11/2016 14:00:00,185.20000,05/12/2016 14:00:00,187.00000,@OJ,1,1,270.00,7.6000,1050.0000,-375.0000,
TRADE,19/12/2016 14:00:00,163.95000,22/12/2016 14:00:00,163.95000,@OJ,1,1,0.00,2.2000,1252.5000,0.0000,
TRADE,30/12/2016 14:00:00,161.00000,04/01/2017 14:00:00,162.60000,@OJ,1,1,240.00,4.9000,1005.0000,-127.5000,
TRADE,11/01/2017 14:00:00,153.20000,13/01/2017 14:00:00,153.20000,@OJ,1,1,0.00,6.1000,772.5000,-262.5000,
TRADE,07/02/2017 14:00:00,137.15000,10/02/2017 14:00:00,141.55000,@OJ,1,1,660.00,2.1500,1177.5000,-120.0000,
TRADE,14/02/2017 14:00:00,141.75000,22/02/2017 14:00:00,144.15000,@OJ,1,1,360.00,4.9000,892.5000,-510.0000,
TRADE,23/02/2017 14:00:00,146.40000,24/02/2017 14:00:00,144.90000,@OJ,1,1,-225.00,3.4000,142.5000,-187.5000,
TRADE,02/03/2017 14:00:00,142.10000,07/03/2017 14:00:00,152.10000,@OJ,1,1,1500.00,5.9500,1432.5000,-390.0000,
TRADE,14/03/2017 14:00:00,150.75000,17/03/2017 14:00:00,154.40000,@OJ,1,1,547.50,2.0500,907.5000,-60.0000,
TRADE,20/03/2017 14:00:00,159.30000,21/03/2017 14:00:00,169.30000,@OJ,1,1,1500.00,6.0500,1290.0000,0.0000,
TRADE,18/04/2017 14:00:00,140.40000,20/04/2017 14:00:00,141.30000,@OJ,1,1,135.00,8.4500,787.5000,-97.5000,
TRADE,26/04/2017 14:00:00,137.75000,27/04/2017 14:00:00,137.75000,@OJ,1,1,0.00,3.1500,517.5000,-82.5000,
TRADE,08/05/2017 14:00:00,130.50000,09/05/2017 14:00:00,130.50000,@OJ,1,1,0.00,4.2500,532.5000,0.0000,
TRADE,22/05/2017 14:00:00,121.90000,22/05/2017 14:00:00,117.95000,@OJ,1,1,-592.50,3.9500,60.0000,-570.0000,
TRADE,26/05/2017 14:00:00,117.35000,30/05/2017 14:00:00,117.35000,@OJ,1,1,0.00,3.3000,547.5000,-217.5000,
TRADE,02/06/2017 14:00:00,113.85000,02/06/2017 14:00:00,111.55000,@OJ,1,1,-345.00,2.3000,165.0000,-315.0000,
TRADE,05/06/2017 14:00:00,114.95000,06/06/2017 14:00:00,114.95000,@OJ,1,1,0.00,4.9500,502.5000,-345.0000,
TRADE,08/06/2017 14:00:00,114.10000,15/06/2017 14:00:00,119.30000,@OJ,1,1,780.00,2.7000,1230.0000,-270.0000,
TRADE,18/07/2017 14:00:00,113.30000,18/07/2017 14:00:00,112.20000,@OJ,1,1,-165.00,1.1000,405.0000,-135.0000,
TRADE,21/07/2017 14:00:00,111.95000,27/07/2017 14:00:00,121.95000,@OJ,1,1,1500.00,1.3000,1500.0000,0.0000,
TRADE,28/07/2017 14:00:00,123.70000,31/07/2017 14:00:00,119.00000,@OJ,1,1,-705.00,4.4000,90.0000,-487.5000,
TRADE,02/08/2017 14:00:00,118.05000,08/08/2017 14:00:00,118.20000,@OJ,1,1,22.50,3.8500,547.5000,-322.5000,
TRADE,14/08/2017 14:00:00,122.70000,18/08/2017 14:00:00,126.40000,@OJ,1,1,555.00,5.1000,1147.5000,-345.0000,
TRADE,26/09/2017 14:00:00,136.80000,28/09/2017 14:00:00,137.90000,@OJ,1,1,165.00,4.8000,735.0000,-82.5000,
TRADE,02/10/2017 14:00:00,140.35000,06/10/2017 14:00:00,147.00000,@OJ,1,1,997.50,4.4500,1492.5000,-120.0000,
TRADE,09/10/2017 14:00:00,149.55000,12/10/2017 14:00:00,149.55000,@OJ,1,1,0.00,3.5000,862.5000,-510.0000,
TRADE,27/10/2017 14:00:00,145.75000,30/10/2017 14:00:00,145.75000,@OJ,1,1,0.00,4.5500,457.5000,-360.0000,
TRADE,03/11/2017 14:00:00,146.30000,09/11/2017 14:00:00,149.90000,@OJ,1,1,540.00,4.1500,855.0000,-202.5000,
TRADE,10/11/2017 14:00:00,152.10000,13/11/2017 14:00:00,152.10000,@OJ,1,1,0.00,4.5500,1245.0000,-262.5000,
TRADE,16/11/2017 14:00:00,154.70000,21/11/2017 14:00:00,157.00000,@OJ,1,1,345.00,3.5500,660.0000,-67.5000,
TRADE,29/11/2017 14:00:00,156.75000,30/11/2017 14:00:00,154.05000,@OJ,1,1,-405.00,2.7500,82.5000,-382.5000,
TRADE,01/12/2017 14:00:00,154.90000,06/12/2017 14:00:00,150.20000,@OJ,1,1,-705.00,4.1000,142.5000,-615.0000,
TRADE,28/12/2017 14:00:00,124.55000,29/12/2017 14:00:00,124.55000,@OJ,1,1,0.00,2.2500,757.5000,-105.0000,
TRADE,02/01/2018 14:00:00,127.75000,05/01/2018 14:00:00,127.80000,@OJ,1,1,7.50,4.2500,502.5000,-375.0000,
TRADE,08/01/2018 14:00:00,129.35000,09/01/2018 14:00:00,127.00000,@OJ,1,1,-352.50,2.4500,135.0000,-307.5000,
TRADE,16/01/2018 14:00:00,127.90000,16/01/2018 14:00:00,125.60000,@OJ,1,1,-345.00,2.3000,37.5000,-337.5000,
TRADE,18/01/2018 14:00:00,131.15000,29/01/2018 14:00:00,141.15000,@OJ,1,1,1500.00,2.6000,1395.0000,-30.0000,
TRADE,15/02/2018 14:00:00,138.80000,15/02/2018 14:00:00,137.10000,@OJ,1,1,-255.00,1.7000,30.0000,-202.5000,
TRADE,16/02/2018 14:00:00,139.55000,20/02/2018 14:00:00,139.10000,@OJ,1,1,-67.50,2.8500,315.0000,-67.5000,
TRADE,22/02/2018 14:00:00,134.25000,01/03/2018 14:00:00,134.25000,@OJ,1,1,0.00,3.1000,735.0000,0.0000,
TRADE,16/03/2018 14:00:00,132.45000,16/03/2018 14:00:00,131.40000,@OJ,1,1,-157.50,1.0500,112.5000,-120.0000,
TRADE,19/03/2018 14:00:00,133.20000,20/03/2018 14:00:00,130.80000,@OJ,1,1,-360.00,2.5500,285.0000,-360.0000,
TRADE,26/03/2018 14:00:00,129.80000,06/04/2018 14:00:00,129.80000,@OJ,1,1,0.00,1.4000,817.5000,-127.5000,
TRADE,16/04/2018 14:00:00,135.05000,18/04/2018 14:00:00,136.50000,@OJ,1,1,217.50,2.3500,585.0000,-127.5000,
TRADE,23/04/2018 14:00:00,136.60000,26/04/2018 14:00:00,146.65000,@OJ,1,1,1507.50,1.7500,1507.5000,0.0000,
TRADE,23/05/2018 14:00:00,162.40000,24/05/2018 14:00:00,160.65000,@OJ,1,1,-262.50,2.8500,0.0000,-262.5000,
TRADE,25/05/2018 14:00:00,162.05000,29/05/2018 14:00:00,162.05000,@OJ,1,1,0.00,3.1000,480.0000,-112.5000,
TRADE,01/06/2018 14:00:00,155.80000,01/06/2018 14:00:00,155.80000,@OJ,1,1,0.00,2.0000,450.0000,0.0000,
TRADE,04/06/2018 14:00:00,158.80000,08/06/2018 14:00:00,154.10000,@OJ,1,1,-705.00,3.8500,150.0000,-637.5000,
TRADE,22/06/2018 14:00:00,152.10000,25/06/2018 14:00:00,152.10000,@OJ,1,1,0.00,4.3000,495.0000,-75.0000,
TRADE,28/06/2018 14:00:00,151.20000,10/07/2018 14:00:00,156.90000,@OJ,1,1,855.00,2.3000,1260.0000,-345.0000,
TRADE,13/07/2018 14:00:00,157.80000,18/07/2018 14:00:00,160.15000,@OJ,1,1,352.50,2.6500,615.0000,-352.5000,
TRADE,20/07/2018 14:00:00,160.80000,23/07/2018 14:00:00,159.70000,@OJ,1,1,-165.00,2.6500,45.0000,-165.0000,
TRADE,26/07/2018 14:00:00,155.55000,26/07/2018 14:00:00,153.60000,@OJ,1,1,-292.50,1.5000,30.0000,-277.5000,
TRADE,30/07/2018 14:00:00,154.60000,07/08/2018 14:00:00,155.75000,@OJ,1,1,172.50,1.1500,795.0000,0.0000,
TRADE,22/08/2018 14:00:00,146.40000,28/08/2018 14:00:00,145.65000,@OJ,1,1,-112.50,1.9000,292.5000,-187.5000,
TRADE,30/08/2018 14:00:00,143.50000,05/09/2018 14:00:00,144.30000,@OJ,1,1,120.00,1.6500,465.0000,-60.0000,
TRADE,07/09/2018 14:00:00,142.95000,13/09/2018 14:00:00,142.95000,@OJ,1,1,0.00,0.9500,990.0000,-15.0000,
TRADE,02/10/2018 14:00:00,137.20000,04/10/2018 14:00:00,135.50000,@OJ,1,1,-255.00,1.8000,277.5000,-255.0000,
TRADE,08/10/2018 14:00:00,134.25000,16/10/2018 14:00:00,133.50000,@OJ,1,1,-112.50,1.3000,292.5000,-405.0000,
TRADE,17/10/2018 14:00:00,135.20000,17/10/2018 14:00:00,133.35000,@OJ,1,1,-277.50,1.8500,60.0000,-262.5000,
TRADE,02/11/2018 14:00:00,128.90000,05/11/2018 14:00:00,127.50000,@OJ,1,1,-210.00,1.9000,60.0000,-210.0000,
TRADE,06/11/2018 14:00:00,128.55000,06/11/2018 14:00:00,126.80000,@OJ,1,1,-262.50,1.7500,45.0000,-247.5000,
TRADE,14/11/2018 14:00:00,125.10000,14/11/2018 14:00:00,123.50000,@OJ,1,1,-240.00,1.6000,157.5000,-195.0000,
TRADE,16/11/2018 14:00:00,123.75000,29/11/2018 14:00:00,133.75000,@OJ,1,1,1500.00,1.9000,1462.5000,-52.5000,
TRADE,17/12/2018 14:00:00,129.10000,18/12/2018 14:00:00,127.80000,@OJ,1,1,-195.00,2.4500,225.0000,-150.0000,
TRADE,28/12/2018 14:00:00,117.65000,02/01/2019 14:00:00,112.95000,@OJ,1,1,-705.00,2.9500,67.5000,-667.5000,
TRADE,07/01/2019 14:00:00,114.30000,08/01/2019 14:00:00,113.05000,@OJ,1,1,-187.50,1.5000,157.5000,-187.5000,
TRADE,09/01/2019 14:00:00,115.35000,10/01/2019 14:00:00,113.60000,@OJ,1,1,-262.50,2.3000,112.5000,-247.5000,
TRADE,14/01/2019 14:00:00,113.15000,14/01/2019 14:00:00,110.90000,@OJ,1,1,-337.50,2.2500,82.5000,-330.0000,
TRADE,18/01/2019 14:00:00,111.00000,22/01/2019 14:00:00,109.60000,@OJ,1,1,-210.00,1.8000,75.0000,-180.0000,
TRADE,25/01/2019 14:00:00,109.85000,28/01/2019 14:00:00,108.20000,@OJ,1,1,-247.50,2.6500,52.5000,-202.5000,
TRADE,31/01/2019 14:00:00,107.40000,11/02/2019 14:00:00,110.00000,@OJ,1,1,390.00,1.1500,817.5000,-97.5000,
TRADE,19/02/2019 14:00:00,109.05000,25/02/2019 14:00:00,109.05000,@OJ,1,1,0.00,3.8500,457.5000,-97.5000,
TRADE,11/03/2019 14:00:00,106.90000,13/03/2019 14:00:00,116.90000,@OJ,1,1,1500.00,1.4500,1500.0000,0.0000,
TRADE,18/04/2019 14:00:00,99.80000,18/04/2019 14:00:00,97.30000,@OJ,1,1,-375.00,2.4500,37.5000,-375.0000,
TRADE,08/05/2019 14:00:00,78.15000,15/05/2019 14:00:00,88.15000,@OJ,1,1,1500.00,1.8500,1500.0000,-202.5000,
TRADE,25/06/2019 14:00:00,85.90000,26/06/2019 14:00:00,84.95000,@OJ,1,1,-142.50,3.3500,202.5000,-142.5000,
TRADE,28/06/2019 14:00:00,84.00000,01/07/2019 14:00:00,84.00000,@OJ,1,1,0.00,1.7000,600.0000,0.0000,
TRADE,05/07/2019 14:00:00,82.75000,09/07/2019 14:00:00,83.00000,@OJ,1,1,37.50,2.9000,637.5000,-135.0000,
TRADE,16/07/2019 14:00:00,84.90000,17/07/2019 14:00:00,82.95000,@OJ,1,1,-292.50,2.9000,150.0000,-210.0000,
TRADE,19/07/2019 14:00:00,83.95000,23/07/2019 14:00:00,83.25000,@OJ,1,1,-105.00,2.5500,247.5000,-105.0000,
TRADE,24/07/2019 14:00:00,84.25000,26/07/2019 14:00:00,84.25000,@OJ,1,1,0.00,2.0000,157.5000,-7.5000,
TRADE,30/07/2019 14:00:00,83.85000,31/07/2019 14:00:00,83.10000,@OJ,1,1,-112.50,1.9000,150.0000,-112.5000,
TRADE,06/08/2019 14:00:00,80.25000,12/08/2019 14:00:00,80.25000,@OJ,1,1,0.00,3.3500,592.5000,0.0000,
TRADE,16/09/2019 14:00:00,81.80000,17/09/2019 14:00:00,80.50000,@OJ,1,1,-195.00,1.3500,75.0000,-195.0000,
TRADE,20/09/2019 14:00:00,78.65000,24/09/2019 14:00:00,77.85000,@OJ,1,1,-120.00,1.9000,172.5000,-120.0000,
TRADE,27/09/2019 14:00:00,76.80000,09/10/2019 14:00:00,76.80000,@OJ,1,1,0.00,1.5500,967.5000,0.0000,
TRADE,24/10/2019 14:00:00,77.35000,28/10/2019 14:00:00,76.30000,@OJ,1,1,-157.50,1.2000,67.5000,-165.0000,
TRADE,31/10/2019 14:00:00,74.60000,11/11/2019 14:00:00,74.80000,@OJ,1,1,30.00,2.7000,427.5000,-157.5000,
TRADE,18/11/2019 14:00:00,76.35000,18/11/2019 14:00:00,75.80000,@OJ,1,1,-82.50,0.5000,22.5000,-67.5000,
TRADE,21/11/2019 14:00:00,75.50000,29/11/2019 14:00:00,75.15000,@OJ,1,1,-52.50,1.8000,90.0000,-255.0000,
TRADE,09/12/2019 14:00:00,71.75000,17/12/2019 14:00:00,73.05000,@OJ,1,1,195.00,1.2000,472.5000,0.0000,
TRADE,23/12/2019 14:00:00,76.80000,24/12/2019 14:00:00,76.15000,@OJ,1,1,-97.50,1.4000,75.0000,-37.5000,
TRADE,21/01/2020 14:00:00,68.85000,22/01/2020 14:00:00,67.75000,@OJ,1,1,-165.00,1.4000,22.5000,-165.0000,
TRADE,28/01/2020 14:00:00,68.80000,30/01/2020 14:00:00,68.70000,@OJ,1,1,-15.00,1.0500,277.5000,-60.0000,
TRADE,06/02/2020 14:00:00,67.20000,19/02/2020 14:00:00,73.30000,@OJ,1,1,915.00,1.5500,967.5000,-22.5000,
TRADE,13/04/2020 14:00:00,80.30000,13/04/2020 14:00:00,75.60000,@OJ,1,1,-705.00,6.5000,0.0000,-667.5000,
TRADE,16/04/2020 14:00:00,79.15000,17/04/2020 14:00:00,78.40000,@OJ,1,1,-112.50,4.4500,90.0000,-112.5000,
TRADE,22/04/2020 14:00:00,79.20000,30/04/2020 14:00:00,85.10000,@OJ,1,1,885.00,2.9000,1275.0000,-67.5000,
TRADE,04/05/2020 14:00:00,86.65000,11/05/2020 14:00:00,90.00000,@OJ,1,1,502.50,3.4500,945.0000,-135.0000,
TRADE,14/05/2020 14:00:00,90.65000,26/05/2020 14:00:00,100.65000,@OJ,1,1,1500.00,3.2000,1432.5000,0.0000,
TRADE,08/06/2020 14:00:00,100.20000,08/06/2020 14:00:00,97.90000,@OJ,1,1,-345.00,2.3000,90.0000,-337.5000,
TRADE,10/06/2020 14:00:00,99.10000,11/06/2020 14:00:00,98.15000,@OJ,1,1,-142.50,2.6500,52.5000,-142.5000,
TRADE,01/07/2020 14:00:00,98.20000,02/07/2020 14:00:00,96.80000,@OJ,1,1,-210.00,5.1000,45.0000,-210.0000,
TRADE,08/07/2020 14:00:00,96.95000,14/07/2020 14:00:00,98.15000,@OJ,1,1,180.00,2.9500,510.0000,-7.5000,
TRADE,17/07/2020 14:00:00,95.15000,28/07/2020 14:00:00,90.45000,@OJ,1,1,-705.00,4.7000,307.5000,-660.0000,
TRADE,11/08/2020 14:00:00,83.40000,20/08/2020 14:00:00,88.50000,@OJ,1,1,765.00,3.9500,1395.0000,-75.0000,
TRADE,28/08/2020 14:00:00,84.65000,01/09/2020 14:00:00,83.05000,@OJ,1,1,-240.00,2.4000,120.0000,-240.0000,
TRADE,03/09/2020 14:00:00,83.65000,08/09/2020 14:00:00,83.65000,@OJ,1,1,0.00,3.1500,637.5000,-45.0000,
TRADE,11/09/2020 14:00:00,85.55000,17/09/2020 14:00:00,82.85000,@OJ,1,1,-405.00,3.1000,37.5000,-525.0000,
TRADE,21/09/2020 14:00:00,86.00000,21/09/2020 14:00:00,83.70000,@OJ,1,1,-345.00,2.2500,52.5000,-337.5000,
TRADE,28/09/2020 14:00:00,74.40000,07/10/2020 14:00:00,80.45000,@OJ,1,1,907.50,1.9500,1087.5000,-150.0000,
TRADE,13/10/2020 14:00:00,84.55000,14/10/2020 14:00:00,83.70000,@OJ,1,1,-127.50,2.0500,90.0000,-120.0000,
TRADE,20/10/2020 14:00:00,84.35000,21/10/2020 14:00:00,83.65000,@OJ,1,1,-105.00,2.6000,180.0000,-67.5000,
TRADE,05/11/2020 14:00:00,84.55000,05/11/2020 14:00:00,83.60000,@OJ,1,1,-142.50,0.9500,30.0000,-37.5000,
TRADE,09/11/2020 14:00:00,83.80000,09/11/2020 14:00:00,82.75000,@OJ,1,1,-157.50,1.1500,90.0000,0.0000,
TRADE,10/11/2020 14:00:00,84.40000,12/11/2020 14:00:00,85.85000,@OJ,1,1,217.50,2.7500,412.5000,-22.5000,
TRADE,13/11/2020 14:00:00,88.55000,24/11/2020 14:00:00,95.50000,@OJ,1,1,1042.50,3.4500,1440.0000,-82.5000,
TRADE,30/11/2020 14:00:00,97.55000,01/12/2020 14:00:00,97.00000,@OJ,1,1,-82.50,1.3000,60.0000,-82.5000,
TRADE,08/12/2020 14:00:00,93.15000,11/12/2020 14:00:00,88.45000,@OJ,1,1,-705.00,3.1500,337.5000,-637.5000,
TRADE,28/12/2020 14:00:00,88.05000,04/01/2021 14:00:00,90.65000,@OJ,1,1,390.00,2.9000,727.5000,-142.5000,
TRADE,06/01/2021 14:00:00,90.50000,19/01/2021 14:00:00,87.40000,@OJ,1,1,-465.00,4.1500,345.0000,-562.5000,
TRADE,27/01/2021 14:00:00,82.65000,29/01/2021 14:00:00,77.95000,@OJ,1,1,-705.00,3.5000,37.5000,-697.5000,
TRADE,03/02/2021 14:00:00,74.45000,09/02/2021 14:00:00,77.15000,@OJ,1,1,405.00,2.4000,772.5000,-82.5000,
TRADE,10/02/2021 14:00:00,78.95000,11/02/2021 14:00:00,77.25000,@OJ,1,1,-255.00,3.0000,37.5000,-255.0000,
TRADE,16/02/2021 14:00:00,78.85000,17/02/2021 14:00:00,77.90000,@OJ,1,1,-142.50,1.2500,300.0000,-142.5000,
TRADE,23/02/2021 14:00:00,75.80000,25/02/2021 14:00:00,75.00000,@OJ,1,1,-120.00,2.1500,307.5000,-150.0000,
TRADE,15/03/2021 14:00:00,78.25000,17/03/2021 14:00:00,79.45000,@OJ,1,1,180.00,1.1500,540.0000,-97.5000,
TRADE,25/03/2021 14:00:00,73.80000,25/03/2021 14:00:00,72.50000,@OJ,1,1,-195.00,1.3500,112.5000,-180.0000,
TRADE,07/04/2021 14:00:00,71.85000,12/04/2021 14:00:00,71.30000,@OJ,1,1,-82.50,1.6000,210.0000,-202.5000,
TRADE,13/04/2021 14:00:00,72.35000,23/04/2021 14:00:00,75.10000,@OJ,1,1,412.50,1.3500,712.5000,-135.0000,
TRADE,26/05/2021 14:00:00,76.40000,02/06/2021 14:00:00,78.10000,@OJ,1,1,255.00,2.7000,465.0000,-112.5000,
TRADE,03/06/2021 14:00:00,79.50000,11/06/2021 14:00:00,79.50000,@OJ,1,1,0.00,2.5000,1335.0000,-262.5000,
TRADE,30/06/2021 14:00:00,76.80000,06/07/2021 14:00:00,76.80000,@OJ,1,1,0.00,1.9000,990.0000,-105.0000,
TRADE,08/07/2021 14:00:00,81.80000,16/07/2021 14:00:00,83.65000,@OJ,1,1,277.50,5.0000,1417.5000,-292.5000,
TRADE,11/08/2021 14:00:00,94.70000,12/08/2021 14:00:00,90.80000,@OJ,1,1,-585.00,5.1000,22.5000,-540.0000,
TRADE,18/08/2021 14:00:00,91.10000,24/08/2021 14:00:00,101.10000,@OJ,1,1,1500.00,4.5000,480.0000,-622.5000,
TRADE,26/08/2021 14:00:00,98.30000,27/08/2021 14:00:00,98.30000,@OJ,1,1,0.00,4.3000,480.0000,0.0000,
TRADE,16/09/2021 14:00:00,97.45000,17/09/2021 14:00:00,94.45000,@OJ,1,1,-450.00,4.8500,15.0000,-450.0000,
TRADE,21/09/2021 14:00:00,92.25000,24/09/2021 14:00:00,91.85000,@OJ,1,1,-60.00,2.9500,405.0000,-90.0000,
TRADE,04/10/2021 14:00:00,87.05000,05/10/2021 14:00:00,86.95000,@OJ,1,1,-15.00,2.3500,285.0000,-15.0000,
TRADE,07/10/2021 14:00:00,84.55000,07/10/2021 14:00:00,82.75000,@OJ,1,1,-270.00,1.8000,0.0000,-247.5000,
TRADE,19/10/2021 14:00:00,74.45000,20/10/2021 14:00:00,74.00000,@OJ,1,1,-67.50,3.9000,487.5000,-67.5000,
TRADE,05/11/2021 14:00:00,71.20000,10/11/2021 14:00:00,71.20000,@OJ,1,1,0.00,3.1500,712.5000,-337.5000,
TRADE,11/11/2021 14:00:00,75.95000,23/11/2021 14:00:00,81.75000,@OJ,1,1,870.00,5.0500,1230.0000,-52.5000,
TRADE,06/12/2021 14:00:00,74.30000,10/12/2021 14:00:00,79.60000,@OJ,1,1,795.00,1.7000,982.5000,0.0000,
TRADE,14/12/2021 14:00:00,79.45000,16/12/2021 14:00:00,89.45000,@OJ,1,1,1500.00,3.3500,1432.5000,0.0000,
TRADE,20/12/2021 14:00:00,91.80000,21/12/2021 14:00:00,91.80000,@OJ,1,1,0.00,3.0500,472.5000,0.0000,
TRADE,07/01/2022 14:00:00,101.00000,10/01/2022 14:00:00,100.25000,@OJ,1,1,-112.50,3.7000,300.0000,-7.5000,
TRADE,11/01/2022 14:00:00,101.85000,13/01/2022 14:00:00,111.85000,@OJ,1,1,1500.00,3.0000,960.0000,0.0000,
TRADE,14/01/2022 14:00:00,113.15000,14/01/2022 14:00:00,113.15000,@OJ,1,1,0.00,9.9500,472.5000,0.0000,
TRADE,09/02/2022 14:00:00,102.05000,11/02/2022 14:00:00,98.00000,@OJ,1,1,-607.50,5.0000,97.5000,-607.5000,
TRADE,18/02/2022 14:00:00,94.60000,23/02/2022 14:00:00,93.90000,@OJ,1,1,-105.00,3.2500,345.0000,-105.0000,
TRADE,24/02/2022 14:00:00,95.95000,24/02/2022 14:00:00,95.95000,@OJ,1,1,0.00,2.2000,705.0000,-180.0000,
TRADE,28/02/2022 14:00:00,97.05000,01/03/2022 14:00:00,97.05000,@OJ,1,1,0.00,3.1500,795.0000,0.0000,
TRADE,02/03/2022 14:00:00,102.35000,04/03/2022 14:00:00,102.35000,@OJ,1,1,0.00,6.6500,1072.5000,0.0000,
TRADE,21/03/2022 14:00:00,106.60000,22/03/2022 14:00:00,104.70000,@OJ,1,1,-285.00,3.9000,105.0000,-285.0000,
TRADE,24/03/2022 14:00:00,106.70000,25/03/2022 14:00:00,106.70000,@OJ,1,1,0.00,3.4500,817.5000,0.0000,
TRADE,30/03/2022 14:00:00,106.45000,01/04/2022 14:00:00,116.45000,@OJ,1,1,1500.00,1.9500,1492.5000,-7.5000,
TRADE,04/04/2022 14:00:00,117.80000,04/04/2022 14:00:00,117.80000,@OJ,1,1,0.00,7.7000,727.5000,0.0000,
TRADE,06/05/2022 14:00:00,139.70000,09/05/2022 14:00:00,135.95000,@OJ,1,1,-562.50,6.9000,345.0000,-427.5000,
TRADE,13/05/2022 14:00:00,132.10000,18/05/2022 14:00:00,131.75000,@OJ,1,1,-52.50,10.1500,1357.5000,-75.0000,
TRADE,20/05/2022 14:00:00,134.20000,25/05/2022 14:00:00,138.15000,@OJ,1,1,592.50,4.5000,1027.5000,-112.5000,
TRADE,26/05/2022 14:00:00,140.85000,31/05/2022 14:00:00,142.65000,@OJ,1,1,270.00,5.4000,1192.5000,0.0000,
TRADE,03/06/2022 14:00:00,143.80000,06/06/2022 14:00:00,142.20000,@OJ,1,1,-240.00,2.7500,277.5000,-195.0000,
TRADE,07/06/2022 14:00:00,144.70000,08/06/2022 14:00:00,144.70000,@OJ,1,1,0.00,3.5000,547.5000,-345.0000,
TRADE,15/06/2022 14:00:00,143.10000,15/06/2022 14:00:00,140.35000,@OJ,1,1,-412.50,2.5500,82.5000,-382.5000,
TRADE,22/06/2022 14:00:00,135.75000,22/06/2022 14:00:00,132.80000,@OJ,1,1,-442.50,2.4500,0.0000,-435.0000,
TRADE,27/06/2022 14:00:00,129.80000,30/06/2022 14:00:00,139.80000,@OJ,1,1,1500.00,4.1500,1462.5000,-82.5000,
TRADE,08/07/2022 14:00:00,128.65000,11/07/2022 14:00:00,126.80000,@OJ,1,1,-277.50,1.9000,285.0000,-277.5000,
TRADE,22/07/2022 14:00:00,120.10000,27/07/2022 14:00:00,130.10000,@OJ,1,1,1500.00,1.6500,1035.0000,-517.5000,
TRADE,19/08/2022 14:00:00,135.25000,19/08/2022 14:00:00,135.05000,@OJ,1,1,-30.00,3.2000,465.0000,-75.0000,
TRADE,23/08/2022 14:00:00,136.50000,24/08/2022 14:00:00,133.05000,@OJ,1,1,-517.50,3.0000,75.0000,-472.5000,
TRADE,25/08/2022 14:00:00,135.60000,25/08/2022 14:00:00,132.10000,@OJ,1,1,-525.00,3.4500,52.5000,-525.0000,
TRADE,29/08/2022 14:00:00,134.40000,30/08/2022 14:00:00,144.40000,@OJ,1,1,1500.00,3.6000,1485.0000,-60.0000,
TRADE,31/08/2022 14:00:00,144.55000,01/09/2022 14:00:00,154.55000,@OJ,1,1,1500.00,9.7500,1425.0000,-67.5000,
TRADE,19/09/2022 14:00:00,142.30000,19/09/2022 14:00:00,142.30000,@OJ,1,1,0.00,4.5000,750.0000,0.0000,
TRADE,20/09/2022 14:00:00,147.30000,22/09/2022 14:00:00,146.85000,@OJ,1,1,-67.50,6.3000,285.0000,-67.5000,
TRADE,23/09/2022 14:00:00,150.65000,26/09/2022 14:00:00,150.15000,@OJ,1,1,-75.00,3.8000,382.5000,-45.0000,
TRADE,28/09/2022 14:00:00,153.30000,29/09/2022 14:00:00,163.30000,@OJ,1,1,1500.00,5.8500,1087.5000,0.0000,
TRADE,03/10/2022 14:00:00,163.05000,05/10/2022 14:00:00,163.05000,@OJ,1,1,0.00,5.3000,1110.0000,-255.0000,
TRADE,24/10/2022 14:00:00,180.80000,26/10/2022 14:00:00,190.80000,@OJ,1,1,1500.00,2.6500,1387.5000,0.0000,
TRADE,31/10/2022 14:00:00,185.75000,01/11/2022 14:00:00,185.55000,@OJ,1,1,-30.00,4.2500,547.5000,-307.5000,
TRADE,02/11/2022 14:00:00,189.45000,07/11/2022 14:00:00,199.45000,@OJ,1,1,1500.00,5.7000,1462.5000,-502.5000,
TRADE,22/11/2022 14:00:00,190.20000,23/11/2022 14:00:00,188.20000,@OJ,1,1,-300.00,5.7000,232.5000,-277.5000,
TRADE,25/11/2022 14:00:00,191.50000,28/11/2022 14:00:00,191.50000,@OJ,1,1,0.00,5.0000,600.0000,0.0000,
TRADE,02/12/2022 14:00:00,185.20000,07/12/2022 14:00:00,195.20000,@OJ,1,1,1500.00,4.2500,1455.0000,0.0000,
TRADE,08/12/2022 14:00:00,201.95000,09/12/2022 14:00:00,201.95000,@OJ,1,1,0.00,10.2500,1245.0000,0.0000,
TRADE,30/12/2022 14:00:00,190.45000,03/01/2023 14:00:00,188.70000,@OJ,1,1,-262.50,3.5000,112.5000,-262.5000,
TRADE,05/01/2023 14:00:00,190.35000,17/01/2023 14:00:00,192.25000,@OJ,1,1,285.00,3.1500,1417.5000,-30.0000,
TRADE,18/01/2023 14:00:00,193.40000,23/01/2023 14:00:00,189.15000,@OJ,1,1,-637.50,2.6500,165.0000,-637.5000,
TRADE,26/01/2023 14:00:00,191.00000,31/01/2023 14:00:00,201.00000,@OJ,1,1,1500.00,1.5000,1275.0000,0.0000,
TRADE,27/02/2023 14:00:00,239.50000,27/02/2023 14:00:00,239.50000,@OJ,1,1,0.00,10.4000,975.0000,0.0000,
TRADE,28/02/2023 14:00:00,246.00000,01/03/2023 14:00:00,241.30000,@OJ,1,1,-705.00,6.9000,307.5000,-637.5000,
TRADE,06/03/2023 14:00:00,222.55000,06/03/2023 14:00:00,222.05000,@OJ,1,1,-75.00,4.9000,532.5000,-75.0000,
TRADE,07/03/2023 14:00:00,227.95000,07/03/2023 14:00:00,227.95000,@OJ,1,1,0.00,10.3500,1402.5000,0.0000,
TRADE,22/03/2023 14:00:00,231.50000,22/03/2023 14:00:00,231.15000,@OJ,1,1,-52.50,4.8500,517.5000,-52.5000,
TRADE,23/03/2023 14:00:00,234.95000,24/03/2023 14:00:00,244.95000,@OJ,1,1,1500.00,6.8000,1260.0000,-255.0000,
TRADE,27/03/2023 14:00:00,246.05000,27/03/2023 14:00:00,246.05000,@OJ,1,1,0.00,11.8000,742.5000,-97.5000,
TRADE,29/03/2023 14:00:00,247.30000,30/03/2023 14:00:00,257.30000,@OJ,1,1,1500.00,10.6000,1470.0000,-285.0000,
TRADE,31/03/2023 14:00:00,262.55000,03/04/2023 14:00:00,257.85000,@OJ,1,1,-705.00,12.8500,105.0000,-652.5000,
TRADE,20/04/2023 14:00:00,267.60000,21/04/2023 14:00:00,267.20000,@OJ,1,1,-60.00,5.7000,960.0000,-667.5000,
TRADE,25/04/2023 14:00:00,271.15000,26/04/2023 14:00:00,271.15000,@OJ,1,1,0.00,4.6000,645.0000,-180.0000,
TRADE,28/04/2023 14:00:00,266.70000,28/04/2023 14:00:00,262.00000,@OJ,1,1,-705.00,12.1500,180.0000,-465.0000,
TRADE,04/05/2023 14:00:00,261.50000,08/05/2023 14:00:00,261.50000,@OJ,1,1,0.00,4.4500,945.0000,-435.0000,
TRADE,15/06/2023 14:00:00,253.00000,16/06/2023 14:00:00,263.55000,@OJ,1,1,1582.50,5.1000,1582.5000,0.0000,
TRADE,21/06/2023 14:00:00,263.55000,21/06/2023 14:00:00,258.90000,@OJ,1,1,-697.50,4.5500,0.0000,-577.5000,
TRADE,26/06/2023 14:00:00,261.35000,26/06/2023 14:00:00,261.35000,@OJ,1,1,0.00,5.8500,697.5000,-292.5000,
