TRADE,10/01/2010 19:30:00,-0.76330,11/01/2010 18:30:00,-0.79480,@RB,-1,1,1323.00,0.0046,1696.8000,-827.4000,
TRADE,17/01/2010 19:30:00,-0.88970,19/01/2010 01:00:00,-0.88800,@RB,-1,1,-71.40,0.0003,697.2000,-638.4000,
TRADE,31/01/2010 19:30:00,-1.03120,01/02/2010 18:30:00,-0.99700,@RB,-1,1,-1436.40,0.0029,672.0000,-1436.4000,
TRADE,07/02/2010 19:30:00,-1.05100,08/02/2010 16:30:00,-1.05300,@RB,-1,1,84.00,0.0027,987.0000,-751.8000,
TRADE,14/02/2010 20:00:00,-1.01500,16/02/2010 02:00:00,-1.00850,@RB,-1,1,-273.00,0.0062,457.8000,-273.0000,
TRADE,21/02/2010 19:30:00,-0.84650,22/02/2010 18:30:00,-0.82950,@RB,-1,1,-714.00,0.0003,336.0000,-1058.4000,
TRADE,28/02/2010 19:30:00,-0.85490,01/03/2010 16:30:00,-0.89320,@RB,-1,1,1608.60,0.0049,2528.3999,-852.6000,
TRADE,07/03/2010 19:30:00,-0.76920,08/03/2010 16:00:00,-0.76840,@RB,-1,1,-33.60,0.0015,655.2000,-504.0000,
TRADE,14/03/2010 19:30:00,-0.79730,15/03/2010 16:00:00,-0.82680,@RB,-1,1,1239.00,0.0012,2200.8000,-302.4000,
TRADE,21/03/2010 20:00:00,-0.80280,22/03/2010 21:00:00,-0.79530,@RB,-1,1,-315.00,0.0055,2066.3999,-600.6000,
TRADE,04/04/2010 19:30:00,-0.71170,05/04/2010 17:00:00,-0.70330,@RB,-1,1,-352.80,0.0015,474.6000,-1058.4000,
TRADE,11/04/2010 19:30:00,-0.74980,12/04/2010 18:30:00,-0.75650,@RB,-1,1,281.40,0.0033,886.2000,-777.0000,
TRADE,18/04/2010 19:30:00,-0.79040,19/04/2010 16:30:00,-0.79430,@RB,-1,1,163.80,0.0098,1810.2000,-142.8000,
TRADE,02/05/2010 19:30:00,-0.64800,03/05/2010 15:30:00,-0.61920,@RB,-1,1,-1209.60,0.0031,575.4000,-1474.2000,
TRADE,09/05/2010 19:30:00,-0.90660,10/05/2010 15:30:00,-0.87520,@RB,-1,1,-1318.80,0.0030,205.8000,-2209.2000,
TRADE,16/05/2010 19:30:00,-0.92280,17/05/2010 16:00:00,-1.00660,@RB,-1,1,3519.60,0.0005,3767.3999,-411.6000,
TRADE,23/05/2010 19:30:00,-1.08420,24/05/2010 16:30:00,-1.08670,@RB,-1,1,105.00,0.0069,777.0000,-697.2000,
TRADE,30/05/2010 19:30:00,-1.02180,31/05/2010 22:30:00,-1.02190,@RB,-1,1,4.20,0.0024,218.4000,-785.4000,
TRADE,06/06/2010 19:30:00,-1.07440,07/06/2010 16:00:00,-1.06250,@RB,-1,1,-499.80,0.0072,550.2000,-2049.6001,
TRADE,13/06/2010 19:30:00,-0.98490,14/06/2010 20:00:00,-0.98440,@RB,-1,1,-21.00,0.0000,369.6000,-1898.4000,
TRADE,20/06/2010 19:30:00,-0.87440,21/06/2010 17:00:00,-0.91240,@RB,-1,1,1596.00,0.0076,2070.6001,-798.0000,
TRADE,04/07/2010 19:30:00,-1.05600,06/07/2010,-1.08120,@RB,-1,1,1058.40,0.0140,1554.0000,-399.0000,
TRADE,11/07/2010 19:30:00,-0.97250,12/07/2010 16:00:00,-1.01050,@RB,-1,1,1596.00,0.0005,1881.6000,-256.2000,
TRADE,18/07/2010 19:30:00,-0.99700,19/07/2010 19:30:00,-0.98300,@RB,-1,1,-588.00,0.0053,298.2000,-2352.0000,
TRADE,25/07/2010 20:30:00,-0.92600,26/07/2010 23:00:00,-0.93500,@RB,-1,1,378.00,0.0035,957.6000,-420.0000,
TRADE,08/08/2010 20:30:00,-0.92590,09/08/2010 22:00:00,-0.92230,@RB,-1,1,-151.20,0.0000,394.8000,-1129.8000,
TRADE,15/08/2010 19:30:00,-1.09480,16/08/2010 15:30:00,-1.12030,@RB,-1,1,1071.00,0.0018,1218.0000,-352.8000,
TRADE,29/08/2010 19:30:00,-1.08320,30/08/2010 15:30:00,-1.10080,@RB,-1,1,739.20,0.0030,1260.0000,-92.4000,
TRADE,05/09/2010 20:30:00,-1.09270,07/09/2010 03:30:00,-1.10180,@RB,-1,1,382.20,0.0006,495.6000,-361.2000,
TRADE,12/09/2010 19:30:00,-1.03220,13/09/2010 16:30:00,-1.02910,@RB,-1,1,-130.20,0.0030,79.8000,-1516.2000,
TRADE,19/09/2010 19:30:00,-1.08820,21/09/2010,-1.06170,@RB,-1,1,-1113.00,0.0028,247.8000,-2158.8000,
TRADE,03/10/2010 19:30:00,-0.90580,04/10/2010 15:30:00,-0.90430,@RB,-1,1,-63.00,0.0023,697.2000,-1218.0000,
TRADE,10/10/2010 19:30:00,-0.83920,11/10/2010 16:00:00,-0.84320,@RB,-1,1,168.00,0.0004,714.0000,-567.0000,
TRADE,17/10/2010 19:30:00,-0.89450,18/10/2010 16:00:00,-0.84700,@RB,-1,1,-1995.00,0.0029,579.6000,-2150.3999,
TRADE,31/10/2010 19:30:00,-0.90070,01/11/2010 16:30:00,-0.88370,@RB,-1,1,-714.00,0.0031,100.8000,-2385.6001,
TRADE,07/11/2010 19:30:00,-0.77980,08/11/2010 16:00:00,-0.79240,@RB,-1,1,529.20,0.0068,1642.2000,-46.2000,
TRADE,14/11/2010 19:30:00,-0.75760,15/11/2010 16:00:00,-0.77440,@RB,-1,1,705.60,0.0043,1163.4000,-1461.6000,
TRADE,21/11/2010 20:00:00,-0.77270,22/11/2010 21:30:00,-0.82670,@RB,-1,1,2268.00,0.0000,2885.3999,-672.0000,
TRADE,28/11/2010 19:30:00,-0.75480,29/11/2010 16:00:00,-0.70040,@RB,-1,1,-2284.80,0.0007,457.8000,-2595.6001,
TRADE,05/12/2010 19:30:00,-0.55590,06/12/2010 15:30:00,-0.57640,@RB,-1,1,861.00,0.0023,1587.6000,-247.8000,
TRADE,12/12/2010 19:30:00,-0.61230,13/12/2010 17:00:00,-0.61230,@RB,-1,1,0.00,0.0040,117.6000,-2041.2000,
TRADE,26/12/2010 19:30:00,-0.49740,27/12/2010 22:00:00,-0.50240,@RB,-1,1,210.00,0.0030,680.4000,-953.4000,
TRADE,02/01/2011 19:30:00,-0.49130,03/01/2011 16:00:00,-0.48650,@RB,-1,1,-201.60,0.0029,92.4000,-1688.4000,
TRADE,09/01/2011 19:30:00,-0.47330,10/01/2011 16:30:00,-0.46030,@RB,-1,1,-546.00,0.0051,1348.2000,-1062.6000,
TRADE,16/01/2011 19:30:00,-0.42410,18/01/2011 00:30:00,-0.42950,@RB,-1,1,226.80,0.0041,688.8000,-138.6000,
TRADE,23/01/2011 19:30:00,-0.45300,24/01/2011 20:30:00,-0.50900,@RB,-1,1,2352.00,0.0035,2520.0000,-424.2000,
TRADE,30/01/2011 19:30:00,-0.44510,31/01/2011 15:30:00,-0.44820,@RB,-1,1,130.20,0.0063,1814.4000,-1188.6000,
TRADE,13/02/2011 19:30:00,-0.46300,14/02/2011 19:00:00,-0.42970,@RB,-1,1,-1398.60,0.0030,386.4000,-2763.6001,
TRADE,27/02/2011 19:30:00,-0.17520,28/02/2011 15:30:00,-0.21510,@RB,-1,1,1675.80,0.0012,2402.3999,-462.0000,
TRADE,06/03/2011 19:30:00,-0.04880,07/03/2011 17:00:00,-0.10750,@RB,-1,1,2465.40,0.0174,2528.3999,-1453.2000,
TRADE,13/03/2011 19:30:00,-0.14260,14/03/2011 15:30:00,-0.15560,@RB,-1,1,546.00,0.0345,1486.8000,-793.8000,
TRADE,20/03/2011 19:30:00,-0.11480,21/03/2011 17:00:00,-0.11330,@RB,-1,1,-63.00,0.0048,462.0000,-756.0000,
TRADE,27/03/2011 20:00:00,-0.05480,28/03/2011 23:30:00,-0.08780,@RB,-1,1,1386.00,0.0006,1667.4000,-210.0000,
TRADE,03/04/2011 19:30:00,0.05690,04/04/2011 16:00:00,0.05520,@RB,-1,1,71.40,0.0023,907.2000,-558.6000,
TRADE,10/04/2011 19:30:00,0.15540,11/04/2011 15:30:00,0.09190,@RB,-1,1,2667.00,0.0028,2872.8000,-247.8000,
TRADE,24/04/2011 19:30:00,0.21440,25/04/2011 21:00:00,0.20560,@RB,-1,1,369.60,0.0010,1323.0000,-907.2000,
TRADE,01/05/2011 19:30:00,0.35070,02/05/2011 15:30:00,0.29800,@RB,-1,1,2213.40,0.0121,3574.2000,-856.8000,
TRADE,08/05/2011 19:30:00,0.06260,09/05/2011 07:00:00,0.14120,@RB,-1,1,-3301.20,0.0109,126.0000,-3267.6001,
TRADE,15/05/2011 19:30:00,0.01960,16/05/2011 16:00:00,-0.11890,@RB,-1,1,5817.00,0.0068,6119.3999,-126.0000,
TRADE,22/05/2011 20:00:00,-0.09440,23/05/2011 17:00:00,-0.11410,@RB,-1,1,827.40,0.0000,3523.8000,-214.2000,
TRADE,05/06/2011 19:30:00,0.01380,06/06/2011 18:30:00,-0.03520,@RB,-1,1,2058.00,0.0065,2499.0000,-441.0000,
TRADE,12/06/2011 20:30:00,0.02930,13/06/2011 16:30:00,0.01850,@RB,-1,1,453.60,0.0066,2419.2000,-1629.6000,
TRADE,19/06/2011 20:00:00,-0.03620,20/06/2011 16:00:00,-0.07670,@RB,-1,1,1701.00,0.0015,1957.2000,0.0000,
TRADE,03/07/2011 19:30:00,0.05930,04/07/2011 23:00:00,0.04930,@RB,-1,1,420.00,0.0039,798.0000,-453.6000,
TRADE,10/07/2011 19:30:00,0.18610,11/07/2011 16:00:00,0.15830,@RB,-1,1,1167.60,0.0084,2931.6001,-315.0000,
TRADE,17/07/2011 19:30:00,0.23730,18/07/2011 16:30:00,0.19100,@RB,-1,1,1944.60,0.0049,4137.0000,-67.2000,
TRADE,31/07/2011 19:30:00,0.22970,01/08/2011 15:30:00,0.20650,@RB,-1,1,974.40,0.0132,3137.3999,-2721.6001,
TRADE,07/08/2011 19:30:00,-0.10100,08/08/2011 15:30:00,-0.17190,@RB,-1,1,2977.80,0.0244,3418.8000,-722.4000,
TRADE,14/08/2011 19:30:00,-0.02550,15/08/2011 17:00:00,0.01620,@RB,-1,1,-1751.40,0.0029,478.8000,-2150.3999,
TRADE,21/08/2011 19:30:00,-0.03580,22/08/2011 16:00:00,-0.01800,@RB,-1,1,-747.60,0.0200,2100.0000,-1159.2000,
TRADE,28/08/2011 19:30:00,0.03950,29/08/2011 23:00:00,0.06140,@RB,-1,1,-919.80,0.0030,567.0000,-2574.6001,
TRADE,04/09/2011 20:30:00,0.11300,05/09/2011 22:00:00,0.08040,@RB,-1,1,1369.20,0.0014,2368.8000,0.0000,
TRADE,11/09/2011 19:30:00,0.03640,12/09/2011 15:30:00,0.02230,@RB,-1,1,592.20,0.0038,1831.2000,-1121.4000,
TRADE,18/09/2011 20:00:00,0.05520,19/09/2011 18:30:00,-0.01140,@RB,-1,1,2797.20,0.0082,3414.6001,-399.0000,
TRADE,25/09/2011 19:30:00,-0.13860,26/09/2011 16:00:00,-0.13060,@RB,-1,1,-336.00,0.0147,2520.0000,-814.8000,
TRADE,02/10/2011 19:30:00,-0.10990,03/10/2011 16:00:00,-0.13080,@RB,-1,1,877.80,0.0116,1503.6000,-684.6000,
TRADE,16/10/2011 19:30:00,0.21080,17/10/2011 20:00:00,0.10430,@RB,-1,1,4473.00,0.0009,4821.6001,-743.4000,
TRADE,06/11/2011 19:30:00,0.08460,07/11/2011 15:30:00,0.12680,@RB,-1,1,-1772.40,0.0040,1150.8000,-2356.2000,
TRADE,13/11/2011 19:30:00,0.00150,14/11/2011 17:00:00,-0.06640,@RB,-1,1,2851.80,0.0034,4657.7998,-424.2000,
TRADE,20/11/2011 19:30:00,-0.12290,21/11/2011 17:00:00,-0.10920,@RB,-1,1,-575.40,0.0057,1167.6000,-1087.8000,
TRADE,27/11/2011 19:30:00,-0.11760,28/11/2011 18:30:00,-0.09500,@RB,-1,1,-949.20,0.0070,323.4000,-2574.6001,
TRADE,04/12/2011 19:30:00,0.04200,05/12/2011 18:30:00,0.00010,@RB,-1,1,1759.80,0.0035,1974.0000,-1373.4000,
TRADE,18/12/2011 19:30:00,-0.11220,19/12/2011 19:30:00,-0.10180,@RB,-1,1,-436.80,0.0050,600.6000,-1562.4000,
TRADE,15/01/2012 19:30:00,0.14960,16/01/2012 23:30:00,0.18270,@RB,-1,1,-1390.20,0.0000,289.8000,-1428.0000,
TRADE,22/01/2012 19:30:00,0.18070,23/01/2012 19:00:00,0.18870,@RB,-1,1,-336.00,0.0045,205.8000,-1520.4000,
TRADE,29/01/2012 19:30:00,0.32760,30/01/2012 16:00:00,0.27870,@RB,-1,1,2053.80,0.0027,2847.6001,0.0000,
TRADE,05/02/2012 19:30:00,0.32110,06/02/2012 17:00:00,0.34550,@RB,-1,1,-1024.80,0.0020,999.6000,-1209.6000,
TRADE,12/02/2012 19:30:00,0.40020,13/02/2012 19:00:00,0.40610,@RB,-1,1,-247.80,0.0049,172.2000,-1171.8000,
TRADE,19/02/2012 19:30:00,0.45270,21/02/2012 03:30:00,0.44890,@RB,-1,1,159.60,0.0093,785.4000,-470.4000,
TRADE,26/02/2012 19:30:00,0.55920,27/02/2012 22:00:00,0.51770,@RB,-1,1,1743.00,0.0000,2339.3999,0.0000,
TRADE,04/03/2012 19:30:00,0.51650,05/03/2012 16:00:00,0.49450,@RB,-1,1,924.00,0.0009,1566.6000,-369.6000,
TRADE,11/03/2012 20:00:00,0.56510,12/03/2012 16:30:00,0.55650,@RB,-1,1,361.20,0.0015,1533.0000,-33.6000,
TRADE,18/03/2012 19:30:00,0.59620,19/03/2012 18:30:00,0.59170,@RB,-1,1,189.00,0.0052,777.0000,-844.2000,
TRADE,01/04/2012 19:30:00,0.60010,02/04/2012 15:30:00,0.64720,@RB,-1,1,-1978.20,0.0079,2410.8000,-2150.3999,
TRADE,08/04/2012 19:30:00,0.58300,09/04/2012 16:30:00,0.56180,@RB,-1,1,890.40,0.0046,2620.8000,-88.2000,
TRADE,15/04/2012 19:30:00,0.60510,16/04/2012 15:30:00,0.53230,@RB,-1,1,3057.60,0.0048,3141.6001,-58.8000,
TRADE,22/04/2012 19:30:00,0.41000,23/04/2012 16:30:00,0.45340,@RB,-1,1,-1822.80,0.0042,1667.4000,-1843.8000,
TRADE,29/04/2012 19:30:00,0.45200,30/04/2012 16:30:00,0.43280,@RB,-1,1,806.40,0.0009,1142.4000,-331.8000,
TRADE,06/05/2012 19:30:00,0.25870,07/05/2012 15:30:00,0.29150,@RB,-1,1,-1377.60,0.0440,277.2000,-1852.2000,
TRADE,13/05/2012 19:30:00,0.31060,14/05/2012 15:30:00,0.26250,@RB,-1,1,2020.20,0.0017,2175.6001,-264.6000,
TRADE,20/05/2012 19:30:00,0.20330,21/05/2012 18:30:00,0.25880,@RB,-1,1,-2331.00,0.0035,0.0000,-2532.6001,
TRADE,03/06/2012 19:30:00,0.04280,04/06/2012 15:30:00,0.06710,@RB,-1,1,-1020.60,0.0034,2398.2000,-1113.0000,
TRADE,10/06/2012 19:30:00,0.11660,11/06/2012 15:30:00,0.04280,@RB,-1,1,3099.60,0.0048,3276.0000,-1020.6000,
TRADE,17/06/2012 19:30:00,0.10390,18/06/2012 16:00:00,0.04570,@RB,-1,1,2444.40,0.0098,2784.6001,-630.0000,
TRADE,24/06/2012 19:30:00,-0.00750,25/06/2012 17:00:00,0.03700,@RB,-1,1,-1869.00,0.0062,1155.0000,-1986.6000,
TRADE,01/07/2012 19:30:00,0.13800,02/07/2012 15:30:00,0.13390,@RB,-1,1,172.20,0.0034,2431.8000,-499.8000,
TRADE,08/07/2012 19:30:00,0.23560,09/07/2012 15:30:00,0.27000,@RB,-1,1,-1444.80,0.0029,894.6000,-2137.8000,
TRADE,15/07/2012 20:00:00,0.32760,16/07/2012 16:00:00,0.36660,@RB,-1,1,-1638.00,0.0063,436.8000,-1785.0000,
TRADE,22/07/2012 19:30:00,0.45010,23/07/2012 16:00:00,0.39300,@RB,-1,1,2398.20,0.0080,3906.0000,-58.8000,
TRADE,29/07/2012 19:30:00,0.40580,30/07/2012 15:30:00,0.41910,@RB,-1,1,-558.60,0.0091,550.2000,-890.4000,
TRADE,05/08/2012 19:30:00,0.53120,06/08/2012 16:30:00,0.52720,@RB,-1,1,168.00,0.0035,2150.3999,-189.0000,
TRADE,12/08/2012 19:30:00,0.61670,13/08/2012 16:00:00,0.59320,@RB,-1,1,987.00,0.0011,1188.6000,-1176.0000,
TRADE,19/08/2012 20:00:00,0.63000,20/08/2012 18:30:00,0.63160,@RB,-1,1,-67.20,0.0060,529.2000,-823.2000,
TRADE,26/08/2012 19:30:00,0.76620,27/08/2012 18:30:00,0.75520,@RB,-1,1,462.00,0.0193,2028.6000,-1680.0000,
TRADE,09/09/2012 19:30:00,0.81670,10/09/2012 16:30:00,0.81210,@RB,-1,1,193.20,0.0055,1680.0000,-546.0000,
TRADE,16/09/2012 19:30:00,0.81090,17/09/2012 16:30:00,0.72430,@RB,-1,1,3637.20,0.0019,6942.6001,0.0000,
TRADE,30/09/2012 19:30:00,0.91430,01/10/2012 16:00:00,0.90510,@RB,-1,1,386.40,0.0043,1461.6000,-1432.2000,
TRADE,07/10/2012 19:30:00,0.94450,08/10/2012 16:00:00,0.90390,@RB,-1,1,1705.20,0.0005,2667.0000,-466.2000,
TRADE,14/10/2012 19:30:00,0.87600,15/10/2012 18:30:00,0.84350,@RB,-1,1,1365.00,0.0070,1982.4000,-621.6000,
TRADE,21/10/2012 20:00:00,0.68370,22/10/2012 16:00:00,0.63850,@RB,-1,1,1898.40,0.0031,2066.3999,-1188.6000,
TRADE,28/10/2012 19:30:00,0.72910,29/10/2012 19:30:00,0.74300,@RB,-1,1,-583.80,0.0154,974.4000,-3124.8000,
TRADE,04/11/2012 19:30:00,0.67540,05/11/2012 16:00:00,0.73620,@RB,-1,1,-2553.60,0.0040,344.4000,-2805.6001,
TRADE,11/11/2012 19:30:00,0.81640,12/11/2012 15:30:00,0.77880,@RB,-1,1,1579.20,0.0076,1587.6000,-1600.2000,
TRADE,18/11/2012 19:30:00,0.83820,19/11/2012 17:00:00,0.85960,@RB,-1,1,-898.80,0.0026,672.0000,-1772.4000,
TRADE,25/11/2012 19:30:00,0.84940,26/11/2012 19:00:00,0.83420,@RB,-1,1,638.40,0.0010,1087.8000,-205.8000,
TRADE,02/12/2012 19:30:00,0.89250,03/12/2012 15:30:00,0.87690,@RB,-1,1,655.20,0.0014,882.0000,-1012.2000,
TRADE,09/12/2012 19:30:00,0.76140,10/12/2012 19:00:00,0.75310,@RB,-1,1,348.60,0.0024,579.6000,-1352.4000,
TRADE,16/12/2012 19:30:00,0.81790,17/12/2012 17:00:00,0.81880,@RB,-1,1,-37.80,0.0025,466.2000,-739.2000,
TRADE,30/12/2012 20:00:00,0.94670,31/12/2012 17:00:00,0.95090,@RB,-1,1,-176.40,0.0011,1667.4000,-890.4000,
TRADE,06/01/2013 19:30:00,0.94990,07/01/2013 15:30:00,0.96590,@RB,-1,1,-672.00,0.0028,869.4000,-949.2000,
TRADE,13/01/2013 19:30:00,0.91860,14/01/2013 16:30:00,0.93460,@RB,-1,1,-672.00,0.0033,457.8000,-1159.2000,
TRADE,03/02/2013 19:30:00,1.22400,04/02/2013 17:00:00,1.20040,@RB,-1,1,991.20,0.0002,1377.6000,-327.6000,
TRADE,10/02/2013 19:30:00,1.24000,11/02/2013 16:30:00,1.21300,@RB,-1,1,1134.00,0.0012,2163.0000,-42.0000,
TRADE,17/02/2013 19:30:00,1.33100,18/02/2013 23:30:00,1.33470,@RB,-1,1,-155.40,0.0031,441.0000,-886.2000,
TRADE,03/03/2013 19:30:00,1.09160,04/03/2013 15:30:00,1.06300,@RB,-1,1,1201.20,0.0043,1982.4000,-928.2000,
TRADE,10/03/2013 19:30:00,1.16800,11/03/2013 16:00:00,1.11630,@RB,-1,1,2171.40,0.0041,2801.3999,-2730.0000,
TRADE,17/03/2013 19:30:00,1.11280,18/03/2013 15:30:00,1.09580,@RB,-1,1,714.00,0.0010,1986.6000,-340.2000,
TRADE,31/03/2013 19:30:00,1.08450,01/04/2013 16:00:00,1.07720,@RB,-1,1,306.60,0.0006,1570.8000,-1339.8000,
TRADE,07/04/2013 19:30:00,0.84140,08/04/2013 15:30:00,0.88930,@RB,-1,1,-2011.80,0.0017,197.4000,-2478.0000,
TRADE,14/04/2013 19:30:00,0.77090,15/04/2013 15:30:00,0.72460,@RB,-1,1,1944.60,0.0023,2179.8000,-323.4000,
TRADE,21/04/2013 19:30:00,0.74970,22/04/2013 19:00:00,0.75060,@RB,-1,1,-37.80,0.0038,1129.8000,-1449.0000,
TRADE,28/04/2013 19:30:00,0.79180,29/04/2013 15:30:00,0.80470,@RB,-1,1,-541.80,0.0040,411.6000,-693.0000,
TRADE,05/05/2013 19:30:00,0.81650,06/05/2013 16:00:00,0.83900,@RB,-1,1,-945.00,0.0006,1255.8000,-1440.6000,
TRADE,12/05/2013 19:30:00,0.82970,13/05/2013 16:30:00,0.80740,@RB,-1,1,936.60,0.0020,1751.4000,-222.6000,
TRADE,19/05/2013 19:30:00,0.88850,20/05/2013 16:00:00,0.88410,@RB,-1,1,184.80,0.0007,747.6000,-550.2000,
TRADE,02/06/2013 19:30:00,0.73240,03/06/2013 16:30:00,0.77540,@RB,-1,1,-1806.00,0.0017,369.6000,-3242.3999,
TRADE,09/06/2013 19:30:00,0.86780,10/06/2013 15:30:00,0.83610,@RB,-1,1,1331.40,0.0055,1591.8000,-252.0000,
TRADE,16/06/2013 19:30:00,0.88760,17/06/2013 16:00:00,0.84910,@RB,-1,1,1617.00,0.0010,1986.6000,-382.2000,
TRADE,23/06/2013 19:30:00,0.74910,24/06/2013 19:00:00,0.72440,@RB,-1,1,1037.40,0.0013,1953.0000,-184.8000,
TRADE,30/06/2013 19:30:00,0.71460,01/07/2013 16:30:00,0.74460,@RB,-1,1,-1260.00,0.0027,529.2000,-1789.2000,
TRADE,07/07/2013 19:30:00,0.90140,08/07/2013 16:00:00,0.87590,@RB,-1,1,1071.00,0.0048,1075.2000,-945.0000,
TRADE,14/07/2013 19:30:00,1.10520,15/07/2013 16:00:00,1.11230,@RB,-1,1,-298.20,0.0032,1482.6000,-882.0000,
TRADE,21/07/2013 22:00:00,1.13240,22/07/2013 23:00:00,1.05390,@RB,-1,1,3297.00,0.0075,3486.0000,-88.2000,
TRADE,28/07/2013 19:30:00,1.04990,29/07/2013 19:00:00,1.01640,@RB,-1,1,1407.00,0.0047,1911.0000,-315.0000,
TRADE,11/08/2013 19:30:00,0.94390,12/08/2013 16:00:00,0.93870,@RB,-1,1,218.40,0.0014,1226.4000,-273.0000,
TRADE,18/08/2013 19:30:00,0.99990,19/08/2013 17:00:00,0.96200,@RB,-1,1,1591.80,0.0020,1776.6000,-1062.6000,
TRADE,25/08/2013 20:00:00,1.03940,27/08/2013 03:30:00,0.98400,@RB,-1,1,2326.80,0.0009,2457.0000,-75.6000,
TRADE,01/09/2013 19:30:00,1.02040,02/09/2013 21:30:00,1.04690,@RB,-1,1,-1113.00,0.0175,260.4000,-1306.2000,
TRADE,08/09/2013 19:30:00,1.00130,09/09/2013 17:00:00,0.95430,@RB,-1,1,1974.00,0.0069,2188.2000,-688.8000,
TRADE,15/09/2013 19:30:00,0.90330,16/09/2013 16:30:00,0.88180,@RB,-1,1,903.00,0.0015,1197.0000,-982.8000,
TRADE,22/09/2013 19:30:00,0.84420,23/09/2013 20:30:00,0.78820,@RB,-1,1,2352.00,0.0029,2578.8000,-533.4000,
TRADE,29/09/2013 19:30:00,0.82540,30/09/2013 16:00:00,0.80810,@RB,-1,1,726.60,0.0053,1579.2000,-163.8000,
TRADE,06/10/2013 19:30:00,0.78730,07/10/2013 15:30:00,0.80660,@RB,-1,1,-810.60,0.0009,1747.2000,-1008.0000,
TRADE,13/10/2013 19:30:00,0.83430,14/10/2013 18:30:00,0.84530,@RB,-1,1,-462.00,0.0048,1045.8000,-1092.0000,
TRADE,20/10/2013 19:30:00,0.85000,21/10/2013 17:00:00,0.84060,@RB,-1,1,394.80,0.0018,646.8000,-705.6000,
TRADE,27/10/2013 19:30:00,0.77000,29/10/2013 02:00:00,0.80780,@RB,-1,1,-1587.60,0.0039,109.2000,-2482.2000,
TRADE,03/11/2013 19:30:00,0.74710,04/11/2013 16:30:00,0.72910,@RB,-1,1,756.00,0.0012,1297.8000,-336.0000,
TRADE,10/11/2013 19:30:00,0.76210,11/11/2013 15:30:00,0.80200,@RB,-1,1,-1675.80,0.0029,483.0000,-1726.2000,
TRADE,17/11/2013 19:30:00,0.86090,18/11/2013 16:30:00,0.84940,@RB,-1,1,483.00,0.0007,1646.4000,-474.6000,
TRADE,24/11/2013 19:30:00,0.89120,25/11/2013 15:30:00,0.88610,@RB,-1,1,214.20,0.0064,1281.0000,-877.8000,
TRADE,01/12/2013 19:30:00,0.87930,02/12/2013 16:00:00,0.88660,@RB,-1,1,-306.60,0.0095,676.2000,-1902.6000,
TRADE,08/12/2013 19:30:00,0.93730,09/12/2013 16:00:00,0.87610,@RB,-1,1,2570.40,0.0027,2629.2000,-214.2000,
TRADE,15/12/2013 19:30:00,0.84520,16/12/2013 18:30:00,0.84500,@RB,-1,1,8.40,0.0059,285.6000,-1545.6000,
TRADE,22/12/2013 19:30:00,0.98650,23/12/2013 19:00:00,0.98490,@RB,-1,1,67.20,0.0032,558.6000,-478.8000,
TRADE,29/12/2013 19:30:00,1.03180,30/12/2013 16:30:00,1.00070,@RB,-1,1,1306.20,0.0028,1772.4000,-180.6000,
TRADE,05/01/2014 19:30:00,0.86800,06/01/2014 16:00:00,0.87080,@RB,-1,1,-117.60,0.0009,600.6000,-722.4000,
TRADE,12/01/2014 19:30:00,0.88830,13/01/2014 15:30:00,0.84290,@RB,-1,1,1906.80,0.0017,2070.6001,-79.8000,
TRADE,19/01/2014 19:30:00,0.84150,21/01/2014 01:00:00,0.84510,@RB,-1,1,-151.20,0.0047,852.6000,-407.4000,
TRADE,26/01/2014 19:30:00,0.87630,27/01/2014 21:30:00,0.84240,@RB,-1,1,1423.80,0.0009,2108.3999,-109.2000,
TRADE,02/02/2014 19:30:00,0.83700,03/02/2014 16:30:00,0.81570,@RB,-1,1,894.60,0.0012,1650.6000,-441.0000,
TRADE,09/02/2014 19:30:00,0.95810,10/02/2014 15:30:00,0.93020,@RB,-1,1,1171.80,0.0020,1537.2000,-243.6000,
TRADE,16/02/2014 19:30:00,1.01630,17/02/2014 21:00:00,1.02400,@RB,-1,1,-323.40,0.0039,617.4000,-596.4000,
TRADE,23/02/2014 19:30:00,1.04570,24/02/2014 21:30:00,1.03550,@RB,-1,1,428.40,0.0009,1142.4000,-537.6000,
TRADE,02/03/2014 19:30:00,1.02440,03/03/2014 15:30:00,1.03210,@RB,-1,1,-323.40,0.0105,420.0000,-1948.8000,
TRADE,09/03/2014 19:30:00,0.98130,10/03/2014 16:00:00,0.96730,@RB,-1,1,588.00,0.0032,1079.4000,-117.6000,
TRADE,16/03/2014 19:30:00,0.98000,17/03/2014 18:30:00,0.90200,@RB,-1,1,3276.00,0.0026,3553.2000,-96.6000,
TRADE,23/03/2014 19:30:00,0.92600,24/03/2014 16:30:00,0.90350,@RB,-1,1,945.00,0.0012,1092.0000,-1184.4000,
TRADE,30/03/2014 19:30:00,0.95320,31/03/2014 16:00:00,0.93700,@RB,-1,1,680.40,0.0034,1566.6000,-218.4000,
TRADE,06/04/2014 19:30:00,0.94330,07/04/2014 15:30:00,0.94420,@RB,-1,1,-37.80,0.0004,1197.0000,-966.0000,
TRADE,13/04/2014 19:30:00,1.03970,14/04/2014 15:30:00,1.05260,@RB,-1,1,-541.80,0.0047,646.8000,-1197.0000,
TRADE,27/04/2014 20:00:00,1.09770,28/04/2014 21:00:00,1.06610,@RB,-1,1,1327.20,0.0030,2184.0000,-415.8000,
TRADE,04/05/2014 19:30:00,1.02020,05/05/2014 16:00:00,0.98700,@RB,-1,1,1394.40,0.0024,2339.3999,-205.8000,
TRADE,11/05/2014 19:30:00,0.97490,12/05/2014 19:00:00,0.99330,@RB,-1,1,-772.80,0.0016,54.6000,-1201.2000,
TRADE,18/05/2014 19:30:00,1.05390,19/05/2014 16:00:00,1.04090,@RB,-1,1,546.00,0.0028,760.2000,-823.2000,
TRADE,01/06/2014 19:30:00,1.07330,02/06/2014 15:30:00,1.04660,@RB,-1,1,1121.40,0.0027,1801.8000,-201.6000,
TRADE,08/06/2014 19:30:00,1.03240,09/06/2014 17:00:00,1.07580,@RB,-1,1,-1822.80,0.0012,54.6000,-1948.8000,
TRADE,15/06/2014 19:30:00,1.16520,16/06/2014 15:30:00,1.16520,@RB,-1,1,0.00,0.0100,882.0000,-189.0000,
TRADE,22/06/2014 19:30:00,1.23370,23/06/2014 18:30:00,1.20030,@RB,-1,1,1402.80,0.0031,1650.6000,-428.4000,
TRADE,29/06/2014 19:30:00,1.18240,30/06/2014 17:00:00,1.16110,@RB,-1,1,894.60,0.0034,1201.2000,-163.8000,
TRADE,06/07/2014 19:30:00,1.12970,07/07/2014 15:30:00,1.10290,@RB,-1,1,1125.60,0.0014,1373.4000,-281.4000,
TRADE,13/07/2014 19:30:00,1.02430,14/07/2014 15:30:00,1.04230,@RB,-1,1,-756.00,0.0034,176.4000,-945.0000,
TRADE,27/07/2014 20:00:00,0.98250,28/07/2014 20:30:00,0.96750,@RB,-1,1,630.00,0.0023,1100.4000,-79.8000,
TRADE,03/08/2014 20:00:00,0.88430,04/08/2014 16:30:00,0.87110,@RB,-1,1,554.40,0.0009,1247.4000,-466.2000,
TRADE,17/08/2014 20:30:00,0.83070,18/08/2014 16:30:00,0.80800,@RB,-1,1,953.40,0.0027,2154.6001,-29.4000,
TRADE,31/08/2014 19:30:00,0.91910,01/09/2014 22:00:00,0.91380,@RB,-1,1,222.60,0.0007,588.0000,-428.4000,
TRADE,07/09/2014 19:30:00,0.88330,08/09/2014 16:30:00,0.85920,@RB,-1,1,1012.20,0.0035,2053.8000,-21.0000,
TRADE,14/09/2014 19:30:00,0.80130,15/09/2014 15:30:00,0.83050,@RB,-1,1,-1226.40,0.0033,378.0000,-1390.2000,
TRADE,21/09/2014 19:30:00,0.89610,22/09/2014 16:30:00,0.87950,@RB,-1,1,697.20,0.0000,2058.0000,-184.8000,
TRADE,28/09/2014 19:30:00,0.95310,29/09/2014 17:00:00,0.98430,@RB,-1,1,-1310.40,0.0063,184.8000,-1663.2000,
TRADE,05/10/2014 19:30:00,0.84880,06/10/2014 16:30:00,0.88860,@RB,-1,1,-1671.60,0.0027,735.0000,-1776.6000,
TRADE,12/10/2014 19:30:00,0.69870,13/10/2014 16:30:00,0.71350,@RB,-1,1,-621.60,0.0220,655.2000,-1717.8000,
TRADE,19/10/2014 19:30:00,0.71230,20/10/2014 16:30:00,0.67630,@RB,-1,1,1512.00,0.0065,1932.0000,-273.0000,
TRADE,26/10/2014 19:30:00,0.65280,27/10/2014 20:00:00,0.63210,@RB,-1,1,869.40,0.0007,2150.3999,-138.6000,
TRADE,02/11/2014 19:30:00,0.65820,03/11/2014 16:00:00,0.61890,@RB,-1,1,1650.60,0.0014,1726.2000,-588.0000,
TRADE,09/11/2014 19:30:00,0.65420,10/11/2014 15:30:00,0.61410,@RB,-1,1,1684.20,0.0060,2171.3999,-1323.0000,
TRADE,16/11/2014 19:30:00,0.55270,17/11/2014 18:30:00,0.53060,@RB,-1,1,928.20,0.0076,1365.0000,-46.2000,
TRADE,23/11/2014 19:30:00,0.56520,25/11/2014 01:00:00,0.54210,@RB,-1,1,970.20,0.0034,1092.0000,-537.6000,
TRADE,30/11/2014 19:30:00,0.33020,01/12/2014 11:30:00,0.40880,@RB,-1,1,-3301.20,0.0137,793.8000,-2969.3999,
TRADE,07/12/2014 19:30:00,0.28240,08/12/2014 16:00:00,0.24040,@RB,-1,1,1764.00,0.0041,1990.8000,-420.0000,
TRADE,14/12/2014 19:30:00,0.10950,15/12/2014 15:30:00,0.10370,@RB,-1,1,243.60,0.0074,407.4000,-2129.3999,
TRADE,21/12/2014 19:30:00,0.09950,22/12/2014 21:30:00,0.07060,@RB,-1,1,1213.80,0.0106,1671.6000,-1108.8000,
TRADE,04/01/2015 19:30:00,-0.05020,05/01/2015 15:30:00,-0.10210,@RB,-1,1,2179.80,0.0050,2902.2000,-46.2000,
TRADE,11/01/2015 19:30:00,-0.16350,12/01/2015 16:00:00,-0.20320,@RB,-1,1,1667.40,0.0090,2100.0000,-172.2000,
TRADE,18/01/2015 19:30:00,-0.12140,20/01/2015 02:00:00,-0.13760,@RB,-1,1,680.40,0.0005,730.8000,-394.8000,
TRADE,25/01/2015 19:30:00,-0.14740,27/01/2015 01:00:00,-0.16590,@RB,-1,1,777.00,0.0017,961.8000,-991.2000,
TRADE,01/02/2015 19:30:00,-0.05120,02/02/2015 06:30:00,0.02740,@RB,-1,1,-3301.20,0.0032,567.0000,-2877.0000,
TRADE,08/02/2015 19:30:00,0.06880,09/02/2015 15:30:00,0.06400,@RB,-1,1,201.60,0.0045,1285.2000,-957.6000,
TRADE,15/02/2015 19:30:00,0.12900,16/02/2015 22:30:00,0.11520,@RB,-1,1,579.60,0.0010,1134.0000,-583.8000,
TRADE,22/02/2015 19:30:00,0.13070,23/02/2015 18:30:00,0.13010,@RB,-1,1,25.20,0.0030,1310.4000,-861.0000,
TRADE,01/03/2015 19:30:00,0.26500,02/03/2015 16:00:00,0.20140,@RB,-1,1,2671.20,0.0024,3889.2000,0.0000,
TRADE,08/03/2015 19:30:00,0.16280,09/03/2015 16:00:00,0.16160,@RB,-1,1,50.40,0.0015,571.2000,-1171.8000,
TRADE,15/03/2015 19:30:00,0.02380,16/03/2015 16:00:00,0.01780,@RB,-1,1,252.00,0.0070,1717.8000,-940.8000,
TRADE,22/03/2015 20:00:00,0.06790,23/03/2015 21:00:00,0.08890,@RB,-1,1,-882.00,0.0006,646.8000,-1486.8000,
TRADE,29/03/2015 19:30:00,0.07940,30/03/2015 15:30:00,0.08270,@RB,-1,1,-138.60,0.0015,1058.4000,-659.4000,
TRADE,12/04/2015 19:30:00,0.09870,13/04/2015 15:30:00,0.09360,@RB,-1,1,214.20,0.0015,583.8000,-1394.4000,
TRADE,19/04/2015 19:30:00,0.23670,20/04/2015 16:00:00,0.21860,@RB,-1,1,760.20,0.0033,2028.6000,-373.8000,
TRADE,03/05/2015 19:30:00,0.33850,04/05/2015 16:00:00,0.32880,@RB,-1,1,407.40,0.0009,714.0000,-701.4000,
TRADE,10/05/2015 19:30:00,0.28850,11/05/2015 16:30:00,0.28510,@RB,-1,1,142.80,0.0021,1113.0000,-386.4000,
TRADE,17/05/2015 19:30:00,0.35360,18/05/2015 16:30:00,0.34060,@RB,-1,1,546.00,0.0012,995.4000,-1016.4000,
TRADE,24/05/2015 20:00:00,0.36690,26/05/2015 06:00:00,0.34850,@RB,-1,1,772.80,0.0039,819.0000,-1037.4000,
TRADE,31/05/2015 19:30:00,0.36330,01/06/2015 17:00:00,0.35600,@RB,-1,1,306.60,0.0022,638.4000,-529.2000,
TRADE,07/06/2015 19:30:00,0.33260,08/06/2015 16:00:00,0.31780,@RB,-1,1,621.60,0.0011,1024.8000,-323.4000,
TRADE,14/06/2015 19:30:00,0.41820,15/06/2015 17:00:00,0.40130,@RB,-1,1,709.80,0.0018,1033.2000,-592.2000,
TRADE,21/06/2015 19:30:00,0.36220,22/06/2015 16:00:00,0.34120,@RB,-1,1,882.00,0.0023,1667.4000,-810.6000,
TRADE,28/06/2015 19:30:00,0.33590,29/06/2015 16:00:00,0.33000,@RB,-1,1,247.80,0.0032,772.8000,-1041.6000,
TRADE,05/07/2015 19:30:00,0.32440,06/07/2015 15:30:00,0.26110,@RB,-1,1,2658.60,0.0044,2919.0000,-273.0000,
TRADE,12/07/2015 19:30:00,0.34150,13/07/2015 16:00:00,0.27900,@RB,-1,1,2625.00,0.0035,2940.0000,-113.4000,
TRADE,19/07/2015 19:30:00,0.27370,20/07/2015 16:30:00,0.26240,@RB,-1,1,474.60,0.0021,1020.6000,-71.4000,
TRADE,26/07/2015 20:00:00,0.15920,27/07/2015 21:30:00,0.14250,@RB,-1,1,701.40,0.0002,1041.6000,-344.4000,
TRADE,02/08/2015 19:30:00,0.16990,03/08/2015 15:30:00,0.08530,@RB,-1,1,3553.20,0.0053,3897.6001,-155.4000,
TRADE,09/08/2015 19:30:00,0.03830,10/08/2015 16:30:00,0.09680,@RB,-1,1,-2457.00,0.0042,121.8000,-2625.0000,
TRADE,16/08/2015 19:30:00,0.08840,17/08/2015 16:30:00,0.06270,@RB,-1,1,1079.40,0.0012,1499.4000,-520.8000,
TRADE,23/08/2015 19:30:00,-0.03810,24/08/2015 16:30:00,-0.13550,@RB,-1,1,4090.80,0.0023,4620.0000,0.0000,
TRADE,30/08/2015 19:30:00,-0.09420,31/08/2015 12:00:00,-0.01540,@RB,-1,1,-3309.60,0.0129,1516.2000,-3259.2000,
TRADE,06/09/2015 19:30:00,-0.05320,07/09/2015 21:30:00,-0.08030,@RB,-1,1,1138.20,0.0012,1726.2000,-323.4000,
TRADE,13/09/2015 19:30:00,-0.08990,14/09/2015 16:00:00,-0.15950,@RB,-1,1,2923.20,0.0023,3238.2000,-96.6000,
TRADE,20/09/2015 19:30:00,-0.10480,21/09/2015 17:00:00,-0.06850,@RB,-1,1,-1524.60,0.0020,218.4000,-2003.4000,
TRADE,27/09/2015 22:00:00,-0.07950,29/09/2015,-0.12300,@RB,-1,1,1827.00,0.0001,2062.2000,-176.4000,
TRADE,04/10/2015 19:30:00,-0.11410,05/10/2015 16:30:00,-0.06120,@RB,-1,1,-2221.80,0.0018,12.6000,-2692.2000,
TRADE,11/10/2015 19:30:00,-0.02830,12/10/2015 16:30:00,-0.09910,@RB,-1,1,2973.60,0.0018,3507.0000,-436.8000,
TRADE,18/10/2015 19:30:00,-0.11370,19/10/2015 18:30:00,-0.18630,@RB,-1,1,3049.20,0.0041,3658.2000,0.0000,
TRADE,25/10/2015 19:30:00,-0.14590,27/10/2015 01:00:00,-0.16570,@RB,-1,1,831.60,0.0018,970.2000,-516.6000,
TRADE,01/11/2015 19:30:00,-0.07240,02/11/2015 16:00:00,-0.06350,@RB,-1,1,-373.80,0.0013,1050.0000,-604.8000,
TRADE,08/11/2015 19:30:00,-0.06710,09/11/2015 17:00:00,-0.06650,@RB,-1,1,-25.20,0.0018,231.0000,-1390.2000,
TRADE,15/11/2015 19:30:00,-0.19480,16/11/2015 16:00:00,-0.19410,@RB,-1,1,-29.40,0.0018,1747.2000,-508.2000,
TRADE,22/11/2015 19:30:00,-0.14670,23/11/2015 18:30:00,-0.11270,@RB,-1,1,-1428.00,0.0009,1113.0000,-1675.8000,
TRADE,06/12/2015 19:30:00,-0.10240,07/12/2015 16:30:00,-0.16550,@RB,-1,1,2650.20,0.0024,2935.8000,0.0000,
TRADE,13/12/2015 19:30:00,-0.10020,14/12/2015 15:30:00,-0.12190,@RB,-1,1,911.40,0.0040,2461.2000,-1314.6000,
TRADE,20/12/2015 19:30:00,-0.11500,21/12/2015 18:30:00,-0.17930,@RB,-1,1,2700.60,0.0083,2793.0000,-210.0000,
TRADE,27/12/2015 19:30:00,-0.12620,28/12/2015 19:00:00,-0.14330,@RB,-1,1,718.20,0.0051,1331.4000,-193.2000,
TRADE,03/01/2016 19:30:00,-0.09330,04/01/2016 16:00:00,-0.09470,@RB,-1,1,58.80,0.0032,1507.8000,-1852.2000,
TRADE,10/01/2016 19:30:00,-0.27090,11/01/2016 15:30:00,-0.27440,@RB,-1,1,147.00,0.0043,642.6000,-1100.4000,
TRADE,17/01/2016 19:30:00,-0.37780,18/01/2016 20:30:00,-0.35240,@RB,-1,1,-1066.80,0.0089,75.6000,-1814.4000,
TRADE,24/01/2016 20:00:00,-0.29380,25/01/2016 18:30:00,-0.36110,@RB,-1,1,2826.60,0.0090,3099.6001,-281.4000,
TRADE,31/01/2016 19:30:00,-0.28740,01/02/2016 15:30:00,-0.32250,@RB,-1,1,1474.20,0.0068,1696.8000,-168.0000,
TRADE,07/02/2016 19:30:00,-0.41840,08/02/2016 16:00:00,-0.45260,@RB,-1,1,1436.40,0.0038,1512.0000,-495.6000,
TRADE,14/02/2016 19:30:00,-0.36490,15/02/2016 21:00:00,-0.34790,@RB,-1,1,-714.00,0.0110,903.0000,-1533.0000,
TRADE,21/02/2016 19:30:00,-0.44680,22/02/2016 19:30:00,-0.40580,@RB,-1,1,-1722.00,0.0020,25.2000,-2662.8000,
TRADE,28/02/2016 19:30:00,-0.37860,29/02/2016 16:00:00,-0.34450,@RB,-1,1,-1432.20,0.0034,378.0000,-1776.6000,
TRADE,06/03/2016 19:30:00,-0.32240,07/03/2016 15:30:00,-0.27180,@RB,-1,1,-2125.20,0.0012,478.8000,-2427.6001,
TRADE,13/03/2016 19:30:00,-0.21740,14/03/2016 16:30:00,-0.23960,@RB,-1,1,932.40,0.0036,1814.4000,-231.0000,
TRADE,20/03/2016 19:30:00,-0.23660,21/03/2016 19:30:00,-0.20330,@RB,-1,1,-1398.60,0.0007,705.6000,-1507.8000,
TRADE,03/04/2016 19:30:00,-0.29570,04/04/2016 16:00:00,-0.31190,@RB,-1,1,680.40,0.0038,890.4000,-949.2000,
TRADE,10/04/2016 19:30:00,-0.21490,11/04/2016 15:30:00,-0.18170,@RB,-1,1,-1394.40,0.0032,1092.0000,-1432.2000,
TRADE,24/04/2016 19:30:00,-0.16440,25/04/2016 18:30:00,-0.17030,@RB,-1,1,247.80,0.0041,1138.2000,-432.6000,
TRADE,01/05/2016 19:30:00,-0.10600,02/05/2016 15:30:00,-0.14320,@RB,-1,1,1562.40,0.0021,1743.0000,-462.0000,
TRADE,08/05/2016 19:30:00,-0.18730,09/05/2016 15:30:00,-0.26130,@RB,-1,1,3108.00,0.0033,3360.0000,-176.4000,
TRADE,15/05/2016 19:30:00,-0.11690,16/05/2016 15:30:00,-0.09890,@RB,-1,1,-756.00,0.0037,25.2000,-1982.4000,
TRADE,22/05/2016 19:30:00,-0.07200,23/05/2016 19:00:00,-0.05900,@RB,-1,1,-546.00,0.0015,701.4000,-814.8000,
TRADE,29/05/2016 19:30:00,-0.06700,30/05/2016 20:30:00,-0.07390,@RB,-1,1,289.80,0.0027,756.0000,-42.0000,
TRADE,05/06/2016 19:30:00,-0.09810,06/06/2016 15:30:00,-0.12360,@RB,-1,1,1071.00,0.0015,1285.2000,-550.2000,
TRADE,12/06/2016 19:30:00,-0.15760,13/06/2016 15:30:00,-0.17740,@RB,-1,1,831.60,0.0010,1470.0000,0.0000,
TRADE,19/06/2016 19:30:00,-0.19860,20/06/2016 18:30:00,-0.14150,@RB,-1,1,-2398.20,0.0020,71.4000,-3028.2000,
TRADE,03/07/2016 19:30:00,-0.20280,04/07/2016 22:00:00,-0.23280,@RB,-1,1,1260.00,0.0050,1302.0000,-247.8000,
TRADE,10/07/2016 19:30:00,-0.34910,11/07/2016 16:30:00,-0.34080,@RB,-1,1,-348.60,0.0030,894.6000,-1226.4000,
TRADE,17/07/2016 19:30:00,-0.30030,18/07/2016 16:30:00,-0.33340,@RB,-1,1,1390.20,0.0054,1570.8000,-310.8000,
TRADE,24/07/2016 19:30:00,-0.36280,25/07/2016 21:00:00,-0.38800,@RB,-1,1,1058.40,0.0017,1234.8000,-126.0000,
TRADE,31/07/2016 19:30:00,-0.40400,01/08/2016 15:30:00,-0.41290,@RB,-1,1,373.80,0.0009,1100.4000,-1083.6000,
TRADE,07/08/2016 19:30:00,-0.34640,08/08/2016 16:00:00,-0.36010,@RB,-1,1,575.40,0.0040,663.6000,-1079.4000,
TRADE,21/08/2016 19:30:00,-0.21660,22/08/2016 17:00:00,-0.23710,@RB,-1,1,861.00,0.0026,1369.2000,-84.0000,
TRADE,28/08/2016 19:30:00,-0.21930,29/08/2016 20:30:00,-0.24800,@RB,-1,1,1205.40,0.0014,1436.4000,-1835.4000,
TRADE,04/09/2016 19:30:00,-0.35350,05/09/2016 21:00:00,-0.33200,@RB,-1,1,-903.00,0.0019,231.0000,-2923.2000,
TRADE,11/09/2016 19:30:00,-0.28000,12/09/2016 15:30:00,-0.25900,@RB,-1,1,-882.00,0.0090,642.6000,-1482.6000,
TRADE,18/09/2016 19:30:00,-0.17100,19/09/2016 15:30:00,-0.22220,@RB,-1,1,2150.40,0.0048,2339.3999,-8.4000,
TRADE,25/09/2016 19:30:00,-0.26100,26/09/2016 20:30:00,-0.24870,@RB,-1,1,-516.60,0.0013,621.6000,-1491.0000,
TRADE,02/10/2016 19:30:00,-0.15330,03/10/2016 15:30:00,-0.13810,@RB,-1,1,-638.40,0.0015,478.8000,-924.0000,
TRADE,09/10/2016 19:30:00,-0.13330,10/10/2016 16:30:00,-0.11660,@RB,-1,1,-701.40,0.0039,357.0000,-1562.4000,
TRADE,16/10/2016 19:30:00,-0.11590,17/10/2016 15:30:00,-0.11170,@RB,-1,1,-176.40,0.0035,592.2000,-684.6000,
TRADE,23/10/2016 19:30:00,-0.08090,24/10/2016 17:00:00,-0.10490,@RB,-1,1,1008.00,0.0032,1722.0000,-277.2000,
TRADE,30/10/2016 19:30:00,-0.15010,31/10/2016 16:00:00,-0.17840,@RB,-1,1,1188.60,0.0012,1545.6000,-491.4000,
TRADE,06/11/2016 19:30:00,-0.21040,07/11/2016 15:30:00,-0.22720,@RB,-1,1,705.60,0.0028,1297.8000,0.0000,
TRADE,13/11/2016 19:30:00,-0.29390,14/11/2016 15:30:00,-0.31900,@RB,-1,1,1054.20,0.0011,1486.8000,-92.4000,
TRADE,20/11/2016 19:30:00,-0.24790,21/11/2016 19:00:00,-0.19250,@RB,-1,1,-2326.80,0.0078,189.0000,-2713.2000,
TRADE,04/12/2016 19:30:00,-0.05270,05/12/2016 15:30:00,-0.05210,@RB,-1,1,-25.20,0.0037,256.2000,-1356.6000,
TRADE,11/12/2016 19:30:00,-0.02970,12/12/2016 15:30:00,-0.05840,@RB,-1,1,1205.40,0.0074,1419.6000,-420.0000,
TRADE,18/12/2016 19:30:00,-0.03980,19/12/2016 16:00:00,-0.03700,@RB,-1,1,-117.60,0.0029,327.6000,-424.2000,
TRADE,08/01/2017 19:30:00,0.03000,09/01/2017 15:30:00,-0.03100,@RB,-1,1,2562.00,0.0012,2570.3999,-58.8000,
TRADE,15/01/2017 19:30:00,0.01120,16/01/2017 21:30:00,0.01860,@RB,-1,1,-310.80,0.0029,306.6000,-525.0000,
TRADE,22/01/2017 19:30:00,-0.03060,23/01/2017 18:30:00,-0.02570,@RB,-1,1,-205.80,0.0002,1192.8000,-294.0000,
TRADE,29/01/2017 19:30:00,-0.08170,30/01/2017 15:30:00,-0.09030,@RB,-1,1,361.20,0.0016,903.0000,-294.0000,
TRADE,05/02/2017 19:30:00,-0.06420,06/02/2017 15:30:00,-0.11590,@RB,-1,1,2171.40,0.0011,2423.3999,-336.0000,
TRADE,12/02/2017 19:30:00,-0.04120,13/02/2017 15:30:00,-0.08360,@RB,-1,1,1780.80,0.0019,1927.8000,0.0000,
TRADE,19/02/2017 19:30:00,-0.11010,20/02/2017 22:00:00,-0.12350,@RB,-1,1,562.80,0.0023,810.6000,-529.2000,
TRADE,26/02/2017 19:30:00,-0.11220,27/02/2017 15:30:00,-0.10470,@RB,-1,1,-315.00,0.0012,54.6000,-1146.6000,
TRADE,05/03/2017 19:30:00,-0.19580,06/03/2017 15:30:00,-0.16960,@RB,-1,1,-1100.40,0.0029,592.2000,-1201.2000,
TRADE,12/03/2017 19:30:00,-0.26150,13/03/2017 15:30:00,-0.26440,@RB,-1,1,121.80,0.0025,432.6000,-420.0000,
TRADE,19/03/2017 19:30:00,-0.25260,20/03/2017 15:30:00,-0.23310,@RB,-1,1,-819.00,0.0017,520.8000,-1318.8000,
TRADE,26/03/2017 19:30:00,-0.23300,27/03/2017 21:00:00,-0.22660,@RB,-1,1,-268.80,0.0024,966.0000,-294.0000,
TRADE,02/04/2017 19:30:00,-0.14890,03/04/2017 17:00:00,-0.15200,@RB,-1,1,130.20,0.0049,390.6000,-688.8000,
TRADE,16/04/2017 19:30:00,-0.11760,17/04/2017 15:30:00,-0.12680,@RB,-1,1,386.40,0.0061,520.8000,-478.8000,
TRADE,23/04/2017 19:30:00,-0.19940,24/04/2017 22:00:00,-0.21710,@RB,-1,1,743.40,0.0010,1192.8000,-306.6000,
TRADE,30/04/2017 19:30:00,-0.30720,01/05/2017 15:30:00,-0.32220,@RB,-1,1,630.00,0.0053,1226.4000,-151.2000,
TRADE,14/05/2017 19:30:00,-0.27190,15/05/2017 15:30:00,-0.25580,@RB,-1,1,-676.20,0.0018,12.6000,-1675.8000,
TRADE,21/05/2017 19:30:00,-0.18990,22/05/2017 16:30:00,-0.19030,@RB,-1,1,16.80,0.0016,504.0000,-302.4000,
TRADE,04/06/2017 19:30:00,-0.26200,05/06/2017 15:30:00,-0.29590,@RB,-1,1,1423.80,0.0026,1528.8000,-772.8000,
TRADE,11/06/2017 19:30:00,-0.32870,12/06/2017 15:30:00,-0.34760,@RB,-1,1,793.80,0.0028,848.4000,-785.4000,
TRADE,18/06/2017 19:30:00,-0.38400,19/06/2017 15:30:00,-0.38540,@RB,-1,1,58.80,0.0008,172.2000,-903.0000,
TRADE,25/06/2017 19:30:00,-0.39530,26/06/2017 22:00:00,-0.38980,@RB,-1,1,-231.00,0.0022,1121.4000,-386.4000,
TRADE,02/07/2017 19:30:00,-0.31420,03/07/2017 15:30:00,-0.29150,@RB,-1,1,-953.40,0.0021,445.2000,-1167.6000,
TRADE,09/07/2017 19:30:00,-0.32350,10/07/2017 16:00:00,-0.32570,@RB,-1,1,92.40,0.0017,1117.2000,-495.6000,
TRADE,16/07/2017 19:30:00,-0.26450,17/07/2017 15:30:00,-0.26670,@RB,-1,1,92.40,0.0005,352.8000,-478.8000,
TRADE,23/07/2017 19:30:00,-0.26370,24/07/2017 16:00:00,-0.26840,@RB,-1,1,197.40,0.0019,751.8000,-688.8000,
TRADE,30/07/2017 19:30:00,-0.13310,31/07/2017 15:30:00,-0.12760,@RB,-1,1,-231.00,0.0034,953.4000,-361.2000,
TRADE,06/08/2017 19:30:00,-0.15680,07/08/2017 16:00:00,-0.17480,@RB,-1,1,756.00,0.0017,1768.2000,-37.8000,
TRADE,13/08/2017 19:30:00,-0.19400,14/08/2017 15:30:00,-0.22550,@RB,-1,1,1323.00,0.0012,1470.0000,-453.6000,
TRADE,20/08/2017 19:30:00,-0.17960,21/08/2017 15:30:00,-0.21740,@RB,-1,1,1587.60,0.0020,2104.2000,-16.8000,
TRADE,27/08/2017 19:30:00,-0.03370,28/08/2017 15:30:00,-0.08750,@RB,-1,1,2259.60,0.0065,2763.6001,-399.0000,
TRADE,03/09/2017 19:30:00,0.03310,04/09/2017 20:30:00,0.02410,@RB,-1,1,378.00,0.0134,1566.6000,-630.0000,
TRADE,10/09/2017 19:30:00,-0.00790,11/09/2017 15:30:00,-0.02670,@RB,-1,1,789.60,0.0029,2251.2000,-163.8000,
TRADE,17/09/2017 19:30:00,0.00310,18/09/2017 15:30:00,0.00610,@RB,-1,1,-126.00,0.0049,462.0000,-550.2000,
TRADE,24/09/2017 19:30:00,0.00670,25/09/2017 17:00:00,0.06480,@RB,-1,1,-2440.20,0.0013,239.4000,-2574.6001,
TRADE,01/10/2017 19:30:00,-0.02140,02/10/2017 15:30:00,-0.05590,@RB,-1,1,1449.00,0.0038,2053.8000,0.0000,
TRADE,08/10/2017 19:30:00,-0.06120,09/10/2017 15:30:00,-0.05320,@RB,-1,1,-336.00,0.0020,613.2000,-646.8000,
TRADE,15/10/2017 19:30:00,0.01840,16/10/2017 15:30:00,0.00680,@RB,-1,1,487.20,0.0108,688.8000,-651.0000,
TRADE,22/10/2017 19:30:00,0.07770,23/10/2017 19:00:00,0.06290,@RB,-1,1,621.60,0.0058,751.8000,-58.8000,
TRADE,29/10/2017 19:30:00,0.16220,30/10/2017 15:30:00,0.14990,@RB,-1,1,516.60,0.0016,1037.4000,-130.2000,
TRADE,05/11/2017 19:30:00,0.23120,06/11/2017 15:30:00,0.26180,@RB,-1,1,-1285.20,0.0049,756.0000,-1860.6000,
TRADE,12/11/2017 19:30:00,0.26570,13/11/2017 15:30:00,0.22820,@RB,-1,1,1575.00,0.0014,1839.6000,-4.2000,
TRADE,19/11/2017 19:30:00,0.17950,20/11/2017 16:30:00,0.18030,@RB,-1,1,-33.60,0.0013,1075.2000,-205.8000,
TRADE,26/11/2017 19:30:00,0.22150,27/11/2017 19:30:00,0.22600,@RB,-1,1,-189.00,0.0000,336.0000,-579.6000,
TRADE,03/12/2017 19:30:00,0.17580,04/12/2017 15:30:00,0.13540,@RB,-1,1,1696.80,0.0058,1860.6000,-8.4000,
TRADE,10/12/2017 19:30:00,0.15000,11/12/2017 15:30:00,0.16590,@RB,-1,1,-667.80,0.0010,121.8000,-1155.0000,
TRADE,17/12/2017 19:30:00,0.09890,18/12/2017 15:30:00,0.11200,@RB,-1,1,-550.20,0.0015,197.4000,-1155.0000,
TRADE,07/01/2018 19:30:00,0.22550,08/01/2018 15:30:00,0.22990,@RB,-1,1,-184.80,0.0013,432.6000,-348.6000,
TRADE,14/01/2018 19:30:00,0.28020,15/01/2018 20:30:00,0.28560,@RB,-1,1,-226.80,0.0023,201.6000,-596.4000,
TRADE,21/01/2018 19:30:00,0.30150,22/01/2018 16:00:00,0.31930,@RB,-1,1,-747.60,0.0024,294.0000,-789.6000,
TRADE,28/01/2018 19:30:00,0.37670,29/01/2018 15:30:00,0.35940,@RB,-1,1,726.60,0.0023,1155.0000,-109.2000,
TRADE,04/02/2018 19:30:00,0.31100,05/02/2018 15:30:00,0.29090,@RB,-1,1,844.20,0.0022,966.0000,-625.8000,
TRADE,11/02/2018 19:30:00,0.15360,12/02/2018 15:30:00,0.12210,@RB,-1,1,1323.00,0.0039,1402.8000,-1323.0000,
TRADE,18/02/2018 19:30:00,0.20000,19/02/2018 22:00:00,0.21830,@RB,-1,1,-768.60,0.0006,54.6000,-1272.6000,
TRADE,25/02/2018 19:30:00,0.25700,26/02/2018 15:30:00,0.26690,@RB,-1,1,-415.80,0.0019,470.4000,-840.0000,
TRADE,04/03/2018 19:30:00,0.17400,05/03/2018 15:30:00,0.20000,@RB,-1,1,-1092.00,0.0046,1054.2000,-1218.0000,
TRADE,11/03/2018 19:30:00,0.16460,12/03/2018 15:30:00,0.15860,@RB,-1,1,252.00,0.0017,1465.8000,-121.8000,
TRADE,18/03/2018 19:30:00,0.20570,19/03/2018 16:30:00,0.19400,@RB,-1,1,491.40,0.0006,861.0000,-487.2000,
TRADE,25/03/2018 19:30:00,0.29830,26/03/2018 16:00:00,0.27490,@RB,-1,1,982.80,0.0011,1323.0000,-537.6000,
TRADE,01/04/2018 19:30:00,0.28150,02/04/2018 15:30:00,0.22320,@RB,-1,1,2448.60,0.0027,2675.3999,-273.0000,
TRADE,08/04/2018 19:30:00,0.20700,09/04/2018 16:00:00,0.23560,@RB,-1,1,-1201.20,0.0008,33.6000,-1625.4000,
TRADE,15/04/2018 19:30:00,0.31480,16/04/2018 15:30:00,0.29560,@RB,-1,1,806.40,0.0027,1159.2000,-12.6000,
TRADE,22/04/2018 19:30:00,0.34820,23/04/2018 16:30:00,0.38760,@RB,-1,1,-1654.80,0.0014,806.4000,-1822.8000,
TRADE,29/04/2018 19:30:00,0.37040,30/04/2018 15:30:00,0.37910,@RB,-1,1,-365.40,0.0083,949.2000,-1327.2000,
TRADE,06/05/2018 19:30:00,0.36580,07/05/2018 15:30:00,0.36730,@RB,-1,1,-63.00,0.0025,155.4000,-1041.6000,
TRADE,13/05/2018 19:30:00,0.43360,14/05/2018 15:30:00,0.45240,@RB,-1,1,-789.60,0.0027,684.6000,-898.8000,
TRADE,20/05/2018 19:30:00,0.49070,21/05/2018 17:00:00,0.50960,@RB,-1,1,-793.80,0.0019,688.8000,-848.4000,
TRADE,27/05/2018 19:30:00,0.42000,28/05/2018 20:30:00,0.40450,@RB,-1,1,651.00,0.0087,1675.8000,-67.2000,
TRADE,03/06/2018 19:30:00,0.39390,04/06/2018 15:30:00,0.37820,@RB,-1,1,659.40,0.0024,1226.4000,-550.2000,
TRADE,10/06/2018 19:30:00,0.36480,11/06/2018 16:00:00,0.36070,@RB,-1,1,172.20,0.0040,1012.2000,-310.8000,
TRADE,17/06/2018 19:30:00,0.27160,18/06/2018 15:30:00,0.30860,@RB,-1,1,-1554.00,0.0021,390.6000,-1898.4000,
TRADE,24/06/2018 19:30:00,0.30470,25/06/2018 15:30:00,0.30380,@RB,-1,1,37.80,0.0088,394.8000,-630.0000,
TRADE,01/07/2018 19:30:00,0.41530,02/07/2018 15:30:00,0.37950,@RB,-1,1,1503.60,0.0139,1608.6000,-138.6000,
TRADE,08/07/2018 19:30:00,0.38830,09/07/2018 16:30:00,0.42680,@RB,-1,1,-1617.00,0.0021,294.0000,-1759.8000,
TRADE,15/07/2018 19:30:00,0.37800,16/07/2018 15:30:00,0.28570,@RB,-1,1,3876.60,0.0016,4326.0000,-134.4000,
TRADE,22/07/2018 19:30:00,0.34030,23/07/2018 17:00:00,0.36760,@RB,-1,1,-1146.60,0.0013,420.0000,-1625.4000,
TRADE,29/07/2018 19:30:00,0.43430,30/07/2018 15:30:00,0.43190,@RB,-1,1,100.80,0.0007,302.4000,-625.8000,
TRADE,05/08/2018 19:30:00,0.38180,06/08/2018 15:30:00,0.38460,@RB,-1,1,-117.60,0.0013,382.2000,-978.6000,
TRADE,12/08/2018 19:30:00,0.36400,13/08/2018 15:30:00,0.34060,@RB,-1,1,982.80,0.0031,2671.2000,-4.2000,
TRADE,19/08/2018 19:30:00,0.29960,20/08/2018 15:30:00,0.33490,@RB,-1,1,-1482.60,0.0014,281.4000,-1780.8000,
TRADE,02/09/2018 19:30:00,0.42460,03/09/2018 20:30:00,0.45470,@RB,-1,1,-1264.20,0.0017,315.0000,-1415.4000,
TRADE,09/09/2018 19:30:00,0.40930,10/09/2018 15:30:00,0.38310,@RB,-1,1,1100.40,0.0042,1213.8000,-609.0000,
TRADE,16/09/2018 19:30:00,0.39920,17/09/2018 15:30:00,0.39870,@RB,-1,1,21.00,0.0037,37.8000,-1260.0000,
TRADE,23/09/2018 19:30:00,0.45930,24/09/2018 15:30:00,0.48260,@RB,-1,1,-978.60,0.0047,25.2000,-1260.0000,
TRADE,30/09/2018 19:30:00,0.52770,01/10/2018 15:30:00,0.56910,@RB,-1,1,-1738.80,0.0012,520.8000,-1969.8000,
TRADE,07/10/2018 19:30:00,0.50990,08/10/2018 15:30:00,0.52110,@RB,-1,1,-470.40,0.0100,1062.6000,-995.4000,
TRADE,14/10/2018 19:30:00,0.39950,15/10/2018 15:30:00,0.37690,@RB,-1,1,949.20,0.0054,2070.6001,-172.2000,
TRADE,21/10/2018 19:30:00,0.34640,22/10/2018 17:00:00,0.34600,@RB,-1,1,16.80,0.0030,1339.8000,-546.0000,
TRADE,28/10/2018 19:30:00,0.24570,29/10/2018 15:30:00,0.25800,@RB,-1,1,-516.60,0.0014,638.4000,-1167.6000,
TRADE,04/11/2018 19:30:00,0.13830,05/11/2018 15:30:00,0.12510,@RB,-1,1,554.40,0.0030,743.4000,-961.8000,
TRADE,11/11/2018 19:30:00,0.07630,12/11/2018 15:30:00,0.07560,@RB,-1,1,29.40,0.0057,382.2000,-1033.2000,
TRADE,18/11/2018 19:30:00,0.02620,19/11/2018 15:30:00,0.02360,@RB,-1,1,109.20,0.0018,1894.2000,-268.8000,
TRADE,25/11/2018 19:30:00,-0.15800,26/11/2018 15:30:00,-0.12150,@RB,-1,1,-1533.00,0.0098,403.2000,-2511.6001,
TRADE,02/12/2018 19:30:00,-0.10820,03/12/2018 15:30:00,-0.10440,@RB,-1,1,-159.60,0.0050,659.4000,-1776.6000,
TRADE,09/12/2018 19:30:00,-0.06640,10/12/2018 16:00:00,-0.12810,@RB,-1,1,2591.40,0.0063,2667.0000,-394.8000,
TRADE,16/12/2018 19:30:00,-0.10380,17/12/2018 15:30:00,-0.14130,@RB,-1,1,1575.00,0.0025,1902.6000,-726.6000,
TRADE,30/12/2018 19:30:00,-0.22990,31/12/2018 15:30:00,-0.22520,@RB,-1,1,-197.40,0.0038,1142.4000,-1680.0000,
TRADE,06/01/2019 19:30:00,-0.16510,07/01/2019 15:30:00,-0.18740,@RB,-1,1,936.60,0.0033,1239.0000,-1096.2000,
TRADE,13/01/2019 19:30:00,-0.12000,14/01/2019 15:30:00,-0.16420,@RB,-1,1,1856.40,0.0041,2226.0000,-50.4000,
TRADE,20/01/2019 19:30:00,-0.09230,21/01/2019 22:00:00,-0.09310,@RB,-1,1,33.60,0.0057,134.4000,-693.0000,
TRADE,03/02/2019 19:30:00,-0.08530,04/02/2019 15:30:00,-0.11280,@RB,-1,1,1155.00,0.0074,2499.0000,-201.6000,
TRADE,10/02/2019 19:30:00,-0.11510,11/02/2019 15:30:00,-0.13280,@RB,-1,1,743.40,0.0027,1255.8000,-709.8000,
TRADE,17/02/2019 19:30:00,0.02680,18/02/2019 21:00:00,0.00810,@RB,-1,1,785.40,0.0012,840.0000,-302.4000,
TRADE,24/02/2019 20:30:00,0.06290,25/02/2019 21:00:00,-0.00380,@RB,-1,1,2801.40,0.0006,3024.0000,0.0000,
TRADE,03/03/2019 19:30:00,0.02220,04/03/2019 15:30:00,0.03510,@RB,-1,1,-541.80,0.0066,84.0000,-1390.2000,
TRADE,10/03/2019 19:30:00,0.09380,11/03/2019 15:30:00,0.11570,@RB,-1,1,-919.80,0.0039,218.4000,-1360.8000,
TRADE,17/03/2019 19:30:00,0.14650,18/03/2019 15:30:00,0.16870,@RB,-1,1,-932.40,0.0043,491.4000,-1667.4000,
TRADE,24/03/2019 19:30:00,0.20750,25/03/2019 18:30:00,0.22520,@RB,-1,1,-743.40,0.0037,680.4000,-1129.8000,
TRADE,31/03/2019 19:30:00,0.22560,01/04/2019 15:30:00,0.23820,@RB,-1,1,-529.20,0.0027,336.0000,-814.8000,
TRADE,07/04/2019 19:30:00,0.31950,08/04/2019 15:30:00,0.32530,@RB,-1,1,-243.60,0.0048,411.6000,-432.6000,
TRADE,14/04/2019 19:30:00,0.36190,15/04/2019 15:30:00,0.35200,@RB,-1,1,415.80,0.0013,772.8000,-100.8000,
TRADE,21/04/2019 19:30:00,0.41830,22/04/2019 15:30:00,0.46970,@RB,-1,1,-2158.80,0.0075,0.0000,-2923.2000,
TRADE,28/04/2019 19:30:00,0.42820,29/04/2019 15:30:00,0.42080,@RB,-1,1,310.80,0.0055,617.4000,-588.0000,
TRADE,05/05/2019 19:30:00,0.39300,06/05/2019 15:30:00,0.39710,@RB,-1,1,-172.20,0.0029,798.0000,-903.0000,
TRADE,12/05/2019 19:30:00,0.37420,13/05/2019 15:30:00,0.35390,@RB,-1,1,852.60,0.0024,1083.6000,-2465.3999,
TRADE,19/05/2019 19:30:00,0.44980,20/05/2019 15:30:00,0.40540,@RB,-1,1,1864.80,0.0030,2184.0000,-483.0000,
TRADE,26/05/2019 20:00:00,0.33950,28/05/2019 04:00:00,0.35560,@RB,-1,1,-676.20,0.0039,680.4000,-877.8000,
TRADE,02/06/2019 19:30:00,0.15580,03/06/2019 15:30:00,0.14360,@RB,-1,1,512.40,0.0045,562.8000,-1869.0000,
TRADE,09/06/2019 19:30:00,0.16440,10/06/2019 16:00:00,0.14640,@RB,-1,1,756.00,0.0030,1234.8000,-348.6000,
TRADE,16/06/2019 19:30:00,0.14960,17/06/2019 15:30:00,0.10560,@RB,-1,1,1848.00,0.0035,1999.2000,-75.6000,
TRADE,23/06/2019 19:30:00,0.29100,24/06/2019 16:30:00,0.26710,@RB,-1,1,1003.80,0.0023,1680.0000,-961.8000,
TRADE,30/06/2019 19:30:00,0.37110,01/07/2019 15:30:00,0.37470,@RB,-1,1,-151.20,0.0040,693.0000,-1738.8000,
TRADE,14/07/2019 19:30:00,0.40040,15/07/2019 15:30:00,0.37500,@RB,-1,1,1066.80,0.0034,1356.6000,-306.6000,
TRADE,21/07/2019 19:30:00,0.30520,22/07/2019 21:00:00,0.28060,@RB,-1,1,1033.20,0.0033,1352.4000,-420.0000,
TRADE,28/07/2019 19:30:00,0.31860,29/07/2019 15:30:00,0.31360,@RB,-1,1,210.00,0.0036,1008.0000,-172.2000,
TRADE,04/08/2019 19:30:00,0.26710,05/08/2019 15:30:00,0.21870,@RB,-1,1,2032.80,0.0030,2301.6001,-163.8000,
TRADE,11/08/2019 19:30:00,0.16210,12/08/2019 15:30:00,0.16260,@RB,-1,1,-21.00,0.0027,483.0000,-655.2000,
TRADE,18/08/2019 19:30:00,0.15930,19/08/2019 15:30:00,0.16340,@RB,-1,1,-172.20,0.0036,319.2000,-835.8000,
TRADE,25/08/2019 19:30:00,0.13040,26/08/2019 18:30:00,0.12520,@RB,-1,1,218.40,0.0069,861.0000,-1537.2000,
TRADE,01/09/2019 19:30:00,0.13210,02/09/2019 20:30:00,0.10840,@RB,-1,1,995.40,0.0099,1310.4000,-382.2000,
TRADE,08/09/2019 19:30:00,0.18620,09/09/2019 15:30:00,0.19860,@RB,-1,1,-520.80,0.0034,394.8000,-772.8000,
TRADE,15/09/2019 19:30:00,0.34460,16/09/2019 15:30:00,0.35570,@RB,-1,1,-466.20,0.0291,3103.8000,-1860.6000,
TRADE,22/09/2019 20:00:00,0.29870,23/09/2019 20:00:00,0.29190,@RB,-1,1,285.60,0.0044,1764.0000,-231.0000,
TRADE,29/09/2019 20:00:00,0.24210,30/09/2019 16:00:00,0.20380,@RB,-1,1,1608.60,0.0033,1814.4000,-159.6000,
TRADE,06/10/2019 19:30:00,0.20160,07/10/2019 15:30:00,0.20530,@RB,-1,1,-155.40,0.0023,277.2000,-1306.2000,
TRADE,13/10/2019 19:30:00,0.27790,14/10/2019 15:30:00,0.24470,@RB,-1,1,1394.40,0.0047,2637.6001,-138.6000,
TRADE,20/10/2019 20:00:00,0.25140,21/10/2019 18:30:00,0.24260,@RB,-1,1,369.60,0.0015,1373.4000,-235.2000,
TRADE,27/10/2019 20:30:00,0.30860,28/10/2019 22:00:00,0.30930,@RB,-1,1,-29.40,0.0061,550.2000,-630.0000,
TRADE,03/11/2019 19:30:00,0.33240,04/11/2019 15:30:00,0.34010,@RB,-1,1,-323.40,0.0025,344.4000,-890.4000,
TRADE,10/11/2019 19:30:00,0.30560,11/11/2019 15:30:00,0.28630,@RB,-1,1,810.60,0.0013,1003.8000,-483.0000,
TRADE,17/11/2019 19:30:00,0.31030,18/11/2019 16:30:00,0.29220,@RB,-1,1,760.20,0.0030,1591.8000,-340.2000,
TRADE,24/11/2019 19:30:00,0.34670,26/11/2019 03:30:00,0.35160,@RB,-1,1,-205.80,0.0012,1045.8000,-344.4000,
TRADE,01/12/2019 19:30:00,0.29060,02/12/2019 15:30:00,0.25570,@RB,-1,1,1465.80,0.0029,1617.0000,-1029.0000,
TRADE,08/12/2019 19:30:00,0.32510,09/12/2019 15:30:00,0.33560,@RB,-1,1,-441.00,0.0030,898.8000,-756.0000,
TRADE,15/12/2019 19:30:00,0.33680,16/12/2019 15:30:00,0.34480,@RB,-1,1,-336.00,0.0015,88.2000,-789.6000,
TRADE,22/12/2019 19:30:00,0.38620,23/12/2019 16:00:00,0.39210,@RB,-1,1,-247.80,0.0023,613.2000,-247.8000,
TRADE,29/12/2019 19:30:00,0.42490,30/12/2019 15:30:00,0.40430,@RB,-1,1,865.20,0.0016,1260.0000,-596.4000,
TRADE,05/01/2020 19:30:00,0.44810,06/01/2020 15:30:00,0.43440,@RB,-1,1,575.40,0.0079,974.4000,-1129.8000,
TRADE,12/01/2020 19:30:00,0.33610,13/01/2020 15:30:00,0.33980,@RB,-1,1,-155.40,0.0021,718.2000,-449.4000,
TRADE,19/01/2020 19:30:00,0.33790,20/01/2020 21:30:00,0.31810,@RB,-1,1,831.60,0.0051,907.2000,-42.0000,
TRADE,26/01/2020 19:30:00,0.15820,27/01/2020 17:00:00,0.15640,@RB,-1,1,75.60,0.0020,1743.0000,-667.8000,
TRADE,02/02/2020 19:30:00,0.15240,03/02/2020 15:30:00,0.13880,@RB,-1,1,571.20,0.0027,777.0000,-1335.6000,
TRADE,09/02/2020 19:30:00,0.18500,10/02/2020 15:30:00,0.19350,@RB,-1,1,-357.00,0.0061,705.6000,-1642.2000,
TRADE,16/02/2020 19:30:00,0.26900,17/02/2020 20:30:00,0.26540,@RB,-1,1,151.20,0.0020,382.2000,-382.2000,
TRADE,23/02/2020 19:30:00,0.27650,24/02/2020 17:00:00,0.27530,@RB,-1,1,50.40,0.0029,1281.0000,-491.4000,
TRADE,01/03/2020 19:30:00,0.02330,02/03/2020 12:00:00,0.10190,@RB,-1,1,-3301.20,0.0080,42.0000,-3242.3999,
TRADE,15/03/2020 19:30:00,-0.61980,16/03/2020 15:30:00,-0.74860,@RB,-1,1,5409.60,0.0117,5930.3999,-336.0000,
TRADE,29/03/2020 19:30:00,-0.91690,30/03/2020 15:30:00,-0.88730,@RB,-1,1,-1243.20,0.0094,1822.8000,-1999.2000,
TRADE,05/04/2020 19:30:00,-0.83920,06/04/2020 15:30:00,-0.78470,@RB,-1,1,-2289.00,0.0162,96.6000,-2990.3999,
TRADE,12/04/2020 19:30:00,-0.81250,13/04/2020 15:30:00,-0.77960,@RB,-1,1,-1381.80,0.0129,1008.0000,-2074.8000,
TRADE,19/04/2020 19:30:00,-0.78400,20/04/2020 15:30:00,-0.81050,@RB,-1,1,1113.00,0.0052,2007.6000,-1092.0000,
TRADE,26/04/2020 19:30:00,-0.84510,27/04/2020 21:30:00,-0.84410,@RB,-1,1,-42.00,0.0026,651.0000,-1029.0000,
TRADE,03/05/2020 19:30:00,-0.77710,04/05/2020 15:30:00,-0.70140,@RB,-1,1,-3179.40,0.0041,491.4000,-3225.6001,
TRADE,10/05/2020 19:30:00,-0.58100,11/05/2020 15:30:00,-0.60000,@RB,-1,1,798.00,0.0041,1381.8000,-1402.8000,
TRADE,17/05/2020 19:30:00,-0.54000,18/05/2020 15:30:00,-0.49650,@RB,-1,1,-1827.00,0.0083,25.2000,-2906.3999,
TRADE,31/05/2020 19:30:00,-0.46500,01/06/2020 15:30:00,-0.47480,@RB,-1,1,411.60,0.0114,1659.0000,-390.6000,
TRADE,07/06/2020 19:30:00,-0.31200,08/06/2020 15:30:00,-0.34670,@RB,-1,1,1457.40,0.0119,1772.4000,-457.8000,
TRADE,21/06/2020 19:30:00,-0.27810,22/06/2020 16:00:00,-0.25270,@RB,-1,1,-1066.80,0.0068,571.2000,-1167.6000,
TRADE,28/06/2020 19:30:00,-0.41400,29/06/2020 15:30:00,-0.35950,@RB,-1,1,-2289.00,0.0027,911.4000,-2667.0000,
TRADE,05/07/2020 19:30:00,-0.28810,06/07/2020 15:30:00,-0.30820,@RB,-1,1,844.20,0.0073,1134.0000,-789.6000,
TRADE,12/07/2020 19:30:00,-0.27600,13/07/2020 15:30:00,-0.28720,@RB,-1,1,470.40,0.0044,1096.2000,-789.6000,
TRADE,26/07/2020 19:30:00,-0.26960,27/07/2020 18:30:00,-0.27230,@RB,-1,1,113.40,0.0051,1423.8000,-382.2000,
TRADE,02/08/2020 19:30:00,-0.34910,03/08/2020 15:30:00,-0.30380,@RB,-1,1,-1902.60,0.0026,558.6000,-2507.3999,
TRADE,09/08/2020 19:30:00,-0.30650,10/08/2020 15:30:00,-0.28440,@RB,-1,1,-928.20,0.0019,29.4000,-1575.0000,
TRADE,16/08/2020 19:30:00,-0.23850,17/08/2020 15:30:00,-0.24700,@RB,-1,1,357.00,0.0066,1352.4000,-499.8000,
TRADE,23/08/2020 19:30:00,-0.20600,24/08/2020 16:00:00,-0.15340,@RB,-1,1,-2209.20,0.0084,407.4000,-2864.3999,
TRADE,30/08/2020 19:30:00,-0.17380,31/08/2020 15:30:00,-0.20370,@RB,-1,1,1255.80,0.0018,1491.0000,-474.6000,
TRADE,06/09/2020 19:30:00,-0.26430,07/09/2020 21:00:00,-0.25860,@RB,-1,1,-239.40,0.0067,88.2000,-709.8000,
TRADE,13/09/2020 19:30:00,-0.30760,14/09/2020 15:30:00,-0.31410,@RB,-1,1,273.00,0.0056,865.2000,-298.2000,
TRADE,20/09/2020 19:30:00,-0.20490,21/09/2020 17:00:00,-0.23380,@RB,-1,1,1213.80,0.0031,2310.0000,-403.2000,
TRADE,27/09/2020 19:30:00,-0.20590,28/09/2020 15:30:00,-0.18000,@RB,-1,1,-1087.80,0.0021,457.8000,-1176.0000,
TRADE,04/10/2020 19:30:00,-0.25750,05/10/2020 15:30:00,-0.20030,@RB,-1,1,-2402.40,0.0044,16.8000,-3179.3999,
TRADE,11/10/2020 19:30:00,-0.19380,12/10/2020 15:30:00,-0.22270,@RB,-1,1,1213.80,0.0027,1465.8000,0.0000,
TRADE,18/10/2020 19:30:00,-0.22820,19/10/2020 15:30:00,-0.23910,@RB,-1,1,457.80,0.0025,541.8000,-315.0000,
TRADE,25/10/2020 19:30:00,-0.26920,26/10/2020 15:30:00,-0.28570,@RB,-1,1,693.00,0.0052,865.2000,-239.4000,
TRADE,08/11/2020 19:30:00,-0.28470,09/11/2020 08:00:00,-0.20590,@RB,-1,1,-3309.60,0.0050,37.8000,-3276.0000,
TRADE,15/11/2020 19:30:00,-0.25060,16/11/2020 15:30:00,-0.23110,@RB,-1,1,-819.00,0.0034,50.4000,-1818.6000,
TRADE,22/11/2020 19:30:00,-0.20160,23/11/2020 17:00:00,-0.17990,@RB,-1,1,-911.40,0.0028,96.6000,-1230.6000,
TRADE,29/11/2020 19:30:00,-0.12130,30/11/2020 15:30:00,-0.12760,@RB,-1,1,264.60,0.0033,966.0000,-529.2000,
TRADE,06/12/2020 19:30:00,-0.11370,07/12/2020 15:30:00,-0.12130,@RB,-1,1,319.20,0.0039,722.4000,-546.0000,
TRADE,13/12/2020 19:30:00,-0.06410,14/12/2020 15:30:00,-0.05470,@RB,-1,1,-394.80,0.0026,1024.8000,-751.8000,
TRADE,20/12/2020 19:30:00,0.00200,21/12/2020 16:00:00,-0.02310,@RB,-1,1,1054.20,0.0028,2931.6001,-8.4000,
TRADE,27/12/2020 19:30:00,-0.00470,28/12/2020 20:00:00,-0.00570,@RB,-1,1,42.00,0.0046,231.0000,-1197.0000,
TRADE,03/01/2021 19:30:00,0.04090,04/01/2021 15:30:00,0.00540,@RB,-1,1,1491.00,0.0036,1797.6000,-1806.0000,
TRADE,10/01/2021 19:30:00,0.16830,11/01/2021 15:30:00,0.15120,@RB,-1,1,718.20,0.0053,1100.4000,-113.4000,
TRADE,17/01/2021 19:30:00,0.15330,18/01/2021 20:30:00,0.15670,@RB,-1,1,-142.80,0.0035,399.0000,-226.8000,
TRADE,24/01/2021 19:30:00,0.17730,25/01/2021 17:00:00,0.19530,@RB,-1,1,-756.00,0.0005,512.4000,-1155.0000,
TRADE,31/01/2021 19:30:00,0.19140,01/02/2021 15:30:00,0.23330,@RB,-1,1,-1759.80,0.0052,180.6000,-1827.0000,
TRADE,07/02/2021 19:30:00,0.30010,08/02/2021 15:30:00,0.31300,@RB,-1,1,-541.80,0.0014,184.8000,-739.2000,
TRADE,14/02/2021 19:30:00,0.34700,15/02/2021 20:30:00,0.42170,@RB,-1,1,-3137.40,0.0056,42.0000,-3297.0000,
TRADE,21/02/2021 19:30:00,0.44200,22/02/2021 16:30:00,0.47560,@RB,-1,1,-1411.20,0.0044,730.8000,-1738.8000,
TRADE,28/02/2021 19:30:00,0.52950,01/03/2021 15:30:00,0.49370,@RB,-1,1,1503.60,0.0066,2410.8000,-579.6000,
TRADE,07/03/2021 19:30:00,0.64420,08/03/2021 15:30:00,0.59790,@RB,-1,1,1944.60,0.0096,2457.0000,-697.2000,
TRADE,14/03/2021 19:30:00,0.71480,15/03/2021 15:30:00,0.65830,@RB,-1,1,2373.00,0.0035,3389.3999,-399.0000,
TRADE,21/03/2021 19:30:00,0.48630,22/03/2021 17:00:00,0.50940,@RB,-1,1,-970.20,0.0020,625.8000,-1772.4000,
TRADE,28/03/2021 19:30:00,0.52450,29/03/2021 15:30:00,0.55320,@RB,-1,1,-1205.40,0.0084,907.2000,-1335.6000,
TRADE,04/04/2021 19:30:00,0.55850,05/04/2021 15:30:00,0.51860,@RB,-1,1,1675.80,0.0036,3280.2000,-298.2000,
TRADE,11/04/2021 19:30:00,0.51730,12/04/2021 15:30:00,0.51680,@RB,-1,1,21.00,0.0026,970.2000,-1327.2000,
TRADE,18/04/2021 19:30:00,0.58470,19/04/2021 15:30:00,0.59480,@RB,-1,1,-424.20,0.0014,201.6000,-869.4000,
TRADE,25/04/2021 19:30:00,0.54530,26/04/2021 18:30:00,0.52920,@RB,-1,1,676.20,0.0035,2255.3999,-155.4000,
TRADE,02/05/2021 19:30:00,0.62190,03/05/2021 15:30:00,0.64250,@RB,-1,1,-865.20,0.0041,1071.0000,-1617.0000,
TRADE,09/05/2021 19:30:00,0.70680,10/05/2021 15:30:00,0.67070,@RB,-1,1,1516.20,0.0084,2171.3999,-357.0000,
TRADE,16/05/2021 19:30:00,0.67970,17/05/2021 16:00:00,0.70180,@RB,-1,1,-928.20,0.0084,966.0000,-1033.2000,
TRADE,23/05/2021 19:30:00,0.61590,24/05/2021 17:00:00,0.65960,@RB,-1,1,-1835.40,0.0026,0.0000,-2028.6000,
TRADE,30/05/2021 19:30:00,0.67720,31/05/2021 20:30:00,0.68450,@RB,-1,1,-306.60,0.0034,319.2000,-966.0000,
TRADE,06/06/2021 19:30:00,0.74470,07/06/2021 15:30:00,0.73130,@RB,-1,1,562.80,0.0032,756.0000,-382.2000,
TRADE,13/06/2021 19:30:00,0.73000,14/06/2021 16:00:00,0.71120,@RB,-1,1,789.60,0.0044,1180.2000,-966.0000,
TRADE,20/06/2021 19:30:00,0.71370,21/06/2021 16:00:00,0.73050,@RB,-1,1,-705.60,0.0075,1596.0000,-1037.4000,
TRADE,27/06/2021 19:30:00,0.79760,28/06/2021 15:30:00,0.76070,@RB,-1,1,1549.80,0.0025,1776.6000,-285.6000,
TRADE,04/07/2021 19:30:00,0.83920,05/07/2021 21:00:00,0.85670,@RB,-1,1,-735.00,0.0018,382.2000,-781.2000,
TRADE,11/07/2021 19:30:00,0.82850,12/07/2021 15:30:00,0.81930,@RB,-1,1,386.40,0.0076,1335.6000,-67.2000,
TRADE,18/07/2021 19:30:00,0.78090,19/07/2021 16:00:00,0.63890,@RB,-1,1,5964.00,0.0044,6220.2002,-151.2000,
TRADE,25/07/2021 20:00:00,0.83970,26/07/2021 20:30:00,0.85500,@RB,-1,1,-642.60,0.0019,1927.8000,-844.2000,
TRADE,01/08/2021 19:30:00,0.90280,02/08/2021 15:30:00,0.84920,@RB,-1,1,2251.20,0.0050,3238.2000,-134.4000,
TRADE,08/08/2021 19:30:00,0.79590,09/08/2021 15:30:00,0.81410,@RB,-1,1,-764.40,0.0179,2129.3999,-1062.6000,
TRADE,15/08/2021 19:30:00,0.82780,16/08/2021 15:30:00,0.77930,@RB,-1,1,2037.00,0.0032,3154.2000,-75.6000,
TRADE,22/08/2021 19:30:00,0.59020,23/08/2021 10:30:00,0.66880,@RB,-1,1,-3301.20,0.0035,71.4000,-3179.3999,
TRADE,29/08/2021 19:30:00,0.90140,30/08/2021 15:30:00,0.88740,@RB,-1,1,588.00,0.0072,1923.6000,-260.4000,
TRADE,05/09/2021 19:30:00,0.87640,06/09/2021 20:30:00,0.88320,@RB,-1,1,-285.60,0.0029,844.2000,-978.6000,
TRADE,12/09/2021 19:30:00,0.89830,13/09/2021 15:30:00,0.89780,@RB,-1,1,21.00,0.0054,541.8000,-806.4000,
TRADE,19/09/2021 19:30:00,0.90830,20/09/2021 15:30:00,0.84990,@RB,-1,1,2452.80,0.0054,2910.6001,-42.0000,
TRADE,26/09/2021 19:30:00,0.93080,27/09/2021 18:30:00,0.95180,@RB,-1,1,-882.00,0.0028,4.2000,-1390.2000,
TRADE,03/10/2021 19:30:00,1.03610,04/10/2021 16:00:00,1.10000,@RB,-1,1,-2683.80,0.0031,798.0000,-3200.3999,
TRADE,10/10/2021 19:30:00,1.16250,11/10/2021 15:30:00,1.16650,@RB,-1,1,-168.00,0.0055,285.6000,-1596.0000,
TRADE,17/10/2021 19:30:00,1.27900,18/10/2021 15:30:00,1.27430,@RB,-1,1,197.40,0.0054,827.4000,-987.0000,
TRADE,24/10/2021 19:30:00,1.28020,25/10/2021 19:30:00,1.30690,@RB,-1,1,-1121.40,0.0064,210.0000,-2112.6001,
TRADE,31/10/2021 19:30:00,1.21190,01/11/2021 15:30:00,1.26980,@RB,-1,1,-2431.80,0.0070,386.4000,-2436.0000,
TRADE,07/11/2021 19:30:00,1.17410,08/11/2021 15:30:00,1.19120,@RB,-1,1,-718.20,0.0026,184.8000,-1512.0000,
TRADE,14/11/2021 19:30:00,1.17860,15/11/2021 16:00:00,1.19440,@RB,-1,1,-663.60,0.0034,2221.8000,-1029.0000,
TRADE,21/11/2021 19:30:00,1.05960,22/11/2021 16:30:00,1.10430,@RB,-1,1,-1877.40,0.0115,226.8000,-2919.0000,
TRADE,28/11/2021 19:30:00,0.98240,29/11/2021 15:30:00,0.92860,@RB,-1,1,2259.60,0.0229,2856.0000,-1932.0000,
TRADE,05/12/2021 19:30:00,0.89840,06/12/2021 15:30:00,0.96330,@RB,-1,1,-2725.80,0.0031,693.0000,-3208.8000,
TRADE,12/12/2021 19:30:00,1.06900,13/12/2021 15:30:00,1.03740,@RB,-1,1,1327.20,0.0078,1772.4000,-781.2000,
TRADE,19/12/2021 19:30:00,1.01230,20/12/2021 15:30:00,1.01580,@RB,-1,1,-147.00,0.0050,3166.8000,-201.6000,
TRADE,02/01/2022 19:30:00,1.15190,03/01/2022 15:30:00,1.17010,@RB,-1,1,-764.40,0.0058,1176.0000,-1407.0000,
TRADE,09/01/2022 19:30:00,1.20870,10/01/2022 15:30:00,1.18920,@RB,-1,1,819.00,0.0081,1146.6000,-957.6000,
TRADE,16/01/2022 19:30:00,1.34050,17/01/2022 20:30:00,1.34550,@RB,-1,1,-210.00,0.0046,819.0000,-382.2000,
TRADE,23/01/2022 19:30:00,1.37600,24/01/2022 16:30:00,1.33210,@RB,-1,1,1843.80,0.0128,3889.2000,-134.4000,
TRADE,30/01/2022 19:30:00,1.47170,31/01/2022 15:30:00,1.47000,@RB,-1,1,71.40,0.0045,1289.4000,-1075.2000,
TRADE,06/02/2022 19:30:00,1.60560,07/02/2022 15:30:00,1.59860,@RB,-1,1,294.00,0.0085,953.4000,-1159.2000,
TRADE,13/02/2022 19:30:00,1.66740,14/02/2022 15:30:00,1.67690,@RB,-1,1,-399.00,0.0082,2205.0000,-1377.6000,
TRADE,20/02/2022 19:30:00,1.62560,21/02/2022 19:00:00,1.67170,@RB,-1,1,-1936.20,0.0030,2620.8000,-2255.3999,
TRADE,27/02/2022 19:30:00,1.74810,28/02/2022 15:30:00,1.69670,@RB,-1,1,2158.80,0.0089,2734.2000,-915.6000,
TRADE,06/03/2022 19:30:00,2.57510,07/03/2022 15:30:00,2.32660,@RB,-1,1,10437.00,0.0518,11629.7998,-558.6000,
TRADE,13/03/2022 19:30:00,2.04800,14/03/2022 15:30:00,1.90080,@RB,-1,1,6182.40,0.0294,7912.7998,-180.6000,
TRADE,20/03/2022 19:30:00,2.02250,21/03/2022 08:30:00,2.10390,@RB,-1,1,-3418.80,0.0368,0.0000,-3418.8000,
TRADE,27/03/2022 19:30:00,2.16000,28/03/2022 20:30:00,1.94510,@RB,-1,1,9025.80,0.0125,10861.2002,-625.8000,
TRADE,03/04/2022 19:30:00,1.92270,04/04/2022 09:00:00,2.00130,@RB,-1,1,-3301.20,0.0132,823.2000,-2620.8000,
TRADE,10/04/2022 19:30:00,1.89670,11/04/2022 15:30:00,1.78960,@RB,-1,1,4498.20,0.0143,4977.0000,0.0000,
TRADE,17/04/2022 19:30:00,2.19700,18/04/2022 15:30:00,2.16940,@RB,-1,1,1159.20,0.0121,3368.3999,-1415.4000,
TRADE,24/04/2022 19:30:00,2.06080,25/04/2022 16:00:00,2.04040,@RB,-1,1,856.80,0.0148,5817.0000,0.0000,
TRADE,01/05/2022 19:30:00,2.25260,02/05/2022 13:30:00,2.33120,@RB,-1,1,-3301.20,0.0136,3910.2000,-3095.3999,
TRADE,08/05/2022 19:30:00,2.60170,09/05/2022 15:30:00,2.45200,@RB,-1,1,6287.40,0.0096,6795.6001,-571.2000,
TRADE,15/05/2022 19:30:00,2.81400,16/05/2022 15:30:00,2.82510,@RB,-1,1,-466.20,0.0119,3633.0000,-2641.8000,
TRADE,22/05/2022 19:30:00,2.65370,23/05/2022 17:00:00,2.59640,@RB,-1,1,2406.60,0.0120,2528.3999,-966.0000,
TRADE,29/05/2022 19:30:00,2.83290,30/05/2022 19:00:00,2.85140,@RB,-1,1,-777.00,0.0110,848.4000,-1478.4000,
TRADE,05/06/2022 19:30:00,3.22690,06/06/2022 15:30:00,3.13510,@RB,-1,1,3855.60,0.0216,5170.2002,-772.8000,
TRADE,12/06/2022 19:30:00,3.05140,13/06/2022 15:30:00,2.93730,@RB,-1,1,4792.20,0.0133,6711.6001,-323.4000,
TRADE,19/06/2022 19:30:00,2.75450,20/06/2022 19:00:00,2.77190,@RB,-1,1,-730.80,0.0110,4964.3999,-873.6000,
TRADE,03/07/2022 19:30:00,2.69970,04/07/2022 20:00:00,2.68510,@RB,-1,1,613.20,0.0067,1675.8000,-2927.3999,
TRADE,10/07/2022 19:30:00,2.43740,11/07/2022 15:30:00,2.47240,@RB,-1,1,-1470.00,0.0133,2352.0000,-2486.3999,
TRADE,17/07/2022 20:00:00,2.21660,18/07/2022 03:30:00,2.29520,@RB,-1,1,-3301.20,0.0098,1785.0000,-3066.0000,
TRADE,24/07/2022 20:00:00,2.24410,25/07/2022 11:00:00,2.32270,@RB,-1,1,-3301.20,0.0055,1713.6000,-2914.8000,
TRADE,31/07/2022 19:30:00,2.37740,01/08/2022 15:30:00,2.28870,@RB,-1,1,3725.40,0.0073,7455.0000,-693.0000,
TRADE,07/08/2022 19:30:00,2.13780,08/08/2022 15:30:00,2.16600,@RB,-1,1,-1184.40,0.0099,806.4000,-2410.8000,
TRADE,14/08/2022 19:30:00,2.32980,15/08/2022 16:00:00,2.24100,@RB,-1,1,3729.60,0.0050,6379.7998,-743.4000,
TRADE,21/08/2022 20:30:00,2.27970,22/08/2022 20:30:00,2.17960,@RB,-1,1,4204.20,0.0055,6820.7998,-1159.2000,
TRADE,28/08/2022 19:30:00,2.13690,29/08/2022 15:30:00,2.18070,@RB,-1,1,-1839.60,0.0072,1944.6000,-2213.3999,
TRADE,04/09/2022 19:30:00,1.94080,05/09/2022 19:00:00,1.94660,@RB,-1,1,-243.60,0.0129,1180.2000,-2217.6001,
TRADE,11/09/2022 19:30:00,1.89470,12/09/2022 16:30:00,1.92420,@RB,-1,1,-1239.00,0.0039,1507.8000,-2683.8000,
TRADE,18/09/2022 19:30:00,1.88640,19/09/2022 16:00:00,1.92710,@RB,-1,1,-1709.40,0.0057,3540.6001,-2028.6000,
TRADE,25/09/2022 20:00:00,1.86260,26/09/2022 18:30:00,1.85350,@RB,-1,1,382.20,0.0015,2494.8000,-2091.6001,
TRADE,02/10/2022 19:30:00,2.01900,03/10/2022 10:30:00,2.09760,@RB,-1,1,-3301.20,0.0132,823.2000,-3255.0000,
TRADE,09/10/2022 19:30:00,2.32650,10/10/2022 15:30:00,2.20570,@RB,-1,1,5073.60,0.0043,5476.7998,-352.8000,
TRADE,16/10/2022 19:30:00,2.22780,17/10/2022 15:30:00,2.18230,@RB,-1,1,1911.00,0.0033,2835.0000,-1062.6000,
TRADE,23/10/2022 19:30:00,2.23820,24/10/2022 11:00:00,2.31680,@RB,-1,1,-3301.20,0.0079,3112.2000,-2835.0000,
TRADE,30/10/2022 19:30:00,2.46410,31/10/2022 16:00:00,2.43000,@RB,-1,1,1432.20,0.0056,3192.0000,-890.4000,
TRADE,06/11/2022 19:30:00,2.61320,07/11/2022 15:30:00,2.56150,@RB,-1,1,2171.40,0.0054,2524.2000,-949.2000,
TRADE,13/11/2022 19:30:00,2.55460,14/11/2022 16:30:00,2.42930,@RB,-1,1,5262.60,0.0217,5405.3999,-415.8000,
TRADE,20/11/2022 19:30:00,2.33000,21/11/2022 18:30:00,2.36460,@RB,-1,1,-1453.20,0.0035,4120.2002,-2536.8000,
TRADE,27/11/2022 19:30:00,2.24110,28/11/2022 15:30:00,2.23350,@RB,-1,1,319.20,0.0103,2532.6001,-1255.8000,
TRADE,04/12/2022 19:30:00,2.27800,05/12/2022 15:30:00,2.17460,@RB,-1,1,4342.80,0.0263,5065.2002,-1310.4000,
TRADE,11/12/2022 19:30:00,2.01870,12/12/2022 16:00:00,2.04330,@RB,-1,1,-1033.20,0.0086,1558.2000,-1642.2000,
TRADE,18/12/2022 19:30:00,2.11350,19/12/2022 15:30:00,2.13350,@RB,-1,1,-840.00,0.0048,886.2000,-1801.8000,
TRADE,08/01/2023 19:30:00,2.21810,09/01/2023 15:30:00,2.25300,@RB,-1,1,-1465.80,0.0048,92.4000,-2965.2000,
TRADE,15/01/2023 19:30:00,2.48400,16/01/2023 19:00:00,2.45100,@RB,-1,1,1386.00,0.0073,1638.0000,-302.4000,
TRADE,22/01/2023 19:30:00,2.58580,23/01/2023 15:30:00,2.63800,@RB,-1,1,-2192.40,0.0042,172.2000,-3200.3999,
TRADE,29/01/2023 19:30:00,2.55470,30/01/2023 15:30:00,2.45260,@RB,-1,1,4288.20,0.0072,4502.3999,-54.6000,
TRADE,05/02/2023 19:30:00,2.26960,06/02/2023 15:30:00,2.32640,@RB,-1,1,-2385.60,0.0085,2062.2000,-2566.2000,
TRADE,12/02/2023 19:30:00,2.43760,13/02/2023 15:30:00,2.47700,@RB,-1,1,-1654.80,0.0054,995.4000,-1873.2000,
TRADE,19/02/2023 19:30:00,2.36030,20/02/2023 19:00:00,2.39260,@RB,-1,1,-1356.60,0.0018,327.6000,-1780.8000,
TRADE,26/02/2023 19:30:00,2.32610,27/02/2023 15:30:00,2.32480,@RB,-1,1,54.60,0.0048,1268.4000,-667.8000,
TRADE,05/03/2023 19:30:00,2.48560,06/03/2023 15:30:00,2.53060,@RB,-1,1,-1890.00,0.0033,1617.0000,-2184.0000,
TRADE,12/03/2023 19:30:00,2.39710,13/03/2023 16:00:00,2.31910,@RB,-1,1,3276.00,0.0143,5674.2002,-147.0000,
TRADE,19/03/2023 19:30:00,2.24560,20/03/2023 15:30:00,2.26820,@RB,-1,1,-949.20,0.0047,4099.2002,-1281.0000,
TRADE,26/03/2023 19:30:00,2.33020,27/03/2023 13:30:00,2.40880,@RB,-1,1,-3301.20,0.0038,1003.8000,-2973.6001,
TRADE,02/04/2023 19:30:00,2.55800,03/04/2023 15:30:00,2.52760,@RB,-1,1,1276.80,0.0165,1814.4000,-424.2000,
TRADE,09/04/2023 19:30:00,2.58780,10/04/2023 15:30:00,2.58530,@RB,-1,1,105.00,0.0080,2125.2000,-222.6000,
TRADE,16/04/2023 19:30:00,2.60000,17/04/2023 15:30:00,2.54800,@RB,-1,1,2184.00,0.0034,3112.2000,-252.0000,
TRADE,23/04/2023 19:30:00,2.37300,24/04/2023 15:30:00,2.41380,@RB,-1,1,-1713.60,0.0040,1772.4000,-2205.0000,
TRADE,30/04/2023 19:30:00,2.31860,01/05/2023 16:00:00,2.35520,@RB,-1,1,-1537.20,0.0103,1688.4000,-1768.2000,
TRADE,07/05/2023 19:30:00,2.19470,08/05/2023 14:30:00,2.27330,@RB,-1,1,-3301.20,0.0049,575.4000,-3196.2000,
TRADE,14/05/2023 19:30:00,2.23300,15/05/2023 15:30:00,2.26970,@RB,-1,1,-1541.40,0.0044,1146.6000,-2415.0000,
TRADE,21/05/2023 19:30:00,2.38000,22/05/2023 13:00:00,2.45860,@RB,-1,1,-3301.20,0.0039,1125.6000,-2856.0000,
TRADE,28/05/2023 19:30:00,2.51490,29/05/2023 19:30:00,2.50200,@RB,-1,1,541.80,0.0049,2394.0000,-130.2000,
TRADE,04/06/2023 19:30:00,2.46640,05/06/2023 15:30:00,2.43800,@RB,-1,1,1192.80,0.0123,1638.0000,-898.8000,
TRADE,11/06/2023 19:30:00,2.50190,12/06/2023 15:30:00,2.40000,@RB,-1,1,4279.80,0.0067,4716.6001,0.0000,
TRADE,18/06/2023 19:30:00,2.58170,19/06/2023 19:00:00,2.56820,@RB,-1,1,567.00,0.0031,1058.4000,-512.4000,
TRADE,25/06/2023 19:30:00,2.46930,26/06/2023 15:30:00,2.45760,@RB,-1,1,491.40,0.0059,2087.3999,-25.2000,
