TRADE,21/10/2010,299.00000,21/10/2010 13:20:00,290.50000,@S,1,1,-425.00,23.0000,575.0000,-350.0000,
TRADE,04/11/2010,315.50000,08/11/2010,360.00000,@S,1,1,2225.00,17.5000,2525.0000,-50.0000,
TRADE,08/11/2010 08:00:00,362.25000,09/11/2010 08:00:00,365.50000,@S,-1,1,-162.50,11.0000,837.5000,-162.5000,
TRADE,26/11/2010,333.25000,26/11/2010 08:00:00,317.00000,@S,1,1,-812.50,11.0000,250.0000,-837.5000,
TRADE,26/11/2010 13:20:00,321.00000,29/11/2010,316.00000,@S,1,1,-250.00,12.0000,187.5000,-337.5000,
TRADE,02/12/2010,358.00000,06/12/2010,380.00000,@S,1,1,1100.00,23.7500,1100.0000,-412.5000,
TRADE,06/12/2010 08:00:00,376.00000,07/12/2010 08:00:00,376.25000,@S,-1,1,-12.50,14.5000,987.5000,-125.0000,
TRADE,09/12/2010,372.00000,09/12/2010 13:20:00,355.00000,@S,1,1,-850.00,26.5000,150.0000,-775.0000,
TRADE,20/12/2010,378.75000,20/12/2010 13:20:00,391.50000,@S,-1,1,-637.50,16.5000,362.5000,-625.0000,
TRADE,23/12/2010,405.25000,29/12/2010,441.25000,@S,1,1,1800.00,8.0000,2800.0000,-62.5000,
TRADE,03/01/2011,462.00000,05/01/2011 13:20:00,443.50000,@S,-1,1,925.00,18.0000,1925.0000,-650.0000,
TRADE,06/01/2011,458.50000,06/01/2011 13:20:00,444.75000,@S,1,1,-687.50,32.5000,312.5000,-675.0000,
TRADE,13/01/2011,484.75000,14/01/2011 08:00:00,478.50000,@S,1,1,-312.50,56.0000,687.5000,-287.5000,
TRADE,18/01/2011,478.25000,18/01/2011 13:20:00,494.25000,@S,-1,1,-800.00,19.0000,200.0000,-750.0000,
TRADE,24/01/2011,478.50000,24/01/2011 08:00:00,490.50000,@S,-1,1,-600.00,22.0000,450.0000,-612.5000,
TRADE,24/01/2011 13:20:00,483.00000,26/01/2011 13:20:00,450.25000,@S,-1,1,1637.50,9.5000,2637.5000,-25.0000,
TRADE,27/01/2011,455.25000,28/01/2011 13:20:00,469.25000,@S,1,1,700.00,21.7500,1700.0000,-562.5000,
TRADE,31/01/2011,461.25000,01/02/2011,480.50000,@S,-1,1,-962.50,28.2500,37.5000,-912.5000,
TRADE,03/02/2011,512.00000,04/02/2011 08:00:00,498.50000,@S,1,1,-675.00,15.5000,325.0000,-650.0000,
TRADE,10/02/2011,517.25000,10/02/2011 13:20:00,501.00000,@S,1,1,-812.50,19.2500,187.5000,-775.0000,
TRADE,24/02/2011,387.50000,24/02/2011 08:00:00,367.25000,@S,1,1,-1012.50,20.0000,212.5000,-1112.5000,
TRADE,24/02/2011 13:20:00,378.00000,25/02/2011 13:20:00,434.50000,@S,1,1,2825.00,23.0000,3825.0000,-612.5000,
TRADE,28/02/2011,434.50000,01/03/2011 13:20:00,430.25000,@S,-1,1,212.50,67.5000,1212.5000,-112.5000,
TRADE,03/03/2011,447.00000,04/03/2011 13:20:00,461.00000,@S,1,1,700.00,24.0000,1700.0000,-300.0000,
TRADE,17/03/2011,343.25000,18/03/2011,383.25000,@S,1,1,2000.00,27.7500,3000.0000,-75.0000,
TRADE,21/03/2011,425.75000,22/03/2011 13:20:00,420.50000,@S,-1,1,262.50,46.5000,1262.5000,-375.0000,
TRADE,28/03/2011,416.50000,29/03/2011 13:20:00,417.50000,@S,-1,1,-50.00,13.2500,950.0000,-450.0000,
TRADE,31/03/2011,429.50000,31/03/2011 13:20:00,468.50000,@S,1,1,1950.00,18.2500,2950.0000,-225.0000,
TRADE,11/04/2011,452.00000,13/04/2011,394.75000,@S,-1,1,2862.50,29.5000,3862.5000,-550.0000,
TRADE,14/04/2011,391.75000,14/04/2011 13:20:00,374.25000,@S,1,1,-875.00,19.7500,125.0000,-837.5000,
TRADE,21/04/2011,413.50000,27/04/2011 08:00:00,427.75000,@S,1,1,712.50,20.5000,1712.5000,-262.5000,
TRADE,02/05/2011,444.25000,02/05/2011 13:20:00,454.50000,@S,-1,1,-512.50,39.0000,487.5000,-412.5000,
TRADE,09/05/2011,381.00000,10/05/2011 08:00:00,396.50000,@S,-1,1,-775.00,33.5000,225.0000,-750.0000,
TRADE,19/05/2011,430.25000,20/05/2011 13:20:00,419.75000,@S,1,1,-525.00,41.0000,600.0000,-525.0000,
TRADE,23/05/2011,439.25000,24/05/2011 08:00:00,439.25000,@S,-1,1,0.00,31.0000,1000.0000,-350.0000,
TRADE,26/05/2011,431.25000,27/05/2011 13:20:00,431.50000,@S,1,1,12.50,13.5000,1012.5000,-50.0000,
TRADE,02/06/2011,439.25000,06/06/2011,469.00000,@S,1,1,1487.50,20.0000,1675.0000,-112.5000,
TRADE,06/06/2011 08:00:00,469.75000,08/06/2011 13:20:00,453.50000,@S,-1,1,812.50,7.2500,1812.5000,-25.0000,
TRADE,09/06/2011,453.25000,09/06/2011 13:20:00,446.50000,@S,1,1,-337.50,31.2500,662.5000,-325.0000,
TRADE,16/06/2011,423.50000,16/06/2011 08:00:00,406.25000,@S,1,1,-862.50,19.5000,137.5000,-762.5000,
TRADE,16/06/2011 13:20:00,406.25000,17/06/2011,398.75000,@S,1,1,-375.00,18.5000,625.0000,-300.0000,
TRADE,05/07/2011,378.75000,07/07/2011,381.00000,@S,-1,1,-112.50,22.2500,412.5000,-550.0000,
TRADE,07/07/2011 08:00:00,387.00000,11/07/2011,410.00000,@S,1,1,1150.00,6.7500,1175.0000,-175.0000,
TRADE,11/07/2011 08:00:00,410.75000,12/07/2011 13:20:00,414.25000,@S,-1,1,-175.00,11.2500,825.0000,-112.5000,
TRADE,14/07/2011,434.50000,18/07/2011,445.75000,@S,1,1,562.50,18.2500,1125.0000,-25.0000,
TRADE,18/07/2011 08:00:00,445.00000,19/07/2011,450.00000,@S,-1,1,-250.00,12.2500,750.0000,-200.0000,
TRADE,18/08/2011,423.00000,18/08/2011 13:20:00,405.00000,@S,1,1,-900.00,16.5000,112.5000,-900.0000,
TRADE,22/08/2011,431.75000,23/08/2011 08:00:00,447.25000,@S,-1,1,-775.00,11.0000,225.0000,-762.5000,
TRADE,29/08/2011,477.75000,29/08/2011 08:00:00,496.50000,@S,-1,1,-937.50,39.2500,62.5000,-887.5000,
TRADE,29/08/2011 13:20:00,493.75000,30/08/2011,508.00000,@S,-1,1,-712.50,11.0000,287.5000,-625.0000,
TRADE,01/09/2011,511.25000,01/09/2011 13:20:00,493.25000,@S,1,1,-900.00,12.7500,100.0000,-662.5000,
TRADE,06/09/2011,489.75000,07/09/2011,484.50000,@S,-1,1,262.50,17.0000,1262.5000,-50.0000,
TRADE,12/09/2011,488.25000,15/09/2011,441.00000,@S,-1,1,2362.50,15.7500,2737.5000,-12.5000,
TRADE,10/10/2011,214.50000,10/10/2011 08:00:00,236.00000,@S,-1,1,-1075.00,17.7500,0.0000,-1387.5000,
TRADE,10/10/2011 13:20:00,244.25000,11/10/2011 13:20:00,250.75000,@S,-1,1,-325.00,8.7500,675.0000,-250.0000,
TRADE,13/10/2011,294.00000,17/10/2011,325.25000,@S,1,1,1562.50,19.7500,1900.0000,-375.0000,
TRADE,17/10/2011 08:00:00,319.25000,18/10/2011 13:20:00,302.75000,@S,-1,1,825.00,13.0000,1825.0000,-450.0000,
TRADE,03/11/2011,248.00000,07/11/2011,268.00000,@S,1,1,1000.00,14.7500,1537.5000,0.0000,
TRADE,14/11/2011,225.25000,15/11/2011 08:00:00,244.25000,@S,-1,1,-950.00,7.2500,50.0000,-812.5000,
TRADE,21/11/2011,218.25000,25/11/2011,167.75000,@S,-1,1,2525.00,21.2500,2525.0000,-162.5000,
TRADE,01/12/2011,180.50000,01/12/2011 13:20:00,171.00000,@S,1,1,-475.00,16.0000,525.0000,-362.5000,
TRADE,05/12/2011,187.25000,08/12/2011,178.75000,@S,-1,1,425.00,16.2500,987.5000,-425.0000,
TRADE,19/12/2011,184.50000,21/12/2011 13:20:00,199.00000,@S,-1,1,-725.00,15.0000,275.0000,-625.0000,
TRADE,22/12/2011,199.50000,27/12/2011 13:20:00,220.00000,@S,1,1,1025.00,21.0000,1025.0000,-400.0000,
TRADE,29/12/2011,244.00000,03/01/2012 13:20:00,270.75000,@S,1,1,1337.50,20.5000,1337.5000,-662.5000,
TRADE,05/01/2012,267.75000,05/01/2012 13:20:00,251.50000,@S,1,1,-812.50,13.2500,187.5000,-800.0000,
TRADE,19/01/2012,221.75000,20/01/2012 13:20:00,221.75000,@S,1,1,0.00,15.0000,1000.0000,-125.0000,
TRADE,02/02/2012,251.25000,06/02/2012,268.50000,@S,1,1,862.50,10.2500,1150.0000,-362.5000,
TRADE,06/02/2012 08:00:00,277.25000,09/02/2012,267.25000,@S,-1,1,500.00,9.2500,837.5000,-262.5000,
TRADE,13/02/2012,275.75000,13/02/2012 13:20:00,289.75000,@S,-1,1,-700.00,15.7500,300.0000,-587.5000,
TRADE,16/02/2012,298.25000,21/02/2012,308.75000,@S,1,1,525.00,12.2500,637.5000,-712.5000,
TRADE,21/02/2012 08:00:00,310.00000,23/02/2012,308.75000,@S,-1,1,62.50,8.5000,612.5000,-187.5000,
TRADE,23/02/2012 08:00:00,304.50000,27/02/2012,315.75000,@S,1,1,562.50,5.5000,900.0000,-12.5000,
TRADE,27/02/2012 08:00:00,321.25000,28/02/2012 08:00:00,334.25000,@S,-1,1,-650.00,7.5000,350.0000,-625.0000,
TRADE,01/03/2012,346.00000,05/03/2012,360.50000,@S,1,1,725.00,15.2500,875.0000,-462.5000,
TRADE,05/03/2012 08:00:00,356.50000,06/03/2012 13:20:00,365.75000,@S,-1,1,-462.50,6.2500,537.5000,-525.0000,
TRADE,15/03/2012,382.75000,19/03/2012,404.75000,@S,1,1,1100.00,13.5000,1262.5000,-12.5000,
TRADE,19/03/2012 08:00:00,404.25000,22/03/2012,385.50000,@S,-1,1,937.50,4.7500,1600.0000,-25.0000,
TRADE,22/03/2012 08:00:00,384.00000,26/03/2012,396.25000,@S,1,1,612.50,7.2500,800.0000,-750.0000,
TRADE,26/03/2012 08:00:00,403.75000,29/03/2012,399.50000,@S,-1,1,212.50,10.5000,462.5000,-762.5000,
TRADE,02/04/2012,437.50000,02/04/2012 13:20:00,457.00000,@S,-1,1,-975.00,59.2500,25.0000,-587.5000,
TRADE,05/04/2012,450.50000,09/04/2012 13:20:00,457.25000,@S,1,1,337.50,21.5000,1337.5000,-262.5000,
TRADE,23/04/2012,476.50000,24/04/2012 13:20:00,484.25000,@S,-1,1,-387.50,35.7500,612.5000,-350.0000,
TRADE,26/04/2012,503.50000,27/04/2012 13:20:00,519.50000,@S,1,1,800.00,24.7500,1800.0000,-500.0000,
TRADE,30/04/2012,524.00000,30/04/2012 13:20:00,535.75000,@S,-1,1,-587.50,20.5000,412.5000,-525.0000,
TRADE,07/05/2012,504.00000,09/05/2012 13:20:00,467.00000,@S,-1,1,1850.00,21.7500,2850.0000,-425.0000,
TRADE,17/05/2012,457.50000,18/05/2012,463.50000,@S,1,1,300.00,26.0000,1300.0000,-175.0000,
TRADE,29/05/2012,416.75000,29/05/2012 08:00:00,433.00000,@S,-1,1,-812.50,11.5000,187.5000,-675.0000,
TRADE,29/05/2012 13:20:00,427.75000,31/05/2012,411.00000,@S,-1,1,837.50,13.0000,1487.5000,-400.0000,
TRADE,07/06/2012,419.75000,08/06/2012,443.75000,@S,1,1,1200.00,27.2500,2200.0000,-137.5000,
TRADE,11/06/2012,459.75000,11/06/2012 08:00:00,471.75000,@S,-1,1,-600.00,21.5000,400.0000,-525.0000,
TRADE,11/06/2012 13:20:00,471.00000,12/06/2012 08:00:00,473.75000,@S,-1,1,-137.50,17.2500,862.5000,-25.0000,
TRADE,21/06/2012,476.75000,22/06/2012,470.25000,@S,1,1,-325.00,16.5000,675.0000,-600.0000,
TRADE,28/06/2012,508.75000,28/06/2012 13:20:00,494.75000,@S,1,1,-700.00,20.2500,300.0000,-550.0000,
TRADE,02/07/2012,546.25000,03/07/2012,559.50000,@S,-1,1,-662.50,22.0000,387.5000,-850.0000,
TRADE,16/07/2012,666.50000,16/07/2012 08:00:00,683.50000,@S,-1,1,-850.00,17.2500,150.0000,-850.0000,
TRADE,16/07/2012 13:20:00,681.50000,17/07/2012,696.75000,@S,-1,1,-762.50,9.0000,337.5000,-762.5000,
TRADE,19/07/2012,735.50000,19/07/2012 13:20:00,782.50000,@S,1,1,2350.00,39.0000,3350.0000,-225.0000,
TRADE,23/07/2012,814.50000,23/07/2012 08:00:00,790.00000,@S,-1,1,1225.00,36.2500,3675.0000,-87.5000,
TRADE,23/07/2012 13:20:00,775.25000,24/07/2012,719.75000,@S,-1,1,2775.00,33.5000,3775.0000,-325.0000,
TRADE,26/07/2012,740.75000,26/07/2012 08:00:00,722.75000,@S,1,1,-900.00,28.7500,300.0000,-1100.0000,
TRADE,26/07/2012 13:20:00,738.50000,27/07/2012,707.25000,@S,1,1,-1562.50,27.7500,500.0000,-1562.5000,
TRADE,30/07/2012,762.00000,30/07/2012 08:00:00,781.25000,@S,-1,1,-962.50,25.0000,137.5000,-1325.0000,
TRADE,30/07/2012 13:20:00,789.00000,31/07/2012 08:00:00,791.50000,@S,-1,1,-125.00,17.0000,875.0000,-100.0000,
TRADE,06/08/2012,742.75000,06/08/2012 08:00:00,737.50000,@S,-1,1,262.50,21.5000,1262.5000,-37.5000,
TRADE,06/08/2012 13:20:00,735.00000,07/08/2012 08:00:00,745.00000,@S,-1,1,-500.00,9.0000,500.0000,-350.0000,
TRADE,09/08/2012,721.75000,10/08/2012 08:00:00,781.50000,@S,1,1,2987.50,20.2500,3987.5000,-175.0000,
TRADE,13/08/2012,774.75000,15/08/2012,748.75000,@S,-1,1,1300.00,28.0000,2300.0000,-950.0000,
TRADE,16/08/2012,776.75000,16/08/2012 08:00:00,761.25000,@S,1,1,-775.00,27.7500,225.0000,-762.5000,
TRADE,16/08/2012 13:20:00,781.25000,20/08/2012,787.75000,@S,1,1,325.00,23.7500,325.0000,-950.0000,
TRADE,20/08/2012 08:00:00,791.25000,20/08/2012 13:20:00,810.25000,@S,-1,1,-950.00,10.0000,50.0000,-887.5000,
TRADE,27/08/2012,882.50000,27/08/2012 08:00:00,900.50000,@S,-1,1,-900.00,17.0000,100.0000,-987.5000,
TRADE,27/08/2012 13:20:00,886.00000,28/08/2012 13:20:00,862.75000,@S,-1,1,1162.50,16.7500,2162.5000,-37.5000,
TRADE,30/08/2012,894.75000,31/08/2012,893.00000,@S,1,1,-87.50,27.0000,912.5000,-887.5000,
TRADE,10/09/2012,869.75000,10/09/2012 08:00:00,877.75000,@S,-1,1,-400.00,25.7500,600.0000,-425.0000,
TRADE,10/09/2012 13:20:00,873.50000,12/09/2012 08:00:00,858.50000,@S,-1,1,750.00,12.7500,1750.0000,-462.5000,
TRADE,13/09/2012,887.75000,14/09/2012 13:20:00,887.50000,@S,1,1,-12.50,40.7500,987.5000,-662.5000,
TRADE,17/09/2012,875.00000,18/09/2012 13:20:00,792.25000,@S,-1,1,4137.50,26.0000,5137.5000,-150.0000,
TRADE,20/09/2012,809.75000,20/09/2012 08:00:00,807.75000,@S,1,1,-100.00,21.5000,900.0000,-325.0000,
TRADE,20/09/2012 13:20:00,807.00000,20/09/2012 13:20:00,777.00000,@S,1,1,-1500.00,18.2500,0.0000,-1275.0000,
TRADE,01/10/2012,738.25000,02/10/2012 13:20:00,688.25000,@S,-1,1,2500.00,52.5000,3500.0000,-175.0000,
TRADE,04/10/2012,673.75000,05/10/2012,690.50000,@S,1,1,837.50,38.2500,1837.5000,-50.0000,
TRADE,18/10/2012,650.75000,19/10/2012 13:20:00,677.50000,@S,1,1,1337.50,8.7500,2337.5000,-75.0000,
TRADE,25/10/2012,711.75000,26/10/2012 08:00:00,696.25000,@S,1,1,-775.00,15.7500,225.0000,-750.0000,
TRADE,29/10/2012,700.50000,30/10/2012 13:20:00,685.50000,@S,-1,1,750.00,14.2500,1750.0000,-112.5000,
TRADE,01/11/2012,688.25000,02/11/2012,690.75000,@S,1,1,125.00,22.2500,1125.0000,-50.0000,
TRADE,15/11/2012,559.25000,15/11/2012 13:20:00,547.00000,@S,1,1,-612.50,12.5000,387.5000,-600.0000,
TRADE,23/11/2012 13:20:00,561.25000,26/11/2012,559.00000,@S,1,1,-112.50,18.0000,250.0000,-375.0000,
TRADE,29/11/2012,586.25000,30/11/2012 08:00:00,579.25000,@S,1,1,-350.00,11.2500,650.0000,-337.5000,
TRADE,06/12/2012,617.00000,07/12/2012 13:20:00,617.50000,@S,1,1,25.00,18.0000,1025.0000,-225.0000,
TRADE,13/12/2012,610.50000,17/12/2012,635.25000,@S,1,1,1237.50,17.2500,1287.5000,-312.5000,
TRADE,17/12/2012 08:00:00,643.50000,20/12/2012,577.50000,@S,-1,1,3300.00,14.7500,3525.0000,-225.0000,
TRADE,24/12/2012,571.75000,27/12/2012,562.25000,@S,-1,1,475.00,17.7500,562.5000,-737.5000,
TRADE,10/01/2013,530.75000,11/01/2013,520.00000,@S,1,1,-537.50,12.7500,462.5000,-375.0000,
TRADE,17/01/2013,581.25000,17/01/2013 13:20:00,573.25000,@S,1,1,-400.00,11.5000,600.0000,-500.0000,
TRADE,28/01/2013,591.75000,29/01/2013 08:00:00,600.00000,@S,-1,1,-412.50,16.2500,587.5000,-375.0000,
TRADE,31/01/2013,622.50000,31/01/2013 13:20:00,609.50000,@S,1,1,-650.00,14.2500,350.0000,-612.5000,
TRADE,04/02/2013,629.00000,04/02/2013 13:20:00,640.75000,@S,-1,1,-587.50,15.5000,412.5000,-550.0000,
TRADE,19/02/2013,577.75000,19/02/2013 13:20:00,597.50000,@S,-1,1,-987.50,9.7500,12.5000,-912.5000,
TRADE,21/02/2013,626.00000,22/02/2013 13:20:00,641.75000,@S,1,1,787.50,17.2500,1787.5000,-512.5000,
TRADE,28/02/2013,600.75000,01/03/2013,609.00000,@S,1,1,412.50,18.5000,1412.5000,-275.0000,
TRADE,07/03/2013,626.75000,08/03/2013 13:20:00,626.00000,@S,1,1,-37.50,20.0000,962.5000,-237.5000,
TRADE,21/03/2013,581.75000,25/03/2013,601.75000,@S,1,1,1000.00,11.7500,1412.5000,-50.0000,
TRADE,28/03/2013,616.75000,28/03/2013 13:20:00,601.00000,@S,1,1,-787.50,12.7500,212.5000,-412.5000,
TRADE,15/04/2013,574.25000,16/04/2013 08:00:00,570.25000,@S,-1,1,200.00,13.0000,1200.0000,-337.5000,
TRADE,18/04/2013,581.25000,22/04/2013,585.25000,@S,1,1,200.00,23.7500,1075.0000,-50.0000,
TRADE,29/04/2013,592.50000,29/04/2013 13:20:00,610.00000,@S,-1,1,-875.00,19.5000,125.0000,-800.0000,
TRADE,06/05/2013,595.25000,08/05/2013,598.75000,@S,-1,1,-175.00,24.2500,825.0000,-612.5000,
TRADE,09/05/2013,602.75000,10/05/2013 13:20:00,612.00000,@S,1,1,462.50,22.0000,1462.5000,-162.5000,
TRADE,20/05/2013,658.75000,20/05/2013 13:20:00,675.75000,@S,-1,1,-850.00,25.2500,150.0000,-687.5000,
TRADE,23/05/2013,705.00000,23/05/2013 13:20:00,739.25000,@S,1,1,1712.50,24.2500,2712.5000,-250.0000,
TRADE,03/06/2013,722.00000,03/06/2013 08:00:00,741.50000,@S,-1,1,-975.00,18.0000,25.0000,-912.5000,
TRADE,03/06/2013 13:20:00,746.75000,05/06/2013 13:20:00,750.50000,@S,-1,1,-187.50,20.0000,812.5000,-325.0000,
TRADE,06/06/2013,744.50000,07/06/2013 13:20:00,734.50000,@S,1,1,-500.00,22.0000,500.0000,-637.5000,
TRADE,17/06/2013,720.75000,17/06/2013 13:20:00,722.50000,@S,-1,1,-87.50,15.0000,912.5000,-75.0000,
TRADE,20/06/2013,733.75000,20/06/2013 13:20:00,714.50000,@S,1,1,-962.50,21.7500,37.5000,-937.5000,
TRADE,05/07/2013 13:20:00,709.75000,08/07/2013,684.25000,@S,1,1,-1275.00,9.7500,50.0000,-1275.0000,
TRADE,11/07/2013,745.25000,11/07/2013 13:20:00,732.25000,@S,1,1,-650.00,18.2500,350.0000,-287.5000,
TRADE,22/07/2013,736.75000,22/07/2013 13:20:00,744.50000,@S,-1,1,-387.50,17.7500,612.5000,-375.0000,
TRADE,29/07/2013,682.25000,01/08/2013,662.00000,@S,-1,1,1012.50,16.5000,1437.5000,-250.0000,
TRADE,01/08/2013 08:00:00,666.00000,01/08/2013 13:20:00,650.00000,@S,1,1,-800.00,7.2500,200.0000,-737.5000,
TRADE,15/08/2013,700.25000,19/08/2013,732.00000,@S,1,1,1587.50,20.0000,1587.5000,-87.5000,
TRADE,22/08/2013,759.75000,22/08/2013 13:20:00,744.75000,@S,1,1,-750.00,17.2500,250.0000,-875.0000,
TRADE,26/08/2013,807.25000,26/08/2013,837.25000,@S,-1,1,-1500.00,29.7500,0.0000,-1387.5000,
TRADE,26/08/2013 08:00:00,841.75000,26/08/2013 13:20:00,853.00000,@S,-1,1,-562.50,63.5000,437.5000,-562.5000,
TRADE,29/08/2013,834.25000,29/08/2013 08:00:00,821.50000,@S,1,1,-637.50,13.0000,362.5000,-250.0000,
TRADE,29/08/2013 13:20:00,827.25000,30/08/2013,822.00000,@S,1,1,-262.50,18.7500,737.5000,-87.5000,
TRADE,09/09/2013,841.25000,10/09/2013 13:20:00,819.50000,@S,-1,1,1087.50,22.0000,2087.5000,-100.0000,
TRADE,12/09/2013,817.25000,12/09/2013 13:20:00,804.25000,@S,1,1,-650.00,7.2500,350.0000,-637.5000,
TRADE,19/09/2013,811.75000,19/09/2013 13:20:00,800.50000,@S,1,1,-562.50,14.7500,437.5000,-387.5000,
TRADE,26/09/2013,779.25000,30/09/2013,772.00000,@S,1,1,-362.50,21.5000,387.5000,-437.5000,
TRADE,30/09/2013 08:00:00,771.25000,03/10/2013,732.25000,@S,-1,1,1950.00,11.0000,2425.0000,-250.0000,
TRADE,03/10/2013 08:00:00,738.25000,07/10/2013,751.50000,@S,1,1,662.50,8.7500,950.0000,-37.5000,
TRADE,07/10/2013 08:00:00,757.75000,10/10/2013,745.75000,@S,-1,1,600.00,13.0000,862.5000,-362.5000,
TRADE,17/10/2013,735.50000,21/10/2013,748.25000,@S,1,1,637.50,11.2500,1262.5000,-75.0000,
TRADE,24/10/2013,768.25000,28/10/2013,759.25000,@S,1,1,-450.00,12.0000,450.0000,-487.5000,
TRADE,31/10/2013,736.75000,31/10/2013 13:20:00,730.00000,@S,1,1,-337.50,8.2500,662.5000,-300.0000,
TRADE,07/11/2013,717.00000,08/11/2013 13:20:00,732.50000,@S,1,1,775.00,9.7500,1775.0000,-162.5000,
TRADE,11/11/2013,757.50000,12/11/2013 08:00:00,770.75000,@S,-1,1,-662.50,33.7500,337.5000,-650.0000,
TRADE,14/11/2013,776.50000,15/11/2013 13:20:00,764.00000,@S,1,1,-625.00,9.5000,375.0000,-575.0000,
TRADE,25/11/2013,781.00000,25/11/2013 13:20:00,791.75000,@S,-1,1,-537.50,21.5000,462.5000,-462.5000,
TRADE,02/12/2013,798.25000,04/12/2013 13:20:00,793.75000,@S,-1,1,225.00,20.0000,1225.0000,-512.5000,
TRADE,05/12/2013,790.50000,09/12/2013,787.25000,@S,1,1,-162.50,23.0000,250.0000,-600.0000,
TRADE,12/12/2013,805.50000,12/12/2013 13:20:00,789.50000,@S,1,1,-800.00,11.0000,200.0000,-787.5000,
TRADE,16/12/2013,790.50000,16/12/2013 13:20:00,801.50000,@S,-1,1,-550.00,15.2500,450.0000,-475.0000,
TRADE,23/12/2013,806.00000,07/01/2014 13:20:00,758.50000,@S,-1,1,2375.00,16.5000,3375.0000,-175.0000,
TRADE,13/01/2014,754.75000,13/01/2014 13:20:00,762.50000,@S,-1,1,-387.50,21.5000,612.5000,-337.5000,
TRADE,16/01/2014,792.50000,17/01/2014,786.50000,@S,1,1,-300.00,17.7500,700.0000,-275.0000,
TRADE,21/01/2014,789.00000,23/01/2014,755.75000,@S,-1,1,1662.50,13.0000,2050.0000,-50.0000,
TRADE,23/01/2014 08:00:00,758.00000,23/01/2014 13:20:00,752.75000,@S,1,1,-262.50,3.2500,737.5000,-175.0000,
TRADE,27/01/2014,762.00000,30/01/2014,745.00000,@S,-1,1,850.00,18.2500,1000.0000,-350.0000,
TRADE,03/02/2014,757.75000,03/02/2014 13:20:00,774.50000,@S,-1,1,-837.50,12.5000,162.5000,-812.5000,
TRADE,06/02/2014,791.25000,10/02/2014,803.00000,@S,1,1,587.50,16.2500,962.5000,-25.0000,
TRADE,10/02/2014 08:00:00,807.00000,11/02/2014 13:20:00,808.50000,@S,-1,1,-75.00,5.0000,925.0000,-450.0000,
TRADE,24/02/2014,846.25000,24/02/2014 13:20:00,865.25000,@S,-1,1,-950.00,20.7500,50.0000,-937.5000,
TRADE,27/02/2014,882.75000,27/02/2014 13:20:00,913.25000,@S,1,1,1525.00,15.5000,2525.0000,-162.5000,
TRADE,03/03/2014,906.75000,03/03/2014 08:00:00,919.75000,@S,-1,1,-650.00,31.0000,350.0000,-475.0000,
TRADE,03/03/2014 13:20:00,911.25000,04/03/2014 13:20:00,909.75000,@S,-1,1,75.00,16.7500,1075.0000,-237.5000,
TRADE,10/03/2014,942.25000,12/03/2014 13:20:00,873.25000,@S,-1,1,3450.00,23.0000,4450.0000,-87.5000,
TRADE,20/03/2014,918.25000,20/03/2014 13:20:00,924.25000,@S,1,1,300.00,12.5000,1300.0000,-125.0000,
TRADE,27/03/2014,927.25000,27/03/2014 13:20:00,918.25000,@S,1,1,-450.00,20.7500,550.0000,-437.5000,
TRADE,10/04/2014,982.50000,11/04/2014,962.75000,@S,1,1,-987.50,26.5000,12.5000,-975.0000,
TRADE,17/04/2014,1005.75000,17/04/2014 13:20:00,999.50000,@S,1,1,-312.50,12.5000,687.5000,-287.5000,
TRADE,28/04/2014,988.00000,29/04/2014 13:20:00,1002.25000,@S,-1,1,-712.50,24.0000,287.5000,-825.0000,
TRADE,05/05/2014,967.00000,08/05/2014,938.75000,@S,-1,1,1412.50,14.7500,1687.5000,-350.0000,
TRADE,12/05/2014,978.50000,13/05/2014 13:20:00,972.00000,@S,-1,1,325.00,38.5000,1325.0000,-450.0000,
TRADE,15/05/2014,977.50000,15/05/2014 13:20:00,965.00000,@S,1,1,-625.00,22.5000,375.0000,-525.0000,
TRADE,22/05/2014,996.50000,22/05/2014 13:20:00,1008.25000,@S,1,1,587.50,34.7500,1587.5000,-100.0000,
TRADE,29/05/2014,989.50000,02/06/2014,979.50000,@S,1,1,-500.00,18.2500,537.5000,-500.0000,
TRADE,05/06/2014,974.00000,05/06/2014 13:20:00,958.75000,@S,1,1,-762.50,14.2500,237.5000,-725.0000,
TRADE,16/06/2014,919.25000,18/06/2014 13:20:00,905.00000,@S,-1,1,712.50,11.7500,1712.5000,-387.5000,
TRADE,19/06/2014,901.00000,20/06/2014 13:20:00,894.50000,@S,1,1,-325.00,15.7500,675.0000,-312.5000,
TRADE,26/06/2014,907.25000,27/06/2014 13:20:00,904.50000,@S,1,1,-137.50,8.7500,862.5000,-100.0000,
TRADE,17/07/2014,782.25000,17/07/2014 13:20:00,777.00000,@S,1,1,-262.50,13.2500,737.5000,-512.5000,
TRADE,24/07/2014,753.75000,24/07/2014 13:20:00,765.50000,@S,1,1,587.50,19.0000,1587.5000,-12.5000,
TRADE,07/08/2014,757.75000,11/08/2014,758.50000,@S,1,1,37.50,21.5000,275.0000,-425.0000,
TRADE,11/08/2014 08:00:00,764.00000,12/08/2014 13:20:00,741.25000,@S,-1,1,1137.50,9.5000,2137.5000,-175.0000,
TRADE,25/08/2014,713.50000,28/08/2014,701.75000,@S,-1,1,587.50,9.2500,775.0000,-87.5000,
TRADE,08/09/2014,699.00000,11/09/2014,670.25000,@S,-1,1,1437.50,17.7500,1537.5000,-362.5000,
TRADE,11/09/2014 08:00:00,667.25000,11/09/2014 13:20:00,653.25000,@S,1,1,-700.00,5.0000,300.0000,-137.5000,
TRADE,15/09/2014,655.00000,15/09/2014 13:20:00,672.50000,@S,-1,1,-875.00,8.7500,125.0000,-862.5000,
TRADE,18/09/2014,660.75000,19/09/2014,644.75000,@S,1,1,-800.00,8.2500,200.0000,-787.5000,
TRADE,25/09/2014,614.25000,26/09/2014,600.00000,@S,1,1,-712.50,7.0000,287.5000,-700.0000,
TRADE,02/10/2014,593.50000,06/10/2014,592.25000,@S,1,1,-62.50,15.7500,625.0000,-237.5000,
TRADE,30/10/2014,719.75000,30/10/2014 08:00:00,710.50000,@S,1,1,-462.50,30.7500,537.5000,-425.0000,
TRADE,30/10/2014 13:20:00,712.00000,31/10/2014 08:00:00,697.50000,@S,1,1,-725.00,16.2500,275.0000,-625.0000,
TRADE,03/11/2014,715.25000,05/11/2014 13:20:00,686.50000,@S,-1,1,1437.50,37.5000,2437.5000,-187.5000,
TRADE,06/11/2014,690.25000,07/11/2014 13:20:00,691.75000,@S,1,1,75.00,24.5000,1075.0000,-375.0000,
TRADE,10/11/2014,706.75000,10/11/2014 13:20:00,725.25000,@S,-1,1,-925.00,19.7500,75.0000,-900.0000,
TRADE,24/11/2014,707.50000,25/11/2014 13:20:00,718.00000,@S,-1,1,-525.00,22.2500,475.0000,-512.5000,
TRADE,04/12/2014,669.75000,08/12/2014,706.25000,@S,1,1,1825.00,15.7500,2112.5000,-350.0000,
TRADE,08/12/2014 08:00:00,709.00000,08/12/2014 13:20:00,721.25000,@S,-1,1,-612.50,5.2500,387.5000,-550.0000,
TRADE,15/12/2014,721.25000,18/12/2014,698.25000,@S,-1,1,1150.00,22.5000,1750.0000,-250.0000,
TRADE,18/12/2014 08:00:00,699.00000,22/12/2014,700.25000,@S,1,1,62.50,4.5000,612.5000,-262.5000,
TRADE,29/12/2014,717.75000,02/01/2015 13:20:00,686.25000,@S,-1,1,1575.00,20.0000,1575.0000,-762.5000,
TRADE,08/01/2015,719.50000,12/01/2015,714.25000,@S,1,1,-262.50,12.2500,362.5000,-537.5000,
TRADE,12/01/2015 08:00:00,716.75000,12/01/2015 13:20:00,724.75000,@S,-1,1,-400.00,4.7500,600.0000,-300.0000,
TRADE,15/01/2015,679.25000,15/01/2015 13:20:00,664.50000,@S,1,1,-737.50,18.7500,262.5000,-725.0000,
TRADE,12/02/2015,642.00000,17/02/2015,656.75000,@S,1,1,737.50,14.2500,1025.0000,-187.5000,
TRADE,17/02/2015 08:00:00,658.50000,19/02/2015,660.00000,@S,-1,1,-75.00,8.2500,150.0000,-925.0000,
TRADE,02/03/2015,692.00000,05/03/2015,657.25000,@S,-1,1,1737.50,15.0000,1850.0000,-450.0000,
TRADE,09/03/2015,647.25000,12/03/2015,654.00000,@S,-1,1,-337.50,9.0000,175.0000,-687.5000,
TRADE,12/03/2015 08:00:00,656.75000,13/03/2015 13:20:00,639.50000,@S,1,1,-862.50,5.2500,137.5000,-837.5000,
TRADE,19/03/2015,631.25000,19/03/2015 13:20:00,622.25000,@S,1,1,-450.00,11.5000,550.0000,-412.5000,
TRADE,23/03/2015,636.50000,26/03/2015,639.00000,@S,-1,1,-125.00,17.5000,62.5000,-775.0000,
TRADE,02/04/2015,650.00000,07/04/2015 13:20:00,635.00000,@S,1,1,-750.00,17.5000,250.0000,-687.5000,
TRADE,09/04/2015,633.25000,09/04/2015 13:20:00,614.00000,@S,1,1,-962.50,6.5000,37.5000,-800.0000,
TRADE,16/04/2015,626.00000,20/04/2015,630.00000,@S,1,1,200.00,15.7500,425.0000,-425.0000,
TRADE,20/04/2015 08:00:00,636.25000,23/04/2015,633.25000,@S,-1,1,150.00,8.2500,450.0000,-337.5000,
TRADE,30/04/2015,649.75000,30/04/2015 13:20:00,637.00000,@S,1,1,-637.50,16.2500,362.5000,-450.0000,
TRADE,11/05/2015,638.00000,14/05/2015,619.50000,@S,-1,1,925.00,9.2500,1087.5000,-300.0000,
TRADE,14/05/2015 08:00:00,617.25000,18/05/2015,615.25000,@S,1,1,-100.00,4.2500,350.0000,-250.0000,
TRADE,28/05/2015,589.00000,01/06/2015,593.00000,@S,1,1,200.00,9.7500,525.0000,-250.0000,
TRADE,01/06/2015 08:00:00,585.25000,02/06/2015 13:20:00,603.50000,@S,-1,1,-912.50,11.7500,87.5000,-837.5000,
TRADE,15/06/2015,602.00000,16/06/2015 13:20:00,612.25000,@S,-1,1,-512.50,10.0000,487.5000,-500.0000,
TRADE,18/06/2015,629.00000,22/06/2015,634.50000,@S,1,1,275.00,11.7500,737.5000,-250.0000,
TRADE,29/06/2015,667.25000,30/06/2015 13:20:00,675.75000,@S,-1,1,-425.00,20.0000,575.0000,-550.0000,
TRADE,13/07/2015,704.50000,13/07/2015 13:20:00,716.00000,@S,-1,1,-575.00,26.2500,425.0000,-525.0000,
TRADE,06/08/2015,637.50000,10/08/2015,651.50000,@S,1,1,700.00,7.0000,700.0000,-650.0000,
TRADE,10/08/2015 08:00:00,656.00000,10/08/2015 13:20:00,673.75000,@S,-1,1,-887.50,9.7500,112.5000,-812.5000,
TRADE,31/08/2015,568.25000,03/09/2015,559.25000,@S,-1,1,450.00,12.5000,937.5000,-237.5000,
TRADE,24/09/2015,547.50000,28/09/2015,572.50000,@S,1,1,1250.00,7.2500,1350.0000,-250.0000,
TRADE,28/09/2015 08:00:00,569.25000,30/09/2015 13:20:00,578.00000,@S,-1,1,-437.50,10.5000,562.5000,-387.5000,
TRADE,01/10/2015,576.00000,01/10/2015 13:20:00,563.75000,@S,1,1,-612.50,21.0000,387.5000,-525.0000,
TRADE,08/10/2015,574.50000,09/10/2015 13:20:00,556.25000,@S,1,1,-912.50,10.2500,87.5000,-875.0000,
TRADE,12/10/2015,570.00000,13/10/2015 13:20:00,590.00000,@S,-1,1,-1000.00,25.5000,0.0000,-925.0000,
TRADE,22/10/2015,589.50000,23/10/2015 13:20:00,577.50000,@S,1,1,-600.00,9.7500,400.0000,-587.5000,
TRADE,02/11/2015,572.50000,05/11/2015,568.50000,@S,-1,1,200.00,6.2500,600.0000,-175.0000,
TRADE,05/11/2015 08:00:00,566.25000,05/11/2015 13:20:00,549.75000,@S,1,1,-825.00,4.2500,175.0000,-812.5000,
TRADE,09/11/2015,552.50000,12/11/2015,544.75000,@S,-1,1,387.50,9.7500,875.0000,-225.0000,
TRADE,12/11/2015 08:00:00,545.25000,16/11/2015,539.25000,@S,1,1,-300.00,2.5000,250.0000,-300.0000,
TRADE,27/11/2015 13:20:00,559.25000,30/11/2015,558.00000,@S,1,1,-62.50,14.2500,175.0000,-162.5000,
TRADE,03/12/2015,576.00000,07/12/2015,591.00000,@S,1,1,750.00,9.7500,800.0000,-300.0000,
TRADE,07/12/2015 08:00:00,589.75000,10/12/2015,562.00000,@S,-1,1,1387.50,5.5000,1750.0000,-187.5000,
TRADE,10/12/2015 08:00:00,560.75000,14/12/2015,555.75000,@S,1,1,-250.00,2.7500,537.5000,-287.5000,
TRADE,21/12/2015,577.00000,24/12/2015,567.75000,@S,-1,1,462.50,14.5000,550.0000,-212.5000,
TRADE,31/12/2015,557.50000,06/01/2016 08:00:00,541.75000,@S,1,1,-787.50,9.5000,212.5000,-775.0000,
TRADE,07/01/2016,553.25000,11/01/2016,554.25000,@S,1,1,50.00,16.0000,325.0000,-312.5000,
TRADE,14/01/2016,567.75000,19/01/2016,569.75000,@S,1,1,100.00,6.5000,275.0000,-400.0000,
TRADE,28/01/2016,571.25000,01/02/2016,571.75000,@S,1,1,25.00,7.7500,87.5000,-775.0000,
TRADE,01/02/2016 08:00:00,569.50000,04/02/2016,566.75000,@S,-1,1,137.50,4.2500,325.0000,-437.5000,
TRADE,18/02/2016,571.00000,22/02/2016,570.50000,@S,1,1,-25.00,7.5000,25.0000,-225.0000,
TRADE,22/02/2016 08:00:00,571.75000,25/02/2016,556.00000,@S,-1,1,787.50,3.7500,925.0000,-225.0000,
TRADE,03/03/2016,545.00000,07/03/2016,565.25000,@S,1,1,1012.50,8.7500,1012.5000,-175.0000,
TRADE,07/03/2016 08:00:00,567.00000,10/03/2016,569.00000,@S,-1,1,-100.00,8.0000,387.5000,-250.0000,
TRADE,10/03/2016 08:00:00,569.50000,14/03/2016,576.50000,@S,1,1,350.00,3.2500,562.5000,-212.5000,
TRADE,14/03/2016 08:00:00,579.50000,17/03/2016,579.00000,@S,-1,1,25.00,4.2500,475.0000,-75.0000,
TRADE,17/03/2016 08:00:00,581.75000,21/03/2016,579.00000,@S,1,1,-137.50,5.2500,350.0000,-212.5000,
TRADE,04/04/2016,602.50000,07/04/2016,592.00000,@S,-1,1,525.00,9.5000,875.0000,-187.5000,
TRADE,07/04/2016 08:00:00,592.50000,11/04/2016,600.25000,@S,1,1,387.50,1.5000,425.0000,-275.0000,
TRADE,11/04/2016 08:00:00,606.25000,12/04/2016 13:20:00,622.75000,@S,-1,1,-825.00,8.2500,175.0000,-775.0000,
TRADE,14/04/2016,639.25000,18/04/2016,639.00000,@S,1,1,-12.50,15.2500,212.5000,-487.5000,
TRADE,18/04/2016 08:00:00,645.00000,19/04/2016 13:20:00,656.50000,@S,-1,1,-575.00,14.2500,425.0000,-425.0000,
TRADE,21/04/2016,691.75000,21/04/2016 13:20:00,698.75000,@S,1,1,350.00,36.5000,1350.0000,-75.0000,
TRADE,02/05/2016,704.25000,02/05/2016 13:20:00,715.00000,@S,-1,1,-537.50,16.2500,462.5000,-437.5000,
TRADE,05/05/2016,709.00000,05/05/2016 13:20:00,702.00000,@S,1,1,-350.00,21.7500,650.0000,-287.5000,
TRADE,09/05/2016,711.00000,10/05/2016 13:20:00,713.50000,@S,-1,1,-125.00,26.2500,875.0000,-375.0000,
TRADE,23/05/2016,748.75000,24/05/2016 13:20:00,738.00000,@S,-1,1,537.50,24.2500,1537.5000,-237.5000,
TRADE,26/05/2016,759.25000,26/05/2016 13:20:00,752.50000,@S,1,1,-337.50,24.2500,662.5000,-200.0000,
TRADE,31/05/2016,760.50000,01/06/2016 13:20:00,762.50000,@S,-1,1,-100.00,19.0000,900.0000,-500.0000,
TRADE,02/06/2016,775.75000,03/06/2016 13:20:00,823.50000,@S,1,1,2387.50,33.2500,3387.5000,-25.0000,
TRADE,09/06/2016,851.50000,10/06/2016 13:20:00,863.00000,@S,1,1,575.00,32.7500,1575.0000,-537.5000,
TRADE,13/06/2016,866.25000,14/06/2016 13:20:00,847.25000,@S,-1,1,950.00,39.7500,1950.0000,-350.0000,
TRADE,20/06/2016,828.00000,22/06/2016 13:20:00,820.50000,@S,-1,1,375.00,14.0000,1375.0000,-162.5000,
TRADE,23/06/2016,813.50000,23/06/2016 13:20:00,797.50000,@S,1,1,-800.00,16.0000,200.0000,-762.5000,
TRADE,11/07/2016,774.75000,12/07/2016 13:20:00,773.50000,@S,-1,1,62.50,20.0000,1062.5000,-262.5000,
TRADE,14/07/2016,808.75000,14/07/2016 13:20:00,805.75000,@S,1,1,-150.00,17.5000,850.0000,-187.5000,
TRADE,28/07/2016,691.00000,28/07/2016 13:20:00,679.75000,@S,1,1,-562.50,11.5000,437.5000,-537.5000,
TRADE,01/08/2016,695.50000,03/08/2016 08:00:00,665.75000,@S,-1,1,1487.50,31.0000,2487.5000,-362.5000,
TRADE,04/08/2016,657.75000,08/08/2016,682.25000,@S,1,1,1225.00,14.2500,1237.5000,-225.0000,
TRADE,08/08/2016 08:00:00,684.50000,09/08/2016 13:20:00,693.25000,@S,-1,1,-437.50,14.0000,562.5000,-387.5000,
TRADE,18/08/2016,718.75000,18/08/2016 13:20:00,700.25000,@S,1,1,-925.00,11.0000,75.0000,-737.5000,
TRADE,06/09/2016,655.25000,07/09/2016 08:00:00,669.25000,@S,-1,1,-700.00,8.5000,300.0000,-662.5000,
TRADE,08/09/2016,679.25000,12/09/2016,680.75000,@S,1,1,75.00,9.2500,362.5000,-312.5000,
TRADE,12/09/2016 08:00:00,674.75000,15/09/2016,645.75000,@S,-1,1,1450.00,9.2500,1575.0000,-900.0000,
TRADE,19/09/2016,673.25000,20/09/2016 13:20:00,689.00000,@S,-1,1,-787.50,22.7500,212.5000,-725.0000,
TRADE,03/10/2016,655.25000,03/10/2016 13:20:00,669.25000,@S,-1,1,-700.00,15.5000,300.0000,-687.5000,
TRADE,17/10/2016,664.50000,18/10/2016 08:00:00,683.75000,@S,-1,1,-962.50,13.5000,37.5000,-937.5000,
TRADE,20/10/2016,684.00000,24/10/2016,685.50000,@S,1,1,75.00,10.2500,425.0000,-400.0000,
TRADE,24/10/2016 08:00:00,689.75000,26/10/2016 13:20:00,704.00000,@S,-1,1,-712.50,7.7500,287.5000,-700.0000,
TRADE,27/10/2016,711.00000,28/10/2016 13:20:00,702.75000,@S,1,1,-412.50,17.2500,587.5000,-400.0000,
TRADE,07/11/2016,682.75000,08/11/2016 08:00:00,701.75000,@S,-1,1,-950.00,10.2500,50.0000,-900.0000,
TRADE,21/11/2016,687.25000,21/11/2016 13:20:00,707.25000,@S,-1,1,-1000.00,10.7500,0.0000,-950.0000,
TRADE,25/11/2016 13:20:00,723.75000,28/11/2016,735.00000,@S,1,1,562.50,18.5000,737.5000,-125.0000,
TRADE,28/11/2016 08:00:00,753.00000,01/12/2016,725.25000,@S,-1,1,1387.50,19.0000,1500.0000,-187.5000,
TRADE,08/12/2016,740.75000,08/12/2016 13:20:00,720.75000,@S,1,1,-1000.00,13.2500,0.0000,-950.0000,
TRADE,12/12/2016,733.50000,15/12/2016,715.25000,@S,-1,1,912.50,15.2500,1050.0000,-287.5000,
TRADE,19/12/2016,725.75000,22/12/2016,699.50000,@S,-1,1,1312.50,15.0000,1500.0000,-250.0000,
TRADE,22/12/2016 08:00:00,697.00000,27/12/2016,681.50000,@S,1,1,-775.00,4.7500,50.0000,-875.0000,
TRADE,05/01/2017,696.50000,06/01/2017 13:20:00,678.25000,@S,1,1,-912.50,18.2500,87.5000,-887.5000,
TRADE,17/01/2017,736.25000,17/01/2017 13:20:00,754.25000,@S,-1,1,-900.00,20.2500,100.0000,-825.0000,
TRADE,19/01/2017,755.25000,23/01/2017,749.75000,@S,1,1,-275.00,16.5000,212.5000,-650.0000,
TRADE,30/01/2017,726.25000,01/02/2017 13:20:00,719.25000,@S,-1,1,350.00,7.2500,1350.0000,-12.5000,
TRADE,02/02/2017,719.50000,06/02/2017,709.25000,@S,1,1,-512.50,15.5000,350.0000,-550.0000,
TRADE,09/02/2017,739.25000,13/02/2017,741.50000,@S,1,1,112.50,12.0000,325.0000,-600.0000,
TRADE,13/02/2017 08:00:00,733.50000,15/02/2017 13:20:00,742.50000,@S,-1,1,-450.00,10.2500,550.0000,-525.0000,
TRADE,16/02/2017,742.50000,16/02/2017 13:20:00,725.00000,@S,1,1,-875.00,21.2500,125.0000,-800.0000,
TRADE,27/02/2017,697.50000,28/02/2017 13:20:00,708.25000,@S,-1,1,-537.50,6.7500,462.5000,-487.5000,
TRADE,02/03/2017,721.25000,03/03/2017 13:20:00,702.25000,@S,1,1,-950.00,14.7500,50.0000,-900.0000,
TRADE,06/04/2017,615.25000,10/04/2017,615.50000,@S,1,1,12.50,5.7500,125.0000,-325.0000,
TRADE,10/04/2017 08:00:00,616.50000,12/04/2017 13:20:00,621.00000,@S,-1,1,-225.00,6.2500,775.0000,-212.5000,
TRADE,13/04/2017,618.50000,18/04/2017 13:20:00,613.25000,@S,1,1,-262.50,7.0000,737.5000,-237.5000,
TRADE,20/04/2017,621.25000,24/04/2017,622.75000,@S,1,1,75.00,6.0000,287.5000,-262.5000,
TRADE,24/04/2017 08:00:00,628.00000,27/04/2017,617.25000,@S,-1,1,537.50,7.0000,600.0000,-275.0000,
TRADE,04/05/2017,636.75000,08/05/2017,630.50000,@S,1,1,-312.50,10.0000,350.0000,-412.5000,
TRADE,18/05/2017,633.25000,18/05/2017 13:20:00,613.25000,@S,1,1,-1000.00,6.5000,0.0000,-950.0000,
TRADE,22/05/2017,613.75000,25/05/2017,608.50000,@S,-1,1,262.50,6.0000,500.0000,-400.0000,
TRADE,01/06/2017,576.75000,05/06/2017,585.25000,@S,1,1,425.00,8.7500,425.0000,-262.5000,
TRADE,05/06/2017 08:00:00,584.25000,08/06/2017,591.75000,@S,-1,1,-375.00,6.0000,287.5000,-550.0000,
TRADE,08/06/2017 08:00:00,596.75000,12/06/2017,602.75000,@S,1,1,300.00,5.7500,437.5000,-162.5000,
TRADE,12/06/2017 08:00:00,599.75000,15/06/2017,592.50000,@S,-1,1,362.50,5.5000,437.5000,-137.5000,
TRADE,19/06/2017,597.25000,22/06/2017,580.00000,@S,-1,1,862.50,8.5000,975.0000,-550.0000,
TRADE,29/06/2017,576.25000,03/07/2017,618.00000,@S,1,1,2087.50,6.5000,2087.5000,-12.5000,
TRADE,03/07/2017 08:00:00,625.25000,03/07/2017 13:20:00,645.25000,@S,-1,1,-1000.00,25.5000,0.0000,-950.0000,
TRADE,06/07/2017,650.50000,10/07/2017,680.25000,@S,1,1,1487.50,16.5000,1487.5000,-550.0000,
TRADE,10/07/2017 08:00:00,688.75000,11/07/2017 13:20:00,696.75000,@S,-1,1,-400.00,24.5000,600.0000,-637.5000,
TRADE,17/07/2017,656.50000,18/07/2017 08:00:00,668.25000,@S,-1,1,-587.50,11.7500,412.5000,-550.0000,
TRADE,20/07/2017,666.50000,24/07/2017,667.75000,@S,1,1,62.50,12.2500,962.5000,-187.5000,
TRADE,27/07/2017,657.50000,31/07/2017,657.50000,@S,1,1,0.00,18.0000,837.5000,-212.5000,
TRADE,31/07/2017 08:00:00,653.25000,03/08/2017,630.25000,@S,-1,1,1150.00,18.2500,1450.0000,-537.5000,
TRADE,03/08/2017 08:00:00,627.00000,07/08/2017,617.00000,@S,1,1,-500.00,4.5000,12.5000,-850.0000,
TRADE,14/08/2017,592.25000,17/08/2017,581.75000,@S,-1,1,525.00,6.2500,837.5000,-162.5000,
TRADE,17/08/2017 08:00:00,583.50000,21/08/2017,589.75000,@S,1,1,312.50,5.0000,500.0000,-162.5000,
TRADE,21/08/2017 08:00:00,589.25000,24/08/2017,591.75000,@S,-1,1,-125.00,6.5000,187.5000,-612.5000,
TRADE,05/09/2017,608.25000,05/09/2017 13:20:00,626.75000,@S,-1,1,-925.00,9.0000,75.0000,-887.5000,
TRADE,07/09/2017,625.50000,11/09/2017,618.50000,@S,1,1,-350.00,10.2500,325.0000,-475.0000,
TRADE,14/09/2017,615.50000,18/09/2017,620.75000,@S,1,1,262.50,10.5000,862.5000,-37.5000,
TRADE,21/09/2017,624.00000,25/09/2017,638.00000,@S,1,1,700.00,6.7500,875.0000,-325.0000,
TRADE,25/09/2017 08:00:00,634.00000,28/09/2017,619.75000,@S,-1,1,712.50,6.2500,1075.0000,-100.0000,
TRADE,28/09/2017 08:00:00,615.25000,02/10/2017,622.00000,@S,1,1,337.50,6.0000,762.5000,-275.0000,
TRADE,02/10/2017 08:00:00,621.00000,05/10/2017,612.75000,@S,-1,1,412.50,2.7500,700.0000,-75.0000,
TRADE,05/10/2017 08:00:00,618.50000,09/10/2017,629.00000,@S,1,1,525.00,6.2500,525.0000,-125.0000,
TRADE,09/10/2017 08:00:00,626.75000,12/10/2017,619.50000,@S,-1,1,362.50,6.0000,437.5000,-175.0000,
TRADE,12/10/2017 08:00:00,622.75000,16/10/2017,652.50000,@S,1,1,1487.50,5.5000,1750.0000,-462.5000,
TRADE,16/10/2017 08:00:00,649.75000,19/10/2017,638.25000,@S,-1,1,575.00,5.7500,675.0000,-150.0000,
TRADE,30/10/2017,629.75000,02/11/2017,633.50000,@S,-1,1,-187.50,7.0000,225.0000,-425.0000,
TRADE,02/11/2017 08:00:00,640.25000,06/11/2017,630.50000,@S,1,1,-487.50,8.0000,175.0000,-562.5000,
TRADE,09/11/2017,641.50000,09/11/2017 13:20:00,631.50000,@S,1,1,-500.00,4.7500,500.0000,-400.0000,
TRADE,13/11/2017,630.25000,16/11/2017,619.75000,@S,-1,1,525.00,7.0000,1000.0000,-162.5000,
TRADE,16/11/2017 08:00:00,621.00000,20/11/2017,633.25000,@S,1,1,612.50,2.2500,712.5000,-375.0000,
TRADE,20/11/2017 08:00:00,634.25000,24/11/2017 13:20:00,638.25000,@S,-1,1,-200.00,3.2500,400.0000,-425.0000,
TRADE,04/12/2017,641.50000,07/12/2017,646.75000,@S,-1,1,-262.50,7.2500,162.5000,-837.5000,
TRADE,14/12/2017,622.75000,18/12/2017,613.75000,@S,1,1,-450.00,4.5000,75.0000,-775.0000,
TRADE,18/12/2017 08:00:00,612.75000,21/12/2017,596.75000,@S,-1,1,800.00,3.2500,837.5000,-50.0000,
TRADE,26/12/2017 13:20:00,595.50000,28/12/2017,598.75000,@S,-1,1,-162.50,4.5000,0.0000,-625.0000,
TRADE,02/01/2018 13:20:00,599.50000,04/01/2018,600.50000,@S,-1,1,-50.00,8.5000,437.5000,-125.0000,
TRADE,04/01/2018 08:00:00,599.75000,08/01/2018,601.75000,@S,1,1,100.00,2.0000,462.5000,-425.0000,
TRADE,08/01/2018 08:00:00,598.75000,11/01/2018,586.00000,@S,-1,1,637.50,5.7500,750.0000,-212.5000,
TRADE,16/01/2018,597.00000,18/01/2018,600.75000,@S,-1,1,-187.50,18.2500,187.5000,-250.0000,
TRADE,18/01/2018 08:00:00,600.25000,22/01/2018,612.50000,@S,1,1,612.50,1.2500,725.0000,-87.5000,
TRADE,22/01/2018 08:00:00,614.50000,25/01/2018,624.00000,@S,-1,1,-475.00,9.0000,150.0000,-612.5000,
TRADE,25/01/2018 08:00:00,626.75000,29/01/2018,624.25000,@S,1,1,-125.00,4.7500,362.5000,-550.0000,
TRADE,15/02/2018,648.50000,20/02/2018,663.50000,@S,1,1,750.00,12.2500,750.0000,-225.0000,
TRADE,22/02/2018,666.00000,26/02/2018,674.75000,@S,1,1,437.50,12.0000,437.5000,-337.5000,
TRADE,26/02/2018 08:00:00,674.75000,01/03/2018,674.50000,@S,-1,1,12.50,6.7500,512.5000,-275.0000,
TRADE,01/03/2018 08:00:00,679.00000,05/03/2018,695.00000,@S,1,1,800.00,8.5000,1212.5000,-300.0000,
TRADE,05/03/2018 08:00:00,691.75000,08/03/2018,683.75000,@S,-1,1,400.00,9.5000,400.0000,-412.5000,
TRADE,19/03/2018,666.00000,22/03/2018,652.75000,@S,-1,1,662.50,9.0000,1175.0000,-12.5000,
TRADE,22/03/2018 08:00:00,654.00000,23/03/2018 08:00:00,635.00000,@S,1,1,-950.00,5.7500,50.0000,-850.0000,
TRADE,26/03/2018,647.00000,29/03/2018,640.25000,@S,-1,1,337.50,22.7500,562.5000,-700.0000,
TRADE,09/04/2018,659.00000,10/04/2018 13:20:00,678.25000,@S,-1,1,-962.50,18.2500,37.5000,-925.0000,
TRADE,26/04/2018,648.00000,30/04/2018,666.25000,@S,1,1,912.50,8.7500,950.0000,-425.0000,
TRADE,30/04/2018 08:00:00,674.00000,03/05/2018,652.00000,@S,-1,1,1100.00,8.7500,1287.5000,-125.0000,
TRADE,21/05/2018,626.50000,22/05/2018 08:00:00,640.50000,@S,-1,1,-700.00,9.7500,300.0000,-675.0000,
TRADE,24/05/2018,648.75000,29/05/2018,654.25000,@S,1,1,275.00,9.0000,550.0000,-212.5000,
TRADE,29/05/2018 08:00:00,657.50000,31/05/2018,632.00000,@S,-1,1,1275.00,6.7500,1687.5000,-50.0000,
TRADE,04/06/2018,622.25000,07/06/2018,604.00000,@S,-1,1,912.50,11.5000,975.0000,-62.5000,
TRADE,25/06/2018,505.50000,28/06/2018,475.75000,@S,-1,1,1487.50,16.2500,1700.0000,-125.0000,
TRADE,09/07/2018,481.25000,12/07/2018,439.75000,@S,-1,1,2075.00,41.2500,2262.5000,-225.0000,
TRADE,19/07/2018,446.25000,23/07/2018,457.25000,@S,1,1,550.00,11.5000,562.5000,-287.5000,
TRADE,23/07/2018 08:00:00,454.50000,24/07/2018 13:20:00,465.75000,@S,-1,1,-562.50,4.7500,437.5000,-550.0000,
TRADE,26/07/2018,473.75000,26/07/2018 13:20:00,464.75000,@S,1,1,-450.00,8.0000,550.0000,-362.5000,
TRADE,30/07/2018,483.00000,31/07/2018 13:20:00,494.75000,@S,-1,1,-587.50,9.5000,412.5000,-537.5000,
TRADE,06/08/2018,489.75000,07/08/2018 13:20:00,496.25000,@S,-1,1,-325.00,19.7500,675.0000,-237.5000,
TRADE,09/08/2018,499.25000,10/08/2018 13:20:00,483.25000,@S,1,1,-800.00,9.0000,200.0000,-775.0000,
TRADE,20/08/2018,489.00000,23/08/2018,458.00000,@S,-1,1,1550.00,16.0000,1562.5000,-337.5000,
TRADE,27/08/2018,440.25000,30/08/2018,424.25000,@S,-1,1,800.00,7.0000,975.0000,-100.0000,
TRADE,30/08/2018 08:00:00,431.00000,04/09/2018,434.25000,@S,1,1,162.50,9.5000,225.0000,-675.0000,
TRADE,04/09/2018 08:00:00,431.00000,06/09/2018,427.00000,@S,-1,1,200.00,6.0000,275.0000,-462.5000,
TRADE,10/09/2018,430.50000,12/09/2018 13:20:00,430.00000,@S,-1,1,25.00,11.2500,1025.0000,-475.0000,
TRADE,13/09/2018,427.50000,17/09/2018,416.25000,@S,1,1,-562.50,23.7500,375.0000,-562.5000,
TRADE,20/09/2018,418.75000,24/09/2018,432.75000,@S,1,1,700.00,16.5000,1250.0000,-237.5000,
TRADE,24/09/2018 08:00:00,430.00000,25/09/2018 13:20:00,446.00000,@S,-1,1,-800.00,10.7500,200.0000,-775.0000,
TRADE,27/09/2018,437.00000,01/10/2018,434.25000,@S,1,1,-137.50,7.7500,550.0000,-312.5000,
TRADE,08/10/2018,458.75000,11/10/2018,440.75000,@S,-1,1,900.00,18.7500,1137.5000,-237.5000,
TRADE,15/10/2018,455.75000,15/10/2018 13:20:00,472.25000,@S,-1,1,-825.00,7.5000,175.0000,-687.5000,
TRADE,18/10/2018,471.00000,18/10/2018 13:20:00,452.50000,@S,1,1,-925.00,7.7500,75.0000,-900.0000,
TRADE,29/10/2018,434.00000,01/11/2018,426.25000,@S,-1,1,387.50,5.0000,675.0000,-375.0000,
TRADE,01/11/2018 08:00:00,423.25000,02/11/2018 13:20:00,456.75000,@S,1,1,1675.00,6.0000,2675.0000,-25.0000,
TRADE,05/11/2018,465.00000,08/11/2018,455.25000,@S,-1,1,487.50,10.0000,612.5000,-200.0000,
TRADE,12/11/2018,461.50000,15/11/2018,460.25000,@S,-1,1,62.50,12.5000,412.5000,-262.5000,
TRADE,15/11/2018 08:00:00,463.75000,19/11/2018,468.00000,@S,1,1,212.50,6.5000,487.5000,-300.0000,
TRADE,19/11/2018 08:00:00,464.75000,23/11/2018 13:20:00,457.25000,@S,-1,1,375.00,5.0000,912.5000,-137.5000,
TRADE,29/11/2018,466.00000,03/12/2018,495.75000,@S,1,1,1487.50,15.0000,1487.5000,-375.0000,
TRADE,03/12/2018 08:00:00,486.25000,06/12/2018,487.50000,@S,-1,1,-62.50,30.5000,537.5000,-325.0000,
TRADE,06/12/2018 08:00:00,484.50000,10/12/2018,488.00000,@S,1,1,175.00,7.0000,475.0000,-575.0000,
TRADE,10/12/2018 08:00:00,486.50000,12/12/2018 13:20:00,502.00000,@S,-1,1,-775.00,6.7500,225.0000,-750.0000,
TRADE,13/12/2018,494.75000,14/12/2018 13:20:00,476.00000,@S,1,1,-937.50,12.2500,62.5000,-925.0000,
TRADE,31/12/2018,461.50000,03/01/2019,469.00000,@S,-1,1,-375.00,14.2500,325.0000,-600.0000,
TRADE,03/01/2019 08:00:00,469.25000,07/01/2019,484.00000,@S,1,1,737.50,3.0000,812.5000,-100.0000,
TRADE,07/01/2019 08:00:00,486.00000,10/01/2019,486.25000,@S,-1,1,-12.50,5.2500,425.0000,-237.5000,
TRADE,10/01/2019 08:00:00,486.50000,14/01/2019,473.00000,@S,1,1,-675.00,4.2500,25.0000,-887.5000,
TRADE,14/01/2019 08:00:00,471.25000,17/01/2019,458.50000,@S,-1,1,637.50,4.2500,850.0000,0.0000,
TRADE,22/01/2019,479.50000,24/01/2019,478.00000,@S,-1,1,75.00,13.5000,850.0000,-150.0000,
TRADE,24/01/2019 08:00:00,479.50000,28/01/2019,486.50000,@S,1,1,350.00,4.5000,487.5000,-362.5000,
TRADE,28/01/2019 08:00:00,486.50000,31/01/2019,482.50000,@S,-1,1,200.00,3.5000,387.5000,-37.5000,
TRADE,31/01/2019 08:00:00,485.25000,04/02/2019,480.00000,@S,1,1,-262.50,3.2500,450.0000,-450.0000,
TRADE,07/02/2019,482.50000,11/02/2019,477.75000,@S,1,1,-237.50,5.0000,100.0000,-575.0000,
TRADE,11/02/2019 08:00:00,480.50000,14/02/2019,478.75000,@S,-1,1,87.50,4.2500,700.0000,-125.0000,
TRADE,14/02/2019 08:00:00,480.25000,19/02/2019,470.25000,@S,1,1,-500.00,3.0000,50.0000,-800.0000,
TRADE,19/02/2019 08:00:00,472.75000,21/02/2019,465.75000,@S,-1,1,350.00,4.2500,825.0000,-25.0000,
TRADE,21/02/2019 08:00:00,466.25000,25/02/2019,481.00000,@S,1,1,737.50,3.0000,737.5000,-12.5000,
TRADE,04/03/2019,464.50000,07/03/2019,452.50000,@S,-1,1,600.00,15.5000,687.5000,-500.0000,
TRADE,14/03/2019,450.75000,18/03/2019,459.75000,@S,1,1,450.00,11.0000,500.0000,-275.0000,
TRADE,18/03/2019 08:00:00,455.75000,21/03/2019,455.75000,@S,-1,1,0.00,6.0000,337.5000,-187.5000,
TRADE,21/03/2019 08:00:00,456.25000,25/03/2019,454.25000,@S,1,1,-100.00,2.2500,275.0000,-175.0000,
TRADE,11/04/2019,451.00000,15/04/2019,444.75000,@S,1,1,-312.50,6.2500,137.5000,-387.5000,
TRADE,15/04/2019 08:00:00,448.75000,18/04/2019,428.50000,@S,-1,1,1012.50,4.2500,1025.0000,-150.0000,
TRADE,16/05/2019,370.25000,17/05/2019 13:20:00,361.25000,@S,1,1,-450.00,14.5000,550.0000,-387.5000,
TRADE,23/05/2019,364.75000,28/05/2019,376.25000,@S,1,1,575.00,11.5000,575.0000,-575.0000,
TRADE,28/05/2019 08:00:00,380.25000,29/05/2019,402.25000,@S,-1,1,-1100.00,16.0000,187.5000,-1100.0000,
TRADE,30/05/2019,407.75000,03/06/2019,412.00000,@S,1,1,212.50,18.2500,962.5000,-400.0000,
TRADE,13/06/2019,414.25000,17/06/2019,437.25000,@S,1,1,1150.00,21.7500,1150.0000,-12.5000,
TRADE,17/06/2019 08:00:00,445.25000,20/06/2019,437.50000,@S,-1,1,387.50,13.5000,387.5000,-625.0000,
TRADE,01/07/2019,447.00000,05/07/2019 13:20:00,421.25000,@S,-1,1,1287.50,17.5000,1887.5000,-25.0000,
TRADE,11/07/2019,425.00000,15/07/2019,447.25000,@S,1,1,1112.50,10.5000,1112.5000,-312.5000,
TRADE,15/07/2019 08:00:00,447.00000,18/07/2019,411.25000,@S,-1,1,1787.50,6.5000,1787.5000,-87.5000,
TRADE,22/07/2019,433.25000,25/07/2019,421.75000,@S,-1,1,575.00,17.0000,1062.5000,-100.0000,
TRADE,25/07/2019 08:00:00,423.50000,29/07/2019,413.00000,@S,1,1,-525.00,5.2500,162.5000,-612.5000,
TRADE,05/08/2019,383.50000,08/08/2019,380.25000,@S,-1,1,162.50,6.2500,787.5000,-212.5000,
TRADE,08/08/2019 08:00:00,379.50000,12/08/2019,405.00000,@S,1,1,1275.00,3.0000,1412.5000,-25.0000,
TRADE,12/08/2019 08:00:00,401.00000,13/08/2019 13:20:00,408.75000,@S,-1,1,-387.50,7.5000,612.5000,-312.5000,
TRADE,19/08/2019,388.00000,22/08/2019,386.25000,@S,-1,1,87.50,6.7500,512.5000,-150.0000,
TRADE,22/08/2019 08:00:00,386.50000,23/08/2019 08:00:00,375.25000,@S,1,1,-562.50,2.2500,437.5000,-525.0000,
TRADE,29/08/2019,378.75000,03/09/2019,379.50000,@S,1,1,37.50,15.2500,612.5000,-12.5000,
TRADE,05/09/2019,388.50000,05/09/2019 13:20:00,372.00000,@S,1,1,-825.00,15.2500,175.0000,-725.0000,
TRADE,16/09/2019,416.50000,19/09/2019,402.50000,@S,-1,1,700.00,7.2500,825.0000,-75.0000,
TRADE,07/10/2019,429.75000,09/10/2019 08:00:00,443.75000,@S,-1,1,-700.00,10.5000,300.0000,-687.5000,
TRADE,10/10/2019,432.75000,14/10/2019,453.75000,@S,1,1,1050.00,7.7500,1050.0000,-37.5000,
TRADE,14/10/2019 08:00:00,452.75000,17/10/2019,441.25000,@S,-1,1,575.00,11.2500,600.0000,-237.5000,
TRADE,21/10/2019,444.00000,24/10/2019,447.00000,@S,-1,1,-150.00,7.2500,150.0000,-725.0000,
TRADE,24/10/2019 08:00:00,448.00000,28/10/2019,434.75000,@S,1,1,-662.50,2.5000,212.5000,-762.5000,
TRADE,04/11/2019,434.00000,07/11/2019,426.25000,@S,-1,1,387.50,5.2500,425.0000,-337.5000,
TRADE,05/12/2019,376.50000,09/12/2019,390.25000,@S,1,1,687.50,4.7500,800.0000,-37.5000,
TRADE,09/12/2019 08:00:00,391.25000,12/12/2019,391.50000,@S,-1,1,-12.50,5.2500,137.5000,-537.5000,
TRADE,16/12/2019,411.00000,19/12/2019,425.25000,@S,-1,1,-712.50,15.5000,0.0000,-925.0000,
TRADE,23/12/2019,427.50000,31/12/2019 13:20:00,446.00000,@S,-1,1,-925.00,5.5000,75.0000,-900.0000,
TRADE,09/01/2020,436.50000,13/01/2020,437.75000,@S,1,1,62.50,9.2500,387.5000,-562.5000,
TRADE,13/01/2020 08:00:00,436.00000,16/01/2020,419.50000,@S,-1,1,825.00,4.5000,900.0000,-112.5000,
TRADE,21/01/2020,419.75000,23/01/2020,403.75000,@S,-1,1,800.00,13.5000,837.5000,-75.0000,
TRADE,13/02/2020,380.75000,18/02/2020,384.50000,@S,1,1,187.50,9.7500,437.5000,-125.0000,
TRADE,20/02/2020,386.25000,24/02/2020,377.75000,@S,1,1,-425.00,13.2500,275.0000,-450.0000,
TRADE,27/02/2020,372.00000,02/03/2020,372.75000,@S,1,1,37.50,11.7500,275.0000,-662.5000,
TRADE,05/03/2020,387.50000,06/03/2020 08:00:00,373.00000,@S,1,1,-725.00,5.5000,275.0000,-712.5000,
TRADE,19/03/2020,309.75000,23/03/2020,340.50000,@S,1,1,1537.50,14.0000,1775.0000,-212.5000,
TRADE,23/03/2020 08:00:00,349.75000,24/03/2020 13:20:00,368.25000,@S,-1,1,-925.00,14.7500,75.0000,-875.0000,
TRADE,30/03/2020,360.50000,02/04/2020,345.25000,@S,-1,1,762.50,10.0000,962.5000,-625.0000,
TRADE,23/04/2020,315.25000,24/04/2020 13:20:00,309.25000,@S,1,1,-300.00,7.0000,700.0000,-287.5000,
TRADE,30/04/2020,311.75000,04/05/2020,321.25000,@S,1,1,475.00,8.0000,862.5000,-25.0000,
TRADE,11/05/2020,327.00000,14/05/2020,312.50000,@S,-1,1,725.00,7.7500,875.0000,-362.5000,
TRADE,21/05/2020,319.75000,22/05/2020 08:00:00,301.50000,@S,1,1,-912.50,5.0000,87.5000,-912.5000,
TRADE,28/05/2020,321.50000,01/06/2020,316.50000,@S,1,1,-250.00,7.5000,187.5000,-575.0000,
TRADE,04/06/2020,330.00000,08/06/2020,342.25000,@S,1,1,612.50,6.5000,825.0000,-87.5000,
TRADE,08/06/2020 08:00:00,339.00000,11/06/2020,338.00000,@S,-1,1,50.00,4.2500,475.0000,-275.0000,
TRADE,11/06/2020 08:00:00,336.50000,15/06/2020,343.50000,@S,1,1,350.00,3.0000,475.0000,-125.0000,
TRADE,15/06/2020 08:00:00,341.75000,18/06/2020,344.00000,@S,-1,1,-112.50,3.2500,437.5000,-350.0000,
TRADE,18/06/2020 08:00:00,344.75000,22/06/2020,348.25000,@S,1,1,175.00,2.0000,437.5000,-50.0000,
TRADE,22/06/2020 08:00:00,349.00000,25/06/2020,343.50000,@S,-1,1,275.00,2.0000,550.0000,-187.5000,
TRADE,02/07/2020,372.25000,10/07/2020 13:20:00,366.50000,@S,1,1,-287.50,15.2500,712.5000,-275.0000,
TRADE,16/07/2020,357.50000,20/07/2020,370.75000,@S,1,1,662.50,7.5000,662.5000,-25.0000,
TRADE,20/07/2020 08:00:00,372.50000,23/07/2020,369.00000,@S,-1,1,175.00,5.2500,512.5000,-175.0000,
TRADE,23/07/2020 08:00:00,368.50000,27/07/2020,371.50000,@S,1,1,150.00,3.2500,462.5000,-12.5000,
TRADE,03/08/2020,366.50000,06/08/2020,352.00000,@S,-1,1,725.00,4.5000,812.5000,-362.5000,
TRADE,13/08/2020,357.00000,17/08/2020,375.25000,@S,1,1,912.50,16.5000,975.0000,0.0000,
TRADE,20/08/2020,387.00000,24/08/2020,379.00000,@S,1,1,-400.00,6.5000,137.5000,-525.0000,
TRADE,27/08/2020,398.50000,31/08/2020,429.50000,@S,1,1,1550.00,5.5000,1550.0000,-37.5000,
TRADE,31/08/2020 08:00:00,438.75000,02/09/2020 13:20:00,436.75000,@S,-1,1,100.00,14.7500,1100.0000,-62.5000,
TRADE,03/09/2020,436.00000,08/09/2020,444.00000,@S,1,1,400.00,14.7500,400.0000,-212.5000,
TRADE,08/09/2020 08:00:00,447.00000,09/09/2020 13:20:00,455.75000,@S,-1,1,-437.50,7.5000,562.5000,-337.5000,
TRADE,10/09/2020,452.75000,14/09/2020,470.00000,@S,1,1,862.50,8.5000,962.5000,-225.0000,
TRADE,14/09/2020 08:00:00,477.00000,16/09/2020 13:20:00,479.00000,@S,-1,1,-100.00,12.7500,900.0000,-137.5000,
TRADE,17/09/2020,485.50000,21/09/2020,515.00000,@S,1,1,1475.00,16.5000,1762.5000,-325.0000,
TRADE,21/09/2020 08:00:00,517.50000,22/09/2020 13:20:00,507.25000,@S,-1,1,512.50,8.7500,1512.5000,-37.5000,
TRADE,28/09/2020,476.00000,30/09/2020 13:20:00,479.75000,@S,-1,1,-187.50,11.2500,812.5000,-275.0000,
TRADE,01/10/2020,497.25000,02/10/2020 08:00:00,489.00000,@S,1,1,-412.50,47.2500,587.5000,-387.5000,
TRADE,08/10/2020,525.25000,08/10/2020 13:20:00,523.00000,@S,1,1,-112.50,12.2500,887.5000,-62.5000,
TRADE,12/10/2020,539.25000,14/10/2020 08:00:00,525.50000,@S,-1,1,687.50,25.7500,1687.5000,-412.5000,
TRADE,15/10/2020,531.50000,15/10/2020 13:20:00,515.50000,@S,1,1,-800.00,11.0000,200.0000,-775.0000,
TRADE,22/10/2020,546.25000,26/10/2020,557.75000,@S,1,1,575.00,6.5000,812.5000,-437.5000,
TRADE,26/10/2020 08:00:00,561.00000,29/10/2020,536.00000,@S,-1,1,1250.00,9.5000,1350.0000,-350.0000,
TRADE,02/11/2020,534.25000,03/11/2020 08:00:00,544.75000,@S,-1,1,-525.00,13.0000,475.0000,-475.0000,
TRADE,05/11/2020,565.75000,09/11/2020,580.75000,@S,1,1,750.00,22.0000,1337.5000,-125.0000,
TRADE,09/11/2020 08:00:00,585.25000,10/11/2020 13:20:00,599.50000,@S,-1,1,-712.50,8.0000,287.5000,-675.0000,
TRADE,12/11/2020,632.25000,16/11/2020,630.00000,@S,1,1,-112.50,13.7500,225.0000,-725.0000,
TRADE,16/11/2020 08:00:00,627.25000,17/11/2020,643.75000,@S,-1,1,-825.00,5.5000,175.0000,-800.0000,
TRADE,19/11/2020,653.75000,20/11/2020 13:20:00,656.50000,@S,1,1,137.50,16.0000,1137.5000,-612.5000,
TRADE,23/11/2020,675.25000,24/11/2020 13:20:00,673.75000,@S,-1,1,75.00,17.5000,1075.0000,-225.0000,
TRADE,30/11/2020,677.75000,03/12/2020,634.00000,@S,-1,1,2187.50,14.7500,2775.0000,-50.0000,
TRADE,10/12/2020,639.50000,10/12/2020 13:20:00,637.75000,@S,1,1,-87.50,8.5000,912.5000,-75.0000,
TRADE,14/12/2020,644.50000,15/12/2020 13:20:00,661.00000,@S,-1,1,-825.00,11.7500,175.0000,-787.5000,
TRADE,21/12/2020,705.00000,21/12/2020 08:00:00,713.25000,@S,-1,1,-412.50,16.2500,587.5000,-337.5000,
TRADE,21/12/2020 13:20:00,704.25000,22/12/2020,724.25000,@S,-1,1,-1000.00,23.7500,137.5000,-1000.0000,
TRADE,24/12/2020,740.00000,28/12/2020 13:20:00,739.25000,@S,1,1,-37.50,12.2500,962.5000,-25.0000,
TRADE,31/12/2020,777.00000,04/01/2021 13:20:00,807.25000,@S,1,1,1512.50,18.7500,2512.5000,-212.5000,
TRADE,07/01/2021,842.00000,07/01/2021 08:00:00,826.75000,@S,1,1,-762.50,18.0000,237.5000,-700.0000,
TRADE,07/01/2021 13:20:00,822.75000,11/01/2021,857.00000,@S,1,1,1712.50,22.0000,2050.0000,-150.0000,
TRADE,11/01/2021 08:00:00,858.25000,11/01/2021 13:20:00,851.75000,@S,-1,1,325.00,12.0000,1325.0000,-412.5000,
TRADE,01/02/2021,852.75000,02/02/2021,847.00000,@S,-1,1,287.50,41.2500,1287.5000,-400.0000,
TRADE,04/02/2021,851.75000,08/02/2021,846.50000,@S,1,1,-262.50,26.5000,437.5000,-475.0000,
TRADE,16/02/2021,863.50000,18/02/2021,862.75000,@S,-1,1,37.50,15.0000,600.0000,-412.5000,
TRADE,22/02/2021,862.50000,23/02/2021,868.75000,@S,-1,1,-312.50,13.2500,687.5000,-287.5000,
TRADE,25/02/2021,900.25000,25/02/2021 08:00:00,901.00000,@S,1,1,37.50,15.0000,1037.5000,-62.5000,
TRADE,25/02/2021 13:20:00,893.25000,26/02/2021,874.25000,@S,1,1,-950.00,33.7500,50.0000,-1225.0000,
TRADE,01/03/2021,890.25000,02/03/2021 13:20:00,876.00000,@S,-1,1,712.50,21.5000,1712.5000,-375.0000,
TRADE,08/03/2021,916.75000,10/03/2021,918.25000,@S,-1,1,-75.00,16.7500,925.0000,-925.0000,
TRADE,22/03/2021,894.00000,23/03/2021,900.50000,@S,-1,1,-325.00,22.5000,675.0000,-250.0000,
TRADE,25/03/2021,906.00000,25/03/2021 13:20:00,887.00000,@S,1,1,-950.00,9.0000,50.0000,-887.5000,
TRADE,01/04/2021,919.25000,01/04/2021 08:00:00,909.25000,@S,1,1,-500.00,66.0000,612.5000,-500.0000,
TRADE,01/04/2021 13:20:00,911.00000,01/04/2021 13:20:00,881.00000,@S,1,1,-1500.00,13.0000,250.0000,-1425.0000,
TRADE,15/04/2021,885.25000,19/04/2021,915.00000,@S,1,1,1487.50,19.0000,1487.5000,-125.0000,
TRADE,19/04/2021 08:00:00,914.00000,20/04/2021,932.25000,@S,-1,1,-912.50,9.7500,87.5000,-862.5000,
TRADE,22/04/2021,974.00000,23/04/2021,998.25000,@S,1,1,1212.50,31.7500,2212.5000,-25.0000,
TRADE,26/04/2021,1024.00000,26/04/2021 13:20:00,1035.75000,@S,-1,1,-587.50,29.7500,412.5000,-775.0000,
TRADE,03/05/2021,1054.75000,04/05/2021 08:00:00,1041.25000,@S,-1,1,675.00,44.2500,1675.0000,-712.5000,
TRADE,06/05/2021,1052.50000,07/05/2021 13:20:00,1073.50000,@S,1,1,1050.00,19.7500,2050.0000,-200.0000,
TRADE,10/05/2021,1082.00000,11/05/2021 08:00:00,1098.75000,@S,-1,1,-837.50,31.7500,162.5000,-862.5000,
TRADE,13/05/2021,1145.25000,13/05/2021 08:00:00,1130.75000,@S,1,1,-725.00,36.5000,275.0000,-825.0000,
TRADE,13/05/2021 13:20:00,1127.50000,13/05/2021 13:20:00,1097.50000,@S,1,1,-1500.00,17.7500,125.0000,-1325.0000,
TRADE,17/05/2021,1090.25000,17/05/2021 08:00:00,1101.00000,@S,-1,1,-537.50,28.5000,462.5000,-262.5000,
TRADE,17/05/2021 13:20:00,1101.50000,18/05/2021,1106.50000,@S,-1,1,-250.00,17.7500,750.0000,-362.5000,
TRADE,03/06/2021,1071.00000,03/06/2021 13:20:00,1074.50000,@S,1,1,175.00,20.0000,1175.0000,-12.5000,
TRADE,07/06/2021,1105.25000,08/06/2021 08:00:00,1084.00000,@S,-1,1,1062.50,24.2500,2062.5000,-1187.5000,
TRADE,21/06/2021,879.50000,21/06/2021 13:20:00,895.50000,@S,-1,1,-800.00,52.0000,200.0000,-1050.0000,
TRADE,01/07/2021,968.00000,01/07/2021 13:20:00,968.50000,@S,1,1,25.00,116.5000,1025.0000,-1325.0000,
TRADE,06/07/2021 13:20:00,938.75000,07/07/2021,886.00000,@S,-1,1,2637.50,25.0000,3637.5000,0.0000,
TRADE,08/07/2021,902.25000,08/07/2021 08:00:00,885.00000,@S,1,1,-862.50,27.5000,137.5000,-775.0000,
TRADE,08/07/2021 13:20:00,879.50000,09/07/2021,882.00000,@S,1,1,125.00,23.7500,1125.0000,-50.0000,
TRADE,12/07/2021,895.25000,12/07/2021 13:20:00,912.50000,@S,-1,1,-862.50,23.7500,137.5000,-787.5000,
TRADE,15/07/2021,948.50000,16/07/2021 13:20:00,954.00000,@S,1,1,275.00,24.5000,1275.0000,-437.5000,
TRADE,19/07/2021,978.25000,20/07/2021 08:00:00,956.00000,@S,-1,1,1112.50,22.5000,2112.5000,-262.5000,
TRADE,05/08/2021,891.75000,09/08/2021,903.75000,@S,1,1,600.00,15.7500,812.5000,-562.5000,
TRADE,09/08/2021 08:00:00,905.00000,11/08/2021,910.75000,@S,-1,1,-287.50,8.0000,712.5000,-387.5000,
TRADE,12/08/2021,904.50000,12/08/2021 13:20:00,915.00000,@S,1,1,525.00,17.2500,1525.0000,-800.0000,
TRADE,16/08/2021,931.75000,19/08/2021,917.25000,@S,-1,1,725.00,12.7500,950.0000,-675.0000,
TRADE,07/09/2021,857.25000,09/09/2021,845.50000,@S,-1,1,587.50,10.0000,987.5000,-700.0000,
TRADE,09/09/2021 08:00:00,837.50000,10/09/2021 13:20:00,829.50000,@S,1,1,-400.00,9.7500,600.0000,-350.0000,
TRADE,13/09/2021,855.50000,14/09/2021 13:20:00,862.50000,@S,-1,1,-350.00,37.2500,650.0000,-275.0000,
TRADE,16/09/2021,862.00000,17/09/2021,853.50000,@S,1,1,-425.00,20.0000,575.0000,-312.5000,
TRADE,23/09/2021,848.00000,27/09/2021,849.50000,@S,1,1,75.00,14.7500,387.5000,-337.5000,
TRADE,27/09/2021 08:00:00,853.75000,30/09/2021,847.50000,@S,-1,1,312.50,10.0000,775.0000,-437.5000,
TRADE,30/09/2021 08:00:00,849.25000,30/09/2021 13:20:00,840.50000,@S,1,1,-437.50,3.5000,562.5000,-62.5000,
TRADE,18/10/2021,783.50000,19/10/2021 13:20:00,795.50000,@S,-1,1,-600.00,9.5000,400.0000,-587.5000,
TRADE,21/10/2021,808.75000,21/10/2021 13:20:00,795.00000,@S,1,1,-687.50,14.0000,312.5000,-637.5000,
TRADE,28/10/2021,805.75000,01/11/2021,805.00000,@S,1,1,-37.50,28.0000,512.5000,-425.0000,
TRADE,01/11/2021 08:00:00,801.25000,01/11/2021 13:20:00,812.75000,@S,-1,1,-575.00,9.2500,425.0000,-425.0000,
TRADE,11/11/2021,772.75000,15/11/2021,798.25000,@S,1,1,1275.00,10.5000,1650.0000,-237.5000,
TRADE,15/11/2021 08:00:00,795.75000,15/11/2021 13:20:00,815.25000,@S,-1,1,-975.00,9.0000,25.0000,-887.5000,
TRADE,18/11/2021,832.50000,18/11/2021 13:20:00,823.25000,@S,1,1,-462.50,27.2500,537.5000,-400.0000,
TRADE,29/11/2021,816.75000,01/12/2021 13:20:00,790.25000,@S,-1,1,1325.00,25.2500,2325.0000,-387.5000,
TRADE,02/12/2021,785.75000,06/12/2021,827.75000,@S,1,1,2100.00,20.7500,2100.0000,-437.5000,
TRADE,06/12/2021 08:00:00,822.25000,08/12/2021 13:20:00,814.25000,@S,-1,1,400.00,9.0000,1400.0000,-112.5000,
TRADE,09/12/2021,816.25000,13/12/2021,827.00000,@S,1,1,537.50,24.0000,812.5000,-662.5000,
TRADE,13/12/2021 08:00:00,823.25000,14/12/2021 13:20:00,813.50000,@S,-1,1,487.50,6.5000,1487.5000,0.0000,
TRADE,16/12/2021,818.00000,20/12/2021,845.50000,@S,1,1,1375.00,15.5000,1775.0000,-162.5000,
TRADE,20/12/2021 08:00:00,840.00000,21/12/2021 13:20:00,854.50000,@S,-1,1,-725.00,8.7500,275.0000,-662.5000,
TRADE,23/12/2021,882.00000,28/12/2021 08:00:00,911.75000,@S,1,1,1487.50,12.2500,2487.5000,-250.0000,
TRADE,30/12/2021,914.75000,30/12/2021 13:20:00,897.25000,@S,1,1,-875.00,12.0000,125.0000,-825.0000,
TRADE,03/01/2022,896.25000,04/01/2022,909.25000,@S,-1,1,-650.00,11.0000,350.0000,-975.0000,
TRADE,06/01/2022,937.75000,06/01/2022 08:00:00,920.25000,@S,1,1,-875.00,17.5000,125.0000,-962.5000,
TRADE,06/01/2022 13:20:00,929.25000,10/01/2022,951.75000,@S,1,1,1125.00,12.7500,1650.0000,-462.5000,
TRADE,10/01/2022 08:00:00,951.25000,11/01/2022 13:20:00,939.75000,@S,-1,1,575.00,11.7500,1575.0000,-287.5000,
TRADE,13/01/2022,946.25000,13/01/2022 13:20:00,926.25000,@S,1,1,-1000.00,34.5000,0.0000,-875.0000,
TRADE,20/01/2022,935.50000,21/01/2022,956.75000,@S,1,1,1062.50,16.7500,2062.5000,-37.5000,
TRADE,27/01/2022,983.25000,31/01/2022,1021.25000,@S,1,1,1900.00,33.0000,2150.0000,-375.0000,
TRADE,31/01/2022 08:00:00,1040.75000,31/01/2022 13:20:00,1041.25000,@S,-1,1,-25.00,25.0000,975.0000,-12.5000,
TRADE,03/02/2022,1091.25000,03/02/2022 13:20:00,1076.25000,@S,1,1,-750.00,32.0000,250.0000,-750.0000,
TRADE,07/02/2022,1118.25000,07/02/2022 13:20:00,1132.50000,@S,-1,1,-712.50,24.7500,287.5000,-675.0000,
TRADE,10/02/2022,1142.00000,10/02/2022 13:20:00,1160.25000,@S,1,1,912.50,24.5000,1912.5000,-237.5000,
TRADE,14/02/2022,1134.25000,14/02/2022 08:00:00,1118.75000,@S,-1,1,775.00,31.2500,1775.0000,-625.0000,
TRADE,14/02/2022 13:20:00,1113.00000,15/02/2022,1123.00000,@S,-1,1,-500.00,35.2500,500.0000,-487.5000,
TRADE,17/02/2022,1132.50000,17/02/2022 13:20:00,1133.25000,@S,1,1,37.50,28.5000,1037.5000,-437.5000,
TRADE,22/02/2022,1156.25000,22/02/2022 08:00:00,1176.25000,@S,-1,1,-1000.00,17.5000,0.0000,-950.0000,
TRADE,22/02/2022 13:20:00,1156.25000,22/02/2022 13:20:00,1186.25000,@S,-1,1,-1500.00,29.7500,112.5000,-1050.0000,
TRADE,24/02/2022,1222.25000,24/02/2022 08:00:00,1287.75000,@S,1,1,3275.00,30.5000,4275.0000,-325.0000,
TRADE,24/02/2022 13:20:00,1262.25000,24/02/2022 13:20:00,1232.25000,@S,1,1,-1500.00,56.5000,50.0000,-1450.0000,
TRADE,24/03/2022,1273.50000,24/03/2022 08:00:00,1261.25000,@S,1,1,-612.50,26.7500,387.5000,-687.5000,
TRADE,24/03/2022 13:20:00,1263.00000,25/03/2022,1253.25000,@S,1,1,-487.50,12.0000,637.5000,-712.5000,
TRADE,28/03/2022,1254.25000,29/03/2022 13:20:00,1193.25000,@S,-1,1,3050.00,20.5000,4050.0000,-350.0000,
TRADE,31/03/2022,1218.00000,31/03/2022 13:20:00,1211.25000,@S,1,1,-337.50,33.5000,662.5000,-737.5000,
TRADE,11/04/2022,1242.25000,12/04/2022 08:00:00,1222.75000,@S,-1,1,975.00,30.5000,1975.0000,-325.0000,
TRADE,14/04/2022,1229.75000,14/04/2022 13:20:00,1223.75000,@S,1,1,-300.00,29.2500,700.0000,-112.5000,
TRADE,21/04/2022,1298.75000,21/04/2022 13:20:00,1281.25000,@S,1,1,-875.00,31.0000,125.0000,-725.0000,
TRADE,28/04/2022,1279.00000,29/04/2022,1264.75000,@S,1,1,-712.50,27.0000,287.5000,-650.0000,
TRADE,05/05/2022,1227.75000,05/05/2022 13:20:00,1231.75000,@S,1,1,200.00,22.5000,1200.0000,-50.0000,
TRADE,12/05/2022,1192.25000,12/05/2022 13:20:00,1192.00000,@S,1,1,-12.50,20.2500,987.5000,-862.5000,
TRADE,16/05/2022,1242.25000,17/05/2022 13:20:00,1250.00000,@S,-1,1,-387.50,28.0000,612.5000,-525.0000,
TRADE,23/05/2022,1290.75000,24/05/2022 13:20:00,1278.25000,@S,-1,1,625.00,21.0000,1625.0000,-700.0000,
TRADE,31/05/2022,1322.50000,01/06/2022,1278.50000,@S,-1,1,2200.00,19.5000,3200.0000,-575.0000,
TRADE,02/06/2022,1275.00000,03/06/2022 08:00:00,1305.50000,@S,1,1,1525.00,31.2500,2525.0000,-450.0000,
TRADE,09/06/2022,1325.75000,10/06/2022,1348.75000,@S,1,1,1150.00,19.5000,2150.0000,-625.0000,
TRADE,27/06/2022,1183.75000,27/06/2022 08:00:00,1197.75000,@S,-1,1,-700.00,28.5000,300.0000,-875.0000,
TRADE,27/06/2022 13:20:00,1204.00000,28/06/2022,1221.75000,@S,-1,1,-887.50,16.0000,962.5000,-887.5000,
TRADE,30/06/2022,1260.75000,30/06/2022 13:20:00,1245.00000,@S,1,1,-787.50,20.5000,212.5000,-562.5000,
TRADE,11/07/2022,1203.25000,11/07/2022 13:20:00,1203.25000,@S,-1,1,0.00,29.2500,1000.0000,-887.5000,
TRADE,14/07/2022,1134.00000,14/07/2022 08:00:00,1128.00000,@S,1,1,-300.00,38.5000,700.0000,-437.5000,
TRADE,14/07/2022 13:20:00,1117.50000,15/07/2022 08:00:00,1126.25000,@S,1,1,437.50,32.5000,1437.5000,-862.5000,
TRADE,25/07/2022,1117.50000,25/07/2022 08:00:00,1117.00000,@S,-1,1,25.00,31.0000,1025.0000,-50.0000,
TRADE,25/07/2022 13:20:00,1116.75000,26/07/2022,1142.25000,@S,-1,1,-1275.00,22.0000,537.5000,-1275.0000,
TRADE,28/07/2022,1195.75000,29/07/2022 13:20:00,1251.50000,@S,1,1,2787.50,20.7500,3787.5000,-37.5000,
TRADE,01/08/2022,1260.00000,02/08/2022,1179.75000,@S,-1,1,4012.50,33.7500,5012.5000,-175.0000,
TRADE,15/08/2022,1224.25000,15/08/2022 13:20:00,1188.50000,@S,-1,1,1787.50,49.5000,2787.5000,-100.0000,
TRADE,18/08/2022,1172.50000,18/08/2022 08:00:00,1159.50000,@S,1,1,-650.00,19.5000,350.0000,-587.5000,
TRADE,18/08/2022 13:20:00,1169.00000,19/08/2022,1175.50000,@S,1,1,325.00,14.7500,1325.0000,-400.0000,
TRADE,22/08/2022,1180.50000,22/08/2022 08:00:00,1195.50000,@S,-1,1,-750.00,20.7500,250.0000,-625.0000,
TRADE,22/08/2022 13:20:00,1192.75000,23/08/2022,1218.00000,@S,-1,1,-1262.50,16.0000,362.5000,-1412.5000,
TRADE,29/08/2022,1240.50000,30/08/2022 13:20:00,1210.75000,@S,-1,1,1487.50,22.5000,2487.5000,-137.5000,
TRADE,06/09/2022,1197.50000,07/09/2022 08:00:00,1186.50000,@S,-1,1,550.00,11.0000,1550.0000,-400.0000,
TRADE,12/09/2022,1191.50000,12/09/2022 13:20:00,1204.75000,@S,-1,1,-662.50,19.5000,337.5000,-537.5000,
TRADE,29/09/2022,1191.25000,30/09/2022 13:20:00,1188.25000,@S,1,1,-150.00,20.7500,850.0000,-275.0000,
TRADE,10/10/2022,1149.50000,10/10/2022 08:00:00,1171.00000,@S,-1,1,-1075.00,22.7500,25.0000,-1487.5000,
TRADE,10/10/2022 13:20:00,1174.50000,11/10/2022 13:20:00,1167.75000,@S,-1,1,337.50,9.2500,1337.5000,-337.5000,
TRADE,13/10/2022,1177.00000,13/10/2022 08:00:00,1167.50000,@S,1,1,-475.00,44.5000,525.0000,-412.5000,
TRADE,13/10/2022 13:20:00,1165.50000,14/10/2022 13:20:00,1172.50000,@S,1,1,350.00,13.2500,1350.0000,-212.5000,
TRADE,20/10/2022,1153.50000,21/10/2022 08:00:00,1159.00000,@S,1,1,275.00,17.2500,1275.0000,-37.5000,
TRADE,24/10/2022,1175.50000,25/10/2022 13:20:00,1168.50000,@S,-1,1,350.00,23.0000,1350.0000,0.0000,
TRADE,31/10/2022,1186.25000,31/10/2022 13:20:00,1189.00000,@S,-1,1,-137.50,21.5000,862.5000,-450.0000,
TRADE,03/11/2022,1224.25000,03/11/2022 13:20:00,1204.75000,@S,1,1,-975.00,21.5000,25.0000,-887.5000,
TRADE,07/11/2022,1226.25000,07/11/2022 13:20:00,1239.25000,@S,-1,1,-650.00,12.2500,350.0000,-475.0000,
TRADE,10/11/2022,1223.25000,10/11/2022 13:20:00,1210.50000,@S,1,1,-637.50,24.2500,362.5000,-587.5000,
TRADE,14/11/2022,1220.50000,15/11/2022 13:20:00,1223.75000,@S,-1,1,-162.50,14.0000,837.5000,-300.0000,
TRADE,21/11/2022,1198.50000,21/11/2022 13:20:00,1208.50000,@S,-1,1,-500.00,18.5000,500.0000,-475.0000,
TRADE,25/11/2022 13:20:00,1208.00000,28/11/2022,1199.50000,@S,1,1,-425.00,18.7500,562.5000,-425.0000,
TRADE,01/12/2022,1237.25000,01/12/2022 13:20:00,1221.00000,@S,1,1,-812.50,18.2500,187.5000,-787.5000,
TRADE,05/12/2022,1211.75000,06/12/2022 08:00:00,1226.50000,@S,-1,1,-737.50,14.7500,262.5000,-712.5000,
TRADE,08/12/2022,1242.25000,12/12/2022,1254.75000,@S,1,1,625.00,20.7500,1087.5000,-150.0000,
TRADE,15/12/2022,1252.25000,16/12/2022 08:00:00,1237.25000,@S,1,1,-750.00,15.2500,250.0000,-712.5000,
TRADE,19/12/2022,1241.25000,20/12/2022 13:20:00,1251.25000,@S,-1,1,-500.00,15.0000,500.0000,-375.0000,
TRADE,22/12/2022,1251.25000,22/12/2022 13:20:00,1235.25000,@S,1,1,-800.00,8.7500,200.0000,-737.5000,
TRADE,27/12/2022 13:20:00,1261.25000,28/12/2022,1269.50000,@S,-1,1,-412.50,10.0000,587.5000,-1337.5000,
TRADE,29/12/2022,1277.50000,03/01/2023 13:20:00,1288.75000,@S,1,1,562.50,21.0000,1225.0000,-200.0000,
TRADE,09/01/2023,1264.50000,10/01/2023 13:20:00,1258.50000,@S,-1,1,300.00,16.2500,1300.0000,-87.5000,
TRADE,12/01/2023,1258.50000,17/01/2023,1283.25000,@S,1,1,1237.50,11.7500,1950.0000,-37.5000,
TRADE,17/01/2023 08:00:00,1282.50000,17/01/2023 13:20:00,1297.00000,@S,-1,1,-725.00,12.7500,275.0000,-675.0000,
TRADE,26/01/2023,1271.00000,27/01/2023 13:20:00,1271.50000,@S,1,1,25.00,26.5000,1025.0000,-325.0000,
TRADE,09/02/2023,1283.00000,09/02/2023 13:20:00,1278.25000,@S,1,1,-237.50,21.0000,762.5000,-325.0000,
TRADE,13/02/2023,1306.50000,16/02/2023,1289.75000,@S,-1,1,837.50,20.2500,1275.0000,-675.0000,
TRADE,21/02/2023,1301.00000,23/02/2023,1304.25000,@S,-1,1,-162.50,8.0000,75.0000,-875.0000,
TRADE,02/03/2023,1266.00000,06/03/2023,1291.50000,@S,1,1,1275.00,14.7500,1525.0000,-250.0000,
TRADE,06/03/2023 08:00:00,1285.75000,06/03/2023 13:20:00,1302.25000,@S,-1,1,-825.00,7.5000,175.0000,-525.0000,
TRADE,09/03/2023,1289.00000,09/03/2023 13:20:00,1280.25000,@S,1,1,-437.50,21.5000,562.5000,-300.0000,
TRADE,27/03/2023,1200.25000,27/03/2023 13:20:00,1214.75000,@S,-1,1,-725.00,21.2500,275.0000,-562.5000,
TRADE,30/03/2023,1248.00000,03/04/2023,1281.50000,@S,1,1,1675.00,15.5000,1862.5000,-425.0000,
TRADE,03/04/2023 08:00:00,1284.25000,05/04/2023 13:20:00,1297.00000,@S,-1,1,-637.50,12.2500,362.5000,-750.0000,
TRADE,13/04/2023,1275.75000,13/04/2023 13:20:00,1273.75000,@S,1,1,-100.00,19.2500,900.0000,-112.5000,
TRADE,01/05/2023,1218.50000,02/05/2023,1232.25000,@S,-1,1,-687.50,27.0000,312.5000,-675.0000,
TRADE,04/05/2023,1214.50000,08/05/2023,1235.75000,@S,1,1,1062.50,26.5000,1175.0000,-512.5000,
TRADE,08/05/2023 08:00:00,1234.00000,11/05/2023,1202.25000,@S,-1,1,1587.50,6.5000,1612.5000,-600.0000,
TRADE,25/05/2023,1123.50000,25/05/2023 13:20:00,1112.75000,@S,1,1,-537.50,21.2500,462.5000,-487.5000,
TRADE,30/05/2023,1136.50000,31/05/2023 13:20:00,1090.00000,@S,-1,1,2325.00,14.7500,3325.0000,0.0000,
TRADE,01/06/2023,1099.00000,05/06/2023,1152.50000,@S,1,1,2675.00,30.5000,2775.0000,-25.0000,
TRADE,05/06/2023 08:00:00,1159.75000,06/06/2023 13:20:00,1159.50000,@S,-1,1,12.50,10.5000,1012.5000,-25.0000,
TRADE,08/06/2023,1157.25000,12/06/2023,1189.25000,@S,1,1,1600.00,19.2500,1600.0000,-300.0000,
TRADE,12/06/2023 08:00:00,1181.25000,13/06/2023 08:00:00,1187.75000,@S,-1,1,-325.00,11.2500,675.0000,-512.5000,
TRADE,20/06/2023,1272.00000,20/06/2023 13:20:00,1279.00000,@S,-1,1,-350.00,23.5000,650.0000,-525.0000,
TRADE,22/06/2023,1312.50000,22/06/2023 08:00:00,1298.75000,@S,1,1,-687.50,29.7500,312.5000,-637.5000,
TRADE,22/06/2023 13:20:00,1290.25000,23/06/2023,1286.00000,@S,1,1,-212.50,25.2500,787.5000,-1125.0000,
