TRADE,28/01/2010 09:00:00,83.34375,28/01/2010 15:05:00,83.43750,@US,1,1,93.75,0.0938,312.5000,-250.0000,
TRADE,29/01/2010 10:00:00,83.56250,29/01/2010 15:05:00,84.09375,@US,1,1,531.25,0.1562,593.7500,-125.0000,
TRADE,04/02/2010 09:05:00,83.46875,04/02/2010 15:05:00,84.18750,@US,1,1,718.75,0.0938,781.2500,-93.7500,
TRADE,10/02/2010 07:20:00,83.81250,10/02/2010 12:10:00,82.68750,@US,1,1,-1125.00,0.1562,31.2500,-1031.2500,
TRADE,23/02/2010 09:10:00,82.37500,23/02/2010 15:05:00,83.06250,@US,1,1,687.50,0.5312,812.5000,-31.2500,
TRADE,12/03/2010 09:20:00,83.50000,12/03/2010 15:05:00,83.62500,@US,1,1,125.00,0.2188,375.0000,-156.2500,
TRADE,15/03/2010 09:05:00,83.46875,15/03/2010 15:05:00,83.53125,@US,1,1,62.50,0.1250,218.7500,-312.5000,
TRADE,09/04/2010 07:55:00,82.03125,09/04/2010 15:05:00,82.40625,@US,1,1,375.00,0.0938,468.7500,-281.2500,
TRADE,12/05/2010 07:20:00,87.09375,12/05/2010 15:05:00,86.84375,@US,1,1,-250.00,0.1562,375.0000,-281.2500,
TRADE,13/05/2010 08:30:00,87.34375,13/05/2010 15:05:00,87.43750,@US,1,1,93.75,0.1250,437.5000,-875.0000,
TRADE,01/06/2010 07:55:00,90.81250,01/06/2010 09:35:00,89.68750,@US,1,1,-1125.00,0.1562,125.0000,-1062.5000,
TRADE,04/06/2010 07:40:00,90.40625,04/06/2010 15:05:00,91.43750,@US,1,1,1031.25,1.0000,1187.5000,-93.7500,
TRADE,10/06/2010 10:50:00,90.62500,10/06/2010 15:05:00,89.78125,@US,1,1,-843.75,0.0938,125.0000,-937.5000,
TRADE,11/06/2010 08:00:00,90.59375,11/06/2010 15:05:00,91.09375,@US,1,1,500.00,0.2188,781.2500,-343.7500,
TRADE,15/06/2010 07:15:00,90.75000,15/06/2010 13:20:00,89.62500,@US,1,1,-1125.00,0.1875,125.0000,-968.7500,
TRADE,16/06/2010 07:40:00,90.96875,16/06/2010 15:05:00,90.53125,@US,1,1,-437.50,0.3125,31.2500,-1031.2500,
TRADE,17/06/2010 08:50:00,91.00000,17/06/2010 15:05:00,91.37500,@US,1,1,375.00,0.2188,718.7500,-218.7500,
TRADE,15/07/2010 08:35:00,94.03125,15/07/2010 15:05:00,94.71875,@US,1,1,687.50,0.1250,937.5000,-31.2500,
TRADE,23/07/2010 07:45:00,94.62500,23/07/2010 15:05:00,94.34375,@US,1,1,-281.25,0.1562,750.0000,-312.5000,
TRADE,27/08/2010 09:55:00,101.78125,27/08/2010 15:05:00,100.81250,@US,1,1,-968.75,0.1875,312.5000,-1093.7500,
TRADE,15/09/2010 09:35:00,100.00000,15/09/2010 15:05:00,99.18750,@US,1,1,-812.50,0.1562,31.2500,-968.7500,
TRADE,01/10/2010 08:15:00,101.53125,01/10/2010 15:05:00,101.96875,@US,1,1,437.50,0.1562,750.0000,-406.2500,
TRADE,05/10/2010 10:55:00,101.93750,05/10/2010 15:05:00,102.15625,@US,1,1,218.75,0.1875,468.7500,-62.5000,
TRADE,01/11/2010 07:05:00,99.90625,01/11/2010 15:05:00,99.15625,@US,1,1,-750.00,0.1562,500.0000,-937.5000,
TRADE,02/11/2010 07:30:00,99.78125,02/11/2010 15:05:00,100.15625,@US,1,1,375.00,0.2500,531.2500,-93.7500,
TRADE,04/11/2010 07:40:00,99.59375,04/11/2010 15:05:00,100.31250,@US,1,1,718.75,0.6250,1125.0000,-93.7500,
TRADE,05/11/2010 08:35:00,99.43750,05/11/2010 15:05:00,99.09375,@US,1,1,-343.75,0.1562,406.2500,-375.0000,
TRADE,08/11/2010 08:40:00,99.50000,08/11/2010 15:05:00,99.18750,@US,1,1,-312.50,0.1875,250.0000,-687.5000,
TRADE,22/11/2010 07:10:00,96.06250,22/11/2010 15:05:00,96.56250,@US,1,1,500.00,0.1250,875.0000,-62.5000,
TRADE,24/11/2010 07:55:00,95.93750,24/11/2010 15:05:00,95.06250,@US,1,1,-875.00,0.1562,187.5000,-1093.7500,
TRADE,25/11/2010 07:50:00,95.75000,29/11/2010 15:05:00,96.62500,@US,1,1,875.00,0.0625,1093.7500,-468.7500,
TRADE,21/12/2010 09:05:00,91.00000,21/12/2010 15:05:00,91.37500,@US,1,1,375.00,0.1875,406.2500,-562.5000,
TRADE,23/12/2010 07:30:00,90.75000,23/12/2010 15:05:00,90.56250,@US,1,1,-187.50,0.2188,187.5000,-500.0000,
TRADE,27/12/2010 08:00:00,90.59375,27/12/2010 15:05:00,91.40625,@US,1,1,812.50,0.1250,843.7500,-437.5000,
TRADE,30/12/2010 07:10:00,90.78125,30/12/2010 15:05:00,90.90625,@US,1,1,125.00,0.0625,406.2500,-375.0000,
TRADE,03/01/2011 07:55:00,90.90625,03/01/2011 15:05:00,91.46875,@US,1,1,562.50,0.1875,1093.7500,-437.5000,
TRADE,07/01/2011 10:30:00,90.81250,07/01/2011 15:05:00,90.93750,@US,1,1,125.00,0.2188,593.7500,-93.7500,
TRADE,19/01/2011 10:20:00,90.90625,19/01/2011 15:05:00,91.00000,@US,1,1,93.75,0.2188,187.5000,-375.0000,
TRADE,25/01/2011 10:50:00,90.68750,25/01/2011 15:05:00,91.40625,@US,1,1,718.75,0.1875,1125.0000,-31.2500,
TRADE,28/01/2011 09:10:00,90.53125,28/01/2011 15:05:00,91.31250,@US,1,1,781.25,0.1875,1125.0000,-62.5000,
TRADE,02/02/2011 08:05:00,90.50000,02/02/2011 12:35:00,89.37500,@US,1,1,-1125.00,0.0625,125.0000,-1000.0000,
TRADE,11/02/2011 09:05:00,88.56250,11/02/2011 15:05:00,88.56250,@US,1,1,0.00,0.3438,312.5000,-562.5000,
TRADE,14/02/2011 08:30:00,88.43750,14/02/2011 15:05:00,88.75000,@US,1,1,312.50,0.0938,718.7500,-93.7500,
TRADE,10/03/2011 07:40:00,90.84375,10/03/2011 15:05:00,92.28125,@US,1,1,1437.50,0.1875,1468.7500,-31.2500,
TRADE,21/03/2011 08:50:00,92.53125,21/03/2011 15:05:00,92.93750,@US,1,1,406.25,0.1562,656.2500,-93.7500,
TRADE,22/03/2011 09:20:00,92.96875,22/03/2011 15:05:00,93.09375,@US,1,1,125.00,0.1562,250.0000,-250.0000,
TRADE,31/03/2011 07:45:00,92.34375,31/03/2011 15:05:00,91.62500,@US,1,1,-718.75,0.0938,187.5000,-1062.5000,
TRADE,04/04/2011 07:45:00,92.03125,04/04/2011 15:05:00,92.03125,@US,1,1,0.00,0.0938,375.0000,-125.0000,
TRADE,05/04/2011 09:10:00,91.87500,05/04/2011 15:05:00,91.50000,@US,1,1,-375.00,0.2188,93.7500,-656.2500,
TRADE,12/04/2011 09:55:00,91.00000,12/04/2011 15:05:00,90.84375,@US,1,1,-156.25,0.1250,281.2500,-187.5000,
TRADE,13/04/2011 10:45:00,90.87500,13/04/2011 15:05:00,91.37500,@US,1,1,500.00,0.1875,562.5000,-62.5000,
TRADE,11/05/2011 07:15:00,95.09375,11/05/2011 15:05:00,95.81250,@US,1,1,718.75,0.0625,968.7500,-31.2500,
TRADE,19/05/2011 10:15:00,96.12500,19/05/2011 15:05:00,96.21875,@US,1,1,93.75,0.1875,125.0000,-406.2500,
TRADE,20/05/2011 08:30:00,96.09375,20/05/2011 15:05:00,96.43750,@US,1,1,343.75,0.0625,406.2500,-125.0000,
TRADE,24/05/2011 10:30:00,96.40625,24/05/2011 15:05:00,96.93750,@US,1,1,531.25,0.0625,625.0000,-31.2500,
TRADE,06/06/2011 09:10:00,97.62500,06/06/2011 15:05:00,97.84375,@US,1,1,218.75,0.1250,468.7500,-250.0000,
TRADE,13/06/2011 07:25:00,98.28125,13/06/2011 15:05:00,98.25000,@US,1,1,-31.25,0.0938,593.7500,-312.5000,
TRADE,15/06/2011 10:55:00,98.06250,15/06/2011 15:05:00,98.28125,@US,1,1,218.75,0.4062,375.0000,-156.2500,
TRADE,21/06/2011 11:00:00,98.43750,21/06/2011 15:05:00,98.34375,@US,1,1,-93.75,0.1562,343.7500,-281.2500,
TRADE,22/06/2011 09:45:00,98.43750,22/06/2011 15:05:00,98.28125,@US,1,1,-156.25,0.1250,312.5000,-468.7500,
TRADE,08/07/2011 07:35:00,96.56250,08/07/2011 15:05:00,97.65625,@US,1,1,1093.75,0.9062,1281.2500,-31.2500,
TRADE,20/07/2011 10:30:00,98.84375,20/07/2011 15:05:00,98.87500,@US,1,1,31.25,0.1250,281.2500,-156.2500,
TRADE,26/07/2011 09:15:00,98.56250,26/07/2011 15:05:00,98.50000,@US,1,1,-62.50,0.0938,281.2500,-281.2500,
TRADE,27/07/2011 07:45:00,98.53125,27/07/2011 15:05:00,98.50000,@US,1,1,-31.25,0.1250,187.5000,-625.0000,
TRADE,26/08/2011 08:35:00,111.28125,26/08/2011 15:05:00,110.96875,@US,1,1,-312.50,0.0938,562.5000,-1093.7500,
TRADE,30/08/2011 09:10:00,111.46875,30/08/2011 15:05:00,111.18750,@US,1,1,-281.25,0.2500,125.0000,-531.2500,
TRADE,01/09/2011 10:45:00,110.90625,01/09/2011 15:05:00,111.62500,@US,1,1,718.75,0.1875,812.5000,-62.5000,
TRADE,14/09/2011 09:25:00,114.65625,14/09/2011 15:05:00,114.71875,@US,1,1,62.50,0.6250,312.5000,-593.7500,
TRADE,30/09/2011 08:10:00,116.84375,30/09/2011 15:05:00,117.06250,@US,1,1,218.75,0.3125,437.5000,-718.7500,
TRADE,06/10/2011 08:05:00,117.15625,06/10/2011 15:05:00,116.37500,@US,1,1,-781.25,0.1875,625.0000,-843.7500,
TRADE,18/10/2011 08:00:00,114.09375,18/10/2011 14:15:00,112.96875,@US,1,1,-1125.00,0.1875,500.0000,-1031.2500,
TRADE,20/10/2011 08:20:00,113.53125,20/10/2011 15:05:00,112.96875,@US,1,1,-562.50,0.1875,593.7500,-812.5000,
TRADE,25/10/2011 09:10:00,113.15625,25/10/2011 15:05:00,114.31250,@US,1,1,1156.25,0.2500,1281.2500,-156.2500,
TRADE,31/10/2011 09:25:00,112.43750,31/10/2011 15:05:00,113.84375,@US,1,1,1406.25,0.1250,1437.5000,-125.0000,
TRADE,14/11/2011 08:25:00,115.43750,14/11/2011 15:05:00,115.90625,@US,1,1,468.75,0.1562,718.7500,-250.0000,
TRADE,08/12/2011 09:05:00,115.93750,08/12/2011 15:05:00,116.90625,@US,1,1,968.75,0.1562,1093.7500,-31.2500,
TRADE,13/12/2011 09:05:00,115.78125,13/12/2011 15:05:00,117.18750,@US,1,1,1406.25,0.2500,1750.0000,-187.5000,
TRADE,22/12/2011 08:00:00,118.12500,22/12/2011 15:05:00,117.59375,@US,1,1,-531.25,0.0938,187.5000,-656.2500,
TRADE,28/12/2011 10:35:00,118.25000,28/12/2011 15:05:00,118.46875,@US,1,1,218.75,0.0938,562.5000,-187.5000,
TRADE,29/12/2011 09:15:00,118.28125,29/12/2011 15:05:00,118.78125,@US,1,1,500.00,0.1562,687.5000,-187.5000,
TRADE,09/01/2012 09:55:00,117.62500,09/01/2012 15:05:00,117.18750,@US,1,1,-437.50,0.1875,375.0000,-562.5000,
TRADE,11/01/2012 07:30:00,117.75000,11/01/2012 15:05:00,118.18750,@US,1,1,437.50,0.3750,687.5000,-281.2500,
TRADE,27/01/2012 07:55:00,117.00000,27/01/2012 15:05:00,117.62500,@US,1,1,625.00,0.2188,812.5000,-218.7500,
TRADE,14/02/2012 07:10:00,117.09375,14/02/2012 15:05:00,117.46875,@US,1,1,375.00,0.1562,781.2500,-187.5000,
TRADE,02/03/2012 09:00:00,116.90625,02/03/2012 15:05:00,116.96875,@US,1,1,62.50,0.1250,406.2500,-62.5000,
TRADE,05/03/2012 08:50:00,117.09375,05/03/2012 15:05:00,116.56250,@US,1,1,-531.25,0.0938,218.7500,-593.7500,
TRADE,06/03/2012 07:05:00,117.15625,06/03/2012 15:05:00,117.56250,@US,1,1,406.25,0.0625,843.7500,-250.0000,
TRADE,07/03/2012 07:45:00,117.31250,07/03/2012 15:05:00,117.15625,@US,1,1,-156.25,0.1562,281.2500,-343.7500,
TRADE,22/03/2012 07:05:00,112.93750,22/03/2012 15:05:00,112.75000,@US,1,1,-187.50,0.0938,93.7500,-687.5000,
TRADE,05/04/2012 09:20:00,113.68750,05/04/2012 15:05:00,114.03125,@US,1,1,343.75,0.1562,468.7500,-156.2500,
TRADE,06/04/2012 07:40:00,114.96875,09/04/2012 15:05:00,116.15625,@US,1,1,1187.50,0.0625,1531.2500,-62.5000,
TRADE,03/05/2012 09:10:00,118.34375,03/05/2012 15:05:00,118.56250,@US,1,1,218.75,0.1562,343.7500,-31.2500,
TRADE,04/05/2012 07:45:00,118.37500,04/05/2012 15:05:00,119.43750,@US,1,1,1062.50,0.2188,1093.7500,0.0000,
TRADE,24/05/2012 10:30:00,122.93750,24/05/2012 15:05:00,123.03125,@US,1,1,93.75,0.1250,343.7500,-93.7500,
TRADE,06/06/2012 10:25:00,125.56250,06/06/2012 15:05:00,124.68750,@US,1,1,-875.00,0.1250,0.0000,-875.0000,
TRADE,15/06/2012 07:05:00,125.37500,15/06/2012 15:05:00,125.93750,@US,1,1,562.50,0.1250,906.2500,-31.2500,
TRADE,25/06/2012 07:30:00,125.37500,25/06/2012 15:05:00,125.50000,@US,1,1,125.00,0.3125,281.2500,-218.7500,
TRADE,26/06/2012 07:20:00,125.34375,26/06/2012 15:05:00,125.09375,@US,1,1,-250.00,0.1250,218.7500,-656.2500,
TRADE,27/06/2012 08:05:00,125.34375,27/06/2012 15:05:00,125.25000,@US,1,1,-93.75,0.1250,93.7500,-562.5000,
TRADE,02/07/2012 09:10:00,125.56250,02/07/2012 15:05:00,125.62500,@US,1,1,62.50,0.7500,750.0000,-62.5000,
TRADE,03/07/2012 09:20:00,125.21875,03/07/2012 15:05:00,124.75000,@US,1,1,-468.75,0.0938,156.2500,-656.2500,
TRADE,05/07/2012 07:50:00,125.46875,05/07/2012 15:05:00,125.18750,@US,1,1,-281.25,0.3125,93.7500,-750.0000,
TRADE,19/07/2012 09:45:00,127.34375,19/07/2012 15:05:00,126.90625,@US,1,1,-437.50,0.1250,31.2500,-625.0000,
TRADE,02/08/2012 10:45:00,128.06250,02/08/2012 15:05:00,127.59375,@US,1,1,-468.75,0.2812,312.5000,-562.5000,
TRADE,07/09/2012 08:35:00,126.21875,07/09/2012 12:00:00,125.09375,@US,1,1,-1125.00,0.4062,31.2500,-1093.7500,
TRADE,20/09/2012 10:55:00,122.53125,20/09/2012 15:05:00,122.15625,@US,1,1,-375.00,0.1562,31.2500,-718.7500,
TRADE,21/09/2012 10:05:00,122.18750,21/09/2012 15:05:00,122.43750,@US,1,1,250.00,0.1250,312.5000,-187.5000,
TRADE,04/10/2012 08:35:00,124.65625,04/10/2012 15:05:00,124.15625,@US,1,1,-500.00,0.1250,250.0000,-625.0000,
TRADE,16/10/2012 07:10:00,124.09375,16/10/2012 15:05:00,123.50000,@US,1,1,-593.75,0.1562,125.0000,-687.5000,
TRADE,23/10/2012 10:40:00,123.34375,23/10/2012 15:05:00,123.34375,@US,1,1,0.00,0.1250,62.5000,-281.2500,
TRADE,02/11/2012 09:20:00,123.40625,02/11/2012 15:05:00,123.96875,@US,1,1,562.50,0.1250,562.5000,0.0000,
TRADE,19/11/2012 07:45:00,126.84375,19/11/2012 15:05:00,126.81250,@US,1,1,-31.25,0.0625,93.7500,-343.7500,
TRADE,26/11/2012 10:15:00,126.50000,26/11/2012 15:05:00,125.87500,@US,1,1,-625.00,0.0625,31.2500,-656.2500,
TRADE,03/12/2012 07:15:00,126.09375,03/12/2012 15:05:00,126.46875,@US,1,1,375.00,0.0625,406.2500,-375.0000,
TRADE,21/12/2012 09:10:00,124.28125,21/12/2012 15:05:00,124.06250,@US,1,1,-218.75,0.1250,31.2500,-375.0000,
TRADE,27/12/2012 07:25:00,123.93750,27/12/2012 15:05:00,124.68750,@US,1,1,750.00,0.0938,1312.5000,-125.0000,
TRADE,17/01/2013 09:50:00,122.06250,17/01/2013 15:05:00,121.90625,@US,1,1,-156.25,0.1250,93.7500,-500.0000,
TRADE,18/01/2013 07:30:00,122.18750,18/01/2013 15:05:00,122.56250,@US,1,1,375.00,0.1875,468.7500,-93.7500,
TRADE,22/01/2013 07:20:00,122.25000,22/01/2013 15:05:00,122.75000,@US,1,1,500.00,0.0938,593.7500,-218.7500,
TRADE,24/01/2013 08:15:00,122.50000,24/01/2013 15:05:00,122.37500,@US,1,1,-125.00,0.1562,125.0000,-531.2500,
TRADE,06/02/2013 07:15:00,120.09375,06/02/2013 15:05:00,120.28125,@US,1,1,187.50,0.1562,250.0000,-406.2500,
TRADE,07/02/2013 07:05:00,120.00000,07/02/2013 15:05:00,120.21875,@US,1,1,218.75,0.0625,875.0000,-62.5000,
TRADE,08/02/2013 08:55:00,119.96875,08/02/2013 15:05:00,120.40625,@US,1,1,437.50,0.1250,531.2500,-250.0000,
TRADE,12/02/2013 08:05:00,120.06250,12/02/2013 15:05:00,120.06250,@US,1,1,0.00,0.2500,250.0000,-187.5000,
TRADE,18/02/2013 08:40:00,120.06250,19/02/2013 15:05:00,119.68750,@US,1,1,-375.00,0.0625,437.5000,-437.5000,
TRADE,20/02/2013 10:40:00,120.00000,20/02/2013 15:05:00,119.93750,@US,1,1,-62.50,0.2188,93.7500,-562.5000,
TRADE,25/02/2013 08:40:00,120.09375,25/02/2013 15:05:00,122.59375,@US,1,1,2500.00,0.0938,2500.0000,-31.2500,
TRADE,05/03/2013 07:05:00,121.84375,05/03/2013 15:05:00,121.84375,@US,1,1,0.00,0.0938,187.5000,-312.5000,
TRADE,15/03/2013 09:20:00,120.09375,15/03/2013 15:05:00,120.12500,@US,1,1,31.25,0.1250,156.2500,-218.7500,
TRADE,11/04/2013 08:30:00,124.31250,11/04/2013 15:05:00,124.37500,@US,1,1,62.50,0.0938,281.2500,-156.2500,
TRADE,06/06/2013 08:30:00,119.81250,06/06/2013 15:05:00,120.21875,@US,1,1,406.25,0.1875,1812.5000,-281.2500,
TRADE,07/06/2013 08:15:00,119.75000,07/06/2013 15:00:00,118.62500,@US,1,1,-1125.00,0.1875,187.5000,-1093.7500,
TRADE,19/06/2013 09:05:00,118.75000,19/06/2013 13:05:00,117.62500,@US,1,1,-1125.00,0.0625,156.2500,-718.7500,
TRADE,01/07/2013 09:10:00,114.81250,01/07/2013 15:05:00,115.06250,@US,1,1,250.00,0.4688,312.5000,-156.2500,
TRADE,15/07/2013 07:50:00,113.40625,15/07/2013 15:05:00,113.93750,@US,1,1,531.25,0.2500,562.5000,-93.7500,
TRADE,23/07/2013 07:45:00,114.12500,23/07/2013 15:05:00,114.43750,@US,1,1,312.50,0.0938,437.5000,-218.7500,
TRADE,07/08/2013 10:10:00,112.78125,07/08/2013 15:05:00,113.06250,@US,1,1,281.25,0.0938,500.0000,-62.5000,
TRADE,23/08/2013 09:25:00,110.68750,23/08/2013 15:05:00,110.96875,@US,1,1,281.25,0.3125,531.2500,-93.7500,
TRADE,13/09/2013 07:10:00,110.12500,13/09/2013 15:05:00,110.53125,@US,1,1,406.25,0.1562,593.7500,0.0000,
TRADE,18/09/2013 10:00:00,110.25000,18/09/2013 15:05:00,112.50000,@US,1,1,2250.00,0.0938,2781.2500,-31.2500,
TRADE,04/10/2013 08:35:00,113.81250,04/10/2013 15:05:00,113.65625,@US,1,1,-156.25,0.0625,93.7500,-437.5000,
TRADE,08/10/2013 08:45:00,113.87500,08/10/2013 15:05:00,114.00000,@US,1,1,125.00,0.0625,375.0000,-250.0000,
TRADE,09/10/2013 07:10:00,113.90625,09/10/2013 15:05:00,113.46875,@US,1,1,-437.50,0.0938,0.0000,-562.5000,
TRADE,11/10/2013 07:45:00,113.78125,11/10/2013 15:05:00,113.34375,@US,1,1,-437.50,0.1250,250.0000,-531.2500,
TRADE,31/10/2013 07:30:00,115.62500,31/10/2013 15:05:00,115.28125,@US,1,1,-343.75,0.0938,250.0000,-718.7500,
TRADE,14/11/2013 10:00:00,113.15625,14/11/2013 15:05:00,113.18750,@US,1,1,31.25,0.1250,375.0000,-437.5000,
TRADE,15/11/2013 10:00:00,113.03125,15/11/2013 15:05:00,113.18750,@US,1,1,156.25,0.0938,218.7500,-62.5000,
TRADE,20/11/2013 07:25:00,112.84375,20/11/2013 13:45:00,111.71875,@US,1,1,-1125.00,0.0938,500.0000,-1093.7500,
TRADE,25/11/2013 09:00:00,112.78125,25/11/2013 15:05:00,112.68750,@US,1,1,-93.75,0.1250,93.7500,-250.0000,
TRADE,26/11/2013 08:30:00,112.81250,26/11/2013 15:05:00,113.03125,@US,1,1,218.75,0.1250,500.0000,-62.5000,
TRADE,27/11/2013 10:10:00,112.71875,27/11/2013 15:05:00,112.71875,@US,1,1,0.00,0.0938,125.0000,-500.0000,
TRADE,28/11/2013 08:20:00,112.62500,02/12/2013 15:05:00,111.81250,@US,1,1,-812.50,0.0312,218.7500,-968.7500,
TRADE,03/12/2013 10:40:00,112.40625,03/12/2013 15:05:00,112.06250,@US,1,1,-343.75,0.1250,62.5000,-375.0000,
TRADE,11/12/2013 09:25:00,111.78125,11/12/2013 15:05:00,111.56250,@US,1,1,-218.75,0.0938,375.0000,-281.2500,
TRADE,13/12/2013 07:40:00,111.62500,13/12/2013 15:05:00,111.65625,@US,1,1,31.25,0.1875,218.7500,-250.0000,
TRADE,17/12/2013 09:00:00,111.53125,17/12/2013 15:05:00,111.93750,@US,1,1,406.25,0.0938,468.7500,-125.0000,
TRADE,20/12/2013 08:25:00,111.78125,20/12/2013 15:05:00,112.15625,@US,1,1,375.00,0.3125,500.0000,-156.2500,
TRADE,06/01/2014 08:05:00,110.90625,06/01/2014 15:05:00,110.96875,@US,1,1,62.50,0.0312,468.7500,-125.0000,
TRADE,08/01/2014 07:55:00,110.75000,08/01/2014 15:05:00,110.84375,@US,1,1,93.75,0.0625,125.0000,-375.0000,
TRADE,06/02/2014 07:20:00,115.46875,06/02/2014 15:05:00,115.06250,@US,1,1,-406.25,0.0938,156.2500,-562.5000,
TRADE,07/02/2014 07:40:00,115.75000,07/02/2014 15:05:00,115.28125,@US,1,1,-468.75,1.5312,93.7500,-812.5000,
TRADE,18/02/2014 08:20:00,115.06250,18/02/2014 15:05:00,115.31250,@US,1,1,250.00,0.1250,593.7500,-31.2500,
TRADE,24/02/2014 09:25:00,115.03125,24/02/2014 15:05:00,114.90625,@US,1,1,-125.00,0.0312,31.2500,-343.7500,
TRADE,05/03/2014 09:50:00,116.06250,05/03/2014 15:05:00,116.06250,@US,1,1,0.00,0.0938,125.0000,-187.5000,
TRADE,12/03/2014 08:55:00,115.75000,12/03/2014 15:05:00,115.68750,@US,1,1,-62.50,0.2188,93.7500,-281.2500,
TRADE,13/03/2014 09:15:00,115.59375,13/03/2014 15:05:00,116.93750,@US,1,1,1343.75,0.0625,1406.2500,0.0000,
TRADE,24/03/2014 09:20:00,116.25000,24/03/2014 15:05:00,116.71875,@US,1,1,468.75,0.0625,625.0000,-62.5000,
TRADE,25/03/2014 08:25:00,116.37500,25/03/2014 15:05:00,116.43750,@US,1,1,62.50,0.0625,343.7500,-187.5000,
TRADE,26/03/2014 07:40:00,116.43750,26/03/2014 15:05:00,117.21875,@US,1,1,781.25,0.2812,781.2500,-93.7500,
TRADE,31/03/2014 09:00:00,116.65625,31/03/2014 15:05:00,116.68750,@US,1,1,31.25,0.2500,125.0000,-625.0000,
TRADE,04/04/2014 10:25:00,116.50000,04/04/2014 15:05:00,116.46875,@US,1,1,-31.25,0.0625,125.0000,-156.2500,
TRADE,21/04/2014 08:40:00,117.75000,21/04/2014 15:05:00,117.37500,@US,1,1,-375.00,0.0938,125.0000,-500.0000,
TRADE,23/04/2014 08:20:00,117.90625,23/04/2014 15:05:00,118.03125,@US,1,1,125.00,0.0625,187.5000,-250.0000,
TRADE,24/04/2014 08:55:00,117.96875,24/04/2014 15:05:00,118.09375,@US,1,1,125.00,0.2188,187.5000,-312.5000,
TRADE,30/04/2014 07:40:00,118.06250,30/04/2014 15:05:00,118.37500,@US,1,1,312.50,0.5625,437.5000,-281.2500,
TRADE,13/05/2014 08:30:00,119.40625,13/05/2014 15:05:00,119.59375,@US,1,1,187.50,0.0938,218.7500,-93.7500,
TRADE,21/05/2014 08:10:00,120.21875,21/05/2014 15:05:00,120.28125,@US,1,1,62.50,0.1250,93.7500,-375.0000,
TRADE,22/05/2014 07:40:00,120.34375,22/05/2014 15:05:00,120.06250,@US,1,1,-281.25,0.2812,31.2500,-500.0000,
TRADE,23/05/2014 08:10:00,120.50000,23/05/2014 15:05:00,120.53125,@US,1,1,31.25,0.0938,218.7500,-156.2500,
TRADE,27/05/2014 08:20:00,120.65625,27/05/2014 15:05:00,120.93750,@US,1,1,281.25,0.1250,343.7500,-468.7500,
TRADE,02/06/2014 08:40:00,120.93750,02/06/2014 15:05:00,120.71875,@US,1,1,-218.75,0.0938,468.7500,-500.0000,
TRADE,13/06/2014 08:05:00,119.65625,13/06/2014 15:05:00,120.06250,@US,1,1,406.25,0.1250,718.7500,-218.7500,
TRADE,18/06/2014 08:00:00,119.71875,18/06/2014 15:05:00,120.25000,@US,1,1,531.25,0.0625,750.0000,-281.2500,
TRADE,24/06/2014 07:05:00,119.87500,24/06/2014 15:05:00,120.46875,@US,1,1,593.75,0.0625,625.0000,-125.0000,
TRADE,08/07/2014 07:40:00,120.46875,08/07/2014 15:05:00,120.96875,@US,1,1,500.00,0.1250,593.7500,-62.5000,
TRADE,24/07/2014 08:45:00,122.15625,24/07/2014 15:05:00,122.09375,@US,1,1,-62.50,0.0938,62.5000,-218.7500,
TRADE,25/07/2014 07:25:00,122.34375,25/07/2014 15:05:00,123.00000,@US,1,1,656.25,0.0938,687.5000,-62.5000,
TRADE,01/08/2014 11:00:00,122.56250,01/08/2014 15:05:00,122.43750,@US,1,1,-125.00,0.2188,125.0000,-375.0000,
TRADE,04/08/2014 07:05:00,122.43750,04/08/2014 15:05:00,122.40625,@US,1,1,-31.25,0.0938,343.7500,-125.0000,
TRADE,05/08/2014 07:15:00,122.37500,05/08/2014 15:05:00,122.62500,@US,1,1,250.00,0.0312,406.2500,-531.2500,
TRADE,13/08/2014 07:40:00,123.25000,13/08/2014 15:05:00,123.75000,@US,1,1,500.00,0.3125,593.7500,-93.7500,
TRADE,20/08/2014 07:20:00,124.06250,20/08/2014 15:05:00,123.93750,@US,1,1,-125.00,0.0312,218.7500,-437.5000,
TRADE,21/08/2014 08:40:00,124.06250,21/08/2014 15:05:00,124.40625,@US,1,1,343.75,0.1250,500.0000,-62.5000,
TRADE,22/08/2014 10:00:00,124.18750,22/08/2014 15:05:00,124.71875,@US,1,1,531.25,0.1250,625.0000,-31.2500,
TRADE,21/10/2014 07:35:00,128.40625,21/10/2014 15:05:00,128.15625,@US,1,1,-250.00,0.1250,250.0000,-312.5000,
TRADE,22/10/2014 07:45:00,128.59375,22/10/2014 15:05:00,128.15625,@US,1,1,-437.50,0.3438,31.2500,-781.2500,
TRADE,04/11/2014 07:10:00,127.31250,04/11/2014 15:05:00,127.00000,@US,1,1,-312.50,0.0938,281.2500,-468.7500,
TRADE,07/11/2014 09:30:00,127.09375,07/11/2014 15:05:00,127.56250,@US,1,1,468.75,0.2812,500.0000,-31.2500,
TRADE,13/11/2014 07:25:00,126.90625,13/11/2014 15:05:00,126.93750,@US,1,1,31.25,0.1250,281.2500,-281.2500,
TRADE,14/11/2014 07:20:00,126.90625,14/11/2014 15:05:00,127.34375,@US,1,1,437.50,0.0938,593.7500,-343.7500,
TRADE,17/11/2014 09:50:00,127.00000,17/11/2014 15:05:00,127.12500,@US,1,1,125.00,0.0938,187.5000,-93.7500,
TRADE,19/11/2014 07:20:00,127.09375,19/11/2014 15:05:00,126.81250,@US,1,1,-281.25,0.0625,312.5000,-375.0000,
TRADE,04/12/2014 08:00:00,128.84375,04/12/2014 15:05:00,129.28125,@US,1,1,437.50,0.1875,437.5000,-593.7500,
TRADE,05/12/2014 08:35:00,128.96875,05/12/2014 15:05:00,128.65625,@US,1,1,-312.50,0.1562,31.2500,-781.2500,
TRADE,08/12/2014 08:10:00,128.96875,08/12/2014 15:05:00,129.62500,@US,1,1,656.25,0.0938,968.7500,-187.5000,
TRADE,29/12/2014 10:10:00,131.40625,29/12/2014 15:05:00,131.18750,@US,1,1,-218.75,0.1875,31.2500,-656.2500,
TRADE,22/01/2015 08:25:00,136.46875,22/01/2015 15:05:00,135.87500,@US,1,1,-593.75,0.6875,562.5000,-1000.0000,
TRADE,26/01/2015 10:35:00,136.78125,26/01/2015 15:05:00,136.78125,@US,1,1,0.00,0.0938,562.5000,-156.2500,
TRADE,28/01/2015 08:00:00,136.90625,28/01/2015 15:05:00,138.25000,@US,1,1,1343.75,0.0938,1812.5000,-125.0000,
TRADE,24/02/2015 09:25:00,132.53125,24/02/2015 15:05:00,133.46875,@US,1,1,937.50,0.4375,1093.7500,-437.5000,
TRADE,11/03/2015 09:45:00,130.25000,11/03/2015 15:05:00,130.96875,@US,1,1,718.75,0.1562,968.7500,-250.0000,
TRADE,26/03/2015 09:20:00,134.90625,26/03/2015 14:00:00,133.78125,@US,1,1,-1125.00,0.1875,125.0000,-1093.7500,
TRADE,27/03/2015 08:55:00,135.21875,27/03/2015 15:05:00,135.75000,@US,1,1,531.25,0.2500,718.7500,-187.5000,
TRADE,30/03/2015 07:50:00,135.50000,30/03/2015 15:05:00,135.06250,@US,1,1,-437.50,0.1562,218.7500,-781.2500,
TRADE,31/03/2015 09:55:00,135.53125,31/03/2015 15:05:00,135.43750,@US,1,1,-93.75,0.1250,93.7500,-531.2500,
TRADE,08/04/2015 07:15:00,136.06250,08/04/2015 15:05:00,136.28125,@US,1,1,218.75,0.1250,593.7500,-937.5000,
TRADE,14/04/2015 07:40:00,136.28125,14/04/2015 15:05:00,135.93750,@US,1,1,-343.75,0.8438,1000.0000,-531.2500,
TRADE,15/04/2015 08:00:00,135.75000,15/04/2015 15:05:00,135.78125,@US,1,1,31.25,0.3125,812.5000,-250.0000,
TRADE,17/04/2015 09:15:00,135.65625,17/04/2015 15:05:00,136.71875,@US,1,1,1062.50,0.1875,1406.2500,-500.0000,
TRADE,21/04/2015 08:45:00,135.59375,21/04/2015 15:05:00,134.90625,@US,1,1,-687.50,0.2812,93.7500,-906.2500,
TRADE,15/05/2015 09:10:00,126.00000,15/05/2015 15:05:00,126.90625,@US,1,1,906.25,0.2500,1312.5000,-31.2500,
TRADE,21/05/2015 09:10:00,125.12500,21/05/2015 15:05:00,125.65625,@US,1,1,531.25,0.3750,812.5000,-343.7500,
TRADE,18/06/2015 08:40:00,123.21875,18/06/2015 15:05:00,123.25000,@US,1,1,31.25,0.2500,156.2500,-1031.2500,
TRADE,29/06/2015 07:15:00,123.06250,29/06/2015 15:05:00,124.03125,@US,1,1,968.75,0.2188,1437.5000,-843.7500,
TRADE,02/07/2015 08:20:00,122.68750,02/07/2015 15:05:00,122.21875,@US,1,1,-468.75,0.3125,218.7500,-656.2500,
TRADE,16/07/2015 09:50:00,124.03125,16/07/2015 15:05:00,124.50000,@US,1,1,468.75,0.2812,593.7500,-93.7500,
TRADE,05/08/2015 10:05:00,128.59375,05/08/2015 15:05:00,128.71875,@US,1,1,125.00,0.0625,406.2500,-250.0000,
TRADE,06/08/2015 07:05:00,128.65625,06/08/2015 15:05:00,129.90625,@US,1,1,1250.00,0.0938,1437.5000,-218.7500,
TRADE,14/08/2015 08:50:00,130.59375,14/08/2015 15:05:00,131.12500,@US,1,1,531.25,0.0938,1031.2500,-62.5000,
TRADE,18/08/2015 08:15:00,131.15625,18/08/2015 15:05:00,130.71875,@US,1,1,-437.50,0.1250,281.2500,-625.0000,
TRADE,19/08/2015 10:25:00,131.31250,19/08/2015 15:05:00,131.96875,@US,1,1,656.25,0.1562,875.0000,-375.0000,
TRADE,25/08/2015 08:05:00,132.21875,25/08/2015 10:15:00,131.09375,@US,1,1,-1125.00,0.2188,31.2500,-1031.2500,
TRADE,04/09/2015 07:10:00,129.84375,04/09/2015 15:05:00,130.25000,@US,1,1,406.25,0.1250,718.7500,-531.2500,
TRADE,08/09/2015 07:10:00,129.53125,08/09/2015 12:10:00,128.40625,@US,1,1,-1125.00,0.1250,62.5000,-1093.7500,
TRADE,11/09/2015 07:45:00,129.25000,11/09/2015 15:05:00,129.06250,@US,1,1,-187.50,0.2188,437.5000,-281.2500,
TRADE,06/10/2015 07:35:00,131.84375,06/10/2015 15:05:00,132.21875,@US,1,1,375.00,0.1875,625.0000,-625.0000,
TRADE,07/10/2015 10:20:00,132.06250,07/10/2015 15:05:00,131.90625,@US,1,1,-156.25,0.1250,156.2500,-406.2500,
TRADE,08/10/2015 09:30:00,132.25000,08/10/2015 13:55:00,131.12500,@US,1,1,-1125.00,0.1250,62.5000,-937.5000,
TRADE,12/10/2015 08:20:00,132.15625,12/10/2015 15:05:00,132.31250,@US,1,1,156.25,0.1562,312.5000,-250.0000,
TRADE,13/10/2015 09:20:00,132.15625,13/10/2015 15:05:00,132.56250,@US,1,1,406.25,0.2188,468.7500,-218.7500,
TRADE,19/10/2015 10:00:00,132.56250,19/10/2015 15:05:00,132.84375,@US,1,1,281.25,0.1562,406.2500,-500.0000,
TRADE,21/10/2015 09:10:00,132.71875,21/10/2015 15:05:00,132.96875,@US,1,1,250.00,0.1875,500.0000,-31.2500,
TRADE,22/10/2015 08:20:00,132.93750,22/10/2015 15:05:00,132.96875,@US,1,1,31.25,0.3438,625.0000,-625.0000,
TRADE,13/11/2015 07:40:00,127.84375,13/11/2015 15:05:00,128.00000,@US,1,1,156.25,0.5000,312.5000,-437.5000,
TRADE,17/11/2015 08:40:00,127.50000,17/11/2015 15:05:00,128.28125,@US,1,1,781.25,0.1562,1125.0000,-437.5000,
TRADE,07/12/2015 08:45:00,130.12500,07/12/2015 15:05:00,130.90625,@US,1,1,781.25,0.3125,1468.7500,-125.0000,
TRADE,09/12/2015 07:30:00,130.50000,09/12/2015 15:05:00,131.09375,@US,1,1,593.75,0.1562,1156.2500,-875.0000,
TRADE,17/12/2015 10:00:00,131.18750,17/12/2015 15:05:00,131.68750,@US,1,1,500.00,0.2500,656.2500,-187.5000,
TRADE,22/12/2015 08:15:00,131.62500,22/12/2015 15:05:00,131.21875,@US,1,1,-406.25,0.1250,93.7500,-750.0000,
TRADE,28/12/2015 07:30:00,131.37500,28/12/2015 15:05:00,131.34375,@US,1,1,-31.25,0.1250,593.7500,-312.5000,
TRADE,04/01/2016 07:40:00,130.71875,04/01/2016 15:05:00,130.28125,@US,1,1,-437.50,0.2188,593.7500,-625.0000,
TRADE,22/01/2016 07:15:00,134.50000,22/01/2016 15:05:00,134.75000,@US,1,1,250.00,0.1562,500.0000,-437.5000,
TRADE,27/01/2016 08:30:00,135.37500,27/01/2016 15:05:00,135.78125,@US,1,1,406.25,0.1250,656.2500,-531.2500,
TRADE,28/01/2016 08:45:00,135.56250,28/01/2016 15:05:00,135.93750,@US,1,1,375.00,0.3438,593.7500,-312.5000,
TRADE,16/02/2016 07:10:00,141.62500,16/02/2016 15:05:00,141.37500,@US,1,1,-250.00,0.2188,406.2500,-687.5000,
TRADE,19/02/2016 07:25:00,142.37500,19/02/2016 15:05:00,142.34375,@US,1,1,-31.25,0.1875,625.0000,-812.5000,
TRADE,22/02/2016 08:10:00,142.28125,22/02/2016 15:05:00,142.18750,@US,1,1,-93.75,0.1250,187.5000,-312.5000,
TRADE,23/02/2016 09:55:00,142.31250,23/02/2016 15:05:00,142.59375,@US,1,1,281.25,0.4062,687.5000,0.0000,
TRADE,09/03/2016 09:15:00,140.62500,09/03/2016 15:05:00,140.34375,@US,1,1,-281.25,0.1875,156.2500,-750.0000,
TRADE,10/03/2016 07:15:00,140.50000,10/03/2016 09:55:00,139.37500,@US,1,1,-1125.00,0.2188,500.0000,-718.7500,
TRADE,17/03/2016 08:40:00,139.59375,17/03/2016 15:05:00,139.87500,@US,1,1,281.25,0.0938,812.5000,0.0000,
TRADE,21/03/2016 07:55:00,139.59375,21/03/2016 15:05:00,139.15625,@US,1,1,-437.50,0.0938,93.7500,-750.0000,
TRADE,23/03/2016 09:00:00,139.37500,23/03/2016 15:05:00,140.50000,@US,1,1,1125.00,0.0938,1437.5000,-218.7500,
TRADE,30/03/2016 09:45:00,140.25000,30/03/2016 15:05:00,140.81250,@US,1,1,562.50,0.1875,843.7500,-312.5000,
TRADE,12/04/2016 09:15:00,142.75000,12/04/2016 15:05:00,142.43750,@US,1,1,-312.50,0.0938,343.7500,-656.2500,
TRADE,15/04/2016 08:05:00,143.06250,15/04/2016 15:05:00,143.31250,@US,1,1,250.00,0.1875,687.5000,-312.5000,
TRADE,20/04/2016 09:45:00,142.90625,20/04/2016 11:50:00,141.78125,@US,1,1,-1125.00,0.2812,156.2500,-1093.7500,
TRADE,29/04/2016 10:50:00,140.15625,29/04/2016 15:05:00,140.50000,@US,1,1,343.75,0.1875,562.5000,-437.5000,
TRADE,02/05/2016 08:30:00,139.93750,02/05/2016 15:05:00,139.25000,@US,1,1,-687.50,0.1875,250.0000,-718.7500,
TRADE,17/05/2016 07:50:00,142.90625,17/05/2016 15:05:00,142.87500,@US,1,1,-31.25,0.1562,562.5000,-62.5000,
TRADE,27/05/2016 08:05:00,141.65625,27/05/2016 15:05:00,141.18750,@US,1,1,-468.75,0.1562,31.2500,-593.7500,
TRADE,31/05/2016 10:20:00,141.37500,31/05/2016 15:05:00,141.71875,@US,1,1,343.75,0.1250,562.5000,-62.5000,
TRADE,26/07/2016 07:55:00,150.62500,26/07/2016 15:05:00,150.31250,@US,1,1,-312.50,0.0938,312.5000,-812.5000,
TRADE,04/08/2016 07:05:00,151.21875,04/08/2016 15:05:00,151.65625,@US,1,1,437.50,0.1562,1187.5000,-156.2500,
TRADE,22/08/2016 10:00:00,150.71875,22/08/2016 15:05:00,150.84375,@US,1,1,125.00,0.1875,375.0000,-62.5000,
TRADE,24/08/2016 09:35:00,150.59375,24/08/2016 15:05:00,150.81250,@US,1,1,218.75,0.1250,625.0000,-125.0000,
TRADE,25/08/2016 09:45:00,150.53125,25/08/2016 15:05:00,150.18750,@US,1,1,-343.75,0.1875,218.7500,-468.7500,
TRADE,26/08/2016 09:15:00,150.59375,26/08/2016 13:00:00,149.46875,@US,1,1,-1125.00,0.4375,1093.7500,-1031.2500,
TRADE,30/08/2016 08:25:00,150.40625,30/08/2016 15:05:00,150.28125,@US,1,1,-125.00,0.1562,125.0000,-343.7500,
TRADE,31/08/2016 08:10:00,150.46875,31/08/2016 15:05:00,150.28125,@US,1,1,-187.50,0.3125,218.7500,-593.7500,
TRADE,01/09/2016 10:45:00,150.46875,01/09/2016 15:05:00,150.59375,@US,1,1,125.00,0.1875,406.2500,-125.0000,
TRADE,06/09/2016 09:10:00,150.28125,06/09/2016 15:05:00,150.65625,@US,1,1,375.00,0.7812,781.2500,-62.5000,
TRADE,08/09/2016 08:40:00,150.28125,08/09/2016 10:25:00,149.15625,@US,1,1,-1125.00,0.4375,125.0000,-1000.0000,
TRADE,20/09/2016 09:05:00,146.50000,20/09/2016 15:05:00,146.00000,@US,1,1,-500.00,0.0938,250.0000,-687.5000,
TRADE,19/10/2016 07:15:00,144.31250,19/10/2016 15:05:00,144.50000,@US,1,1,187.50,0.0938,531.2500,-500.0000,
TRADE,20/10/2016 08:05:00,144.40625,20/10/2016 15:05:00,144.65625,@US,1,1,250.00,0.2812,843.7500,-93.7500,
TRADE,25/10/2016 07:30:00,144.40625,25/10/2016 15:05:00,144.65625,@US,1,1,250.00,0.2500,781.2500,-250.0000,
TRADE,26/10/2016 09:00:00,144.37500,26/10/2016 15:05:00,143.90625,@US,1,1,-468.75,0.3125,31.2500,-750.0000,
TRADE,02/11/2016 07:35:00,143.65625,02/11/2016 15:05:00,143.37500,@US,1,1,-281.25,0.1875,281.2500,-875.0000,
TRADE,28/11/2016 07:10:00,133.56250,28/11/2016 15:05:00,133.75000,@US,1,1,187.50,0.1875,281.2500,-406.2500,
TRADE,29/11/2016 08:25:00,133.46875,29/11/2016 15:05:00,134.06250,@US,1,1,593.75,0.1250,906.2500,-187.5000,
TRADE,07/12/2016 09:15:00,132.50000,07/12/2016 15:05:00,132.59375,@US,1,1,93.75,0.1250,312.5000,-281.2500,
TRADE,19/12/2016 11:00:00,130.40625,19/12/2016 15:05:00,130.40625,@US,1,1,0.00,0.2500,125.0000,-406.2500,
TRADE,21/12/2016 10:10:00,129.96875,21/12/2016 15:05:00,130.34375,@US,1,1,375.00,0.0938,562.5000,0.0000,
TRADE,22/12/2016 08:00:00,130.00000,22/12/2016 15:05:00,130.21875,@US,1,1,218.75,0.1562,406.2500,-250.0000,
TRADE,03/01/2017 07:45:00,130.59375,03/01/2017 15:05:00,131.93750,@US,1,1,1343.75,0.1250,1656.2500,-31.2500,
TRADE,18/01/2017 07:20:00,134.06250,18/01/2017 14:30:00,132.93750,@US,1,1,-1125.00,0.1562,0.0000,-1062.5000,
TRADE,23/01/2017 10:55:00,133.59375,23/01/2017 15:05:00,133.25000,@US,1,1,-343.75,0.2188,250.0000,-343.7500,
TRADE,31/01/2017 09:05:00,131.93750,31/01/2017 15:05:00,132.25000,@US,1,1,312.50,0.2188,625.0000,-31.2500,
TRADE,03/02/2017 07:40:00,131.84375,03/02/2017 15:05:00,131.71875,@US,1,1,-125.00,0.8750,812.5000,-625.0000,
TRADE,10/02/2017 08:40:00,132.75000,10/02/2017 15:05:00,133.34375,@US,1,1,593.75,0.0938,812.5000,-31.2500,
TRADE,17/02/2017 09:40:00,132.96875,17/02/2017 15:05:00,132.75000,@US,1,1,-218.75,0.1875,156.2500,-406.2500,
TRADE,21/02/2017 10:35:00,132.81250,21/02/2017 15:05:00,132.59375,@US,1,1,-218.75,0.3438,281.2500,-250.0000,
TRADE,16/03/2017 09:05:00,130.28125,16/03/2017 15:05:00,130.37500,@US,1,1,93.75,0.0938,312.5000,-218.7500,
TRADE,03/04/2017 07:10:00,133.68750,03/04/2017 15:05:00,134.68750,@US,1,1,1000.00,0.2188,1250.0000,-281.2500,
TRADE,05/04/2017 07:30:00,133.84375,05/04/2017 15:05:00,134.56250,@US,1,1,718.75,0.1250,875.0000,-375.0000,
TRADE,06/04/2017 10:20:00,133.93750,06/04/2017 15:05:00,134.37500,@US,1,1,437.50,0.0625,468.7500,-218.7500,
TRADE,03/05/2017 09:35:00,135.43750,03/05/2017 15:05:00,135.15625,@US,1,1,-281.25,0.0938,312.5000,-500.0000,
TRADE,12/05/2017 10:55:00,134.28125,12/05/2017 15:05:00,134.12500,@US,1,1,-156.25,0.1250,31.2500,-218.7500,
TRADE,16/05/2017 08:10:00,133.93750,16/05/2017 15:05:00,134.31250,@US,1,1,375.00,0.0938,781.2500,-125.0000,
TRADE,08/06/2017 09:25:00,137.96875,08/06/2017 15:05:00,138.18750,@US,1,1,218.75,0.1250,375.0000,-62.5000,
TRADE,12/06/2017 10:45:00,138.21875,12/06/2017 15:05:00,137.96875,@US,1,1,-250.00,0.2188,343.7500,-406.2500,
TRADE,14/06/2017 07:40:00,138.62500,14/06/2017 15:05:00,139.53125,@US,1,1,906.25,0.6250,1437.5000,-62.5000,
TRADE,27/06/2017 08:40:00,140.06250,27/06/2017 15:05:00,139.40625,@US,1,1,-656.25,0.0625,0.0000,-937.5000,
TRADE,12/07/2017 09:30:00,136.62500,12/07/2017 15:05:00,136.84375,@US,1,1,218.75,0.1250,343.7500,-125.0000,
TRADE,13/07/2017 08:05:00,136.50000,13/07/2017 15:05:00,136.15625,@US,1,1,-343.75,0.0938,125.0000,-718.7500,
TRADE,14/07/2017 10:00:00,136.40625,14/07/2017 15:05:00,136.43750,@US,1,1,31.25,0.1250,281.2500,-281.2500,
TRADE,01/08/2017 09:25:00,137.50000,01/08/2017 15:05:00,137.87500,@US,1,1,375.00,0.3125,500.0000,-93.7500,
TRADE,15/08/2017 10:55:00,138.62500,15/08/2017 15:05:00,138.37500,@US,1,1,-250.00,0.0938,31.2500,-375.0000,
TRADE,16/08/2017 10:15:00,138.50000,16/08/2017 15:05:00,138.75000,@US,1,1,250.00,0.0625,593.7500,-218.7500,
TRADE,17/08/2017 08:10:00,138.62500,17/08/2017 15:05:00,139.75000,@US,1,1,1125.00,0.1250,1156.2500,-62.5000,
TRADE,01/09/2017 10:35:00,140.62500,01/09/2017 15:05:00,140.28125,@US,1,1,-343.75,0.1875,156.2500,-406.2500,
TRADE,11/09/2017 08:35:00,141.46875,11/09/2017 15:05:00,141.06250,@US,1,1,-406.25,0.0625,125.0000,-625.0000,
TRADE,25/09/2017 10:00:00,139.90625,25/09/2017 15:05:00,140.03125,@US,1,1,125.00,0.2812,343.7500,-31.2500,
TRADE,26/09/2017 10:50:00,139.65625,26/09/2017 15:05:00,139.87500,@US,1,1,218.75,0.0938,281.2500,-125.0000,
TRADE,10/10/2017 08:55:00,137.65625,10/10/2017 15:05:00,137.53125,@US,1,1,-125.00,0.2500,531.2500,-156.2500,
TRADE,11/10/2017 07:25:00,137.56250,11/10/2017 15:05:00,137.75000,@US,1,1,187.50,0.0938,437.5000,-31.2500,
TRADE,12/10/2017 08:00:00,137.62500,12/10/2017 15:05:00,138.28125,@US,1,1,656.25,0.1250,687.5000,0.0000,
TRADE,18/10/2017 09:20:00,138.06250,18/10/2017 15:05:00,138.25000,@US,1,1,187.50,0.0625,218.7500,-93.7500,
TRADE,30/10/2017 10:45:00,137.18750,30/10/2017 15:05:00,137.50000,@US,1,1,312.50,0.1875,375.0000,-62.5000,
TRADE,15/11/2017 09:55:00,138.71875,15/11/2017 15:05:00,139.28125,@US,1,1,562.50,0.0938,656.2500,-187.5000,
TRADE,17/11/2017 08:15:00,138.81250,17/11/2017 15:05:00,139.12500,@US,1,1,312.50,0.1875,468.7500,-93.7500,
TRADE,01/12/2017 10:15:00,139.21875,01/12/2017 15:05:00,139.34375,@US,1,1,125.00,0.8438,1187.5000,-156.2500,
TRADE,05/12/2017 07:20:00,139.06250,05/12/2017 15:05:00,139.87500,@US,1,1,812.50,0.1562,968.7500,-187.5000,
TRADE,08/12/2017 07:25:00,139.25000,08/12/2017 15:05:00,139.28125,@US,1,1,31.25,0.0625,250.0000,-500.0000,
TRADE,13/12/2017 07:40:00,139.43750,13/12/2017 15:05:00,139.90625,@US,1,1,468.75,0.7812,562.5000,-281.2500,
TRADE,14/12/2017 10:00:00,139.53125,14/12/2017 15:05:00,140.28125,@US,1,1,750.00,0.1250,875.0000,0.0000,
TRADE,27/12/2017 08:55:00,138.43750,27/12/2017 15:05:00,139.15625,@US,1,1,718.75,0.1250,906.2500,-62.5000,
TRADE,04/01/2018 08:35:00,138.12500,04/01/2018 15:05:00,138.50000,@US,1,1,375.00,0.0625,500.0000,-250.0000,
TRADE,08/01/2018 08:25:00,138.40625,08/01/2018 15:05:00,138.03125,@US,1,1,-375.00,0.0312,31.2500,-718.7500,
TRADE,16/01/2018 08:15:00,137.15625,16/01/2018 15:05:00,137.00000,@US,1,1,-156.25,0.1250,93.7500,-625.0000,
TRADE,17/01/2018 07:45:00,137.06250,17/01/2018 15:05:00,136.65625,@US,1,1,-406.25,0.1250,343.7500,-656.2500,
TRADE,16/02/2018 07:15:00,130.68750,16/02/2018 15:05:00,130.56250,@US,1,1,-125.00,0.2188,375.0000,-375.0000,
TRADE,20/02/2018 09:10:00,130.34375,20/02/2018 15:05:00,130.15625,@US,1,1,-187.50,0.1562,0.0000,-500.0000,
TRADE,21/02/2018 08:20:00,130.34375,21/02/2018 13:35:00,129.21875,@US,1,1,-1125.00,0.1562,31.2500,-937.5000,
TRADE,23/02/2018 10:20:00,130.12500,23/02/2018 15:05:00,130.28125,@US,1,1,156.25,0.0625,343.7500,-62.5000,
TRADE,05/03/2018 10:55:00,130.31250,05/03/2018 15:05:00,130.25000,@US,1,1,-62.50,0.1250,62.5000,-437.5000,
TRADE,07/03/2018 09:35:00,130.62500,07/03/2018 15:05:00,130.28125,@US,1,1,-343.75,0.1875,312.5000,-406.2500,
TRADE,08/03/2018 08:35:00,130.62500,08/03/2018 15:05:00,130.90625,@US,1,1,281.25,0.0938,593.7500,-62.5000,
TRADE,12/03/2018 08:20:00,130.68750,12/03/2018 15:05:00,130.93750,@US,1,1,250.00,0.0938,343.7500,-125.0000,
TRADE,19/03/2018 07:25:00,131.21875,19/03/2018 15:05:00,131.50000,@US,1,1,281.25,0.1250,750.0000,-156.2500,
TRADE,23/03/2018 08:05:00,131.71875,23/03/2018 15:05:00,132.15625,@US,1,1,437.50,0.1875,562.5000,-93.7500,
TRADE,26/03/2018 07:10:00,131.71875,26/03/2018 15:05:00,131.71875,@US,1,1,0.00,0.0938,625.0000,-250.0000,
TRADE,06/04/2018 09:30:00,132.87500,06/04/2018 15:05:00,133.31250,@US,1,1,437.50,0.0625,468.7500,-93.7500,
TRADE,09/04/2018 07:20:00,133.03125,09/04/2018 15:05:00,133.43750,@US,1,1,406.25,0.0625,406.2500,-375.0000,
TRADE,10/04/2018 07:15:00,133.09375,10/04/2018 15:05:00,133.12500,@US,1,1,31.25,0.0938,375.0000,-281.2500,
TRADE,13/04/2018 10:10:00,132.96875,13/04/2018 15:05:00,132.84375,@US,1,1,-125.00,0.0938,31.2500,-343.7500,
TRADE,17/04/2018 08:40:00,132.84375,17/04/2018 15:05:00,133.00000,@US,1,1,156.25,0.1562,437.5000,-187.5000,
TRADE,18/04/2018 08:35:00,132.96875,18/04/2018 15:05:00,132.00000,@US,1,1,-968.75,0.0938,31.2500,-1000.0000,
TRADE,30/04/2018 07:05:00,130.37500,30/04/2018 15:05:00,130.71875,@US,1,1,343.75,0.0938,718.7500,-93.7500,
TRADE,08/05/2018 08:45:00,130.46875,08/05/2018 15:05:00,130.46875,@US,1,1,0.00,0.1250,343.7500,-343.7500,
TRADE,05/06/2018 09:00:00,131.65625,05/06/2018 15:05:00,131.56250,@US,1,1,-93.75,0.1562,250.0000,-250.0000,
TRADE,13/06/2018 10:45:00,131.18750,13/06/2018 15:05:00,130.75000,@US,1,1,-437.50,0.0625,0.0000,-1062.5000,
TRADE,14/06/2018 09:10:00,131.09375,14/06/2018 15:05:00,131.56250,@US,1,1,468.75,0.0938,531.2500,-62.5000,
TRADE,21/06/2018 07:25:00,131.59375,21/06/2018 15:05:00,131.96875,@US,1,1,375.00,0.1875,593.7500,0.0000,
TRADE,22/06/2018 08:35:00,131.62500,22/06/2018 15:05:00,132.06250,@US,1,1,437.50,0.0625,500.0000,-31.2500,
TRADE,09/07/2018 09:25:00,133.25000,09/07/2018 15:05:00,133.21875,@US,1,1,-31.25,0.0625,156.2500,-62.5000,
TRADE,10/07/2018 09:15:00,133.28125,10/07/2018 15:05:00,133.12500,@US,1,1,-156.25,0.1250,31.2500,-281.2500,
TRADE,11/07/2018 10:15:00,133.31250,11/07/2018 15:05:00,133.50000,@US,1,1,187.50,0.0312,343.7500,-125.0000,
TRADE,12/07/2018 08:40:00,133.34375,12/07/2018 15:05:00,133.40625,@US,1,1,62.50,0.0938,156.2500,-156.2500,
TRADE,17/07/2018 08:55:00,133.43750,17/07/2018 15:05:00,133.09375,@US,1,1,-343.75,0.0312,0.0000,-406.2500,
TRADE,03/08/2018 09:00:00,130.90625,03/08/2018 15:05:00,131.00000,@US,1,1,93.75,0.0625,218.7500,-93.7500,
TRADE,07/08/2018 09:55:00,130.87500,07/08/2018 15:05:00,130.59375,@US,1,1,-281.25,0.0625,93.7500,-343.7500,
TRADE,27/09/2018 09:20:00,129.31250,27/09/2018 15:05:00,129.50000,@US,1,1,187.50,0.0938,250.0000,-250.0000,
TRADE,01/10/2018 10:25:00,129.12500,01/10/2018 15:05:00,128.56250,@US,1,1,-562.50,0.1250,31.2500,-593.7500,
TRADE,02/10/2018 07:05:00,129.15625,02/10/2018 15:05:00,129.34375,@US,1,1,187.50,0.1250,375.0000,-187.5000,
TRADE,11/10/2018 10:10:00,127.12500,11/10/2018 15:05:00,127.50000,@US,1,1,375.00,0.1562,656.2500,-250.0000,
TRADE,18/10/2018 10:25:00,126.78125,18/10/2018 15:05:00,126.81250,@US,1,1,31.25,0.0312,437.5000,0.0000,
TRADE,22/10/2018 07:30:00,126.96875,22/10/2018 15:05:00,126.56250,@US,1,1,-406.25,0.2188,62.5000,-437.5000,
TRADE,09/11/2018 10:00:00,126.68750,09/11/2018 15:05:00,126.71875,@US,1,1,31.25,0.0938,218.7500,-93.7500,
TRADE,28/11/2018 10:05:00,128.59375,28/11/2018 15:05:00,128.43750,@US,1,1,-156.25,0.0625,250.0000,-281.2500,
TRADE,14/12/2018 09:35:00,132.25000,14/12/2018 15:05:00,132.12500,@US,1,1,-125.00,0.2188,218.7500,-218.7500,
TRADE,17/12/2018 07:05:00,132.37500,17/12/2018 15:05:00,132.71875,@US,1,1,343.75,0.1250,468.7500,-250.0000,
TRADE,08/01/2019 09:25:00,135.75000,08/01/2019 15:05:00,135.21875,@US,1,1,-531.25,0.0625,62.5000,-562.5000,
TRADE,23/01/2019 11:00:00,134.65625,23/01/2019 15:05:00,134.46875,@US,1,1,-187.50,0.0938,93.7500,-312.5000,
TRADE,25/01/2019 09:35:00,134.59375,25/01/2019 15:05:00,134.59375,@US,1,1,0.00,0.0938,218.7500,-250.0000,
TRADE,28/01/2019 08:15:00,134.59375,28/01/2019 15:05:00,134.50000,@US,1,1,-93.75,0.0625,312.5000,-125.0000,
TRADE,29/01/2019 08:10:00,134.62500,29/01/2019 15:05:00,135.09375,@US,1,1,468.75,0.0938,500.0000,-31.2500,
TRADE,05/02/2019 09:05:00,135.09375,05/02/2019 15:05:00,135.15625,@US,1,1,62.50,0.0938,343.7500,-125.0000,
TRADE,12/02/2019 08:20:00,135.62500,12/02/2019 15:05:00,135.53125,@US,1,1,-93.75,0.0938,156.2500,-375.0000,
TRADE,15/02/2019 07:55:00,135.59375,15/02/2019 15:05:00,136.00000,@US,1,1,406.25,0.0625,468.7500,0.0000,
TRADE,20/02/2019 09:50:00,135.90625,20/02/2019 15:05:00,136.09375,@US,1,1,187.50,0.1250,312.5000,-31.2500,
TRADE,22/02/2019 08:45:00,135.75000,22/02/2019 15:05:00,135.87500,@US,1,1,125.00,0.0938,468.7500,0.0000,
TRADE,26/02/2019 07:20:00,135.84375,26/02/2019 15:05:00,136.21875,@US,1,1,375.00,0.0938,468.7500,-62.5000,
TRADE,06/03/2019 10:10:00,134.96875,06/03/2019 15:05:00,135.03125,@US,1,1,62.50,0.0938,218.7500,-125.0000,
TRADE,19/03/2019 10:55:00,135.93750,19/03/2019 15:05:00,135.84375,@US,1,1,-93.75,0.0938,156.2500,-156.2500,
TRADE,10/04/2019 08:15:00,138.25000,10/04/2019 15:05:00,138.34375,@US,1,1,93.75,0.1250,343.7500,-31.2500,
TRADE,11/04/2019 08:05:00,138.09375,11/04/2019 15:05:00,137.84375,@US,1,1,-250.00,0.0625,62.5000,-406.2500,
TRADE,30/04/2019 08:05:00,137.03125,30/04/2019 15:05:00,137.59375,@US,1,1,562.50,0.1250,656.2500,-93.7500,
TRADE,03/05/2019 08:30:00,137.34375,03/05/2019 15:05:00,137.46875,@US,1,1,125.00,0.0625,375.0000,-62.5000,
TRADE,22/05/2019 07:10:00,139.46875,22/05/2019 15:05:00,139.84375,@US,1,1,375.00,0.0625,500.0000,-31.2500,
TRADE,13/06/2019 08:35:00,144.56250,13/06/2019 15:05:00,144.90625,@US,1,1,343.75,0.0625,500.0000,-31.2500,
TRADE,26/06/2019 10:10:00,145.84375,26/06/2019 15:05:00,145.65625,@US,1,1,-187.50,0.0938,93.7500,-281.2500,
TRADE,27/06/2019 10:05:00,145.90625,27/06/2019 15:05:00,146.25000,@US,1,1,343.75,0.0938,593.7500,-31.2500,
TRADE,28/06/2019 09:00:00,146.06250,28/06/2019 15:05:00,146.18750,@US,1,1,125.00,0.0625,312.5000,-125.0000,
TRADE,01/07/2019 08:30:00,146.09375,01/07/2019 15:05:00,145.90625,@US,1,1,-187.50,0.0938,250.0000,-718.7500,
TRADE,17/07/2019 10:25:00,145.09375,17/07/2019 15:05:00,145.56250,@US,1,1,468.75,0.0938,500.0000,-125.0000,
TRADE,23/07/2019 09:05:00,145.03125,23/07/2019 15:05:00,145.06250,@US,1,1,31.25,0.1250,468.7500,-187.5000,
TRADE,25/07/2019 08:25:00,145.21875,25/07/2019 15:05:00,144.96875,@US,1,1,-250.00,0.1250,0.0000,-812.5000,
TRADE,26/07/2019 08:25:00,145.28125,26/07/2019 15:05:00,145.15625,@US,1,1,-125.00,0.1562,187.5000,-343.7500,
TRADE,29/07/2019 09:50:00,145.40625,29/07/2019 15:05:00,145.28125,@US,1,1,-125.00,0.0625,187.5000,-250.0000,
TRADE,30/07/2019 09:20:00,145.37500,30/07/2019 15:05:00,145.46875,@US,1,1,93.75,0.0938,187.5000,-250.0000,
TRADE,31/07/2019 08:25:00,145.37500,31/07/2019 15:05:00,146.31250,@US,1,1,937.50,0.0938,1218.7500,-62.5000,
TRADE,22/08/2019 08:50:00,155.18750,22/08/2019 15:05:00,154.65625,@US,1,1,-531.25,0.2188,343.7500,-625.0000,
TRADE,23/08/2019 09:35:00,155.34375,23/08/2019 15:05:00,156.34375,@US,1,1,1000.00,0.2812,1312.5000,-218.7500,
TRADE,19/09/2019 10:55:00,151.87500,19/09/2019 15:05:00,151.59375,@US,1,1,-281.25,0.1875,375.0000,-343.7500,
TRADE,01/10/2019 09:10:00,153.90625,01/10/2019 15:05:00,154.18750,@US,1,1,281.25,1.3125,906.2500,-93.7500,
TRADE,23/10/2019 08:55:00,151.90625,23/10/2019 15:05:00,151.53125,@US,1,1,-375.00,0.1250,250.0000,-437.5000,
TRADE,24/10/2019 08:40:00,151.75000,24/10/2019 15:05:00,151.34375,@US,1,1,-406.25,0.1250,343.7500,-468.7500,
TRADE,28/11/2019 07:25:00,151.31250,02/12/2019 01:10:00,150.18750,@US,1,1,-1125.00,0.1562,375.0000,-968.7500,
TRADE,03/12/2019 08:30:00,151.31250,03/12/2019 15:05:00,152.21875,@US,1,1,906.25,0.1875,1343.7500,-156.2500,
TRADE,11/12/2019 09:50:00,150.68750,11/12/2019 15:05:00,150.96875,@US,1,1,281.25,0.0938,625.0000,0.0000,
TRADE,13/12/2019 10:25:00,150.53125,13/12/2019 15:05:00,150.34375,@US,1,1,-187.50,0.2500,62.5000,-406.2500,
TRADE,10/01/2020 07:30:00,149.28125,10/01/2020 15:05:00,149.93750,@US,1,1,656.25,0.0625,781.2500,-343.7500,
TRADE,13/01/2020 08:15:00,149.46875,13/01/2020 15:05:00,149.59375,@US,1,1,125.00,0.0938,218.7500,-343.7500,
TRADE,14/01/2020 08:35:00,149.78125,14/01/2020 15:05:00,150.21875,@US,1,1,437.50,0.2500,437.5000,-62.5000,
TRADE,07/02/2020 08:15:00,154.50000,07/02/2020 15:05:00,154.71875,@US,1,1,218.75,0.0938,531.2500,-125.0000,
TRADE,11/02/2020 07:30:00,154.84375,11/02/2020 15:05:00,154.56250,@US,1,1,-281.25,0.3438,187.5000,-375.0000,
TRADE,23/03/2020 08:55:00,170.15625,23/03/2020 15:05:00,173.12500,@US,1,1,2968.75,0.6250,3656.2500,-156.2500,
TRADE,06/04/2020 10:10:00,173.87500,06/04/2020 15:05:00,173.96875,@US,1,1,93.75,0.2188,687.5000,-250.0000,
TRADE,15/04/2020 07:30:00,172.90625,15/04/2020 15:05:00,173.81250,@US,1,1,906.25,0.2188,1343.7500,-31.2500,
TRADE,28/04/2020 08:45:00,174.53125,28/04/2020 15:05:00,175.21875,@US,1,1,687.50,0.1562,937.5000,-156.2500,
TRADE,21/05/2020 08:35:00,173.21875,21/05/2020 15:05:00,173.06250,@US,1,1,-156.25,0.0938,281.2500,-343.7500,
TRADE,22/05/2020 08:50:00,173.40625,22/05/2020 15:05:00,173.53125,@US,1,1,125.00,0.0938,343.7500,-31.2500,
TRADE,29/05/2020 08:05:00,172.81250,29/05/2020 15:05:00,172.93750,@US,1,1,125.00,0.1250,500.0000,-593.7500,
TRADE,10/06/2020 10:00:00,170.18750,10/06/2020 15:05:00,171.00000,@US,1,1,812.50,0.1562,843.7500,-687.5000,
TRADE,16/06/2020 08:25:00,170.21875,16/06/2020 15:05:00,170.56250,@US,1,1,343.75,0.3438,1125.0000,-500.0000,
TRADE,19/06/2020 08:20:00,171.28125,19/06/2020 15:05:00,172.25000,@US,1,1,968.75,0.1250,1093.7500,-93.7500,
TRADE,24/06/2020 08:20:00,171.65625,24/06/2020 15:05:00,172.71875,@US,1,1,1062.50,0.1562,1093.7500,-31.2500,
TRADE,01/07/2020 08:30:00,172.75000,01/07/2020 15:05:00,173.06250,@US,1,1,312.50,0.1562,468.7500,-468.7500,
TRADE,02/07/2020 09:35:00,173.00000,02/07/2020 15:05:00,173.25000,@US,1,1,250.00,0.2812,375.0000,-125.0000,
TRADE,07/07/2020 08:10:00,173.25000,07/07/2020 15:05:00,174.06250,@US,1,1,812.50,0.1250,937.5000,-343.7500,
TRADE,15/07/2020 08:15:00,174.12500,15/07/2020 15:05:00,174.43750,@US,1,1,312.50,0.1250,750.0000,-62.5000,
TRADE,21/07/2020 08:15:00,174.90625,21/07/2020 15:05:00,175.15625,@US,1,1,250.00,0.1875,531.2500,0.0000,
TRADE,03/08/2020 08:25:00,176.18750,03/08/2020 15:05:00,176.71875,@US,1,1,531.25,0.1250,562.5000,-93.7500,
TRADE,27/08/2020 08:20:00,173.62500,27/08/2020 08:45:00,172.50000,@US,1,1,-1125.00,0.5312,281.2500,-968.7500,
TRADE,02/09/2020 08:40:00,172.62500,02/09/2020 15:05:00,173.65625,@US,1,1,1031.25,0.1250,1156.2500,-93.7500,
TRADE,09/09/2020 10:00:00,172.46875,09/09/2020 15:05:00,172.40625,@US,1,1,-62.50,0.1250,93.7500,-468.7500,
TRADE,15/09/2020 07:50:00,172.84375,15/09/2020 15:05:00,172.96875,@US,1,1,125.00,0.0625,281.2500,-187.5000,
TRADE,22/09/2020 08:00:00,173.09375,22/09/2020 15:05:00,172.93750,@US,1,1,-156.25,0.1562,187.5000,-406.2500,
TRADE,23/09/2020 08:40:00,173.06250,23/09/2020 15:05:00,173.06250,@US,1,1,0.00,0.1562,31.2500,-656.2500,
TRADE,13/10/2020 07:30:00,171.21875,13/10/2020 15:05:00,171.62500,@US,1,1,406.25,0.3125,468.7500,-31.2500,
TRADE,29/10/2020 10:10:00,170.00000,29/10/2020 15:05:00,169.53125,@US,1,1,-468.75,0.1562,62.5000,-906.2500,
TRADE,24/11/2020 10:20:00,169.43750,24/11/2020 15:05:00,169.37500,@US,1,1,-62.50,0.1562,156.2500,-343.7500,
TRADE,25/11/2020 07:10:00,169.46875,25/11/2020 15:05:00,169.28125,@US,1,1,-187.50,0.0938,562.5000,-281.2500,
TRADE,27/11/2020 08:15:00,169.68750,30/11/2020 15:05:00,169.96875,@US,1,1,281.25,0.1562,906.2500,0.0000,
TRADE,08/12/2020 09:10:00,168.68750,08/12/2020 15:05:00,168.18750,@US,1,1,-500.00,0.1875,31.2500,-531.2500,
TRADE,10/12/2020 07:30:00,168.31250,10/12/2020 15:05:00,168.71875,@US,1,1,406.25,0.2500,468.7500,-500.0000,
TRADE,14/12/2020 08:50:00,168.03125,14/12/2020 15:05:00,168.84375,@US,1,1,812.50,0.0938,1093.7500,0.0000,
TRADE,16/12/2020 09:25:00,168.28125,16/12/2020 15:05:00,168.15625,@US,1,1,-125.00,0.2812,250.0000,-812.5000,
TRADE,17/12/2020 07:45:00,168.43750,17/12/2020 15:05:00,167.84375,@US,1,1,-593.75,0.2812,531.2500,-875.0000,
TRADE,22/12/2020 10:50:00,168.34375,22/12/2020 15:05:00,168.34375,@US,1,1,0.00,0.1562,31.2500,-187.5000,
TRADE,29/12/2020 09:35:00,167.96875,29/12/2020 15:05:00,168.00000,@US,1,1,31.25,0.0938,156.2500,-281.2500,
TRADE,30/12/2020 07:40:00,167.90625,30/12/2020 15:05:00,168.15625,@US,1,1,250.00,0.1562,281.2500,-250.0000,
TRADE,04/01/2021 09:05:00,167.93750,04/01/2021 15:05:00,168.28125,@US,1,1,343.75,0.1875,687.5000,-156.2500,
TRADE,05/01/2021 07:50:00,167.93750,05/01/2021 15:05:00,167.46875,@US,1,1,-468.75,0.1562,31.2500,-937.5000,
TRADE,18/01/2021 09:00:00,164.09375,19/01/2021 15:05:00,164.31250,@US,1,1,218.75,0.0625,312.5000,-500.0000,
TRADE,22/01/2021 09:05:00,164.03125,22/01/2021 15:05:00,164.25000,@US,1,1,218.75,0.1250,281.2500,-187.5000,
TRADE,11/02/2021 07:30:00,163.03125,11/02/2021 15:05:00,162.50000,@US,1,1,-531.25,0.2500,156.2500,-656.2500,
TRADE,23/03/2021 09:15:00,152.50000,23/03/2021 15:05:00,153.25000,@US,1,1,750.00,0.1875,843.7500,-125.0000,
TRADE,13/04/2021 07:25:00,153.09375,13/04/2021 15:05:00,154.06250,@US,1,1,968.75,0.0938,1000.0000,-343.7500,
TRADE,26/04/2021 07:30:00,154.81250,26/04/2021 15:05:00,155.25000,@US,1,1,437.50,0.1875,718.7500,-62.5000,
TRADE,27/04/2021 08:40:00,154.96875,27/04/2021 15:05:00,154.28125,@US,1,1,-687.50,0.0938,156.2500,-812.5000,
TRADE,04/05/2021 07:30:00,154.59375,04/05/2021 15:05:00,154.84375,@US,1,1,250.00,0.1250,968.7500,0.0000,
TRADE,05/05/2021 08:15:00,154.56250,05/05/2021 15:05:00,155.09375,@US,1,1,531.25,0.1250,656.2500,-93.7500,
TRADE,19/05/2021 08:15:00,153.81250,19/05/2021 13:40:00,152.68750,@US,1,1,-1125.00,0.1250,281.2500,-1093.7500,
TRADE,20/05/2021 08:50:00,153.59375,20/05/2021 15:05:00,153.84375,@US,1,1,250.00,0.1250,437.5000,0.0000,
TRADE,03/06/2021 07:45:00,154.75000,03/06/2021 15:05:00,154.40625,@US,1,1,-343.75,0.1562,250.0000,-500.0000,
TRADE,04/06/2021 08:10:00,154.81250,04/06/2021 15:05:00,155.87500,@US,1,1,1062.50,0.1875,1093.7500,-218.7500,
TRADE,17/06/2021 08:15:00,156.96875,17/06/2021 15:05:00,157.84375,@US,1,1,875.00,0.1875,2187.5000,-187.5000,
TRADE,22/06/2021 08:20:00,157.84375,22/06/2021 15:05:00,158.46875,@US,1,1,625.00,0.1250,687.5000,-187.5000,
TRADE,28/06/2021 08:45:00,158.15625,28/06/2021 15:05:00,158.46875,@US,1,1,312.50,0.1562,468.7500,-156.2500,
TRADE,29/06/2021 08:40:00,158.31250,29/06/2021 15:05:00,158.56250,@US,1,1,250.00,0.1875,250.0000,-125.0000,
TRADE,14/07/2021 08:10:00,160.62500,14/07/2021 15:05:00,161.15625,@US,1,1,531.25,0.0938,531.2500,-218.7500,
TRADE,22/07/2021 07:10:00,162.15625,22/07/2021 15:05:00,162.96875,@US,1,1,812.50,0.2500,1250.0000,-31.2500,
TRADE,23/07/2021 09:00:00,162.40625,23/07/2021 15:05:00,162.40625,@US,1,1,0.00,0.1875,93.7500,-406.2500,
TRADE,26/07/2021 08:50:00,162.65625,26/07/2021 15:05:00,162.25000,@US,1,1,-406.25,0.1875,218.7500,-500.0000,
TRADE,28/07/2021 08:50:00,163.00000,28/07/2021 15:05:00,163.40625,@US,1,1,406.25,0.1250,437.5000,-531.2500,
TRADE,30/07/2021 08:10:00,163.00000,30/07/2021 15:05:00,163.40625,@US,1,1,406.25,0.1250,406.2500,-125.0000,
TRADE,30/08/2021 09:10:00,163.46875,30/08/2021 15:05:00,163.56250,@US,1,1,93.75,0.2188,156.2500,-343.7500,
TRADE,31/08/2021 07:55:00,163.46875,31/08/2021 15:05:00,163.06250,@US,1,1,-406.25,0.1250,343.7500,-812.5000,
TRADE,01/09/2021 08:15:00,163.28125,01/09/2021 15:05:00,163.18750,@US,1,1,-93.75,0.1562,281.2500,-343.7500,
TRADE,09/09/2021 10:25:00,162.96875,09/09/2021 15:05:00,163.56250,@US,1,1,593.75,0.2188,843.7500,-62.5000,
TRADE,16/09/2021 08:50:00,163.06250,16/09/2021 15:05:00,163.28125,@US,1,1,218.75,0.0625,625.0000,-125.0000,
TRADE,13/10/2021 08:20:00,158.90625,13/10/2021 15:05:00,159.78125,@US,1,1,875.00,0.2188,1000.0000,0.0000,
TRADE,18/10/2021 08:05:00,158.90625,18/10/2021 15:05:00,159.50000,@US,1,1,593.75,0.1875,781.2500,-281.2500,
TRADE,19/10/2021 08:25:00,158.87500,19/10/2021 15:05:00,158.15625,@US,1,1,-718.75,0.1562,31.2500,-750.0000,
TRADE,26/10/2021 07:55:00,158.65625,26/10/2021 15:05:00,159.06250,@US,1,1,406.25,0.1250,437.5000,-437.5000,
TRADE,12/11/2021 08:50:00,161.81250,12/11/2021 15:05:00,161.43750,@US,1,1,-375.00,0.1250,406.2500,-656.2500,
TRADE,19/11/2021 08:30:00,161.53125,19/11/2021 15:05:00,161.68750,@US,1,1,156.25,0.2500,437.5000,-93.7500,
TRADE,22/11/2021 07:15:00,161.28125,22/11/2021 14:05:00,160.15625,@US,1,1,-1125.00,0.1562,93.7500,-1031.2500,
TRADE,13/12/2021 08:25:00,163.53125,13/12/2021 15:05:00,164.03125,@US,1,1,500.00,0.1250,687.5000,-62.5000,
TRADE,14/12/2021 08:30:00,163.65625,14/12/2021 15:05:00,163.68750,@US,1,1,31.25,0.0938,375.0000,-625.0000,
TRADE,15/12/2021 07:35:00,163.62500,15/12/2021 15:05:00,163.06250,@US,1,1,-562.50,0.1562,281.2500,-812.5000,
TRADE,13/01/2022 11:00:00,157.78125,13/01/2022 15:05:00,158.21875,@US,1,1,437.50,0.0625,562.5000,-406.2500,
TRADE,14/01/2022 10:20:00,157.53125,14/01/2022 15:05:00,156.68750,@US,1,1,-843.75,0.1250,31.2500,-968.7500,
TRADE,27/01/2022 07:25:00,156.43750,27/01/2022 15:05:00,157.03125,@US,1,1,593.75,0.0938,937.5000,-187.5000,
TRADE,28/01/2022 08:15:00,156.50000,28/01/2022 15:05:00,157.18750,@US,1,1,687.50,0.1250,968.7500,-218.7500,
TRADE,31/01/2022 07:50:00,156.71875,31/01/2022 15:05:00,157.06250,@US,1,1,343.75,0.1562,625.0000,-156.2500,
TRADE,02/02/2022 08:40:00,157.06250,02/02/2022 15:05:00,157.28125,@US,1,1,218.75,0.1875,1000.0000,-31.2500,
TRADE,04/02/2022 07:25:00,156.84375,04/02/2022 07:35:00,155.71875,@US,1,1,-1125.00,0.1250,93.7500,-156.2500,
TRADE,17/02/2022 09:00:00,153.81250,17/02/2022 15:05:00,153.71875,@US,1,1,-93.75,0.1875,250.0000,-718.7500,
TRADE,23/02/2022 09:05:00,153.81250,23/02/2022 15:05:00,153.81250,@US,1,1,0.00,0.1562,656.2500,0.0000,
TRADE,25/02/2022 09:10:00,154.03125,25/02/2022 15:05:00,154.15625,@US,1,1,125.00,0.1875,312.5000,-468.7500,
TRADE,08/03/2022 09:05:00,157.00000,08/03/2022 15:05:00,157.12500,@US,1,1,125.00,0.1875,468.7500,-218.7500,
TRADE,30/03/2022 09:25:00,149.06250,30/03/2022 15:05:00,149.40625,@US,1,1,343.75,0.4375,593.7500,-93.7500,
TRADE,01/04/2022 10:05:00,148.62500,01/04/2022 15:05:00,149.37500,@US,1,1,750.00,0.2188,1312.5000,-125.0000,
TRADE,04/04/2022 10:00:00,148.78125,04/04/2022 15:05:00,148.78125,@US,1,1,0.00,0.1250,250.0000,-343.7500,
TRADE,28/04/2022 07:40:00,141.06250,28/04/2022 15:05:00,141.40625,@US,1,1,343.75,0.5000,375.0000,-812.5000,
TRADE,29/04/2022 07:55:00,140.93750,29/04/2022 15:05:00,140.37500,@US,1,1,-562.50,0.2188,437.5000,-1093.7500,
TRADE,10/05/2022 07:55:00,139.06250,10/05/2022 15:05:00,138.40625,@US,1,1,-656.25,0.3750,281.2500,-843.7500,
TRADE,11/05/2022 08:55:00,138.71875,11/05/2022 15:05:00,139.68750,@US,1,1,968.75,0.5000,1000.0000,-906.2500,
TRADE,17/05/2022 08:25:00,138.50000,17/05/2022 15:05:00,138.34375,@US,1,1,-156.25,0.1562,406.2500,-437.5000,
TRADE,18/05/2022 08:50:00,138.71875,18/05/2022 15:05:00,140.09375,@US,1,1,1375.00,0.4062,1531.2500,-187.5000,
TRADE,17/06/2022 10:40:00,135.78125,17/06/2022 15:05:00,135.71875,@US,1,1,-62.50,0.1875,312.5000,-406.2500,
TRADE,28/06/2022 09:10:00,135.93750,28/06/2022 15:05:00,136.28125,@US,1,1,343.75,0.4062,375.0000,-625.0000,
TRADE,11/07/2022 09:25:00,139.53125,11/07/2022 15:05:00,139.59375,@US,1,1,62.50,0.2188,218.7500,-250.0000,
TRADE,13/07/2022 09:45:00,140.18750,13/07/2022 15:05:00,141.18750,@US,1,1,1000.00,0.5000,1093.7500,-125.0000,
TRADE,14/07/2022 08:50:00,140.09375,14/07/2022 15:05:00,140.18750,@US,1,1,93.75,0.5000,562.5000,-437.5000,
TRADE,18/07/2022 08:20:00,140.09375,18/07/2022 15:05:00,139.87500,@US,1,1,-218.75,0.2500,93.7500,-875.0000,
TRADE,19/07/2022 08:30:00,139.93750,19/07/2022 15:05:00,139.31250,@US,1,1,-625.00,0.2812,156.2500,-1062.5000,
TRADE,21/07/2022 08:45:00,140.06250,21/07/2022 15:05:00,141.25000,@US,1,1,1187.50,0.2500,1250.0000,-312.5000,
TRADE,10/08/2022 07:40:00,144.59375,10/08/2022 08:10:00,143.46875,@US,1,1,-1125.00,1.9375,187.5000,-843.7500,
TRADE,15/08/2022 08:55:00,142.87500,15/08/2022 15:05:00,142.18750,@US,1,1,-687.50,0.0938,62.5000,-750.0000,
TRADE,30/09/2022 08:50:00,129.25000,30/09/2022 13:55:00,128.12500,@US,1,1,-1125.00,0.2188,125.0000,-1062.5000,
TRADE,05/10/2022 08:20:00,128.65625,05/10/2022 15:05:00,128.25000,@US,1,1,-406.25,0.1875,218.7500,-937.5000,
TRADE,06/10/2022 07:40:00,128.40625,06/10/2022 09:15:00,127.28125,@US,1,1,-1125.00,0.4062,250.0000,-1093.7500,
TRADE,26/10/2022 09:10:00,122.87500,26/10/2022 15:05:00,122.90625,@US,1,1,31.25,0.4375,218.7500,-468.7500,
TRADE,09/11/2022 10:05:00,121.65625,09/11/2022 15:05:00,121.56250,@US,1,1,-93.75,0.2812,187.5000,-906.2500,
TRADE,29/11/2022 09:00:00,128.28125,29/11/2022 15:05:00,128.06250,@US,1,1,-218.75,0.1562,500.0000,-250.0000,
TRADE,16/12/2022 07:45:00,132.37500,16/12/2022 15:05:00,132.59375,@US,1,1,218.75,0.1562,625.0000,-625.0000,
TRADE,03/01/2023 08:15:00,128.31250,03/01/2023 15:05:00,127.84375,@US,1,1,-468.75,0.1875,375.0000,-1000.0000,
TRADE,17/01/2023 07:40:00,130.71875,17/01/2023 15:05:00,131.25000,@US,1,1,531.25,0.2188,968.7500,-312.5000,
TRADE,24/01/2023 07:35:00,132.09375,24/01/2023 15:05:00,132.46875,@US,1,1,375.00,0.2500,468.7500,-1093.7500,
TRADE,25/01/2023 10:20:00,132.15625,25/01/2023 15:05:00,132.59375,@US,1,1,437.50,0.1875,562.5000,-125.0000,
TRADE,26/01/2023 08:10:00,132.18750,26/01/2023 15:05:00,131.90625,@US,1,1,-281.25,0.2500,375.0000,-687.5000,
TRADE,01/02/2023 09:05:00,131.93750,01/02/2023 15:05:00,133.09375,@US,1,1,1156.25,0.2188,1437.5000,-468.7500,
TRADE,07/03/2023 09:30:00,125.18750,07/03/2023 15:05:00,125.50000,@US,1,1,312.50,0.3750,781.2500,0.0000,
TRADE,09/03/2023 07:15:00,125.06250,09/03/2023 15:05:00,126.25000,@US,1,1,1187.50,0.0938,1437.5000,-156.2500,
TRADE,21/03/2023 07:40:00,130.65625,21/03/2023 15:05:00,130.34375,@US,1,1,-312.50,0.0938,468.7500,-500.0000,
TRADE,31/03/2023 08:40:00,131.06250,31/03/2023 15:05:00,131.68750,@US,1,1,625.00,0.2500,781.2500,-468.7500,
TRADE,03/04/2023 07:50:00,131.15625,03/04/2023 15:05:00,132.34375,@US,1,1,1187.50,0.2188,1593.7500,-62.5000,
TRADE,11/04/2023 09:15:00,132.62500,11/04/2023 15:05:00,132.68750,@US,1,1,62.50,0.1250,250.0000,-281.2500,
TRADE,12/04/2023 07:40:00,133.43750,12/04/2023 09:35:00,132.31250,@US,1,1,-1125.00,0.9062,343.7500,-968.7500,
TRADE,13/04/2023 08:10:00,133.15625,13/04/2023 13:50:00,132.03125,@US,1,1,-1125.00,0.2500,187.5000,-1093.7500,
TRADE,24/04/2023 09:50:00,131.06250,24/04/2023 15:05:00,131.12500,@US,1,1,62.50,0.2188,187.5000,-125.0000,
TRADE,01/05/2023 07:30:00,131.31250,01/05/2023 12:00:00,130.18750,@US,1,1,-1125.00,0.2188,468.7500,-1093.7500,
TRADE,02/05/2023 09:20:00,131.34375,02/05/2023 15:05:00,132.03125,@US,1,1,687.50,0.1875,718.7500,-93.7500,
TRADE,12/05/2023 07:10:00,131.43750,12/05/2023 15:05:00,131.03125,@US,1,1,-406.25,0.1562,562.5000,-437.5000,
TRADE,30/05/2023 08:05:00,127.12500,30/05/2023 15:05:00,127.71875,@US,1,1,593.75,0.0938,656.2500,-312.5000,
TRADE,05/06/2023 09:00:00,127.31250,05/06/2023 15:05:00,127.78125,@US,1,1,468.75,0.0938,937.5000,-62.5000,
TRADE,06/06/2023 09:10:00,127.40625,06/06/2023 15:05:00,128.03125,@US,1,1,625.00,0.0938,656.2500,-125.0000,
TRADE,12/06/2023 07:30:00,128.00000,12/06/2023 09:00:00,126.87500,@US,1,1,-1125.00,0.3125,93.7500,-1031.2500,
TRADE,13/06/2023 08:40:00,127.75000,13/06/2023 09:15:00,126.62500,@US,1,1,-1125.00,0.1250,31.2500,-1062.5000,
TRADE,16/06/2023 08:45:00,127.31250,16/06/2023 15:05:00,127.37500,@US,1,1,62.50,0.1562,343.7500,-500.0000,
TRADE,21/06/2023 09:20:00,127.25000,21/06/2023 15:05:00,128.18750,@US,1,1,937.50,0.1250,1031.2500,-218.7500,
TRADE,22/06/2023 08:25:00,127.34375,22/06/2023 15:05:00,127.03125,@US,1,1,-312.50,0.1562,531.2500,-500.0000,
TRADE,27/06/2023 10:45:00,127.62500,27/06/2023 15:05:00,127.68750,@US,1,1,62.50,0.1562,156.2500,-156.2500,
TRADE,28/06/2023 10:20:00,127.81250,28/06/2023 15:05:00,128.25000,@US,1,1,437.50,0.2188,593.7500,-93.7500,
