TRADE,21/10/2010 14:45:00,166.95000,25/10/2010 10:15:00,164.75000,@VX,-1,1,2200.00,0.3000,2200.0000,-50.0000,
TRADE,28/10/2010 11:15:00,166.30000,03/11/2010 10:30:00,165.52000,@VX,-1,1,780.00,0.2000,950.0000,-250.0000,
TRADE,03/11/2010 12:15:00,165.80000,04/11/2010 09:45:00,163.50000,@VX,-1,1,2300.00,0.0400,2300.0000,-200.0000,
TRADE,05/11/2010 14:30:00,163.10000,09/11/2010 16:00:00,163.60000,@VX,-1,1,-500.00,0.1500,500.0000,-700.0000,
TRADE,11/11/2010 10:30:00,163.35000,12/11/2010 12:45:00,164.25000,@VX,-1,1,-900.00,0.2500,300.0000,-800.0000,
TRADE,26/11/2010 11:15:00,162.50000,29/11/2010 09:45:00,163.75000,@VX,-1,1,-1250.00,0.2000,0.0000,-1000.0000,
TRADE,13/12/2010 10:15:00,160.10000,14/12/2010 15:45:00,160.55000,@VX,-1,1,-450.00,0.1500,150.0000,-570.0000,
TRADE,15/12/2010 11:45:00,160.45000,15/12/2010 14:45:00,161.05000,@VX,-1,1,-600.00,0.0900,150.0000,-450.0000,
TRADE,04/01/2011 10:30:00,159.70000,07/01/2011 12:30:00,159.10000,@VX,-1,1,600.00,0.2000,1150.0000,-400.0000,
TRADE,14/01/2011 09:15:00,157.55000,18/01/2011 13:15:00,156.00000,@VX,-1,1,1550.00,0.0600,1550.0000,0.0000,
TRADE,19/01/2011 10:15:00,156.45000,20/01/2011 12:00:00,157.50000,@VX,-1,1,-1050.00,0.2500,50.0000,-1000.0000,
TRADE,25/01/2011 09:15:00,156.80000,28/01/2011 11:15:00,156.20000,@VX,-1,1,600.00,0.0100,1750.0000,-250.0000,
TRADE,09/02/2011 14:30:00,155.10000,15/02/2011 08:45:00,154.50000,@VX,-1,1,600.00,0.1500,700.0000,-250.0000,
TRADE,15/02/2011 09:30:00,154.65000,17/02/2011 09:15:00,155.05000,@VX,-1,1,-400.00,0.1000,400.0000,-450.0000,
TRADE,01/03/2011 10:30:00,156.45000,02/03/2011 16:00:00,157.55000,@VX,-1,1,-1100.00,0.6000,150.0000,-1500.0000,
TRADE,23/03/2011 09:15:00,157.55000,28/03/2011 11:15:00,155.65000,@VX,-1,1,1900.00,0.1000,2250.0000,-450.0000,
TRADE,28/03/2011 11:30:00,155.70000,31/03/2011 13:30:00,155.15000,@VX,-1,1,550.00,0.1000,700.0000,-800.0000,
TRADE,04/04/2011 10:15:00,154.90000,07/04/2011 12:15:00,154.45000,@VX,-1,1,450.00,0.2500,1000.0000,-150.0000,
TRADE,07/04/2011 13:45:00,154.45000,12/04/2011 09:30:00,154.75000,@VX,-1,1,-300.00,0.1000,800.0000,-450.0000,
TRADE,13/04/2011 14:15:00,154.55000,19/04/2011 08:45:00,153.80000,@VX,-1,1,750.00,0.1200,1100.0000,-300.0000,
TRADE,11/05/2011 12:15:00,151.00000,16/05/2011 14:15:00,151.00000,@VX,-1,1,0.00,0.2200,500.0000,-600.0000,
TRADE,01/06/2011 10:30:00,149.50000,01/06/2011 16:00:00,150.20000,@VX,-1,1,-700.00,0.3300,160.0000,-650.0000,
TRADE,06/06/2011 09:00:00,150.30000,08/06/2011 14:15:00,150.80000,@VX,-1,1,-500.00,0.2200,550.0000,-650.0000,
TRADE,13/06/2011 11:15:00,150.90000,15/06/2011 09:00:00,151.25000,@VX,-1,1,-350.00,0.2000,600.0000,-700.0000,
TRADE,17/06/2011 13:00:00,153.05000,21/06/2011 11:00:00,150.85000,@VX,-1,1,2200.00,0.2000,2200.0000,-400.0000,
TRADE,22/06/2011 13:00:00,151.00000,23/06/2011 08:45:00,152.45000,@VX,-1,1,-1450.00,0.2500,170.0000,-1400.0000,
TRADE,24/06/2011 14:30:00,152.15000,30/06/2011 08:30:00,149.70000,@VX,-1,1,2450.00,0.2500,2450.0000,-500.0000,
TRADE,05/07/2011 12:00:00,148.40000,08/07/2011 09:00:00,148.70000,@VX,-1,1,-300.00,0.1000,450.0000,-700.0000,
TRADE,15/07/2011 13:30:00,151.80000,21/07/2011 08:45:00,150.40000,@VX,-1,1,1400.00,0.1000,1550.0000,-650.0000,
TRADE,28/07/2011 14:15:00,151.75000,28/07/2011 16:00:00,152.70000,@VX,-1,1,-950.00,0.1000,50.0000,-890.0000,
TRADE,02/08/2011 12:00:00,152.10000,03/08/2011 10:45:00,153.75000,@VX,-1,1,-1650.00,0.1500,300.0000,-1500.0000,
TRADE,15/08/2011 11:45:00,165.95000,17/08/2011 14:00:00,166.25000,@VX,-1,1,-300.00,0.3500,1050.0000,-600.0000,
TRADE,25/08/2011 10:45:00,172.85000,26/08/2011 10:15:00,175.05000,@VX,-1,1,-2200.00,1.1500,400.0000,-2000.0000,
TRADE,30/08/2011 10:45:00,170.80000,02/09/2011 08:45:00,171.40000,@VX,-1,1,-600.00,0.4000,1850.0000,-650.0000,
TRADE,08/09/2011 12:45:00,172.45000,09/09/2011 09:45:00,174.65000,@VX,-1,1,-2200.00,0.2500,450.0000,-1950.0000,
TRADE,19/09/2011 09:00:00,173.60000,21/09/2011 16:00:00,174.20000,@VX,-1,1,-600.00,0.2500,1500.0000,-750.0000,
TRADE,26/09/2011 13:30:00,179.15000,29/09/2011 14:00:00,179.70000,@VX,-1,1,-550.00,0.4000,4000.0000,-600.0000,
TRADE,04/10/2011 14:00:00,184.20000,05/10/2011 15:45:00,178.50000,@VX,-1,1,5700.00,0.6000,5550.0000,-850.0000,
TRADE,07/10/2011 12:45:00,178.55000,12/10/2011 08:30:00,173.40000,@VX,-1,1,5150.00,1.4000,5250.0000,-600.0000,
TRADE,19/10/2011 14:00:00,173.10000,20/10/2011 11:00:00,175.30000,@VX,-1,1,-2200.00,0.6000,200.0000,-2060.0000,
TRADE,02/11/2011 13:45:00,174.65000,08/11/2011 08:30:00,171.20000,@VX,-1,1,3450.00,0.5000,3550.0000,-300.0000,
TRADE,14/11/2011 09:00:00,174.46000,16/11/2011 08:30:00,175.30000,@VX,-1,1,-840.00,0.2800,260.0000,-1440.0000,
TRADE,16/11/2011 12:45:00,174.95000,17/11/2011 12:45:00,176.75000,@VX,-1,1,-1800.00,0.1800,670.0000,-1750.0000,
TRADE,18/11/2011 12:30:00,177.15000,23/11/2011 13:45:00,176.83000,@VX,-1,1,320.00,0.3500,1300.0000,-1050.0000,
TRADE,29/11/2011 10:30:00,175.95000,02/12/2011 08:15:00,171.10000,@VX,-1,1,4850.00,0.4500,4850.0000,-20.0000,
TRADE,02/12/2011 14:45:00,171.50000,06/12/2011 12:00:00,171.95000,@VX,-1,1,-450.00,0.1500,1150.0000,-700.0000,
TRADE,08/12/2011 09:30:00,173.56000,13/12/2011 10:15:00,169.95000,@VX,-1,1,3610.00,0.9000,3610.0000,-840.0000,
TRADE,14/12/2011 09:30:00,171.00000,19/12/2011 10:45:00,169.28000,@VX,-1,1,1720.00,0.0500,2200.0000,-1200.0000,
TRADE,23/12/2011 09:45:00,165.80000,27/12/2011 15:00:00,166.35000,@VX,-1,1,-550.00,0.0300,150.0000,-1050.0000,
TRADE,29/12/2011 12:00:00,167.05000,04/01/2012 13:15:00,165.40000,@VX,-1,1,1650.00,0.1100,1700.0000,-350.0000,
TRADE,05/01/2012 11:30:00,165.64000,10/01/2012 08:15:00,163.05000,@VX,-1,1,2590.00,0.2000,2590.0000,-50.0000,
TRADE,13/01/2012 09:30:00,163.90000,19/01/2012 10:45:00,162.75000,@VX,-1,1,1150.00,0.2500,1400.0000,-800.0000,
TRADE,24/01/2012 11:15:00,161.37000,27/01/2012 12:30:00,160.15000,@VX,-1,1,1220.00,0.1500,1770.0000,-90.0000,
TRADE,31/01/2012 11:00:00,160.35000,03/02/2012 08:45:00,158.35000,@VX,-1,1,2000.00,0.3200,1650.0000,-350.0000,
TRADE,06/02/2012 12:30:00,157.95000,08/02/2012 11:00:00,158.30000,@VX,-1,1,-350.00,0.1100,300.0000,-370.0000,
TRADE,15/02/2012 10:00:00,161.13000,21/02/2012 11:15:00,160.35000,@VX,-1,1,780.00,0.6500,1280.0000,-1620.0000,
TRADE,21/02/2012 14:15:00,160.54000,24/02/2012 10:15:00,157.75000,@VX,-1,1,2790.00,0.2000,2790.0000,-210.0000,
TRADE,28/02/2012 13:30:00,159.10000,02/03/2012 14:45:00,158.33000,@VX,-1,1,770.00,0.1800,1250.0000,-290.0000,
TRADE,22/03/2012 09:45:00,152.55000,26/03/2012 08:15:00,150.05000,@VX,-1,1,2500.00,0.3000,2450.0000,-390.0000,
TRADE,02/04/2012 08:45:00,150.61000,03/04/2012 14:00:00,150.95000,@VX,-1,1,-340.00,0.0500,810.0000,-390.0000,
TRADE,05/04/2012 14:45:00,151.62000,09/04/2012 08:15:00,152.75000,@VX,-1,1,-1130.00,0.1700,120.0000,-1030.0000,
TRADE,09/04/2012 08:30:00,152.85000,10/04/2012 12:00:00,154.05000,@VX,-1,1,-1200.00,1.2500,630.0000,-1150.0000,
TRADE,18/04/2012 11:30:00,152.30000,23/04/2012 08:30:00,152.70000,@VX,-1,1,-400.00,0.3000,850.0000,-650.0000,
TRADE,24/04/2012 09:30:00,152.40000,27/04/2012 08:15:00,149.55000,@VX,-1,1,2850.00,0.2100,2850.0000,-50.0000,
TRADE,03/05/2012 12:30:00,150.10000,04/05/2012 08:45:00,150.95000,@VX,-1,1,-850.00,0.1000,150.0000,-640.0000,
TRADE,08/05/2012 09:15:00,151.45000,08/05/2012 10:45:00,152.65000,@VX,-1,1,-1200.00,0.2500,20.0000,-1020.0000,
TRADE,24/05/2012 13:45:00,156.20000,31/05/2012 08:30:00,155.60000,@VX,-1,1,600.00,0.3500,2550.0000,-250.0000,
TRADE,11/06/2012 13:00:00,152.70000,11/06/2012 16:00:00,154.45000,@VX,-1,1,-1750.00,0.1500,220.0000,-1300.0000,
TRADE,13/06/2012 09:15:00,154.65000,14/06/2012 14:30:00,155.00000,@VX,-1,1,-350.00,0.4000,600.0000,-1450.0000,
TRADE,14/06/2012 14:45:00,155.05000,18/06/2012 11:00:00,151.20000,@VX,-1,1,3850.00,0.2500,3800.0000,-240.0000,
TRADE,20/06/2012 10:00:00,150.75000,21/06/2012 15:30:00,151.30000,@VX,-1,1,-550.00,0.5500,1550.0000,-700.0000,
TRADE,26/06/2012 11:30:00,151.45000,29/06/2012 08:15:00,147.60000,@VX,-1,1,3850.00,0.6100,3750.0000,-150.0000,
TRADE,05/07/2012 10:15:00,147.55000,06/07/2012 15:30:00,147.90000,@VX,-1,1,-350.00,0.4200,650.0000,-700.0000,
TRADE,10/07/2012 11:15:00,147.30000,12/07/2012 10:00:00,147.80000,@VX,-1,1,-500.00,0.2000,400.0000,-1000.0000,
TRADE,12/07/2012 10:15:00,147.70000,17/07/2012 11:30:00,145.55000,@VX,-1,1,2150.00,0.2000,2370.0000,-250.0000,
TRADE,18/07/2012 13:30:00,145.35000,20/07/2012 12:30:00,145.78000,@VX,-1,1,-430.00,0.1600,500.0000,-450.0000,
TRADE,30/07/2012 10:00:00,145.55000,31/07/2012 14:30:00,146.20000,@VX,-1,1,-650.00,0.2600,10.0000,-1050.0000,
TRADE,01/08/2012 09:30:00,146.30000,03/08/2012 15:15:00,143.85000,@VX,-1,1,2450.00,0.4200,2350.0000,-900.0000,
TRADE,07/08/2012 12:00:00,143.60000,10/08/2012 11:00:00,143.35000,@VX,-1,1,250.00,0.0500,500.0000,-900.0000,
TRADE,14/08/2012 10:30:00,142.55000,16/08/2012 09:15:00,143.13000,@VX,-1,1,-580.00,0.0700,100.0000,-760.0000,
TRADE,23/08/2012 08:30:00,142.88000,28/08/2012 08:15:00,142.79000,@VX,-1,1,90.00,0.1400,850.0000,-600.0000,
TRADE,29/08/2012 10:00:00,142.83000,30/08/2012 10:00:00,143.65000,@VX,-1,1,-820.00,0.1600,350.0000,-800.0000,
TRADE,14/09/2012 13:15:00,138.57000,18/09/2012 09:00:00,138.97000,@VX,-1,1,-400.00,0.1500,60.0000,-900.0000,
TRADE,01/10/2012 12:30:00,138.65000,04/10/2012 11:30:00,138.32000,@VX,-1,1,330.00,0.2500,550.0000,-620.0000,
TRADE,09/10/2012 08:45:00,138.02000,09/10/2012 14:30:00,138.75000,@VX,-1,1,-730.00,0.1000,120.0000,-720.0000,
TRADE,18/10/2012 08:30:00,137.42000,19/10/2012 11:30:00,138.10000,@VX,-1,1,-680.00,0.1500,400.0000,-550.0000,
TRADE,25/10/2012 14:45:00,139.47000,01/11/2012 13:45:00,138.17000,@VX,-1,1,1300.00,0.1500,1350.0000,-220.0000,
TRADE,09/11/2012 13:00:00,139.37000,14/11/2012 12:00:00,137.67000,@VX,-1,1,1700.00,0.1900,2250.0000,-70.0000,
TRADE,20/11/2012 13:00:00,136.30000,27/11/2012 08:15:00,135.15000,@VX,-1,1,1150.00,0.2200,1250.0000,-50.0000,
TRADE,05/12/2012 09:15:00,136.10000,10/12/2012 08:15:00,135.52000,@VX,-1,1,580.00,0.2800,800.0000,-380.0000,
TRADE,10/12/2012 12:45:00,135.70000,13/12/2012 11:45:00,135.80000,@VX,-1,1,-100.00,0.0500,700.0000,-150.0000,
TRADE,14/12/2012 14:30:00,136.00000,19/12/2012 13:30:00,135.40000,@VX,-1,1,600.00,0.1500,1500.0000,-100.0000,
TRADE,07/01/2013 12:30:00,133.80000,10/01/2013 11:30:00,133.28000,@VX,-1,1,520.00,0.1200,850.0000,-50.0000,
TRADE,18/01/2013 10:30:00,132.44000,24/01/2013 09:30:00,130.73000,@VX,-1,1,1710.00,0.1500,1860.0000,-20.0000,
TRADE,24/01/2013 11:45:00,130.93000,24/01/2013 13:30:00,131.75000,@VX,-1,1,-820.00,0.2000,50.0000,-800.0000,
TRADE,25/01/2013 08:45:00,130.93000,28/01/2013 13:15:00,131.48000,@VX,-1,1,-550.00,0.1300,200.0000,-750.0000,
TRADE,31/01/2013 14:45:00,131.95000,05/02/2013 13:45:00,131.23000,@VX,-1,1,720.00,0.1000,1220.0000,-330.0000,
TRADE,06/02/2013 12:30:00,131.58000,11/02/2013 11:30:00,130.78000,@VX,-1,1,800.00,0.1300,940.0000,-150.0000,
TRADE,13/02/2013 10:15:00,130.60000,19/02/2013 09:45:00,129.85000,@VX,-1,1,750.00,0.1700,750.0000,-250.0000,
TRADE,06/03/2013 13:30:00,130.49000,11/03/2013 12:30:00,128.95000,@VX,-1,1,1540.00,0.1500,1540.0000,-60.0000,
TRADE,13/03/2013 09:30:00,129.24000,18/03/2013 08:30:00,129.56000,@VX,-1,1,-320.00,0.2200,780.0000,-330.0000,
TRADE,18/03/2013 14:45:00,129.25000,19/03/2013 11:00:00,129.95000,@VX,-1,1,-700.00,0.5000,390.0000,-510.0000,
TRADE,21/03/2013 08:45:00,128.90000,26/03/2013 08:15:00,128.44000,@VX,-1,1,460.00,0.2600,720.0000,-260.0000,
TRADE,27/03/2013 12:00:00,128.48000,02/04/2013 11:15:00,127.96000,@VX,-1,1,520.00,0.0600,570.0000,-150.0000,
TRADE,05/04/2013 13:45:00,128.82000,10/04/2013 08:45:00,127.25000,@VX,-1,1,1570.00,0.0500,1460.0000,-40.0000,
TRADE,11/04/2013 13:30:00,127.18000,15/04/2013 12:45:00,127.49000,@VX,-1,1,-310.00,0.1000,440.0000,-410.0000,
TRADE,17/04/2013 09:00:00,128.09000,17/04/2013 10:00:00,129.40000,@VX,-1,1,-1310.00,0.4500,300.0000,-1000.0000,
TRADE,25/04/2013 11:00:00,127.14000,30/04/2013 09:15:00,127.49000,@VX,-1,1,-350.00,0.1500,100.0000,-720.0000,
TRADE,10/05/2013 08:15:00,126.80000,15/05/2013 08:15:00,126.29000,@VX,-1,1,510.00,0.0600,710.0000,-240.0000,
TRADE,15/05/2013 11:45:00,126.40000,20/05/2013 10:45:00,126.12000,@VX,-1,1,280.00,0.1500,360.0000,-240.0000,
TRADE,20/05/2013 14:00:00,126.25000,22/05/2013 12:45:00,126.61000,@VX,-1,1,-360.00,0.1000,60.0000,-390.0000,
TRADE,30/05/2013 10:00:00,126.65000,31/05/2013 15:15:00,127.11000,@VX,-1,1,-460.00,0.1500,310.0000,-490.0000,
TRADE,04/06/2013 13:00:00,127.59000,06/06/2013 09:00:00,128.07000,@VX,-1,1,-480.00,0.1500,350.0000,-850.0000,
TRADE,19/06/2013 09:00:00,128.69000,20/06/2013 09:30:00,129.55000,@VX,-1,1,-860.00,0.1800,1050.0000,-800.0000,
TRADE,24/06/2013 14:30:00,130.59000,27/06/2013 13:30:00,129.03000,@VX,-1,1,1560.00,0.2000,1700.0000,-450.0000,
TRADE,28/06/2013 08:30:00,129.30000,03/07/2013 08:15:00,128.62000,@VX,-1,1,680.00,0.0700,1460.0000,-240.0000,
TRADE,10/07/2013 08:30:00,126.00000,15/07/2013 08:15:00,125.34000,@VX,-1,1,660.00,0.0700,810.0000,-90.0000,
TRADE,24/07/2013 09:00:00,124.10000,29/07/2013 08:15:00,124.04000,@VX,-1,1,60.00,0.1800,710.0000,-410.0000,
TRADE,29/07/2013 10:45:00,124.15000,01/08/2013 08:45:00,122.95000,@VX,-1,1,1200.00,0.1500,1180.0000,-90.0000,
TRADE,09/08/2013 10:00:00,122.71000,12/08/2013 07:15:00,123.25000,@VX,-1,1,-540.00,0.1700,40.0000,-530.0000,
TRADE,14/08/2013 10:00:00,122.59000,15/08/2013 07:30:00,123.10000,@VX,-1,1,-510.00,0.1200,200.0000,-500.0000,
TRADE,19/08/2013 10:00:00,123.06000,21/08/2013 08:45:00,123.49000,@VX,-1,1,-430.00,0.0900,240.0000,-530.0000,
TRADE,28/08/2013 11:15:00,124.44000,30/08/2013 07:30:00,124.82000,@VX,-1,1,-380.00,0.1200,100.0000,-650.0000,
TRADE,11/09/2013 09:15:00,122.90000,16/09/2013 08:15:00,121.79000,@VX,-1,1,1110.00,0.1600,1360.0000,-40.0000,
TRADE,20/09/2013 11:15:00,121.39000,23/09/2013 16:00:00,121.72000,@VX,-1,1,-330.00,0.2700,200.0000,-520.0000,
TRADE,25/09/2013 09:00:00,121.59000,27/09/2013 13:45:00,121.99000,@VX,-1,1,-400.00,0.1900,450.0000,-400.0000,
TRADE,15/10/2013 11:45:00,123.39000,18/10/2013 09:00:00,120.85000,@VX,-1,1,2540.00,0.1800,2510.0000,-900.0000,
TRADE,22/10/2013 10:00:00,121.15000,25/10/2013 09:15:00,121.06000,@VX,-1,1,90.00,0.1500,260.0000,-660.0000,
TRADE,28/10/2013 10:15:00,121.24000,31/10/2013 08:30:00,121.14000,@VX,-1,1,100.00,0.1900,350.0000,-250.0000,
TRADE,31/10/2013 09:15:00,121.24000,04/11/2013 13:45:00,120.64000,@VX,-1,1,600.00,0.2300,600.0000,-60.0000,
TRADE,05/11/2013 08:15:00,120.80000,07/11/2013 08:15:00,120.17000,@VX,-1,1,630.00,0.3000,780.0000,-40.0000,
TRADE,07/11/2013 09:30:00,120.34000,07/11/2013 14:45:00,120.85000,@VX,-1,1,-510.00,0.2000,150.0000,-500.0000,
TRADE,13/11/2013 10:45:00,119.99000,15/11/2013 10:30:00,119.56000,@VX,-1,1,430.00,0.1000,480.0000,-50.0000,
TRADE,25/11/2013 10:00:00,118.75000,27/11/2013 10:45:00,118.81000,@VX,-1,1,-60.00,0.0500,90.0000,-210.0000,
TRADE,04/12/2013 12:00:00,119.76000,04/12/2013 12:45:00,120.20000,@VX,-1,1,-440.00,0.1500,100.0000,-400.0000,
TRADE,05/12/2013 09:45:00,119.65000,09/12/2013 10:00:00,119.06000,@VX,-1,1,590.00,0.1800,790.0000,-110.0000,
TRADE,10/12/2013 13:15:00,118.98000,11/12/2013 09:00:00,119.60000,@VX,-1,1,-620.00,0.1900,120.0000,-360.0000,
TRADE,12/12/2013 09:00:00,119.94000,16/12/2013 08:15:00,119.88000,@VX,-1,1,60.00,0.1700,240.0000,-360.0000,
TRADE,18/12/2013 12:30:00,120.03000,18/12/2013 15:00:00,118.90000,@VX,-1,1,1130.00,0.1800,1130.0000,-40.0000,
TRADE,19/12/2013 13:45:00,119.05000,24/12/2013 08:15:00,118.33000,@VX,-1,1,720.00,0.1000,720.0000,-100.0000,
TRADE,27/12/2013 09:00:00,118.10000,30/12/2013 13:00:00,118.50000,@VX,-1,1,-400.00,0.2300,0.0000,-400.0000,
TRADE,31/12/2013 10:15:00,118.42000,02/01/2014 03:45:00,118.85000,@VX,-1,1,-430.00,0.0500,70.0000,-360.0000,
TRADE,06/01/2014 10:30:00,118.63000,08/01/2014 10:15:00,118.25000,@VX,-1,1,380.00,0.1300,530.0000,-100.0000,
TRADE,08/01/2014 10:30:00,118.30000,10/01/2014 09:30:00,118.15000,@VX,-1,1,150.00,0.1100,450.0000,-100.0000,
TRADE,15/01/2014 09:00:00,117.70000,17/01/2014 09:15:00,117.85000,@VX,-1,1,-150.00,0.1100,150.0000,-320.0000,
TRADE,21/01/2014 10:00:00,117.77000,23/01/2014 09:15:00,117.83000,@VX,-1,1,-60.00,0.0500,370.0000,-180.0000,
TRADE,27/01/2014 09:30:00,119.35000,27/01/2014 11:15:00,120.15000,@VX,-1,1,-800.00,0.2600,50.0000,-780.0000,
TRADE,31/01/2014 14:45:00,121.09000,03/02/2014 14:30:00,122.35000,@VX,-1,1,-1260.00,0.2200,290.0000,-1510.0000,
TRADE,10/02/2014 10:15:00,119.35000,12/02/2014 08:15:00,118.55000,@VX,-1,1,800.00,0.1600,1050.0000,-100.0000,
TRADE,12/02/2014 11:00:00,118.57000,14/02/2014 09:00:00,118.05000,@VX,-1,1,520.00,0.1700,620.0000,-90.0000,
TRADE,18/02/2014 09:15:00,117.90000,19/02/2014 14:30:00,118.33000,@VX,-1,1,-430.00,0.2500,450.0000,-450.0000,
TRADE,25/02/2014 11:30:00,118.12000,26/02/2014 13:45:00,118.45000,@VX,-1,1,-330.00,0.0700,320.0000,-380.0000,
TRADE,05/03/2014 08:30:00,118.20000,07/03/2014 08:15:00,117.85000,@VX,-1,1,350.00,0.0500,400.0000,-300.0000,
TRADE,07/03/2014 10:15:00,118.25000,10/03/2014 09:45:00,118.80000,@VX,-1,1,-550.00,0.1700,50.0000,-650.0000,
TRADE,27/03/2014 10:15:00,118.48000,31/03/2014 08:30:00,117.93000,@VX,-1,1,550.00,0.1300,600.0000,-240.0000,
TRADE,02/04/2014 11:00:00,117.03000,04/04/2014 11:30:00,117.43000,@VX,-1,1,-400.00,0.1000,310.0000,-470.0000,
TRADE,08/04/2014 09:30:00,118.10000,10/04/2014 08:15:00,117.07000,@VX,-1,1,1030.00,0.1500,1150.0000,-280.0000,
TRADE,14/04/2014 13:15:00,118.30000,15/04/2014 12:30:00,118.80000,@VX,-1,1,-500.00,0.1000,400.0000,-650.0000,
TRADE,22/04/2014 09:00:00,116.99000,24/04/2014 08:15:00,116.78000,@VX,-1,1,210.00,0.1700,290.0000,-60.0000,
TRADE,24/04/2014 09:00:00,117.05000,25/04/2014 09:00:00,117.45000,@VX,-1,1,-400.00,0.2500,120.0000,-390.0000,
TRADE,28/04/2014 11:15:00,117.20000,30/04/2014 09:30:00,116.63000,@VX,-1,1,570.00,0.1600,650.0000,-250.0000,
TRADE,01/05/2014 08:30:00,116.60000,05/05/2014 08:30:00,116.65000,@VX,-1,1,-50.00,0.0500,500.0000,-100.0000,
TRADE,06/05/2014 08:15:00,116.35000,08/05/2014 08:15:00,115.95000,@VX,-1,1,400.00,0.0800,400.0000,-250.0000,
TRADE,20/05/2014 09:15:00,114.60000,22/05/2014 08:15:00,114.16000,@VX,-1,1,440.00,0.2000,530.0000,-120.0000,
TRADE,30/05/2014 10:15:00,113.50000,03/06/2014 08:30:00,113.42000,@VX,-1,1,80.00,0.0500,230.0000,-120.0000,
TRADE,09/06/2014 12:30:00,112.10000,11/06/2014 06:15:00,112.42000,@VX,-1,1,-320.00,0.0500,30.0000,-420.0000,
TRADE,13/06/2014 09:30:00,113.24000,17/06/2014 08:15:00,112.89000,@VX,-1,1,350.00,0.1500,600.0000,0.0000,
TRADE,19/06/2014 12:15:00,111.80000,23/06/2014 10:15:00,111.94000,@VX,-1,1,-140.00,0.1500,160.0000,-260.0000,
TRADE,23/06/2014 11:00:00,111.98000,25/06/2014 08:15:00,112.34000,@VX,-1,1,-360.00,0.1200,440.0000,-460.0000,
TRADE,25/06/2014 11:45:00,112.09000,27/06/2014 08:45:00,111.99000,@VX,-1,1,100.00,0.0700,550.0000,-100.0000,
TRADE,08/07/2014 14:15:00,111.49000,10/07/2014 04:45:00,111.79000,@VX,-1,1,-300.00,0.1100,350.0000,-370.0000,
TRADE,10/07/2014 11:15:00,111.69000,14/07/2014 08:15:00,111.34000,@VX,-1,1,350.00,0.1000,350.0000,-200.0000,
TRADE,16/07/2014 11:30:00,111.29000,17/07/2014 11:00:00,111.60000,@VX,-1,1,-310.00,0.1100,200.0000,-440.0000,
TRADE,23/07/2014 09:15:00,111.49000,25/07/2014 08:15:00,111.69000,@VX,-1,1,-200.00,0.1300,150.0000,-270.0000,
TRADE,30/07/2014 14:15:00,112.04000,31/07/2014 08:00:00,112.55000,@VX,-1,1,-510.00,0.1500,100.0000,-500.0000,
TRADE,01/08/2014 14:15:00,113.99000,05/08/2014 10:15:00,113.69000,@VX,-1,1,300.00,0.2300,1050.0000,-560.0000,
TRADE,07/08/2014 10:30:00,114.55000,08/08/2014 08:45:00,115.09000,@VX,-1,1,-540.00,0.2100,310.0000,-1540.0000,
TRADE,12/08/2014 10:45:00,113.15000,14/08/2014 08:15:00,111.97000,@VX,-1,1,1180.00,0.1600,1260.0000,-290.0000,
TRADE,18/08/2014 11:15:00,111.19000,20/08/2014 08:15:00,111.14000,@VX,-1,1,50.00,0.1000,300.0000,-100.0000,
TRADE,21/08/2014 13:15:00,111.13000,25/08/2014 09:45:00,110.97000,@VX,-1,1,160.00,0.1000,290.0000,-260.0000,
TRADE,26/08/2014 09:45:00,110.99000,28/08/2014 03:45:00,111.29000,@VX,-1,1,-300.00,0.0700,50.0000,-350.0000,
TRADE,02/09/2014 11:00:00,111.39000,04/09/2014 08:15:00,111.04000,@VX,-1,1,350.00,0.0800,450.0000,-120.0000,
TRADE,08/09/2014 13:00:00,111.05000,09/09/2014 14:30:00,111.44000,@VX,-1,1,-390.00,0.1000,160.0000,-440.0000,
TRADE,11/09/2014 11:30:00,111.49000,15/09/2014 01:30:00,111.84000,@VX,-1,1,-350.00,0.1500,250.0000,-400.0000,
TRADE,24/09/2014 09:30:00,111.99000,25/09/2014 10:00:00,112.49000,@VX,-1,1,-500.00,0.2000,600.0000,-530.0000,
TRADE,26/09/2014 08:30:00,112.64000,29/09/2014 08:30:00,112.99000,@VX,-1,1,-350.00,0.2000,800.0000,-400.0000,
TRADE,30/09/2014 12:00:00,113.09000,01/10/2014 11:15:00,113.39000,@VX,-1,1,-300.00,0.2700,250.0000,-650.0000,
TRADE,02/10/2014 10:00:00,113.74000,03/10/2014 10:45:00,112.15000,@VX,-1,1,1590.00,0.2700,1550.0000,-400.0000,
TRADE,10/10/2014 09:30:00,114.55000,10/10/2014 15:00:00,116.30000,@VX,-1,1,-1750.00,0.7400,470.0000,-1240.0000,
TRADE,13/10/2014 09:15:00,116.59000,13/10/2014 15:00:00,118.70000,@VX,-1,1,-2110.00,1.1000,1000.0000,-1770.0000,
TRADE,22/10/2014 10:00:00,115.79000,23/10/2014 09:15:00,116.14000,@VX,-1,1,-350.00,0.2000,300.0000,-1500.0000,
TRADE,24/10/2014 09:30:00,116.54000,28/10/2014 08:15:00,115.39000,@VX,-1,1,1150.00,0.7700,1320.0000,-120.0000,
TRADE,29/10/2014 09:45:00,114.84000,30/10/2014 08:15:00,115.24000,@VX,-1,1,-400.00,0.2100,200.0000,-750.0000,
TRADE,31/10/2014 09:15:00,114.49000,04/11/2014 08:15:00,114.79000,@VX,-1,1,-300.00,0.2300,300.0000,-350.0000,
TRADE,05/11/2014 13:00:00,114.40000,07/11/2014 09:00:00,113.79000,@VX,-1,1,610.00,0.2000,920.0000,-30.0000,
TRADE,13/11/2014 10:30:00,113.09000,14/11/2014 09:15:00,113.44000,@VX,-1,1,-350.00,0.1800,0.0000,-550.0000,
TRADE,14/11/2014 13:15:00,113.40000,18/11/2014 08:45:00,113.12000,@VX,-1,1,280.00,0.1300,360.0000,-190.0000,
TRADE,25/11/2014 09:15:00,112.49000,28/11/2014 08:15:00,112.17000,@VX,-1,1,320.00,0.1000,470.0000,-120.0000,
TRADE,28/11/2014 11:45:00,112.30000,01/12/2014 01:15:00,112.89000,@VX,-1,1,-590.00,0.1000,10.0000,-590.0000,
TRADE,04/12/2014 09:45:00,112.20000,08/12/2014 08:15:00,111.72000,@VX,-1,1,480.00,0.1500,910.0000,-290.0000,
TRADE,12/12/2014 10:30:00,116.59000,15/12/2014 11:00:00,116.94000,@VX,-1,1,-350.00,0.3700,1050.0000,-700.0000,
TRADE,15/12/2014 13:00:00,116.21000,16/12/2014 12:45:00,116.57000,@VX,-1,1,-360.00,0.2600,970.0000,-1130.0000,
TRADE,17/12/2014 09:45:00,117.25000,18/12/2014 03:15:00,114.55000,@VX,-1,1,2700.00,0.2500,2660.0000,-140.0000,
TRADE,19/12/2014 08:30:00,114.53000,23/12/2014 08:15:00,113.54000,@VX,-1,1,990.00,0.1000,1010.0000,-300.0000,
TRADE,26/12/2014 13:45:00,113.49000,29/12/2014 12:30:00,113.87000,@VX,-1,1,-380.00,0.1000,150.0000,-500.0000,
TRADE,30/12/2014 11:00:00,113.95000,31/12/2014 11:30:00,114.55000,@VX,-1,1,-600.00,0.2600,160.0000,-590.0000,
TRADE,06/01/2015 08:15:00,116.74000,08/01/2015 08:15:00,115.76000,@VX,-1,1,980.00,0.1300,1200.0000,-1350.0000,
TRADE,09/01/2015 09:30:00,115.34000,12/01/2015 08:15:00,116.04000,@VX,-1,1,-700.00,0.3800,30.0000,-900.0000,
TRADE,13/01/2015 12:15:00,116.53000,13/01/2015 13:00:00,118.10000,@VX,-1,1,-1570.00,0.3400,140.0000,-1110.0000,
TRADE,15/01/2015 09:00:00,118.72000,16/01/2015 07:15:00,119.18000,@VX,-1,1,-460.00,0.8300,930.0000,-630.0000,
TRADE,16/01/2015 09:30:00,119.34000,21/01/2015 08:15:00,118.54000,@VX,-1,1,800.00,0.6000,1650.0000,-50.0000,
TRADE,23/01/2015 08:15:00,116.39000,26/01/2015 06:45:00,116.77000,@VX,-1,1,-380.00,0.1700,550.0000,-650.0000,
TRADE,27/01/2015 14:45:00,116.65000,28/01/2015 13:45:00,116.99000,@VX,-1,1,-340.00,0.2800,910.0000,-410.0000,
TRADE,30/01/2015 14:15:00,118.66000,02/02/2015 12:45:00,119.34000,@VX,-1,1,-680.00,0.5500,120.0000,-1460.0000,
TRADE,04/02/2015 08:30:00,117.45000,06/02/2015 08:15:00,116.44000,@VX,-1,1,1010.00,0.2300,1260.0000,-890.0000,
TRADE,06/02/2015 12:00:00,117.05000,09/02/2015 10:45:00,117.84000,@VX,-1,1,-790.00,0.4500,280.0000,-1360.0000,
TRADE,09/02/2015 14:45:00,117.99000,11/02/2015 10:15:00,117.04000,@VX,-1,1,950.00,0.2600,1380.0000,-150.0000,
TRADE,11/02/2015 12:30:00,117.29000,13/02/2015 08:15:00,115.71000,@VX,-1,1,1580.00,0.2700,1650.0000,-70.0000,
TRADE,18/02/2015 10:45:00,115.84000,20/02/2015 08:15:00,115.44000,@VX,-1,1,400.00,0.1500,700.0000,-150.0000,
TRADE,23/02/2015 09:30:00,114.74000,25/02/2015 08:15:00,113.84000,@VX,-1,1,900.00,0.1500,1050.0000,-120.0000,
TRADE,26/02/2015 13:45:00,113.95000,02/03/2015 11:00:00,113.19000,@VX,-1,1,760.00,0.3500,810.0000,-290.0000,
TRADE,04/03/2015 13:15:00,113.77000,06/03/2015 09:15:00,113.09000,@VX,-1,1,680.00,0.1600,880.0000,-50.0000,
TRADE,13/03/2015 09:15:00,113.80000,17/03/2015 08:15:00,113.94000,@VX,-1,1,-140.00,0.1300,310.0000,-740.0000,
TRADE,18/03/2015 10:45:00,113.84000,20/03/2015 08:15:00,112.59000,@VX,-1,1,1250.00,0.1300,1300.0000,-50.0000,
TRADE,24/03/2015 08:45:00,112.29000,25/03/2015 12:00:00,112.69000,@VX,-1,1,-400.00,0.0800,450.0000,-420.0000,
TRADE,31/03/2015 11:15:00,112.29000,01/04/2015 09:00:00,113.05000,@VX,-1,1,-760.00,0.1000,100.0000,-700.0000,
TRADE,01/04/2015 11:30:00,112.84000,06/04/2015 08:45:00,112.19000,@VX,-1,1,650.00,0.1400,950.0000,-50.0000,
TRADE,08/04/2015 10:00:00,111.65000,08/04/2015 15:45:00,109.19000,@VX,-1,1,2460.00,0.2800,2460.0000,-20.0000,
TRADE,09/04/2015 10:15:00,111.14000,13/04/2015 10:00:00,109.69000,@VX,-1,1,1450.00,0.1000,1570.0000,-140.0000,
TRADE,21/04/2015 14:30:00,109.45000,23/04/2015 10:15:00,109.34000,@VX,-1,1,110.00,0.1000,260.0000,-410.0000,
TRADE,24/04/2015 09:00:00,109.14000,27/04/2015 13:15:00,109.49000,@VX,-1,1,-350.00,0.2000,350.0000,-370.0000,
TRADE,30/04/2015 11:15:00,109.69000,04/05/2015 08:15:00,108.79000,@VX,-1,1,900.00,0.2000,1000.0000,-550.0000,
TRADE,06/05/2015 09:00:00,109.84000,06/05/2015 13:45:00,110.65000,@VX,-1,1,-810.00,0.6000,250.0000,-720.0000,
TRADE,07/05/2015 09:45:00,110.34000,08/05/2015 10:45:00,108.70000,@VX,-1,1,1640.00,0.2500,1600.0000,-70.0000,
TRADE,11/05/2015 09:45:00,108.90000,12/05/2015 08:00:00,109.64000,@VX,-1,1,-740.00,0.1700,210.0000,-1020.0000,
TRADE,13/05/2015 08:45:00,108.89000,15/05/2015 08:15:00,108.34000,@VX,-1,1,550.00,0.1500,600.0000,-270.0000,
TRADE,15/05/2015 09:00:00,108.50000,19/05/2015 08:15:00,107.64000,@VX,-1,1,860.00,0.2000,1010.0000,-110.0000,
TRADE,19/05/2015 09:00:00,107.82000,21/05/2015 08:15:00,107.71000,@VX,-1,1,110.00,0.2500,380.0000,-20.0000,
TRADE,21/05/2015 09:15:00,107.69000,26/05/2015 08:15:00,107.32000,@VX,-1,1,370.00,0.1500,650.0000,-30.0000,
TRADE,29/05/2015 09:00:00,107.49000,02/06/2015 08:15:00,107.54000,@VX,-1,1,-50.00,0.1500,350.0000,-300.0000,
TRADE,08/06/2015 08:15:00,107.69000,09/06/2015 05:15:00,108.35000,@VX,-1,1,-660.00,0.0800,120.0000,-650.0000,
TRADE,12/06/2015 14:15:00,106.59000,15/06/2015 13:00:00,106.92000,@VX,-1,1,-330.00,0.0600,100.0000,-450.0000,
TRADE,19/06/2015 08:45:00,106.31000,23/06/2015 08:15:00,105.74000,@VX,-1,1,570.00,0.0600,690.0000,-380.0000,
TRADE,25/06/2015 09:15:00,105.62000,26/06/2015 10:15:00,105.94000,@VX,-1,1,-320.00,0.1700,230.0000,-420.0000,
TRADE,26/06/2015 12:15:00,105.95000,29/06/2015 01:15:00,107.49000,@VX,-1,1,-1540.00,0.1500,210.0000,-1540.0000,
TRADE,29/06/2015 09:45:00,106.85000,29/06/2015 12:00:00,107.50000,@VX,-1,1,-650.00,0.2000,60.0000,-640.0000,
TRADE,01/07/2015 11:15:00,107.80000,02/07/2015 10:30:00,108.09000,@VX,-1,1,-290.00,0.2200,840.0000,-390.0000,
TRADE,08/07/2015 09:00:00,108.54000,09/07/2015 09:15:00,108.94000,@VX,-1,1,-400.00,0.4300,220.0000,-1200.0000,
TRADE,14/07/2015 08:45:00,105.75000,16/07/2015 08:15:00,104.91000,@VX,-1,1,840.00,0.0500,890.0000,-90.0000,
TRADE,17/07/2015 09:30:00,104.43000,21/07/2015 08:15:00,104.21000,@VX,-1,1,220.00,0.1800,470.0000,-60.0000,
TRADE,23/07/2015 11:00:00,104.10000,24/07/2015 09:45:00,104.41000,@VX,-1,1,-310.00,0.1000,140.0000,-410.0000,
TRADE,29/07/2015 12:30:00,104.16000,31/07/2015 08:15:00,103.81000,@VX,-1,1,350.00,0.1100,400.0000,-300.0000,
TRADE,31/07/2015 13:00:00,103.94000,03/08/2015 12:30:00,104.29000,@VX,-1,1,-350.00,0.1400,280.0000,-430.0000,
TRADE,04/08/2015 10:45:00,103.83000,06/08/2015 08:15:00,103.70000,@VX,-1,1,130.00,0.0700,420.0000,-380.0000,
TRADE,06/08/2015 09:00:00,103.91000,06/08/2015 11:00:00,104.55000,@VX,-1,1,-640.00,0.3000,60.0000,-550.0000,
TRADE,07/08/2015 10:45:00,104.61000,11/08/2015 08:15:00,104.06000,@VX,-1,1,550.00,0.2700,1250.0000,-180.0000,
TRADE,13/08/2015 09:15:00,104.28000,17/08/2015 08:15:00,104.23000,@VX,-1,1,50.00,0.1300,370.0000,-170.0000,
TRADE,18/08/2015 11:15:00,104.01000,19/08/2015 09:30:00,104.41000,@VX,-1,1,-400.00,0.0500,50.0000,-560.0000,
TRADE,19/08/2015 14:30:00,104.46000,20/08/2015 04:15:00,105.00000,@VX,-1,1,-540.00,0.1600,200.0000,-520.0000,
TRADE,25/08/2015 12:15:00,111.00000,25/08/2015 14:45:00,113.20000,@VX,-1,1,-2200.00,0.4200,290.0000,-1640.0000,
TRADE,26/08/2015 09:00:00,113.41000,27/08/2015 14:15:00,113.86000,@VX,-1,1,-450.00,1.5500,2400.0000,-1950.0000,
TRADE,31/08/2015 09:15:00,114.60000,01/09/2015 01:15:00,117.19000,@VX,-1,1,-2590.00,0.4600,560.0000,-2590.0000,
TRADE,02/09/2015 10:00:00,117.96000,03/09/2015 10:15:00,112.70000,@VX,-1,1,5260.00,0.5400,5250.0000,-300.0000,
TRADE,11/09/2015 09:30:00,114.41000,15/09/2015 08:15:00,113.31000,@VX,-1,1,1100.00,0.2500,1200.0000,-200.0000,
TRADE,17/09/2015 09:15:00,110.05000,18/09/2015 07:30:00,111.26000,@VX,-1,1,-1210.00,0.2000,1890.0000,-1510.0000,
TRADE,21/09/2015 13:30:00,111.85000,22/09/2015 11:45:00,112.21000,@VX,-1,1,-360.00,0.2500,1740.0000,-660.0000,
TRADE,23/09/2015 11:15:00,112.16000,24/09/2015 09:30:00,113.04000,@VX,-1,1,-880.00,0.2000,800.0000,-970.0000,
TRADE,25/09/2015 11:15:00,111.65000,28/09/2015 02:15:00,112.56000,@VX,-1,1,-910.00,0.1200,190.0000,-1760.0000,
TRADE,29/09/2015 11:15:00,114.49000,30/09/2015 13:30:00,113.81000,@VX,-1,1,680.00,0.3600,1480.0000,-720.0000,
TRADE,06/10/2015 11:15:00,110.86000,07/10/2015 14:30:00,110.21000,@VX,-1,1,650.00,0.2700,950.0000,-250.0000,
TRADE,09/10/2015 11:15:00,109.01000,13/10/2015 08:15:00,107.98000,@VX,-1,1,1030.00,0.1400,1900.0000,-530.0000,
TRADE,14/10/2015 12:45:00,108.91000,16/10/2015 08:15:00,107.31000,@VX,-1,1,1600.00,0.3300,1710.0000,-500.0000,
TRADE,20/10/2015 10:45:00,106.44000,21/10/2015 01:45:00,106.86000,@VX,-1,1,-420.00,0.2000,30.0000,-750.0000,
TRADE,21/10/2015 12:45:00,107.20000,22/10/2015 03:00:00,107.81000,@VX,-1,1,-610.00,0.3600,390.0000,-1210.0000,
TRADE,26/10/2015 11:15:00,106.95000,27/10/2015 04:00:00,107.22000,@VX,-1,1,-270.00,0.1000,490.0000,-360.0000,
TRADE,28/10/2015 13:30:00,107.04000,30/10/2015 08:15:00,106.34000,@VX,-1,1,700.00,0.8600,1080.0000,-130.0000,
TRADE,30/10/2015 14:15:00,106.55000,03/11/2015 08:15:00,106.01000,@VX,-1,1,540.00,0.1600,990.0000,-660.0000,
TRADE,05/11/2015 10:00:00,106.99000,06/11/2015 13:45:00,106.11000,@VX,-1,1,880.00,0.2300,980.0000,-50.0000,
TRADE,09/11/2015 08:45:00,106.01000,09/11/2015 11:15:00,107.10000,@VX,-1,1,-1090.00,0.1000,100.0000,-1000.0000,
TRADE,10/11/2015 09:45:00,107.26000,11/11/2015 13:30:00,106.50000,@VX,-1,1,760.00,0.2700,1220.0000,0.0000,
TRADE,16/11/2015 08:30:00,109.46000,17/11/2015 11:15:00,107.55000,@VX,-1,1,1910.00,0.1500,2400.0000,-50.0000,
TRADE,30/11/2015 11:30:00,106.74000,02/12/2015 08:15:00,105.81000,@VX,-1,1,930.00,0.1100,1180.0000,-20.0000,
TRADE,02/12/2015 10:45:00,105.85000,02/12/2015 14:00:00,106.45000,@VX,-1,1,-600.00,0.1100,340.0000,-470.0000,
TRADE,04/12/2015 08:30:00,107.81000,07/12/2015 12:45:00,106.86000,@VX,-1,1,950.00,0.3700,2270.0000,0.0000,
TRADE,15/12/2015 11:30:00,109.36000,16/12/2015 13:45:00,107.78000,@VX,-1,1,1580.00,0.2500,1950.0000,-50.0000,
TRADE,18/12/2015 10:00:00,109.06000,21/12/2015 11:00:00,109.51000,@VX,-1,1,-450.00,0.2600,410.0000,-900.0000,
TRADE,21/12/2015 13:45:00,109.21000,23/12/2015 08:15:00,107.04000,@VX,-1,1,2170.00,0.2800,2450.0000,-250.0000,
TRADE,23/12/2015 12:00:00,107.38000,24/12/2015 12:30:00,107.69000,@VX,-1,1,-310.00,0.2600,370.0000,-330.0000,
TRADE,28/12/2015 09:15:00,108.07000,29/12/2015 13:30:00,107.06000,@VX,-1,1,1010.00,0.1900,1160.0000,-270.0000,
TRADE,29/12/2015 14:00:00,107.14000,30/12/2015 09:00:00,107.49000,@VX,-1,1,-350.00,0.1200,280.0000,-360.0000,
TRADE,31/12/2015 12:45:00,107.96000,03/01/2016 22:45:00,108.75000,@VX,-1,1,-790.00,0.1700,270.0000,-770.0000,
TRADE,05/01/2016 09:30:00,109.56000,06/01/2016 02:45:00,110.11000,@VX,-1,1,-550.00,0.2100,850.0000,-560.0000,
TRADE,06/01/2016 14:30:00,110.21000,07/01/2016 02:45:00,111.85000,@VX,-1,1,-1640.00,0.3300,700.0000,-1620.0000,
TRADE,07/01/2016 11:45:00,111.75000,08/01/2016 06:00:00,112.14000,@VX,-1,1,-390.00,0.3200,590.0000,-1360.0000,
TRADE,08/01/2016 09:00:00,111.90000,08/01/2016 15:00:00,114.10000,@VX,-1,1,-2200.00,0.6200,240.0000,-2010.0000,
TRADE,11/01/2016 10:30:00,114.56000,12/01/2016 12:45:00,112.43000,@VX,-1,1,2130.00,0.3500,3370.0000,-1350.0000,
TRADE,12/01/2016 13:45:00,112.31000,13/01/2016 12:45:00,112.66000,@VX,-1,1,-350.00,0.5300,2050.0000,-420.0000,
TRADE,20/01/2016 09:45:00,116.86000,21/01/2016 12:00:00,115.31000,@VX,-1,1,1550.00,0.3100,1800.0000,-1350.0000,
TRADE,21/01/2016 13:45:00,116.01000,25/01/2016 08:15:00,114.20000,@VX,-1,1,1810.00,0.3600,2710.0000,-270.0000,
TRADE,28/01/2016 09:45:00,114.81000,29/01/2016 12:00:00,112.96000,@VX,-1,1,1850.00,0.4800,1900.0000,-300.0000,
TRADE,01/02/2016 12:00:00,113.06000,02/02/2016 04:15:00,113.46000,@VX,-1,1,-400.00,0.2000,720.0000,-500.0000,
TRADE,04/02/2016 10:45:00,114.01000,05/02/2016 09:45:00,114.56000,@VX,-1,1,-550.00,0.2600,300.0000,-650.0000,
TRADE,09/02/2016 11:15:00,117.46000,10/02/2016 13:45:00,116.41000,@VX,-1,1,1050.00,0.4800,1720.0000,-680.0000,
TRADE,12/02/2016 09:30:00,118.31000,16/02/2016 12:15:00,116.66000,@VX,-1,1,1650.00,0.2900,1800.0000,-100.0000,
TRADE,18/02/2016 09:00:00,115.90000,19/02/2016 11:45:00,115.21000,@VX,-1,1,690.00,0.5000,740.0000,-310.0000,
TRADE,23/02/2016 10:00:00,114.20000,24/02/2016 00:30:00,115.01000,@VX,-1,1,-810.00,0.3000,0.0000,-910.0000,
TRADE,25/02/2016 09:15:00,114.71000,26/02/2016 11:30:00,113.96000,@VX,-1,1,750.00,0.2500,1800.0000,-180.0000,
TRADE,02/03/2016 11:15:00,112.60000,03/03/2016 14:00:00,110.98000,@VX,-1,1,1620.00,0.3000,1640.0000,-60.0000,
TRADE,04/03/2016 09:15:00,111.36000,07/03/2016 00:30:00,111.66000,@VX,-1,1,-300.00,0.3200,700.0000,-420.0000,
TRADE,08/03/2016 09:00:00,112.15000,09/03/2016 14:00:00,111.96000,@VX,-1,1,190.00,0.3000,550.0000,-410.0000,
TRADE,09/03/2016 14:30:00,112.20000,11/03/2016 08:15:00,111.13000,@VX,-1,1,1070.00,0.2800,1390.0000,-360.0000,
TRADE,24/03/2016 12:00:00,109.94000,29/03/2016 08:15:00,109.01000,@VX,-1,1,930.00,0.2000,1280.0000,-20.0000,
TRADE,29/03/2016 11:30:00,108.96000,30/03/2016 14:00:00,107.66000,@VX,-1,1,1300.00,0.1000,1750.0000,-50.0000,
TRADE,08/04/2016 14:30:00,108.46000,11/04/2016 16:00:00,108.80000,@VX,-1,1,-340.00,0.3700,750.0000,-400.0000,
TRADE,12/04/2016 09:30:00,108.80000,13/04/2016 12:15:00,106.73000,@VX,-1,1,2070.00,0.3700,2240.0000,-210.0000,
TRADE,15/04/2016 09:30:00,106.49000,18/04/2016 12:45:00,105.36000,@VX,-1,1,1130.00,0.2000,1230.0000,-290.0000,
TRADE,19/04/2016 11:00:00,105.10000,20/04/2016 01:45:00,105.56000,@VX,-1,1,-460.00,0.1500,90.0000,-560.0000,
TRADE,22/04/2016 08:45:00,105.79000,25/04/2016 12:00:00,105.79000,@VX,-1,1,0.00,0.1500,730.0000,-140.0000,
TRADE,25/04/2016 14:00:00,105.65000,27/04/2016 08:15:00,105.26000,@VX,-1,1,390.00,0.1500,790.0000,-80.0000,
TRADE,27/04/2016 10:00:00,105.36000,28/04/2016 12:30:00,104.37000,@VX,-1,1,990.00,0.2500,1150.0000,-150.0000,
TRADE,03/05/2016 14:45:00,105.86000,04/05/2016 06:00:00,106.46000,@VX,-1,1,-600.00,0.2400,300.0000,-750.0000,
TRADE,04/05/2016 10:00:00,106.22000,05/05/2016 14:00:00,105.96000,@VX,-1,1,260.00,0.2500,910.0000,-240.0000,
TRADE,11/05/2016 11:15:00,103.85000,12/05/2016 01:30:00,104.36000,@VX,-1,1,-510.00,0.1300,40.0000,-860.0000,
TRADE,12/05/2016 09:15:00,104.45000,13/05/2016 11:45:00,103.91000,@VX,-1,1,540.00,0.3100,640.0000,-460.0000,
TRADE,19/05/2016 09:15:00,105.55000,20/05/2016 12:00:00,104.26000,@VX,-1,1,1290.00,0.6000,1350.0000,-210.0000,
TRADE,25/05/2016 12:15:00,102.92000,27/05/2016 08:15:00,102.47000,@VX,-1,1,450.00,0.1200,520.0000,-190.0000,
TRADE,31/05/2016 10:15:00,101.99000,01/06/2016 04:45:00,102.36000,@VX,-1,1,-370.00,0.1800,130.0000,-670.0000,
TRADE,03/06/2016 12:30:00,101.66000,07/06/2016 08:15:00,100.96000,@VX,-1,1,700.00,0.1600,1000.0000,-80.0000,
TRADE,17/06/2016 10:15:00,104.70000,20/06/2016 13:15:00,102.86000,@VX,-1,1,1840.00,0.1400,2040.0000,-400.0000,
TRADE,24/06/2016 13:45:00,106.64000,27/06/2016 04:30:00,107.01000,@VX,-1,1,-370.00,0.4500,630.0000,-1670.0000,
TRADE,27/06/2016 13:30:00,107.55000,29/06/2016 05:45:00,103.06000,@VX,-1,1,4490.00,0.4000,4490.0000,-910.0000,
TRADE,30/06/2016 09:00:00,102.60000,01/07/2016 11:15:00,101.46000,@VX,-1,1,1140.00,0.3400,1390.0000,-120.0000,
TRADE,05/07/2016 09:30:00,101.96000,05/07/2016 23:45:00,102.41000,@VX,-1,1,-450.00,0.3100,450.0000,-600.0000,
TRADE,11/07/2016 09:30:00,99.31000,12/07/2016 13:00:00,99.31000,@VX,-1,1,0.00,0.1500,400.0000,-300.0000,
TRADE,14/07/2016 09:30:00,98.73000,15/07/2016 01:00:00,99.05000,@VX,-1,1,-320.00,0.1000,220.0000,-330.0000,
TRADE,18/07/2016 08:30:00,98.92000,19/07/2016 11:15:00,98.55000,@VX,-1,1,370.00,0.1300,610.0000,-40.0000,
TRADE,21/07/2016 09:45:00,98.21000,22/07/2016 13:45:00,98.01000,@VX,-1,1,200.00,0.1000,250.0000,-550.0000,
TRADE,25/07/2016 09:15:00,98.20000,26/07/2016 12:15:00,97.96000,@VX,-1,1,240.00,0.1600,340.0000,-510.0000,
TRADE,27/07/2016 09:30:00,97.76000,28/07/2016 12:00:00,97.65000,@VX,-1,1,110.00,0.1000,500.0000,-400.0000,
TRADE,29/07/2016 08:15:00,97.15000,01/08/2016 11:30:00,96.59000,@VX,-1,1,560.00,0.0900,990.0000,-90.0000,
TRADE,04/08/2016 09:45:00,96.46000,05/08/2016 12:30:00,95.59000,@VX,-1,1,870.00,0.1300,1050.0000,-50.0000,
TRADE,11/08/2016 13:15:00,95.43000,15/08/2016 08:15:00,95.21000,@VX,-1,1,220.00,0.1000,320.0000,-310.0000,
TRADE,15/08/2016 11:45:00,95.21000,16/08/2016 09:00:00,95.64000,@VX,-1,1,-430.00,0.0500,50.0000,-450.0000,
TRADE,22/08/2016 09:15:00,95.26000,23/08/2016 12:45:00,95.01000,@VX,-1,1,250.00,0.1100,350.0000,-150.0000,
TRADE,30/08/2016 10:00:00,95.11000,31/08/2016 11:45:00,95.46000,@VX,-1,1,-350.00,0.1200,200.0000,-450.0000,
TRADE,15/09/2016 09:15:00,98.66000,16/09/2016 13:00:00,98.34000,@VX,-1,1,320.00,0.3500,1000.0000,-70.0000,
TRADE,16/09/2016 13:30:00,98.13000,20/09/2016 08:15:00,96.96000,@VX,-1,1,1170.00,0.2500,1370.0000,-80.0000,
TRADE,21/09/2016 13:15:00,96.90000,23/09/2016 08:15:00,95.21000,@VX,-1,1,1690.00,0.1500,1790.0000,0.0000,
TRADE,23/09/2016 09:00:00,95.40000,26/09/2016 01:30:00,95.71000,@VX,-1,1,-310.00,0.1500,200.0000,-340.0000,
TRADE,28/09/2016 10:00:00,95.56000,29/09/2016 12:15:00,96.11000,@VX,-1,1,-550.00,0.2300,600.0000,-650.0000,
TRADE,04/10/2016 11:30:00,95.36000,06/10/2016 08:15:00,95.21000,@VX,-1,1,150.00,0.1600,350.0000,-570.0000,
TRADE,06/10/2016 10:30:00,95.26000,07/10/2016 14:00:00,95.06000,@VX,-1,1,200.00,0.2000,600.0000,-230.0000,
TRADE,14/10/2016 11:30:00,96.26000,17/10/2016 14:30:00,96.24000,@VX,-1,1,20.00,0.1400,300.0000,-400.0000,
TRADE,21/10/2016 08:30:00,95.09000,24/10/2016 12:15:00,94.06000,@VX,-1,1,1030.00,0.1400,1080.0000,-40.0000,
TRADE,25/10/2016 08:15:00,93.94000,25/10/2016 22:30:00,94.41000,@VX,-1,1,-470.00,0.0500,0.0000,-580.0000,
TRADE,26/10/2016 08:30:00,94.55000,27/10/2016 10:15:00,94.89000,@VX,-1,1,-340.00,0.1300,340.0000,-380.0000,
TRADE,10/11/2016 09:30:00,94.21000,10/11/2016 23:45:00,94.58000,@VX,-1,1,-370.00,0.5000,250.0000,-930.0000,
TRADE,11/11/2016 09:45:00,94.86000,14/11/2016 12:45:00,94.45000,@VX,-1,1,410.00,0.3100,1000.0000,-250.0000,
TRADE,25/11/2016 09:00:00,92.62000,28/11/2016 14:45:00,92.66000,@VX,-1,1,-40.00,0.2000,210.0000,-290.0000,
TRADE,30/11/2016 11:15:00,92.44000,01/12/2016 04:15:00,92.76000,@VX,-1,1,-320.00,0.1700,230.0000,-390.0000,
TRADE,07/12/2016 09:30:00,91.24000,08/12/2016 09:00:00,91.76000,@VX,-1,1,-520.00,0.1300,330.0000,-530.0000,
TRADE,13/12/2016 09:15:00,91.63000,14/12/2016 13:15:00,91.21000,@VX,-1,1,420.00,0.1500,470.0000,-250.0000,
TRADE,14/12/2016 14:45:00,91.57000,16/12/2016 08:15:00,91.36000,@VX,-1,1,210.00,0.3000,310.0000,-240.0000,
TRADE,16/12/2016 11:45:00,91.40000,20/12/2016 08:15:00,90.69000,@VX,-1,1,710.00,0.1000,780.0000,-160.0000,
TRADE,21/12/2016 10:30:00,90.46000,22/12/2016 13:45:00,90.36000,@VX,-1,1,100.00,0.0500,200.0000,-50.0000,
TRADE,23/12/2016 12:00:00,90.61000,28/12/2016 08:15:00,90.31000,@VX,-1,1,300.00,0.0500,410.0000,-90.0000,
TRADE,29/12/2016 10:00:00,90.91000,30/12/2016 09:00:00,91.30000,@VX,-1,1,-390.00,0.0800,100.0000,-400.0000,
TRADE,05/01/2017 10:30:00,89.61000,09/01/2017 08:15:00,89.26000,@VX,-1,1,350.00,0.2200,750.0000,-240.0000,
TRADE,09/01/2017 08:30:00,89.29000,10/01/2017 11:45:00,89.06000,@VX,-1,1,230.00,0.0900,300.0000,-170.0000,
TRADE,11/01/2017 10:15:00,89.30000,12/01/2017 13:30:00,88.81000,@VX,-1,1,490.00,0.2000,590.0000,-210.0000,
TRADE,13/01/2017 13:15:00,88.79000,17/01/2017 05:00:00,89.26000,@VX,-1,1,-470.00,0.0500,80.0000,-470.0000,
TRADE,18/01/2017 11:00:00,88.73000,19/01/2017 13:30:00,88.99000,@VX,-1,1,-260.00,0.1000,120.0000,-280.0000,
TRADE,23/01/2017 10:30:00,88.43000,24/01/2017 14:30:00,87.56000,@VX,-1,1,870.00,0.1500,920.0000,-230.0000,
TRADE,27/01/2017 09:30:00,87.29000,30/01/2017 09:00:00,87.74000,@VX,-1,1,-450.00,0.1000,230.0000,-470.0000,
TRADE,06/02/2017 12:00:00,87.06000,08/02/2017 08:15:00,87.16000,@VX,-1,1,-100.00,0.1000,250.0000,-150.0000,
TRADE,08/02/2017 11:00:00,87.15000,10/02/2017 08:15:00,86.78000,@VX,-1,1,370.00,0.1000,440.0000,-60.0000,
TRADE,21/02/2017 10:45:00,86.21000,22/02/2017 09:00:00,86.60000,@VX,-1,1,-390.00,0.2000,100.0000,-400.0000,
TRADE,28/02/2017 09:00:00,86.51000,01/03/2017 11:30:00,85.93000,@VX,-1,1,580.00,0.2000,600.0000,-300.0000,
TRADE,01/03/2017 14:30:00,86.15000,02/03/2017 06:00:00,86.49000,@VX,-1,1,-340.00,0.1700,40.0000,-360.0000,
TRADE,02/03/2017 11:00:00,86.45000,03/03/2017 14:15:00,86.06000,@VX,-1,1,390.00,0.1000,510.0000,-210.0000,
TRADE,07/03/2017 09:30:00,85.88000,08/03/2017 12:30:00,85.51000,@VX,-1,1,370.00,0.1500,470.0000,-250.0000,
TRADE,09/03/2017 13:30:00,86.06000,13/03/2017 08:15:00,85.63000,@VX,-1,1,430.00,0.3000,500.0000,-50.0000,
TRADE,21/03/2017 09:45:00,84.81000,21/03/2017 10:30:00,85.40000,@VX,-1,1,-590.00,0.2000,70.0000,-370.0000,
TRADE,22/03/2017 12:30:00,85.70000,23/03/2017 15:30:00,85.99000,@VX,-1,1,-290.00,0.1400,440.0000,-310.0000,
TRADE,30/03/2017 10:30:00,84.65000,31/03/2017 14:00:00,84.93000,@VX,-1,1,-280.00,0.1000,190.0000,-360.0000,
TRADE,07/04/2017 09:30:00,85.54000,10/04/2017 05:30:00,85.86000,@VX,-1,1,-320.00,0.3400,130.0000,-420.0000,
TRADE,10/04/2017 09:45:00,85.85000,10/04/2017 15:15:00,86.75000,@VX,-1,1,-900.00,0.2000,90.0000,-810.0000,
TRADE,12/04/2017 08:45:00,87.86000,13/04/2017 12:30:00,88.01000,@VX,-1,1,-150.00,0.1200,250.0000,-350.0000,
TRADE,13/04/2017 14:30:00,88.05000,18/04/2017 08:15:00,87.59000,@VX,-1,1,460.00,0.1500,740.0000,-310.0000,
TRADE,18/04/2017 10:00:00,87.50000,19/04/2017 13:15:00,87.36000,@VX,-1,1,140.00,0.1500,490.0000,-410.0000,
TRADE,20/04/2017 12:15:00,87.50000,24/04/2017 04:30:00,85.85000,@VX,-1,1,1650.00,0.0600,1640.0000,-210.0000,
TRADE,26/04/2017 11:15:00,85.66000,27/04/2017 14:00:00,85.36000,@VX,-1,1,300.00,0.2500,350.0000,-50.0000,
TRADE,28/04/2017 10:15:00,85.44000,02/05/2017 08:15:00,84.83000,@VX,-1,1,610.00,0.1000,730.0000,-120.0000,
TRADE,02/05/2017 10:45:00,85.05000,03/05/2017 14:45:00,85.06000,@VX,-1,1,-10.00,0.2200,290.0000,-210.0000,
TRADE,05/05/2017 14:00:00,84.90000,09/05/2017 08:15:00,84.21000,@VX,-1,1,690.00,0.0800,740.0000,-110.0000,
TRADE,10/05/2017 11:45:00,84.51000,11/05/2017 09:15:00,84.84000,@VX,-1,1,-330.00,0.1000,50.0000,-350.0000,
TRADE,16/05/2017 10:00:00,84.35000,16/05/2017 21:00:00,84.70000,@VX,-1,1,-350.00,0.2000,240.0000,-310.0000,
TRADE,23/05/2017 12:15:00,84.41000,24/05/2017 14:45:00,84.06000,@VX,-1,1,350.00,0.1000,350.0000,-200.0000,
TRADE,25/05/2017 13:00:00,84.08000,30/05/2017 08:15:00,84.11000,@VX,-1,1,-30.00,0.0900,170.0000,-280.0000,
TRADE,02/06/2017 10:30:00,83.74000,05/06/2017 14:00:00,83.60000,@VX,-1,1,140.00,0.1000,230.0000,-170.0000,
TRADE,06/06/2017 10:30:00,84.09000,07/06/2017 13:45:00,84.08000,@VX,-1,1,10.00,0.1500,180.0000,-270.0000,
TRADE,12/06/2017 08:30:00,84.11000,13/06/2017 12:30:00,83.56000,@VX,-1,1,550.00,0.1500,600.0000,-400.0000,
TRADE,14/06/2017 09:00:00,83.63000,15/06/2017 05:15:00,83.91000,@VX,-1,1,-280.00,0.2100,190.0000,-360.0000,
TRADE,15/06/2017 10:00:00,83.93000,16/06/2017 13:00:00,83.71000,@VX,-1,1,220.00,0.1000,390.0000,-70.0000,
TRADE,20/06/2017 14:00:00,83.50000,22/06/2017 08:15:00,83.48000,@VX,-1,1,20.00,0.1000,240.0000,-210.0000,
TRADE,23/06/2017 08:30:00,83.35000,26/06/2017 11:45:00,83.01000,@VX,-1,1,340.00,0.0500,390.0000,-110.0000,
TRADE,30/06/2017 09:30:00,83.86000,03/07/2017 15:45:00,83.86000,@VX,-1,1,0.00,0.4500,650.0000,-120.0000,
TRADE,11/07/2017 09:15:00,83.56000,12/07/2017 13:00:00,82.88000,@VX,-1,1,680.00,0.1000,750.0000,-650.0000,
TRADE,13/07/2017 08:30:00,82.81000,14/07/2017 11:15:00,82.56000,@VX,-1,1,250.00,0.0400,300.0000,-50.0000,
TRADE,18/07/2017 10:30:00,82.33000,19/07/2017 13:30:00,81.96000,@VX,-1,1,370.00,0.1000,470.0000,-30.0000,
TRADE,20/07/2017 09:45:00,81.98000,21/07/2017 12:45:00,81.91000,@VX,-1,1,70.00,0.1500,170.0000,-180.0000,
TRADE,27/07/2017 10:45:00,81.56000,27/07/2017 11:45:00,81.90000,@VX,-1,1,-340.00,0.0500,0.0000,-200.0000,
TRADE,28/07/2017 09:45:00,82.21000,31/07/2017 13:15:00,81.78000,@VX,-1,1,430.00,0.2500,550.0000,-100.0000,
TRADE,31/07/2017 14:00:00,81.87000,02/08/2017 08:15:00,81.57000,@VX,-1,1,300.00,0.1500,360.0000,-40.0000,
TRADE,02/08/2017 09:45:00,81.76000,03/08/2017 13:00:00,81.75000,@VX,-1,1,10.00,0.2500,200.0000,-250.0000,
TRADE,09/08/2017 12:00:00,82.45000,09/08/2017 13:45:00,82.95000,@VX,-1,1,-500.00,0.1500,40.0000,-460.0000,
TRADE,16/08/2017 10:30:00,82.15000,17/08/2017 07:45:00,82.47000,@VX,-1,1,-320.00,0.1200,140.0000,-360.0000,
TRADE,18/08/2017 08:45:00,83.88000,21/08/2017 12:00:00,83.51000,@VX,-1,1,370.00,0.2500,740.0000,-530.0000,
TRADE,23/08/2017 12:00:00,82.51000,24/08/2017 14:15:00,82.46000,@VX,-1,1,50.00,0.1600,400.0000,-500.0000,
TRADE,25/08/2017 10:45:00,82.41000,28/08/2017 13:45:00,82.16000,@VX,-1,1,250.00,0.1500,450.0000,-150.0000,
TRADE,05/09/2017 10:45:00,82.41000,05/09/2017 12:15:00,83.25000,@VX,-1,1,-840.00,0.2000,180.0000,-700.0000,
TRADE,08/09/2017 09:45:00,82.26000,11/09/2017 12:30:00,81.16000,@VX,-1,1,1100.00,0.1500,1150.0000,-250.0000,
TRADE,12/09/2017 10:30:00,81.11000,13/09/2017 13:30:00,80.66000,@VX,-1,1,450.00,0.1000,500.0000,-100.0000,
TRADE,14/09/2017 13:00:00,80.65000,18/09/2017 08:15:00,80.44000,@VX,-1,1,210.00,0.0500,300.0000,-370.0000,
TRADE,19/09/2017 09:30:00,80.09000,20/09/2017 12:15:00,80.00000,@VX,-1,1,90.00,0.1000,180.0000,-130.0000,
TRADE,20/09/2017 13:30:00,80.09000,21/09/2017 20:45:00,80.44000,@VX,-1,1,-350.00,0.1500,190.0000,-420.0000,
TRADE,04/10/2017 10:30:00,79.06000,06/10/2017 08:15:00,78.61000,@VX,-1,1,450.00,0.0500,600.0000,-100.0000,
TRADE,09/10/2017 10:00:00,78.60000,09/10/2017 14:15:00,79.00000,@VX,-1,1,-400.00,0.1500,90.0000,-310.0000,
TRADE,23/10/2017 09:30:00,77.57000,23/10/2017 14:45:00,78.00000,@VX,-1,1,-430.00,0.1000,10.0000,-340.0000,
TRADE,25/10/2017 08:30:00,78.31000,25/10/2017 10:15:00,78.90000,@VX,-1,1,-590.00,0.1500,100.0000,-550.0000,
TRADE,26/10/2017 12:30:00,78.26000,30/10/2017 08:15:00,77.96000,@VX,-1,1,300.00,0.2000,600.0000,-350.0000,
TRADE,07/11/2017 10:00:00,77.09000,08/11/2017 14:15:00,77.10000,@VX,-1,1,-10.00,0.1500,30.0000,-390.0000,
TRADE,09/11/2017 11:00:00,77.45000,10/11/2017 13:30:00,77.39000,@VX,-1,1,60.00,0.1500,290.0000,-460.0000,
TRADE,15/11/2017 12:45:00,78.06000,17/11/2017 08:15:00,77.56000,@VX,-1,1,500.00,0.1500,660.0000,-100.0000,
TRADE,30/11/2017 13:30:00,76.35000,01/12/2017 05:00:00,76.71000,@VX,-1,1,-360.00,0.1500,50.0000,-370.0000,
TRADE,01/12/2017 09:15:00,76.67000,01/12/2017 10:15:00,77.05000,@VX,-1,1,-380.00,0.1100,230.0000,-270.0000,
TRADE,12/12/2017 09:45:00,75.26000,13/12/2017 12:30:00,75.26000,@VX,-1,1,0.00,0.1000,100.0000,-400.0000,
TRADE,14/12/2017 11:15:00,75.29000,15/12/2017 14:15:00,74.81000,@VX,-1,1,480.00,0.0500,480.0000,-220.0000,
TRADE,20/12/2017 12:30:00,74.61000,22/12/2017 08:15:00,74.67000,@VX,-1,1,-60.00,0.1000,50.0000,-250.0000,
TRADE,03/01/2018 09:45:00,74.16000,04/01/2018 13:30:00,73.99000,@VX,-1,1,170.00,0.0500,250.0000,-50.0000,
TRADE,05/01/2018 08:15:00,73.94000,08/01/2018 14:30:00,73.81000,@VX,-1,1,130.00,0.1000,130.0000,-170.0000,
TRADE,09/01/2018 09:30:00,73.91000,10/01/2018 02:15:00,74.25000,@VX,-1,1,-340.00,0.1000,50.0000,-300.0000,
TRADE,12/01/2018 13:15:00,73.95000,16/01/2018 10:15:00,74.29000,@VX,-1,1,-340.00,0.0600,90.0000,-360.0000,
TRADE,19/01/2018 09:15:00,74.51000,22/01/2018 13:30:00,74.11000,@VX,-1,1,400.00,0.2000,550.0000,-150.0000,
TRADE,24/01/2018 09:00:00,74.46000,25/01/2018 09:30:00,74.86000,@VX,-1,1,-400.00,0.2500,100.0000,-550.0000,
TRADE,26/01/2018 09:15:00,74.81000,29/01/2018 09:15:00,75.21000,@VX,-1,1,-400.00,0.1200,150.0000,-450.0000,
TRADE,30/01/2018 08:15:00,76.25000,30/01/2018 09:15:00,76.95000,@VX,-1,1,-700.00,0.1000,60.0000,-650.0000,
TRADE,31/01/2018 10:15:00,76.15000,01/02/2018 12:45:00,74.96000,@VX,-1,1,1190.00,0.1800,1240.0000,-330.0000,
TRADE,05/02/2018 08:45:00,78.86000,05/02/2018 12:30:00,80.45000,@VX,-1,1,-1590.00,0.3500,1250.0000,-1380.0000,
TRADE,15/02/2018 09:45:00,83.36000,16/02/2018 08:15:00,83.71000,@VX,-1,1,-350.00,0.3000,200.0000,-750.0000,
TRADE,20/02/2018 12:45:00,84.40000,21/02/2018 03:30:00,84.76000,@VX,-1,1,-360.00,0.1500,300.0000,-510.0000,
TRADE,22/02/2018 14:15:00,84.70000,26/02/2018 08:15:00,82.41000,@VX,-1,1,2290.00,0.3600,2440.0000,-60.0000,
TRADE,27/02/2018 10:15:00,82.81000,28/02/2018 00:45:00,83.66000,@VX,-1,1,-850.00,0.4500,230.0000,-1250.0000,
TRADE,13/03/2018 10:30:00,82.16000,14/03/2018 01:30:00,82.91000,@VX,-1,1,-750.00,0.2600,80.0000,-1000.0000,
TRADE,14/03/2018 09:45:00,82.66000,15/03/2018,83.21000,@VX,-1,1,-550.00,0.2000,300.0000,-1160.0000,
TRADE,15/03/2018 09:15:00,83.21000,16/03/2018 11:45:00,82.21000,@VX,-1,1,1000.00,0.2500,1100.0000,-110.0000,
TRADE,19/03/2018 09:00:00,83.05000,19/03/2018 12:00:00,84.35000,@VX,-1,1,-1300.00,0.3200,140.0000,-1260.0000,
TRADE,20/03/2018 08:30:00,83.70000,21/03/2018 11:30:00,82.76000,@VX,-1,1,940.00,0.1300,1040.0000,-360.0000,
TRADE,23/03/2018 14:00:00,85.81000,26/03/2018 10:30:00,86.31000,@VX,-1,1,-500.00,0.2800,1020.0000,-1070.0000,
TRADE,03/04/2018 11:30:00,87.16000,04/04/2018 03:15:00,87.76000,@VX,-1,1,-600.00,0.2900,750.0000,-650.0000,
TRADE,06/04/2018 10:30:00,86.11000,09/04/2018 02:30:00,86.39000,@VX,-1,1,-280.00,0.3500,350.0000,-1620.0000,
TRADE,10/04/2018 09:00:00,86.46000,11/04/2018 05:45:00,86.91000,@VX,-1,1,-450.00,0.6400,500.0000,-600.0000,
TRADE,18/04/2018 12:15:00,83.01000,19/04/2018 08:30:00,83.34000,@VX,-1,1,-330.00,0.2000,250.0000,-350.0000,
TRADE,20/04/2018 10:15:00,83.56000,23/04/2018 12:45:00,83.31000,@VX,-1,1,250.00,0.4600,450.0000,-400.0000,
TRADE,30/04/2018 11:15:00,83.01000,01/05/2018 03:30:00,83.32000,@VX,-1,1,-310.00,0.3000,100.0000,-520.0000,
TRADE,01/05/2018 10:15:00,83.46000,02/05/2018 13:30:00,82.43000,@VX,-1,1,1030.00,0.3000,1100.0000,-350.0000,
TRADE,11/05/2018 11:45:00,80.96000,15/05/2018 08:15:00,80.78000,@VX,-1,1,180.00,0.1000,900.0000,-50.0000,
TRADE,24/05/2018 09:15:00,80.12000,25/05/2018 12:15:00,79.76000,@VX,-1,1,360.00,0.4000,560.0000,-460.0000,
TRADE,25/05/2018 13:15:00,79.90000,28/05/2018 08:00:00,80.21000,@VX,-1,1,-310.00,0.2000,240.0000,-310.0000,
TRADE,29/05/2018 10:00:00,80.86000,29/05/2018 11:15:00,81.60000,@VX,-1,1,-740.00,0.2500,80.0000,-650.0000,
TRADE,31/05/2018 11:45:00,81.11000,04/06/2018 08:15:00,80.11000,@VX,-1,1,1000.00,0.1800,1100.0000,-450.0000,
TRADE,06/06/2018 09:30:00,79.43000,07/06/2018 13:00:00,79.63000,@VX,-1,1,-200.00,0.1500,670.0000,-380.0000,
TRADE,13/06/2018 11:45:00,78.56000,14/06/2018 03:45:00,79.06000,@VX,-1,1,-500.00,0.1100,50.0000,-700.0000,
TRADE,19/06/2018 12:15:00,79.49000,20/06/2018 14:45:00,78.71000,@VX,-1,1,780.00,0.1500,830.0000,-120.0000,
TRADE,22/06/2018 09:45:00,79.51000,25/06/2018 01:00:00,80.06000,@VX,-1,1,-550.00,0.3500,400.0000,-570.0000,
TRADE,29/06/2018 14:15:00,80.71000,02/07/2018 04:45:00,81.61000,@VX,-1,1,-900.00,0.1500,50.0000,-1300.0000,
TRADE,03/07/2018 11:45:00,80.85000,04/07/2018 20:15:00,81.21000,@VX,-1,1,-360.00,0.1600,30.0000,-570.0000,
TRADE,05/07/2018 13:30:00,80.80000,09/07/2018 08:15:00,79.02000,@VX,-1,1,1780.00,0.3900,1870.0000,-10.0000,
TRADE,11/07/2018 11:15:00,79.26000,12/07/2018 13:30:00,78.74000,@VX,-1,1,520.00,0.2000,600.0000,-150.0000,
TRADE,16/07/2018 14:00:00,78.48000,18/07/2018 08:15:00,78.17000,@VX,-1,1,310.00,0.1700,420.0000,-280.0000,
TRADE,18/07/2018 09:30:00,78.36000,19/07/2018 12:15:00,78.36000,@VX,-1,1,0.00,0.2000,350.0000,-250.0000,
TRADE,23/07/2018 10:15:00,78.56000,24/07/2018 13:00:00,78.56000,@VX,-1,1,0.00,0.1100,650.0000,-120.0000,
TRADE,26/07/2018 11:45:00,78.25000,27/07/2018 12:00:00,78.58000,@VX,-1,1,-330.00,0.1400,390.0000,-410.0000,
TRADE,30/07/2018 10:30:00,78.66000,31/07/2018 02:15:00,78.96000,@VX,-1,1,-300.00,0.2000,50.0000,-550.0000,
TRADE,24/08/2018 13:00:00,77.97000,28/08/2018 08:15:00,77.82000,@VX,-1,1,150.00,0.1600,270.0000,-50.0000,
TRADE,28/08/2018 09:45:00,77.96000,29/08/2018 14:00:00,77.86000,@VX,-1,1,100.00,0.1200,150.0000,-200.0000,
TRADE,12/09/2018 10:15:00,78.16000,13/09/2018 12:45:00,77.58000,@VX,-1,1,580.00,0.1100,700.0000,-100.0000,
TRADE,17/09/2018 12:30:00,77.46000,17/09/2018 18:00:00,78.10000,@VX,-1,1,-640.00,0.1500,100.0000,-570.0000,
TRADE,21/09/2018 08:15:00,77.00000,24/09/2018 03:15:00,77.28000,@VX,-1,1,-280.00,0.1500,290.0000,-360.0000,
TRADE,24/09/2018 11:30:00,77.20000,26/09/2018 08:15:00,76.87000,@VX,-1,1,330.00,0.1000,490.0000,-60.0000,
TRADE,01/10/2018 10:15:00,76.59000,02/10/2018 02:15:00,76.96000,@VX,-1,1,-370.00,0.1000,80.0000,-400.0000,
TRADE,03/10/2018 10:30:00,76.69000,04/10/2018 00:45:00,77.06000,@VX,-1,1,-370.00,0.0700,130.0000,-420.0000,
TRADE,04/10/2018 09:30:00,77.31000,04/10/2018 11:15:00,77.85000,@VX,-1,1,-540.00,0.3500,200.0000,-350.0000,
TRADE,05/10/2018 09:45:00,77.71000,05/10/2018 10:45:00,78.50000,@VX,-1,1,-790.00,0.3000,50.0000,-750.0000,
TRADE,09/10/2018 12:15:00,79.01000,10/10/2018 09:00:00,79.56000,@VX,-1,1,-550.00,0.2300,400.0000,-770.0000,
TRADE,11/10/2018 10:30:00,83.45000,12/10/2018 12:00:00,84.02000,@VX,-1,1,-570.00,0.5500,1640.0000,-1310.0000,
TRADE,15/10/2018 08:30:00,83.05000,16/10/2018 10:45:00,81.96000,@VX,-1,1,1090.00,0.1500,1140.0000,-420.0000,
TRADE,18/10/2018 09:00:00,82.12000,18/10/2018 23:15:00,82.76000,@VX,-1,1,-640.00,0.3500,30.0000,-1590.0000,
TRADE,19/10/2018 08:30:00,82.81000,22/10/2018 09:00:00,83.12000,@VX,-1,1,-310.00,0.1400,450.0000,-750.0000,
TRADE,24/10/2018 09:15:00,83.84000,24/10/2018 15:00:00,85.50000,@VX,-1,1,-1660.00,0.3500,0.0000,-1470.0000,
TRADE,25/10/2018 08:15:00,85.16000,25/10/2018 22:30:00,86.06000,@VX,-1,1,-900.00,0.2200,740.0000,-960.0000,
TRADE,26/10/2018 09:30:00,86.56000,29/10/2018 11:45:00,85.91000,@VX,-1,1,650.00,0.7800,1700.0000,-550.0000,
TRADE,30/10/2018 12:30:00,86.21000,01/11/2018 08:15:00,84.81000,@VX,-1,1,1400.00,0.3200,2050.0000,-100.0000,
TRADE,01/11/2018 09:15:00,84.81000,02/11/2018 11:45:00,84.46000,@VX,-1,1,350.00,0.2900,1670.0000,-210.0000,
TRADE,07/11/2018 08:45:00,82.26000,08/11/2018 11:30:00,80.86000,@VX,-1,1,1400.00,0.1600,1400.0000,-100.0000,
TRADE,08/11/2018 14:00:00,81.71000,09/11/2018 06:00:00,82.11000,@VX,-1,1,-400.00,0.4000,370.0000,-400.0000,
TRADE,13/11/2018 12:00:00,83.96000,14/11/2018 02:30:00,84.36000,@VX,-1,1,-400.00,0.4100,490.0000,-570.0000,
TRADE,19/11/2018 08:30:00,83.76000,19/11/2018 22:45:00,84.66000,@VX,-1,1,-900.00,0.1500,240.0000,-1100.0000,
TRADE,28/11/2018 09:30:00,83.90000,29/11/2018 10:00:00,84.26000,@VX,-1,1,-360.00,0.2100,740.0000,-410.0000,
TRADE,05/12/2018 08:30:00,84.24000,05/12/2018 17:15:00,85.85000,@VX,-1,1,-1610.00,0.1300,130.0000,-220.0000,
TRADE,10/12/2018 09:45:00,87.06000,11/12/2018 12:00:00,87.03000,@VX,-1,1,30.00,0.3900,1290.0000,-1150.0000,
TRADE,13/12/2018 10:30:00,86.21000,14/12/2018 00:45:00,86.56000,@VX,-1,1,-350.00,0.1600,240.0000,-400.0000,
TRADE,14/12/2018 11:15:00,86.80000,17/12/2018 09:00:00,87.23000,@VX,-1,1,-430.00,0.2300,360.0000,-510.0000,
TRADE,18/12/2018 09:00:00,87.48000,19/12/2018 08:45:00,87.81000,@VX,-1,1,-330.00,0.3200,150.0000,-980.0000,
TRADE,19/12/2018 14:15:00,87.81000,20/12/2018 08:15:00,88.21000,@VX,-1,1,-400.00,0.5800,200.0000,-750.0000,
TRADE,20/12/2018 10:45:00,88.61000,21/12/2018 03:00:00,88.96000,@VX,-1,1,-350.00,0.4100,150.0000,-1000.0000,
TRADE,21/12/2018 10:15:00,89.07000,24/12/2018 00:30:00,89.81000,@VX,-1,1,-740.00,0.3500,130.0000,-1390.0000,
TRADE,26/12/2018 09:45:00,91.61000,27/12/2018 09:45:00,92.06000,@VX,-1,1,-450.00,0.5300,1650.0000,-600.0000,
TRADE,28/12/2018 12:45:00,91.31000,02/01/2019 03:00:00,91.71000,@VX,-1,1,-400.00,0.2600,1600.0000,-430.0000,
TRADE,03/01/2019 14:45:00,90.16000,07/01/2019 08:15:00,87.96000,@VX,-1,1,2200.00,0.2600,2780.0000,-400.0000,
TRADE,16/01/2019 12:45:00,84.31000,17/01/2019 03:00:00,84.86000,@VX,-1,1,-550.00,0.1200,100.0000,-750.0000,
TRADE,18/01/2019 14:15:00,84.00000,22/01/2019,84.31000,@VX,-1,1,-310.00,0.1400,90.0000,-310.0000,
TRADE,24/01/2019 08:15:00,85.62000,25/01/2019 11:00:00,84.16000,@VX,-1,1,1460.00,0.1900,1560.0000,-240.0000,
TRADE,29/01/2019 14:00:00,84.76000,31/01/2019 08:15:00,83.71000,@VX,-1,1,1050.00,0.1700,1280.0000,-220.0000,
TRADE,04/02/2019 09:00:00,82.76000,05/02/2019 12:30:00,82.26000,@VX,-1,1,500.00,0.2100,1100.0000,0.0000,
TRADE,06/02/2019 10:00:00,81.97000,07/02/2019 02:15:00,82.28000,@VX,-1,1,-310.00,0.3500,190.0000,-340.0000,
TRADE,11/02/2019 09:45:00,82.36000,12/02/2019 12:00:00,82.03000,@VX,-1,1,330.00,0.3000,650.0000,-120.0000,
TRADE,12/02/2019 13:30:00,81.95000,14/02/2019 08:15:00,82.31000,@VX,-1,1,-360.00,0.1000,240.0000,-410.0000,
TRADE,21/02/2019 13:30:00,80.98000,25/02/2019 08:15:00,80.11000,@VX,-1,1,870.00,0.1500,920.0000,-450.0000,
TRADE,25/02/2019 11:45:00,80.27000,25/02/2019 20:30:00,81.15000,@VX,-1,1,-880.00,0.1500,10.0000,-860.0000,
TRADE,26/02/2019 08:30:00,81.06000,27/02/2019 09:30:00,81.42000,@VX,-1,1,-360.00,0.1300,400.0000,-450.0000,
TRADE,01/03/2019 10:00:00,80.58000,04/03/2019 11:00:00,80.96000,@VX,-1,1,-380.00,0.1800,850.0000,-380.0000,
TRADE,05/03/2019 09:00:00,80.75000,06/03/2019 09:45:00,81.21000,@VX,-1,1,-460.00,0.2100,290.0000,-470.0000,
TRADE,07/03/2019 13:15:00,81.86000,08/03/2019 03:30:00,82.32000,@VX,-1,1,-460.00,0.2200,50.0000,-700.0000,
TRADE,18/03/2019 10:30:00,78.91000,19/03/2019 13:00:00,79.01000,@VX,-1,1,-100.00,0.1200,300.0000,-350.0000,
TRADE,20/03/2019 08:15:00,79.00000,20/03/2019 22:45:00,79.26000,@VX,-1,1,-260.00,0.1000,340.0000,-450.0000,
TRADE,25/03/2019 09:00:00,81.01000,26/03/2019 11:30:00,79.81000,@VX,-1,1,1200.00,0.5700,1300.0000,-350.0000,
TRADE,27/03/2019 10:00:00,80.01000,28/03/2019 12:45:00,79.76000,@VX,-1,1,250.00,0.3100,420.0000,-850.0000,
TRADE,01/04/2019 08:15:00,78.91000,02/04/2019 11:15:00,78.76000,@VX,-1,1,150.00,0.1300,250.0000,-150.0000,
TRADE,08/04/2019 11:45:00,78.37000,09/04/2019 13:45:00,78.67000,@VX,-1,1,-300.00,0.1500,240.0000,-390.0000,
TRADE,15/04/2019 09:45:00,77.40000,16/04/2019 12:15:00,77.01000,@VX,-1,1,390.00,0.1100,540.0000,-330.0000,
TRADE,25/04/2019 08:30:00,77.20000,25/04/2019 09:15:00,77.80000,@VX,-1,1,-600.00,0.1000,40.0000,-460.0000,
TRADE,29/04/2019 09:15:00,76.91000,30/04/2019 09:45:00,77.26000,@VX,-1,1,-350.00,0.1500,200.0000,-400.0000,
TRADE,01/05/2019 09:00:00,76.91000,01/05/2019 15:00:00,77.60000,@VX,-1,1,-690.00,0.1500,200.0000,-550.0000,
TRADE,10/05/2019 10:00:00,81.21000,10/05/2019 14:30:00,78.75000,@VX,-1,1,2460.00,0.7600,2400.0000,-100.0000,
TRADE,14/05/2019 08:15:00,81.06000,15/05/2019 10:30:00,80.21000,@VX,-1,1,850.00,0.1500,1020.0000,-370.0000,
TRADE,20/05/2019 10:45:00,79.19000,21/05/2019 13:15:00,78.55000,@VX,-1,1,640.00,0.2000,680.0000,-270.0000,
TRADE,24/05/2019 13:30:00,78.99000,28/05/2019 08:15:00,78.86000,@VX,-1,1,130.00,0.1400,380.0000,-170.0000,
TRADE,28/05/2019 13:45:00,79.00000,29/05/2019 01:30:00,79.85000,@VX,-1,1,-850.00,0.1500,90.0000,-710.0000,
TRADE,29/05/2019 10:30:00,79.95000,30/05/2019 12:45:00,79.47000,@VX,-1,1,480.00,0.2500,740.0000,-310.0000,
TRADE,30/05/2019 13:00:00,79.56000,30/05/2019 19:00:00,80.30000,@VX,-1,1,-740.00,0.1600,150.0000,-650.0000,
TRADE,03/06/2019 12:00:00,80.51000,04/06/2019 14:15:00,79.51000,@VX,-1,1,1000.00,0.2100,1050.0000,-450.0000,
TRADE,06/06/2019 09:15:00,78.95000,07/06/2019 12:00:00,78.61000,@VX,-1,1,340.00,0.2200,690.0000,-20.0000,
TRADE,10/06/2019 10:00:00,78.55000,11/06/2019 13:00:00,78.60000,@VX,-1,1,-50.00,0.1100,460.0000,-310.0000,
TRADE,13/06/2019 13:00:00,78.28000,14/06/2019 05:00:00,78.58000,@VX,-1,1,-300.00,0.1000,70.0000,-330.0000,
TRADE,14/06/2019 09:00:00,78.55000,17/06/2019 11:15:00,78.11000,@VX,-1,1,440.00,0.1700,640.0000,-60.0000,
TRADE,19/06/2019 10:00:00,77.90000,20/06/2019 12:15:00,77.51000,@VX,-1,1,390.00,0.0800,950.0000,-80.0000,
TRADE,24/06/2019 10:30:00,77.65000,25/06/2019 02:00:00,78.01000,@VX,-1,1,-360.00,0.1000,140.0000,-360.0000,
TRADE,25/06/2019 12:00:00,77.95000,26/06/2019 14:45:00,77.91000,@VX,-1,1,40.00,0.1500,360.0000,-210.0000,
TRADE,27/06/2019 10:00:00,77.82000,28/06/2019 13:15:00,77.42000,@VX,-1,1,400.00,0.2000,510.0000,-90.0000,
TRADE,28/06/2019 13:45:00,77.41000,02/07/2019 08:15:00,76.30000,@VX,-1,1,1110.00,0.0500,1200.0000,-70.0000,
TRADE,11/07/2019 10:15:00,75.27000,12/07/2019 13:30:00,75.16000,@VX,-1,1,110.00,0.1500,160.0000,-220.0000,
TRADE,16/07/2019 13:15:00,75.03000,17/07/2019 15:15:00,75.41000,@VX,-1,1,-380.00,0.1400,220.0000,-430.0000,
TRADE,19/07/2019 13:45:00,75.15000,19/07/2019 15:15:00,75.70000,@VX,-1,1,-550.00,0.1500,90.0000,-460.0000,
TRADE,22/07/2019 10:00:00,75.49000,23/07/2019 12:45:00,74.81000,@VX,-1,1,680.00,0.2000,730.0000,-200.0000,
TRADE,29/07/2019 09:15:00,74.42000,30/07/2019 07:15:00,74.71000,@VX,-1,1,-290.00,0.2000,260.0000,-340.0000,
TRADE,30/07/2019 14:30:00,74.61000,31/07/2019 14:00:00,75.03000,@VX,-1,1,-420.00,0.1000,200.0000,-500.0000,
TRADE,06/08/2019 10:00:00,80.21000,07/08/2019 08:15:00,80.66000,@VX,-1,1,-450.00,0.3800,1350.0000,-830.0000,
TRADE,16/08/2019 08:45:00,80.87000,19/08/2019 11:15:00,79.26000,@VX,-1,1,1610.00,0.1500,1660.0000,-40.0000,
TRADE,20/08/2019 11:00:00,79.13000,21/08/2019 13:45:00,78.41000,@VX,-1,1,720.00,0.2000,820.0000,-330.0000,
TRADE,22/08/2019 09:30:00,78.46000,23/08/2019 07:30:00,79.26000,@VX,-1,1,-800.00,0.3300,100.0000,-820.0000,
TRADE,02/09/2019 10:30:00,79.84000,03/09/2019 06:15:00,80.16000,@VX,-1,1,-320.00,0.2000,130.0000,-620.0000,
TRADE,13/09/2019 11:45:00,76.13000,16/09/2019 02:00:00,76.51000,@VX,-1,1,-380.00,0.1500,120.0000,-560.0000,
TRADE,17/09/2019 08:30:00,76.51000,18/09/2019 10:45:00,76.24000,@VX,-1,1,270.00,0.1200,450.0000,-150.0000,
TRADE,18/09/2019 13:45:00,76.44000,20/09/2019 08:15:00,75.26000,@VX,-1,1,1180.00,0.2000,1280.0000,-170.0000,
TRADE,24/09/2019 09:15:00,75.85000,24/09/2019 11:30:00,76.75000,@VX,-1,1,-900.00,0.1000,30.0000,-810.0000,
TRADE,27/09/2019 11:00:00,77.01000,30/09/2019 14:30:00,76.61000,@VX,-1,1,400.00,0.8500,600.0000,-850.0000,
TRADE,01/10/2019 09:30:00,76.91000,02/10/2019 00:15:00,77.41000,@VX,-1,1,-500.00,0.8000,250.0000,-900.0000,
TRADE,18/10/2019 11:30:00,75.34000,22/10/2019 08:15:00,74.59000,@VX,-1,1,750.00,0.2000,880.0000,-220.0000,
TRADE,22/10/2019 10:00:00,74.62000,22/10/2019 19:15:00,75.30000,@VX,-1,1,-680.00,0.1300,160.0000,-590.0000,
TRADE,24/10/2019 09:15:00,74.84000,25/10/2019 11:30:00,74.16000,@VX,-1,1,680.00,0.3300,780.0000,-80.0000,
TRADE,30/10/2019 11:00:00,74.15000,31/10/2019 14:15:00,74.11000,@VX,-1,1,40.00,0.1100,730.0000,-160.0000,
TRADE,05/11/2019 08:30:00,73.24000,06/11/2019 00:45:00,73.56000,@VX,-1,1,-320.00,0.1000,30.0000,-420.0000,
TRADE,06/11/2019 10:15:00,73.55000,07/11/2019 13:15:00,73.12000,@VX,-1,1,430.00,0.0800,590.0000,-230.0000,
TRADE,07/11/2019 14:00:00,73.21000,11/11/2019 08:15:00,73.10000,@VX,-1,1,110.00,0.3000,450.0000,-310.0000,
TRADE,14/11/2019 08:15:00,72.53000,15/11/2019 11:45:00,71.87000,@VX,-1,1,660.00,0.0500,720.0000,-230.0000,
TRADE,21/11/2019 09:15:00,72.09000,22/11/2019 12:30:00,71.70000,@VX,-1,1,390.00,0.1900,480.0000,-270.0000,
TRADE,27/11/2019 09:30:00,70.60000,29/11/2019 00:45:00,70.87000,@VX,-1,1,-270.00,0.0700,140.0000,-310.0000,
TRADE,09/12/2019 09:30:00,71.25000,10/12/2019 00:15:00,72.11000,@VX,-1,1,-860.00,0.1000,40.0000,-1210.0000,
TRADE,11/12/2019 10:45:00,71.91000,12/12/2019 13:30:00,71.12000,@VX,-1,1,790.00,0.1100,1200.0000,-150.0000,
TRADE,13/12/2019 10:15:00,70.70000,16/12/2019 13:30:00,69.63000,@VX,-1,1,1070.00,0.2600,1190.0000,-260.0000,
TRADE,16/12/2019 14:45:00,69.71000,18/12/2019 08:15:00,69.61000,@VX,-1,1,100.00,0.1000,150.0000,-200.0000,
TRADE,18/12/2019 11:45:00,69.71000,20/12/2019 08:15:00,69.47000,@VX,-1,1,240.00,0.1100,300.0000,-220.0000,
TRADE,20/12/2019 14:45:00,69.53000,24/12/2019 08:15:00,69.62000,@VX,-1,1,-90.00,0.0500,70.0000,-230.0000,
TRADE,26/12/2019 09:15:00,69.39000,27/12/2019 09:00:00,69.75000,@VX,-1,1,-360.00,0.0600,130.0000,-270.0000,
TRADE,03/01/2020 08:45:00,70.56000,06/01/2020 03:15:00,70.96000,@VX,-1,1,-400.00,0.2300,1000.0000,-450.0000,
TRADE,09/01/2020 09:45:00,68.79000,10/01/2020 13:15:00,68.31000,@VX,-1,1,480.00,0.1000,530.0000,-250.0000,
TRADE,10/01/2020 14:45:00,68.46000,14/01/2020 08:15:00,68.00000,@VX,-1,1,460.00,0.1200,650.0000,-250.0000,
TRADE,14/01/2020 09:15:00,68.19000,15/01/2020 12:30:00,67.88000,@VX,-1,1,310.00,0.2400,530.0000,-80.0000,
TRADE,15/01/2020 14:45:00,67.91000,17/01/2020 08:15:00,67.48000,@VX,-1,1,430.00,0.2000,550.0000,-150.0000,
TRADE,17/01/2020 08:30:00,67.43000,20/01/2020 21:00:00,67.74000,@VX,-1,1,-310.00,0.1000,20.0000,-380.0000,
TRADE,21/01/2020 08:30:00,67.81000,22/01/2020 11:00:00,67.66000,@VX,-1,1,150.00,0.1000,550.0000,0.0000,
TRADE,23/01/2020 10:15:00,68.03000,24/01/2020 11:30:00,68.60000,@VX,-1,1,-570.00,0.1500,770.0000,-380.0000,
TRADE,27/01/2020 14:30:00,70.01000,29/01/2020 08:15:00,69.03000,@VX,-1,1,980.00,0.2000,1100.0000,-550.0000,
TRADE,29/01/2020 09:30:00,69.39000,29/01/2020 23:45:00,69.81000,@VX,-1,1,-420.00,0.3600,630.0000,-520.0000,
TRADE,30/01/2020 10:00:00,70.20000,31/01/2020 12:00:00,70.62000,@VX,-1,1,-420.00,0.3500,1660.0000,-660.0000,
TRADE,03/02/2020 08:45:00,70.55000,04/02/2020 11:00:00,69.26000,@VX,-1,1,1290.00,0.1100,1310.0000,-310.0000,
TRADE,06/02/2020 09:00:00,68.56000,07/02/2020 12:00:00,68.41000,@VX,-1,1,150.00,0.4500,500.0000,-450.0000,
TRADE,10/02/2020 08:30:00,68.86000,11/02/2020 11:00:00,67.91000,@VX,-1,1,950.00,0.2900,1100.0000,-50.0000,
TRADE,14/02/2020 08:15:00,67.26000,18/02/2020 08:15:00,67.46000,@VX,-1,1,-200.00,0.1000,500.0000,-300.0000,
TRADE,18/02/2020 09:45:00,67.49000,19/02/2020 12:30:00,67.24000,@VX,-1,1,250.00,0.2000,430.0000,-270.0000,
TRADE,21/02/2020 08:15:00,68.36000,21/02/2020 13:00:00,69.10000,@VX,-1,1,-740.00,0.1000,170.0000,-700.0000,
TRADE,26/02/2020 12:00:00,73.71000,27/02/2020 02:30:00,74.36000,@VX,-1,1,-650.00,0.3600,250.0000,-1500.0000,
TRADE,28/02/2020 08:15:00,80.55000,02/03/2020 02:00:00,76.85000,@VX,-1,1,3700.00,0.7000,2940.0000,-1410.0000,
TRADE,02/03/2020 13:00:00,78.51000,03/03/2020 10:30:00,78.86000,@VX,-1,1,-350.00,0.5000,2150.0000,-1160.0000,
TRADE,11/03/2020 10:00:00,97.86000,11/03/2020 14:15:00,100.10000,@VX,-1,1,-2240.00,0.6300,1450.0000,-2050.0000,
TRADE,13/03/2020 10:30:00,105.79000,13/03/2020 10:45:00,108.00000,@VX,-1,1,-2210.00,0.7700,100.0000,-2000.0000,
TRADE,17/03/2020 14:30:00,119.44000,17/03/2020 18:00:00,121.65000,@VX,-1,1,-2210.00,2.0100,1300.0000,-1800.0000,
TRADE,18/03/2020 10:45:00,126.19000,18/03/2020 11:45:00,128.40000,@VX,-1,1,-2210.00,0.9000,650.0000,-2150.0000,
TRADE,19/03/2020 09:15:00,134.54000,20/03/2020 05:30:00,116.89000,@VX,-1,1,17650.00,2.7000,18450.0000,-1850.0000,
TRADE,20/03/2020 14:00:00,119.04000,20/03/2020 15:00:00,121.25000,@VX,-1,1,-2210.00,1.9600,1490.0000,-1700.0000,
TRADE,02/04/2020 13:00:00,108.34000,05/04/2020 17:30:00,102.79000,@VX,-1,1,5550.00,0.6500,5700.0000,-550.0000,
TRADE,07/04/2020 09:30:00,101.24000,07/04/2020 15:15:00,103.45000,@VX,-1,1,-2210.00,1.0000,40.0000,-2050.0000,
TRADE,16/04/2020 09:15:00,100.66000,17/04/2020 11:30:00,99.57000,@VX,-1,1,1090.00,0.7000,3000.0000,-550.0000,
TRADE,23/04/2020 14:30:00,103.10000,27/04/2020 08:15:00,99.51000,@VX,-1,1,3590.00,0.5900,3890.0000,-1060.0000,
TRADE,06/05/2020 09:30:00,97.86000,07/05/2020 12:00:00,95.86000,@VX,-1,1,2000.00,0.9300,2100.0000,-800.0000,
TRADE,15/05/2020 10:15:00,97.86000,18/05/2020 12:30:00,94.06000,@VX,-1,1,3800.00,0.7500,4330.0000,-450.0000,
TRADE,26/05/2020 09:15:00,92.91000,27/05/2020 09:00:00,93.23000,@VX,-1,1,-320.00,0.3000,540.0000,-1000.0000,
TRADE,29/05/2020 12:00:00,94.51000,01/06/2020 14:30:00,93.20000,@VX,-1,1,1310.00,0.1800,1950.0000,-450.0000,
TRADE,04/06/2020 14:30:00,91.15000,08/06/2020 08:15:00,88.96000,@VX,-1,1,2190.00,0.5000,2590.0000,-210.0000,
TRADE,08/06/2020 09:00:00,89.16000,08/06/2020 23:15:00,90.01000,@VX,-1,1,-850.00,0.3500,50.0000,-950.0000,
TRADE,09/06/2020 13:45:00,90.85000,10/06/2020 04:45:00,91.11000,@VX,-1,1,-260.00,0.3000,1070.0000,-710.0000,
TRADE,12/06/2020 09:30:00,98.40000,12/06/2020 10:00:00,100.60000,@VX,-1,1,-2200.00,1.1600,340.0000,-1730.0000,
TRADE,17/06/2020 09:15:00,96.46000,17/06/2020 23:30:00,97.06000,@VX,-1,1,-600.00,1.0000,850.0000,-1100.0000,
TRADE,18/06/2020 08:30:00,96.71000,19/06/2020 10:45:00,94.86000,@VX,-1,1,1850.00,0.2500,2380.0000,-300.0000,
TRADE,19/06/2020 11:15:00,95.11000,19/06/2020 15:15:00,97.35000,@VX,-1,1,-2240.00,0.3000,0.0000,-2060.0000,
TRADE,25/06/2020 09:00:00,96.96000,26/06/2020 11:30:00,96.35000,@VX,-1,1,610.00,0.9500,2900.0000,-250.0000,
TRADE,29/06/2020 09:00:00,96.87000,30/06/2020 11:15:00,93.76000,@VX,-1,1,3110.00,1.0500,3210.0000,-310.0000,
TRADE,06/07/2020 09:00:00,90.81000,06/07/2020 23:15:00,91.76000,@VX,-1,1,-950.00,0.4500,360.0000,-1250.0000,
TRADE,08/07/2020 10:15:00,92.46000,09/07/2020 10:00:00,93.01000,@VX,-1,1,-550.00,0.2300,1060.0000,-880.0000,
TRADE,22/07/2020 09:45:00,88.66000,23/07/2020 12:00:00,87.91000,@VX,-1,1,750.00,0.4000,1710.0000,0.0000,
TRADE,24/07/2020 12:00:00,89.56000,27/07/2020 14:15:00,88.27000,@VX,-1,1,1290.00,0.2900,1550.0000,-500.0000,
TRADE,29/07/2020 11:45:00,87.50000,30/07/2020 03:15:00,87.76000,@VX,-1,1,-260.00,0.1600,740.0000,-410.0000,
TRADE,05/08/2020 09:15:00,85.77000,06/08/2020 11:45:00,85.38000,@VX,-1,1,390.00,0.1300,660.0000,-250.0000,
TRADE,11/08/2020 11:15:00,83.43000,11/08/2020 14:30:00,84.60000,@VX,-1,1,-1170.00,0.1300,220.0000,-690.0000,
TRADE,13/08/2020 08:30:00,83.55000,14/08/2020 03:30:00,84.16000,@VX,-1,1,-610.00,0.1000,740.0000,-610.0000,
TRADE,19/08/2020 09:15:00,82.31000,19/08/2020 20:45:00,83.35000,@VX,-1,1,-1040.00,0.3500,470.0000,-1010.0000,
TRADE,27/08/2020 09:30:00,83.36000,27/08/2020 11:45:00,84.80000,@VX,-1,1,-1440.00,0.9500,600.0000,-1300.0000,
TRADE,31/08/2020 13:00:00,83.51000,01/09/2020 03:15:00,83.96000,@VX,-1,1,-450.00,0.2300,30.0000,-1400.0000,
TRADE,01/09/2020 08:45:00,84.36000,01/09/2020 23:00:00,84.91000,@VX,-1,1,-550.00,0.1500,200.0000,-980.0000,
TRADE,02/09/2020 08:15:00,84.81000,02/09/2020 22:30:00,85.66000,@VX,-1,1,-850.00,0.1600,200.0000,-950.0000,
TRADE,03/09/2020 09:00:00,85.46000,03/09/2020 10:30:00,87.70000,@VX,-1,1,-2240.00,0.4900,1070.0000,-1650.0000,
TRADE,04/09/2020 09:30:00,90.76000,04/09/2020 09:45:00,93.00000,@VX,-1,1,-2240.00,1.0000,200.0000,-1600.0000,
TRADE,08/09/2020 11:15:00,87.91000,09/09/2020 13:30:00,84.84000,@VX,-1,1,3070.00,0.7300,3150.0000,-900.0000,
TRADE,10/09/2020 11:30:00,85.26000,11/09/2020 13:45:00,83.91000,@VX,-1,1,1350.00,0.4000,1530.0000,-400.0000,
TRADE,14/09/2020 09:00:00,82.86000,15/09/2020 11:15:00,83.06000,@VX,-1,1,-200.00,0.3000,700.0000,-310.0000,
TRADE,15/09/2020 13:45:00,82.88000,17/09/2020 01:45:00,83.56000,@VX,-1,1,-680.00,0.2000,1220.0000,-680.0000,
TRADE,18/09/2020 12:30:00,81.51000,21/09/2020 02:45:00,82.51000,@VX,-1,1,-1000.00,0.3200,0.0000,-1140.0000,
TRADE,22/09/2020 09:15:00,83.41000,23/09/2020 11:30:00,83.06000,@VX,-1,1,350.00,0.3200,960.0000,-450.0000,
TRADE,24/09/2020 14:45:00,84.49000,28/09/2020 08:15:00,82.61000,@VX,-1,1,1880.00,0.7100,2080.0000,-170.0000,
TRADE,28/09/2020 08:45:00,82.76000,29/09/2020 11:15:00,82.46000,@VX,-1,1,300.00,0.2200,1200.0000,-350.0000,
TRADE,01/10/2020 08:30:00,81.56000,01/10/2020 23:00:00,82.81000,@VX,-1,1,-1250.00,0.1900,50.0000,-1300.0000,
TRADE,12/10/2020 13:30:00,78.22000,13/10/2020 09:30:00,78.51000,@VX,-1,1,-290.00,0.1500,360.0000,-440.0000,
TRADE,14/10/2020 10:15:00,78.26000,15/10/2020 00:30:00,79.19000,@VX,-1,1,-930.00,0.1000,60.0000,-1130.0000,
TRADE,20/10/2020 09:30:00,80.50000,21/10/2020 03:45:00,80.89000,@VX,-1,1,-390.00,0.2500,440.0000,-490.0000,
TRADE,21/10/2020 10:45:00,80.64000,22/10/2020 13:00:00,79.04000,@VX,-1,1,1600.00,0.2100,1650.0000,-200.0000,
TRADE,26/10/2020 10:00:00,80.40000,26/10/2020 12:30:00,81.70000,@VX,-1,1,-1300.00,0.4000,60.0000,-1290.0000,
TRADE,30/10/2020 10:15:00,85.24000,02/11/2020 12:30:00,84.34000,@VX,-1,1,900.00,0.7300,2100.0000,-600.0000,
TRADE,05/11/2020 10:45:00,78.19000,06/11/2020 01:15:00,78.89000,@VX,-1,1,-700.00,0.2000,100.0000,-1000.0000,
TRADE,16/11/2020 09:15:00,74.25000,17/11/2020 12:15:00,73.49000,@VX,-1,1,760.00,0.4700,790.0000,-540.0000,
TRADE,19/11/2020 10:00:00,74.11000,20/11/2020 13:00:00,73.40000,@VX,-1,1,710.00,0.3100,720.0000,-480.0000,
TRADE,24/11/2020 14:00:00,73.11000,26/11/2020 08:15:00,72.32000,@VX,-1,1,790.00,0.1400,1070.0000,-280.0000,
TRADE,10/12/2020 11:15:00,72.01000,11/12/2020 02:45:00,72.42000,@VX,-1,1,-410.00,0.2400,300.0000,-430.0000,
TRADE,11/12/2020 10:15:00,72.82000,14/12/2020 13:15:00,72.96000,@VX,-1,1,-140.00,0.3100,700.0000,-870.0000,
TRADE,16/12/2020 08:15:00,72.44000,17/12/2020 11:00:00,71.49000,@VX,-1,1,950.00,0.1000,950.0000,-300.0000,
TRADE,18/12/2020 09:00:00,72.05000,21/12/2020 01:30:00,72.39000,@VX,-1,1,-340.00,0.5100,510.0000,-540.0000,
TRADE,28/12/2020 12:45:00,71.15000,29/12/2020 09:15:00,71.54000,@VX,-1,1,-390.00,0.1500,260.0000,-490.0000,
TRADE,31/12/2020 10:45:00,71.34000,04/01/2021 09:15:00,71.79000,@VX,-1,1,-450.00,0.1700,600.0000,-490.0000,
TRADE,05/01/2021 10:00:00,74.55000,06/01/2021 11:30:00,70.95000,@VX,-1,1,3600.00,0.4900,3510.0000,-150.0000,
TRADE,11/01/2021 10:30:00,71.54000,12/01/2021 11:30:00,72.24000,@VX,-1,1,-700.00,0.4000,530.0000,-860.0000,
TRADE,15/01/2021 11:45:00,70.76000,18/01/2021 02:15:00,71.34000,@VX,-1,1,-580.00,0.2000,270.0000,-880.0000,
TRADE,20/01/2021 11:00:00,70.19000,21/01/2021 13:30:00,69.94000,@VX,-1,1,250.00,0.2000,400.0000,-200.0000,
TRADE,29/01/2021 11:45:00,77.84000,01/02/2021 14:15:00,75.79000,@VX,-1,1,2050.00,1.6500,2450.0000,-1900.0000,
TRADE,03/02/2021 09:45:00,72.45000,04/02/2021 12:00:00,69.74000,@VX,-1,1,2710.00,0.6500,2710.0000,-80.0000,
TRADE,05/02/2021 13:15:00,69.59000,09/02/2021 08:15:00,69.14000,@VX,-1,1,450.00,0.1500,660.0000,-100.0000,
TRADE,09/02/2021 08:45:00,69.35000,10/02/2021 10:00:00,70.19000,@VX,-1,1,-840.00,0.1800,760.0000,-990.0000,
TRADE,11/02/2021 09:15:00,68.95000,12/02/2021 12:15:00,68.01000,@VX,-1,1,940.00,0.3300,1010.0000,-540.0000,
TRADE,23/02/2021 11:00:00,67.79000,24/02/2021 13:30:00,65.85000,@VX,-1,1,1940.00,0.4500,2020.0000,-500.0000,
TRADE,26/02/2021 09:30:00,69.89000,01/03/2021 09:00:00,66.30000,@VX,-1,1,3590.00,0.7700,3550.0000,-1100.0000,
TRADE,02/03/2021 11:00:00,66.42000,03/03/2021 09:15:00,66.94000,@VX,-1,1,-520.00,0.3100,1130.0000,-520.0000,
TRADE,04/03/2021 12:00:00,68.34000,04/03/2021 13:00:00,70.55000,@VX,-1,1,-2210.00,0.6500,20.0000,-1850.0000,
TRADE,05/03/2021 09:45:00,68.94000,08/03/2021 12:00:00,66.09000,@VX,-1,1,2850.00,0.6900,2950.0000,-1250.0000,
TRADE,10/03/2021 14:45:00,65.15000,12/03/2021 08:15:00,64.99000,@VX,-1,1,160.00,0.1000,3120.0000,-90.0000,
TRADE,12/03/2021 10:15:00,64.90000,15/03/2021 13:00:00,63.20000,@VX,-1,1,1700.00,0.2000,1700.0000,-50.0000,
TRADE,17/03/2021 10:15:00,62.93000,18/03/2021 12:45:00,61.83000,@VX,-1,1,1100.00,0.2100,1500.0000,-150.0000,
TRADE,18/03/2021 14:00:00,62.53000,19/03/2021 09:00:00,63.13000,@VX,-1,1,-600.00,0.6000,290.0000,-800.0000,
TRADE,23/03/2021 11:30:00,60.93000,24/03/2021 02:00:00,61.43000,@VX,-1,1,-500.00,0.3400,310.0000,-1050.0000,
TRADE,24/03/2021 13:00:00,61.15000,25/03/2021 07:00:00,61.78000,@VX,-1,1,-630.00,0.2500,370.0000,-630.0000,
TRADE,25/03/2021 13:45:00,61.90000,29/03/2021 08:15:00,60.69000,@VX,-1,1,1210.00,0.3000,2120.0000,0.0000,
TRADE,29/03/2021 12:45:00,60.80000,31/03/2021 08:15:00,59.46000,@VX,-1,1,1340.00,0.1500,1420.0000,-230.0000,
TRADE,05/04/2021 12:30:00,58.33000,07/04/2021 08:15:00,58.34000,@VX,-1,1,-10.00,0.1500,500.0000,-200.0000,
TRADE,12/04/2021 09:15:00,57.28000,13/04/2021 13:15:00,56.43000,@VX,-1,1,850.00,0.1500,900.0000,-250.0000,
TRADE,14/04/2021 13:45:00,56.28000,16/04/2021 08:15:00,56.15000,@VX,-1,1,130.00,0.3200,280.0000,-700.0000,
TRADE,21/04/2021 08:45:00,57.10000,22/04/2021 11:30:00,55.85000,@VX,-1,1,1250.00,0.2000,1400.0000,-220.0000,
TRADE,22/04/2021 12:30:00,56.25000,22/04/2021 14:30:00,57.40000,@VX,-1,1,-1150.00,0.8200,100.0000,-1100.0000,
TRADE,26/04/2021 11:30:00,56.20000,28/04/2021 08:15:00,55.50000,@VX,-1,1,700.00,0.1500,800.0000,-200.0000,
TRADE,28/04/2021 08:45:00,55.50000,29/04/2021 11:00:00,55.90000,@VX,-1,1,-400.00,0.0500,450.0000,-450.0000,
TRADE,10/05/2021 10:15:00,54.20000,10/05/2021 20:00:00,56.00000,@VX,-1,1,-1800.00,0.1500,350.0000,-1580.0000,
TRADE,18/05/2021 13:45:00,56.99000,19/05/2021 04:15:00,58.64000,@VX,-1,1,-1650.00,0.2500,20.0000,-1850.0000,
TRADE,25/05/2021 10:45:00,56.19000,26/05/2021 13:45:00,55.19000,@VX,-1,1,1000.00,0.2000,1100.0000,-350.0000,
TRADE,28/05/2021 09:30:00,54.14000,31/05/2021 05:15:00,54.50000,@VX,-1,1,-360.00,0.2600,340.0000,-450.0000,
TRADE,08/06/2021 09:15:00,53.32000,09/06/2021 13:15:00,53.47000,@VX,-1,1,-150.00,0.2800,380.0000,-530.0000,
TRADE,14/06/2021 08:15:00,52.15000,15/06/2021 09:00:00,52.47000,@VX,-1,1,-320.00,0.1500,130.0000,-520.0000,
TRADE,16/06/2021 13:30:00,52.82000,17/06/2021 04:00:00,53.42000,@VX,-1,1,-600.00,0.6500,520.0000,-1000.0000,
TRADE,24/06/2021 13:00:00,51.37000,28/06/2021 08:15:00,50.82000,@VX,-1,1,550.00,0.1000,560.0000,-200.0000,
TRADE,28/06/2021 10:30:00,50.95000,29/06/2021 12:45:00,51.32000,@VX,-1,1,-370.00,0.1000,130.0000,-370.0000,
TRADE,06/07/2021 09:00:00,50.69000,06/07/2021 10:00:00,51.35000,@VX,-1,1,-660.00,0.2000,70.0000,-580.0000,
TRADE,07/07/2021 14:30:00,51.34000,08/07/2021 02:15:00,52.25000,@VX,-1,1,-910.00,0.2000,170.0000,-880.0000,
TRADE,13/07/2021 13:00:00,50.74000,14/07/2021 11:15:00,51.27000,@VX,-1,1,-530.00,0.3500,530.0000,-580.0000,
TRADE,15/07/2021 10:00:00,50.70000,16/07/2021 12:45:00,50.62000,@VX,-1,1,80.00,0.2500,680.0000,-290.0000,
TRADE,23/07/2021 09:15:00,50.87000,25/07/2021 23:45:00,51.52000,@VX,-1,1,-650.00,0.2000,150.0000,-750.0000,
TRADE,26/07/2021 10:00:00,51.58000,27/07/2021 02:45:00,51.97000,@VX,-1,1,-390.00,0.1500,860.0000,-390.0000,
TRADE,27/07/2021 09:00:00,51.47000,28/07/2021 00:30:00,51.82000,@VX,-1,1,-350.00,0.3500,200.0000,-1150.0000,
TRADE,28/07/2021 09:15:00,51.72000,29/07/2021 12:00:00,50.37000,@VX,-1,1,1350.00,0.3300,1400.0000,-60.0000,
TRADE,12/08/2021 08:45:00,48.30000,13/08/2021 13:15:00,47.68000,@VX,-1,1,620.00,0.0700,820.0000,-130.0000,
TRADE,26/08/2021 08:30:00,47.98000,26/08/2021 23:00:00,48.38000,@VX,-1,1,-400.00,0.1000,200.0000,-900.0000,
TRADE,30/08/2021 09:30:00,47.32000,31/08/2021 12:45:00,47.43000,@VX,-1,1,-110.00,0.1000,460.0000,-210.0000,
TRADE,31/08/2021 14:30:00,47.30000,02/09/2021 08:15:00,46.29000,@VX,-1,1,1010.00,0.1700,1020.0000,-60.0000,
TRADE,02/09/2021 11:15:00,46.45000,03/09/2021 08:45:00,46.88000,@VX,-1,1,-430.00,0.0700,170.0000,-480.0000,
TRADE,08/09/2021 10:00:00,48.23000,09/09/2021 13:00:00,47.31000,@VX,-1,1,920.00,0.4800,1520.0000,-110.0000,
TRADE,10/09/2021 09:45:00,47.21000,10/09/2021 15:00:00,48.35000,@VX,-1,1,-1140.00,0.2500,70.0000,-1050.0000,
TRADE,14/09/2021 10:15:00,47.76000,15/09/2021 12:45:00,47.21000,@VX,-1,1,550.00,0.2800,550.0000,-490.0000,
TRADE,16/09/2021 09:00:00,47.21000,17/09/2021 09:30:00,47.52000,@VX,-1,1,-310.00,0.2600,610.0000,-460.0000,
TRADE,30/09/2021 10:00:00,48.36000,01/10/2021 00:30:00,49.86000,@VX,-1,1,-1500.00,0.4000,200.0000,-1570.0000,
TRADE,06/10/2021 09:30:00,49.22000,07/10/2021 12:00:00,46.41000,@VX,-1,1,2810.00,0.6500,2860.0000,-350.0000,
TRADE,12/10/2021 10:15:00,46.31000,13/10/2021 13:15:00,45.57000,@VX,-1,1,740.00,0.2200,850.0000,-150.0000,
TRADE,19/10/2021 09:15:00,43.98000,20/10/2021 12:00:00,43.72000,@VX,-1,1,260.00,0.1500,270.0000,-80.0000,
TRADE,22/10/2021 10:15:00,43.16000,22/10/2021 10:45:00,43.90000,@VX,-1,1,-740.00,0.1500,0.0000,-550.0000,
TRADE,26/10/2021 09:00:00,42.76000,26/10/2021 11:45:00,43.60000,@VX,-1,1,-840.00,0.2000,0.0000,-700.0000,
TRADE,01/11/2021 13:00:00,43.10000,03/11/2021 08:15:00,42.24000,@VX,-1,1,860.00,0.1100,980.0000,-60.0000,
TRADE,03/11/2021 09:30:00,42.32000,04/11/2021 12:15:00,41.91000,@VX,-1,1,410.00,0.2500,1180.0000,-140.0000,
TRADE,09/11/2021 09:00:00,43.12000,10/11/2021,43.51000,@VX,-1,1,-390.00,0.3000,110.0000,-790.0000,
TRADE,16/11/2021 08:15:00,42.88000,17/11/2021 12:00:00,42.93000,@VX,-1,1,-50.00,0.0700,400.0000,-250.0000,
TRADE,18/11/2021 09:00:00,43.19000,19/11/2021 04:15:00,43.51000,@VX,-1,1,-320.00,0.3000,360.0000,-390.0000,
TRADE,23/11/2021 10:00:00,44.14000,24/11/2021 12:30:00,43.43000,@VX,-1,1,710.00,0.3000,810.0000,-290.0000,
TRADE,30/11/2021 10:30:00,47.44000,01/12/2021 13:00:00,47.23000,@VX,-1,1,210.00,0.6800,2020.0000,-1190.0000,
TRADE,02/12/2021 12:15:00,48.98000,03/12/2021 05:00:00,49.46000,@VX,-1,1,-480.00,0.4500,950.0000,-1050.0000,
TRADE,08/12/2021 08:15:00,45.18000,09/12/2021 10:45:00,43.73000,@VX,-1,1,1450.00,0.0600,1900.0000,-350.0000,
TRADE,09/12/2021 13:30:00,43.90000,13/12/2021 08:15:00,42.63000,@VX,-1,1,1270.00,0.1500,1720.0000,-1180.0000,
TRADE,15/12/2021 09:00:00,44.93000,16/12/2021 11:15:00,42.29000,@VX,-1,1,2640.00,0.7000,3650.0000,-450.0000,
TRADE,17/12/2021 11:15:00,43.44000,20/12/2021 01:30:00,45.25000,@VX,-1,1,-1810.00,0.2600,840.0000,-1890.0000,
TRADE,22/12/2021 08:15:00,43.21000,23/12/2021 10:45:00,41.38000,@VX,-1,1,1830.00,0.1500,1980.0000,-20.0000,
TRADE,31/12/2021 09:00:00,39.88000,03/01/2022 11:30:00,39.08000,@VX,-1,1,800.00,0.4400,940.0000,-150.0000,
TRADE,04/01/2022 09:00:00,38.83000,04/01/2022 23:15:00,39.28000,@VX,-1,1,-450.00,0.2300,200.0000,-750.0000,
TRADE,05/01/2022 12:30:00,39.13000,05/01/2022 13:45:00,40.05000,@VX,-1,1,-920.00,0.2500,200.0000,-720.0000,
TRADE,06/01/2022 13:15:00,40.66000,07/01/2022 08:00:00,41.13000,@VX,-1,1,-470.00,0.2300,350.0000,-570.0000,
TRADE,07/01/2022 10:15:00,41.23000,10/01/2022 09:00:00,41.68000,@VX,-1,1,-450.00,0.5500,1250.0000,-500.0000,
TRADE,13/01/2022 10:15:00,38.66000,14/01/2022 00:30:00,39.54000,@VX,-1,1,-880.00,0.2200,270.0000,-1280.0000,
TRADE,17/01/2022 08:45:00,39.40000,18/01/2022 04:45:00,40.29000,@VX,-1,1,-890.00,0.0500,110.0000,-1340.0000,
TRADE,21/01/2022 08:30:00,43.33000,21/01/2022 15:15:00,45.10000,@VX,-1,1,-1770.00,0.3600,890.0000,-1760.0000,
TRADE,26/01/2022 10:15:00,44.89000,26/01/2022 20:00:00,47.10000,@VX,-1,1,-2210.00,0.4000,1900.0000,-2100.0000,
TRADE,28/01/2022 14:00:00,45.99000,01/02/2022 08:15:00,41.89000,@VX,-1,1,4100.00,0.8000,4120.0000,-100.0000,
TRADE,03/02/2022 11:15:00,41.65000,04/02/2022 03:15:00,42.04000,@VX,-1,1,-390.00,0.5400,260.0000,-1740.0000,
TRADE,08/02/2022 08:30:00,40.90000,09/02/2022 11:15:00,39.19000,@VX,-1,1,1710.00,0.1000,1900.0000,-550.0000,
TRADE,10/02/2022 10:30:00,39.20000,10/02/2022 23:00:00,41.25000,@VX,-1,1,-2050.00,0.3000,270.0000,-2030.0000,
TRADE,14/02/2022 09:00:00,44.10000,15/02/2022 11:15:00,41.83000,@VX,-1,1,2270.00,0.7000,2870.0000,-1430.0000,
TRADE,15/02/2022 12:15:00,42.30000,17/02/2022 08:15:00,42.18000,@VX,-1,1,120.00,0.3500,1990.0000,-180.0000,
TRADE,22/02/2022 12:15:00,44.58000,23/02/2022 12:45:00,44.93000,@VX,-1,1,-350.00,0.2500,1870.0000,-1050.0000,
TRADE,28/02/2022 14:00:00,45.48000,01/03/2022 04:30:00,45.83000,@VX,-1,1,-350.00,0.5300,1320.0000,-550.0000,
TRADE,07/03/2022 11:30:00,49.25000,08/03/2022 00:15:00,51.45000,@VX,-1,1,-2200.00,0.3000,340.0000,-2130.0000,
TRADE,08/03/2022 09:00:00,50.59000,09/03/2022 11:15:00,47.46000,@VX,-1,1,3130.00,1.0000,3260.0000,-1540.0000,
TRADE,09/03/2022 13:30:00,47.98000,10/03/2022 03:45:00,48.59000,@VX,-1,1,-610.00,0.3000,900.0000,-830.0000,
TRADE,11/03/2022 12:00:00,46.24000,14/03/2022 02:15:00,46.81000,@VX,-1,1,-570.00,0.1800,230.0000,-1270.0000,
TRADE,14/03/2022 11:15:00,47.26000,15/03/2022 01:30:00,48.41000,@VX,-1,1,-1150.00,0.2400,150.0000,-2050.0000,
TRADE,21/03/2022 14:30:00,42.39000,23/03/2022 08:15:00,42.21000,@VX,-1,1,180.00,0.2100,1030.0000,-270.0000,
TRADE,23/03/2022 12:00:00,42.10000,24/03/2022 14:15:00,40.90000,@VX,-1,1,1200.00,0.3000,1390.0000,-310.0000,
TRADE,30/03/2022 10:30:00,38.96000,31/03/2022 09:45:00,39.31000,@VX,-1,1,-350.00,0.4300,550.0000,-550.0000,
TRADE,31/03/2022 11:45:00,38.97000,01/04/2022 02:00:00,39.66000,@VX,-1,1,-690.00,0.3200,160.0000,-1290.0000,
TRADE,01/04/2022 09:00:00,39.60000,04/04/2022 11:45:00,37.98000,@VX,-1,1,1620.00,0.2800,1640.0000,-560.0000,
TRADE,07/04/2022 10:00:00,40.62000,08/04/2022 12:30:00,38.91000,@VX,-1,1,1710.00,0.5000,1960.0000,-490.0000,
TRADE,14/04/2022 10:00:00,39.24000,18/04/2022 00:15:00,40.47000,@VX,-1,1,-1230.00,0.2600,260.0000,-1340.0000,
TRADE,19/04/2022 08:45:00,39.61000,20/04/2022 11:00:00,37.96000,@VX,-1,1,1650.00,0.1400,1910.0000,-100.0000,
TRADE,20/04/2022 14:00:00,38.42000,21/04/2022 12:15:00,38.96000,@VX,-1,1,-540.00,0.2900,1050.0000,-590.0000,
TRADE,27/04/2022 14:15:00,44.91000,29/04/2022 08:15:00,44.36000,@VX,-1,1,550.00,0.8100,2300.0000,-1000.0000,
TRADE,29/04/2022 10:00:00,44.56000,02/05/2022 00:15:00,46.06000,@VX,-1,1,-1500.00,0.3300,650.0000,-2150.0000,
TRADE,04/05/2022 08:15:00,43.60000,05/05/2022 10:15:00,44.01000,@VX,-1,1,-410.00,0.1000,3090.0000,-870.0000,
TRADE,06/05/2022 11:15:00,47.16000,09/05/2022 05:30:00,47.46000,@VX,-1,1,-300.00,0.6500,1750.0000,-400.0000,
TRADE,09/05/2022 12:15:00,47.76000,10/05/2022 10:15:00,48.26000,@VX,-1,1,-500.00,0.3500,1210.0000,-2050.0000,
TRADE,11/05/2022 12:30:00,46.91000,12/05/2022 02:45:00,47.64000,@VX,-1,1,-730.00,0.5500,550.0000,-1000.0000,
TRADE,12/05/2022 12:45:00,47.49000,16/05/2022 08:15:00,44.33000,@VX,-1,1,3160.00,0.5300,3280.0000,-1330.0000,
TRADE,19/05/2022 08:15:00,47.49000,20/05/2022 10:30:00,45.14000,@VX,-1,1,2350.00,0.1500,4100.0000,0.0000,
TRADE,23/05/2022 08:15:00,44.29000,23/05/2022 22:30:00,44.94000,@VX,-1,1,-650.00,0.1000,450.0000,-1000.0000,
TRADE,24/05/2022 09:30:00,45.60000,25/05/2022 11:45:00,44.74000,@VX,-1,1,860.00,0.6300,1320.0000,-290.0000,
TRADE,03/06/2022 14:45:00,41.59000,07/06/2022 08:15:00,41.69000,@VX,-1,1,-100.00,0.1800,1100.0000,-150.0000,
TRADE,08/06/2022 10:00:00,40.22000,09/06/2022 10:45:00,40.53000,@VX,-1,1,-310.00,0.2000,440.0000,-520.0000,
TRADE,17/06/2022 08:30:00,45.58000,20/06/2022 17:15:00,44.03000,@VX,-1,1,1550.00,0.3500,1550.0000,-450.0000,
TRADE,21/06/2022 10:45:00,43.68000,22/06/2022 01:00:00,44.58000,@VX,-1,1,-900.00,0.2000,550.0000,-900.0000,
TRADE,23/06/2022 09:30:00,42.98000,24/06/2022 11:45:00,41.94000,@VX,-1,1,1040.00,0.3500,1150.0000,-600.0000,
TRADE,28/06/2022 10:00:00,41.11000,29/06/2022 00:15:00,42.21000,@VX,-1,1,-1100.00,0.1800,280.0000,-1320.0000,
TRADE,29/06/2022 08:15:00,42.35000,30/06/2022 02:00:00,42.78000,@VX,-1,1,-430.00,0.1500,570.0000,-580.0000,
TRADE,01/07/2022 10:15:00,42.94000,05/07/2022 08:15:00,42.83000,@VX,-1,1,110.00,0.4200,1660.0000,-210.0000,
TRADE,06/07/2022 10:45:00,41.95000,07/07/2022 13:15:00,40.48000,@VX,-1,1,1470.00,0.2500,1770.0000,-180.0000,
TRADE,11/07/2022 14:00:00,40.41000,12/07/2022 04:15:00,41.23000,@VX,-1,1,-820.00,0.2000,30.0000,-1180.0000,
TRADE,13/07/2022 11:15:00,41.28000,14/07/2022 09:00:00,41.72000,@VX,-1,1,-440.00,0.3800,1410.0000,-540.0000,
TRADE,20/07/2022 13:00:00,39.52000,22/07/2022 08:15:00,38.52000,@VX,-1,1,1000.00,0.1500,1100.0000,-180.0000,
TRADE,22/07/2022 11:15:00,38.72000,25/07/2022 13:30:00,38.15000,@VX,-1,1,570.00,0.2200,950.0000,-450.0000,
TRADE,25/07/2022 14:00:00,38.17000,26/07/2022 09:30:00,38.54000,@VX,-1,1,-370.00,0.1200,250.0000,-400.0000,
TRADE,29/07/2022 10:00:00,36.35000,01/08/2022 08:45:00,36.67000,@VX,-1,1,-320.00,0.1200,280.0000,-420.0000,
TRADE,05/08/2022 11:00:00,36.07000,08/08/2022 13:45:00,35.57000,@VX,-1,1,500.00,0.3000,1450.0000,-80.0000,
TRADE,09/08/2022 13:30:00,35.65000,10/08/2022 22:15:00,31.92000,@VX,-1,1,3730.00,0.1300,3730.0000,-220.0000,
TRADE,16/08/2022 08:30:00,33.78000,17/08/2022 05:15:00,34.17000,@VX,-1,1,-390.00,0.0500,160.0000,-410.0000,
TRADE,18/08/2022 09:45:00,33.79000,19/08/2022 03:45:00,34.12000,@VX,-1,1,-330.00,0.2500,370.0000,-330.0000,
TRADE,23/08/2022 08:15:00,36.15000,24/08/2022 10:45:00,35.02000,@VX,-1,1,1130.00,0.0800,1130.0000,-220.0000,
TRADE,25/08/2022 11:00:00,34.52000,26/08/2022 10:00:00,35.14000,@VX,-1,1,-620.00,0.1200,550.0000,-800.0000,
TRADE,31/08/2022 13:15:00,36.60000,01/09/2022 03:30:00,36.97000,@VX,-1,1,-370.00,0.2000,630.0000,-570.0000,
TRADE,01/09/2022 09:30:00,37.20000,02/09/2022 12:00:00,35.77000,@VX,-1,1,1430.00,0.4500,2430.0000,-520.0000,
TRADE,06/09/2022 09:00:00,36.28000,06/09/2022 23:15:00,37.48000,@VX,-1,1,-1200.00,0.5400,100.0000,-1440.0000,
TRADE,08/09/2022 12:00:00,35.32000,09/09/2022 14:45:00,34.42000,@VX,-1,1,900.00,0.4700,1250.0000,-150.0000,
TRADE,14/09/2022 09:45:00,37.53000,15/09/2022 12:15:00,36.68000,@VX,-1,1,850.00,0.6500,1320.0000,-100.0000,
TRADE,15/09/2022 14:30:00,36.91000,16/09/2022 05:15:00,37.46000,@VX,-1,1,-550.00,0.2600,250.0000,-650.0000,
TRADE,30/09/2022 08:30:00,40.41000,02/10/2022 22:45:00,40.96000,@VX,-1,1,-550.00,0.3000,1120.0000,-1250.0000,
TRADE,04/10/2022 12:30:00,38.65000,05/10/2022 09:00:00,39.11000,@VX,-1,1,-460.00,0.2000,490.0000,-490.0000,
TRADE,10/10/2022 10:00:00,41.81000,11/10/2022 02:30:00,42.16000,@VX,-1,1,-350.00,0.9000,950.0000,-760.0000,
TRADE,11/10/2022 09:15:00,42.14000,12/10/2022 11:30:00,41.55000,@VX,-1,1,590.00,0.3900,1180.0000,-560.0000,
TRADE,12/10/2022 12:00:00,41.82000,13/10/2022 08:00:00,42.22000,@VX,-1,1,-400.00,0.2400,1220.0000,-470.0000,
TRADE,14/10/2022 09:30:00,41.15000,17/10/2022 11:45:00,40.17000,@VX,-1,1,980.00,0.7600,1150.0000,-950.0000,
TRADE,18/10/2022 10:30:00,40.36000,19/10/2022 12:45:00,40.65000,@VX,-1,1,-290.00,0.3500,860.0000,-490.0000,
TRADE,24/10/2022 12:45:00,39.70000,26/10/2022 08:15:00,38.36000,@VX,-1,1,1340.00,0.1200,1750.0000,0.0000,
TRADE,02/11/2022 14:45:00,36.40000,03/11/2022 08:45:00,36.73000,@VX,-1,1,-330.00,0.6000,470.0000,-350.0000,
TRADE,08/11/2022 11:15:00,35.01000,09/11/2022 02:15:00,36.05000,@VX,-1,1,-1040.00,0.2000,80.0000,-1250.0000,
TRADE,09/11/2022 09:15:00,36.20000,10/11/2022 00:15:00,36.71000,@VX,-1,1,-510.00,0.2900,270.0000,-800.0000,
TRADE,16/11/2022 10:15:00,35.20000,17/11/2022 13:30:00,34.71000,@VX,-1,1,490.00,0.1800,690.0000,-260.0000,
TRADE,23/11/2022 11:45:00,32.63000,25/11/2022 08:15:00,32.36000,@VX,-1,1,270.00,0.1700,570.0000,-130.0000,
TRADE,25/11/2022 08:30:00,32.40000,28/11/2022 04:15:00,32.81000,@VX,-1,1,-410.00,0.0500,290.0000,-460.0000,
TRADE,28/11/2022 09:45:00,32.79000,29/11/2022 01:15:00,33.11000,@VX,-1,1,-320.00,0.1800,80.0000,-570.0000,
TRADE,29/11/2022 09:15:00,33.16000,30/11/2022 13:15:00,32.31000,@VX,-1,1,850.00,0.1000,850.0000,-150.0000,
TRADE,01/12/2022 09:45:00,32.25000,02/12/2022 12:15:00,31.37000,@VX,-1,1,880.00,0.3000,1340.0000,-60.0000,
TRADE,05/12/2022 11:30:00,31.31000,06/12/2022 10:00:00,31.76000,@VX,-1,1,-450.00,0.1500,350.0000,-600.0000,
TRADE,07/12/2022 11:00:00,32.61000,08/12/2022 14:45:00,32.01000,@VX,-1,1,600.00,0.2900,640.0000,-300.0000,
TRADE,12/12/2022 09:15:00,32.88000,13/12/2022 13:15:00,32.26000,@VX,-1,1,620.00,0.1500,1970.0000,-290.0000,
TRADE,16/12/2022 10:00:00,32.28000,21/12/2022 13:30:00,30.11000,@VX,-1,1,2170.00,0.3000,2300.0000,-300.0000,
TRADE,23/12/2022 08:45:00,31.33000,27/12/2022 11:30:00,30.63000,@VX,-1,1,700.00,0.1000,1000.0000,-300.0000,
TRADE,27/12/2022 13:30:00,30.66000,29/12/2022 08:15:00,30.28000,@VX,-1,1,380.00,0.1300,660.0000,-220.0000,
TRADE,30/12/2022 10:30:00,30.55000,03/01/2023 11:15:00,30.93000,@VX,-1,1,-380.00,0.1600,820.0000,-430.0000,
TRADE,11/01/2023 09:30:00,28.43000,12/01/2023 13:15:00,27.39000,@VX,-1,1,1040.00,0.2000,1140.0000,-170.0000,
TRADE,20/01/2023 08:15:00,27.69000,23/01/2023 13:15:00,26.77000,@VX,-1,1,920.00,0.1200,1010.0000,-150.0000,
TRADE,26/01/2023 12:15:00,26.00000,30/01/2023 08:15:00,25.99000,@VX,-1,1,10.00,0.1500,1060.0000,-200.0000,
TRADE,30/01/2023 13:45:00,26.15000,31/01/2023 04:30:00,26.44000,@VX,-1,1,-290.00,0.2000,260.0000,-340.0000,
TRADE,01/02/2023 09:30:00,25.69000,02/02/2023 12:15:00,24.96000,@VX,-1,1,730.00,0.3300,1600.0000,-350.0000,
TRADE,03/02/2023 10:30:00,25.63000,06/02/2023 09:45:00,26.09000,@VX,-1,1,-460.00,0.1500,340.0000,-660.0000,
TRADE,08/02/2023 10:15:00,25.52000,09/02/2023 01:00:00,25.99000,@VX,-1,1,-470.00,0.2500,0.0000,-1020.0000,
TRADE,22/02/2023 09:15:00,27.80000,23/02/2023 12:45:00,26.89000,@VX,-1,1,910.00,0.2600,1510.0000,-340.0000,
TRADE,07/03/2023 10:00:00,24.00000,08/03/2023 01:30:00,24.69000,@VX,-1,1,-690.00,0.3000,210.0000,-840.0000,
TRADE,09/03/2023 11:15:00,24.40000,09/03/2023 13:45:00,25.45000,@VX,-1,1,-1050.00,0.2300,40.0000,-990.0000,
TRADE,10/03/2023 09:00:00,27.56000,10/03/2023 10:00:00,28.90000,@VX,-1,1,-1340.00,0.7600,620.0000,-1280.0000,
TRADE,03/04/2023 10:30:00,25.98000,04/04/2023 12:45:00,25.43000,@VX,-1,1,550.00,0.2500,1100.0000,-150.0000,
TRADE,05/04/2023 09:30:00,25.80000,06/04/2023 12:45:00,24.68000,@VX,-1,1,1120.00,0.3500,1120.0000,-280.0000,
TRADE,12/04/2023 10:15:00,24.76000,13/04/2023 14:15:00,24.13000,@VX,-1,1,630.00,0.3200,780.0000,-270.0000,
TRADE,14/04/2023 12:00:00,24.30000,17/04/2023 14:45:00,23.19000,@VX,-1,1,1110.00,0.1300,1120.0000,-150.0000,
TRADE,21/04/2023 10:30:00,23.53000,24/04/2023 13:00:00,23.13000,@VX,-1,1,400.00,0.2000,450.0000,-170.0000,
TRADE,25/04/2023 09:30:00,23.63000,25/04/2023 12:30:00,24.30000,@VX,-1,1,-670.00,0.4500,300.0000,-550.0000,
TRADE,26/04/2023 14:30:00,24.33000,28/04/2023 08:15:00,23.03000,@VX,-1,1,1300.00,0.3500,1450.0000,-150.0000,
TRADE,02/05/2023 09:00:00,22.68000,02/05/2023 10:00:00,24.10000,@VX,-1,1,-1420.00,0.3500,150.0000,-1370.0000,
TRADE,03/05/2023 14:45:00,23.63000,04/05/2023 05:30:00,24.13000,@VX,-1,1,-500.00,0.6500,150.0000,-1130.0000,
TRADE,08/05/2023 12:00:00,23.04000,10/05/2023 03:15:00,23.43000,@VX,-1,1,-390.00,0.2200,460.0000,-390.0000,
TRADE,10/05/2023 12:30:00,23.03000,12/05/2023 08:15:00,22.27000,@VX,-1,1,760.00,0.2600,1010.0000,-580.0000,
TRADE,12/05/2023 10:00:00,22.32000,15/05/2023 12:45:00,22.12000,@VX,-1,1,200.00,0.2500,400.0000,-560.0000,
TRADE,16/05/2023 09:30:00,22.20000,17/05/2023 13:30:00,21.78000,@VX,-1,1,420.00,0.2500,530.0000,-320.0000,
TRADE,19/05/2023 10:30:00,21.07000,19/05/2023 13:45:00,21.90000,@VX,-1,1,-830.00,0.3000,70.0000,-820.0000,
TRADE,25/05/2023 11:15:00,22.47000,26/05/2023 14:45:00,21.47000,@VX,-1,1,1000.00,0.2200,1700.0000,-50.0000,
TRADE,30/05/2023 10:30:00,20.90000,31/05/2023 01:30:00,21.22000,@VX,-1,1,-320.00,0.1500,180.0000,-670.0000,
TRADE,31/05/2023 09:45:00,21.18000,01/06/2023 12:30:00,19.57000,@VX,-1,1,1610.00,0.3000,1610.0000,-190.0000,
TRADE,07/06/2023 08:30:00,17.40000,08/06/2023 12:15:00,16.77000,@VX,-1,1,630.00,0.1000,640.0000,-270.0000,
TRADE,13/06/2023 10:45:00,17.25000,14/06/2023 14:30:00,16.82000,@VX,-1,1,430.00,0.1100,630.0000,-120.0000,
TRADE,15/06/2023 10:30:00,16.67000,16/06/2023 01:45:00,17.05000,@VX,-1,1,-380.00,0.1000,70.0000,-480.0000,
TRADE,20/06/2023 09:15:00,16.67000,21/06/2023 12:15:00,16.33000,@VX,-1,1,340.00,0.1500,570.0000,-280.0000,
TRADE,23/06/2023 14:30:00,16.00000,27/06/2023 08:15:00,15.90000,@VX,-1,1,100.00,0.1500,400.0000,-220.0000,
TRADE,29/06/2023 08:30:00,15.05000,30/06/2023 13:15:00,14.95000,@VX,-1,1,100.00,0.1000,200.0000,-390.0000,
