TRADE,25/01/2010 00:30:00,1381.25000,28/01/2010 13:00:00,1367.50000,@W,-1,1,687.50,0.2500,875.0000,-187.5000,
TRADE,08/02/2010 00:30:00,1361.50000,11/02/2010 13:00:00,1374.75000,@W,-1,1,-662.50,0.5000,187.5000,-1125.0000,
TRADE,11/02/2010 13:20:00,1377.75000,16/02/2010 00:30:00,1376.25000,@W,1,1,-75.00,4.5000,237.5000,-825.0000,
TRADE,01/03/2010 00:30:00,1390.00000,04/03/2010 13:00:00,1370.00000,@W,-1,1,1000.00,0.2500,1337.5000,0.0000,
TRADE,15/03/2010 00:30:00,1350.25000,18/03/2010 13:00:00,1355.25000,@W,-1,1,-250.00,0.5000,325.0000,-750.0000,
TRADE,18/03/2010 13:20:00,1359.00000,21/03/2010 20:30:00,1352.00000,@W,1,1,-350.00,6.0000,0.0000,-475.0000,
TRADE,08/04/2010 13:20:00,1334.75000,11/04/2010 20:30:00,1334.50000,@W,1,1,-12.50,2.5000,550.0000,-262.5000,
TRADE,15/04/2010 13:20:00,1345.50000,18/04/2010 20:30:00,1354.00000,@W,1,1,425.00,3.5000,637.5000,-112.5000,
TRADE,19/04/2010 00:30:00,1352.00000,22/04/2010 13:00:00,1360.75000,@W,-1,1,-437.50,0.2500,912.5000,-600.0000,
TRADE,22/04/2010 13:20:00,1364.75000,25/04/2010 20:30:00,1362.50000,@W,1,1,-112.50,4.7500,87.5000,-400.0000,
TRADE,26/04/2010 00:30:00,1366.00000,26/04/2010 11:30:00,1321.75000,@W,-1,1,2212.50,0.5000,687.5000,-175.0000,
TRADE,29/04/2010 13:20:00,1353.25000,02/05/2010 20:30:00,1361.50000,@W,1,1,412.50,6.7500,450.0000,-200.0000,
TRADE,03/05/2010 00:30:00,1358.25000,06/05/2010 13:00:00,1363.00000,@W,-1,1,-237.50,0.5000,537.5000,-587.5000,
TRADE,10/05/2010 00:30:00,1363.50000,13/05/2010 13:00:00,1339.50000,@W,-1,1,1200.00,1.2500,1275.0000,-350.0000,
TRADE,24/05/2010 00:30:00,1330.25000,27/05/2010 13:00:00,1325.25000,@W,-1,1,250.00,1.0000,900.0000,-62.5000,
TRADE,27/05/2010 13:20:00,1326.50000,01/06/2010 00:30:00,1313.75000,@W,1,1,-637.50,1.7500,150.0000,-700.0000,
TRADE,10/06/2010 13:20:00,1292.50000,13/06/2010 20:30:00,1301.00000,@W,1,1,425.00,2.5000,625.0000,-450.0000,
TRADE,14/06/2010 00:30:00,1301.50000,16/06/2010 10:30:00,1320.75000,@W,-1,1,-962.50,0.2500,87.5000,-825.0000,
TRADE,17/06/2010 13:20:00,1318.50000,20/06/2010 20:30:00,1324.25000,@W,1,1,287.50,1.5000,375.0000,-187.5000,
TRADE,21/06/2010 00:30:00,1324.25000,24/06/2010 13:00:00,1322.50000,@W,-1,1,87.50,0.5000,650.0000,-87.5000,
TRADE,24/06/2010 13:20:00,1321.25000,27/06/2010 20:30:00,1309.00000,@W,1,1,-612.50,4.0000,25.0000,-650.0000,
TRADE,01/07/2010 13:20:00,1342.00000,06/07/2010 00:30:00,1348.25000,@W,1,1,312.50,8.2500,350.0000,-362.5000,
TRADE,08/07/2010 13:20:00,1386.00000,11/07/2010 20:30:00,1381.75000,@W,1,1,-212.50,5.5000,212.5000,-625.0000,
TRADE,12/07/2010 00:30:00,1378.50000,14/07/2010 10:00:00,1405.50000,@W,-1,1,-1350.00,0.0000,337.5000,-1137.5000,
TRADE,15/07/2010 13:20:00,1435.25000,18/07/2010 20:30:00,1437.00000,@W,1,1,87.50,6.0000,212.5000,-775.0000,
TRADE,19/07/2010 00:30:00,1436.00000,22/07/2010 13:00:00,1441.00000,@W,-1,1,-250.00,0.7500,1112.5000,-750.0000,
TRADE,22/07/2010 13:20:00,1437.50000,25/07/2010 20:30:00,1433.75000,@W,1,1,-187.50,6.0000,362.5000,-262.5000,
TRADE,26/07/2010 00:30:00,1434.50000,29/07/2010 07:30:00,1467.50000,@W,-1,1,-1650.00,1.0000,550.0000,-1587.5000,
TRADE,29/07/2010 13:20:00,1468.00000,01/08/2010 20:30:00,1509.50000,@W,1,1,2075.00,6.5000,2150.0000,-37.5000,
TRADE,02/08/2010 00:30:00,1517.75000,02/08/2010 10:00:00,1551.00000,@W,-1,1,-1662.50,1.2500,325.0000,-1137.5000,
TRADE,05/08/2010 13:20:00,1626.75000,06/08/2010 10:00:00,1574.00000,@W,1,1,-2637.50,2.2500,2762.5000,-1462.5000,
TRADE,12/08/2010 13:20:00,1557.75000,15/08/2010 20:30:00,1539.00000,@W,1,1,-937.50,18.5000,400.0000,-1112.5000,
TRADE,19/08/2010 13:20:00,1515.50000,22/08/2010 20:30:00,1521.75000,@W,1,1,312.50,4.7500,1062.5000,-225.0000,
TRADE,23/08/2010 00:30:00,1530.25000,26/08/2010 13:00:00,1499.50000,@W,-1,1,1537.50,1.0000,2137.5000,-387.5000,
TRADE,30/08/2010 00:30:00,1521.25000,02/09/2010 13:00:00,1525.00000,@W,-1,1,-187.50,1.2500,1512.5000,-750.0000,
TRADE,02/09/2010 13:20:00,1525.50000,07/09/2010 00:30:00,1553.00000,@W,1,1,1375.00,6.0000,1450.0000,-237.5000,
TRADE,09/09/2010 13:20:00,1545.25000,12/09/2010 20:30:00,1544.75000,@W,1,1,-25.00,5.2500,337.5000,-1025.0000,
TRADE,13/09/2010 00:30:00,1546.50000,16/09/2010 13:00:00,1523.00000,@W,-1,1,1175.00,0.7500,1350.0000,-787.5000,
TRADE,20/09/2010 00:30:00,1560.75000,23/09/2010 13:00:00,1509.00000,@W,-1,1,2587.50,1.5000,2587.5000,-100.0000,
TRADE,27/09/2010 00:30:00,1534.50000,30/09/2010 13:00:00,1478.00000,@W,-1,1,2825.00,1.7500,3787.5000,-212.5000,
TRADE,07/10/2010 13:20:00,1471.50000,10/10/2010 20:30:00,1534.75000,@W,1,1,3162.50,6.0000,3312.5000,-337.5000,
TRADE,11/10/2010 00:30:00,1534.50000,14/10/2010 13:00:00,1509.50000,@W,-1,1,1250.00,1.2500,1587.5000,-312.5000,
TRADE,25/10/2010 00:30:00,1488.00000,28/10/2010 06:00:00,1524.50000,@W,-1,1,-1825.00,1.5000,512.5000,-1800.0000,
TRADE,28/10/2010 13:20:00,1526.50000,31/10/2010 20:30:00,1534.75000,@W,1,1,412.50,3.0000,437.5000,-375.0000,
TRADE,01/11/2010 00:30:00,1533.50000,04/11/2010 13:00:00,1525.75000,@W,-1,1,387.50,0.2500,2262.5000,-112.5000,
TRADE,04/11/2010 13:20:00,1523.25000,07/11/2010 20:30:00,1544.75000,@W,1,1,1075.00,4.5000,1175.0000,-525.0000,
TRADE,08/11/2010 00:30:00,1541.00000,11/11/2010 13:00:00,1513.50000,@W,-1,1,1375.00,0.5000,1912.5000,-1375.0000,
TRADE,22/11/2010 00:30:00,1458.00000,29/11/2010 00:30:00,1466.75000,@W,-1,1,-437.50,1.0000,787.5000,-462.5000,
TRADE,02/12/2010 13:20:00,1529.25000,05/12/2010 20:30:00,1561.75000,@W,1,1,1625.00,7.0000,1762.5000,-737.5000,
TRADE,06/12/2010 00:30:00,1559.75000,09/12/2010 13:00:00,1555.00000,@W,-1,1,237.50,3.0000,1300.0000,-937.5000,
TRADE,09/12/2010 13:20:00,1555.25000,12/12/2010 20:30:00,1537.50000,@W,1,1,-887.50,5.2500,512.5000,-1062.5000,
TRADE,20/12/2010 00:30:00,1535.25000,23/12/2010 13:00:00,1547.25000,@W,-1,1,-600.00,2.2500,587.5000,-1025.0000,
TRADE,23/12/2010 13:20:00,1548.00000,26/12/2010 20:30:00,1544.00000,@W,1,1,-200.00,3.2500,175.0000,-225.0000,
TRADE,27/12/2010 00:30:00,1549.00000,30/12/2010 13:00:00,1549.50000,@W,-1,1,-25.00,1.0000,275.0000,-1237.5000,
TRADE,03/01/2011 00:30:00,1577.50000,06/01/2011 13:00:00,1561.25000,@W,-1,1,812.50,1.0000,1700.0000,-750.0000,
TRADE,13/01/2011 13:20:00,1550.75000,18/01/2011 00:30:00,1556.00000,@W,1,1,262.50,2.5000,300.0000,-1012.5000,
TRADE,20/01/2011 13:20:00,1569.25000,23/01/2011 20:30:00,1602.25000,@W,1,1,1650.00,7.0000,1687.5000,-150.0000,
TRADE,24/01/2011 00:30:00,1604.50000,27/01/2011 13:00:00,1617.75000,@W,-1,1,-662.50,1.2500,812.5000,-1312.5000,
TRADE,27/01/2011 13:20:00,1619.00000,30/01/2011 20:30:00,1598.75000,@W,1,1,-1012.50,5.2500,25.0000,-1350.0000,
TRADE,03/02/2011 13:20:00,1618.00000,06/02/2011 20:30:00,1629.25000,@W,1,1,562.50,9.5000,687.5000,-400.0000,
TRADE,07/02/2011 00:30:00,1634.50000,10/02/2011 13:00:00,1642.75000,@W,-1,1,-412.50,1.5000,1150.0000,-1312.5000,
TRADE,14/02/2011 00:30:00,1649.75000,17/02/2011 13:00:00,1614.00000,@W,-1,1,1787.50,2.0000,2837.5000,-125.0000,
TRADE,28/02/2011 00:30:00,1546.75000,03/03/2011 13:00:00,1553.25000,@W,-1,1,-325.00,3.5000,887.5000,-887.5000,
TRADE,03/03/2011 13:20:00,1554.00000,06/03/2011 20:30:00,1562.25000,@W,1,1,412.50,3.2500,812.5000,-375.0000,
TRADE,07/03/2011 00:30:00,1561.25000,10/03/2011 13:00:00,1476.00000,@W,-1,1,4262.50,1.5000,4737.5000,-262.5000,
TRADE,17/03/2011 13:20:00,1439.00000,20/03/2011 20:30:00,1464.75000,@W,1,1,1287.50,6.0000,2137.5000,-112.5000,
TRADE,21/03/2011 00:30:00,1461.50000,24/03/2011 13:00:00,1464.50000,@W,-1,1,-150.00,0.7500,1175.0000,-650.0000,
TRADE,24/03/2011 13:20:00,1468.25000,27/03/2011 20:30:00,1469.00000,@W,1,1,37.50,6.2500,875.0000,-450.0000,
TRADE,28/03/2011 00:30:00,1466.50000,31/03/2011 13:00:00,1499.25000,@W,-1,1,-1637.50,1.2500,637.5000,-1700.0000,
TRADE,31/03/2011 13:20:00,1497.50000,03/04/2011 20:30:00,1499.00000,@W,1,1,75.00,10.2500,462.5000,-1000.0000,
TRADE,04/04/2011 00:30:00,1500.50000,07/04/2011 13:00:00,1507.50000,@W,-1,1,-350.00,0.5000,525.0000,-1525.0000,
TRADE,11/04/2011 00:30:00,1537.50000,14/04/2011 13:00:00,1476.25000,@W,-1,1,3062.50,2.0000,3575.0000,-112.5000,
TRADE,21/04/2011 13:20:00,1532.00000,24/04/2011 20:30:00,1551.50000,@W,1,1,975.00,3.5000,1112.5000,-50.0000,
TRADE,25/04/2011 00:30:00,1551.50000,28/04/2011 13:00:00,1472.75000,@W,-1,1,3937.50,1.7500,4050.0000,-562.5000,
TRADE,09/05/2011 00:30:00,1474.75000,12/05/2011 13:00:00,1439.50000,@W,-1,1,1762.50,0.5000,2400.0000,-2000.0000,
TRADE,19/05/2011 13:20:00,1509.75000,22/05/2011 20:30:00,1513.50000,@W,1,1,187.50,5.2500,450.0000,-1075.0000,
TRADE,23/05/2011 00:30:00,1513.00000,26/05/2011 13:00:00,1522.25000,@W,-1,1,-462.50,3.0000,1862.5000,-700.0000,
TRADE,26/05/2011 13:20:00,1518.00000,31/05/2011 00:30:00,1496.25000,@W,1,1,-1087.50,7.2500,362.5000,-1362.5000,
TRADE,06/06/2011 00:30:00,1472.75000,09/06/2011 13:00:00,1450.75000,@W,-1,1,1100.00,1.5000,2162.5000,-150.0000,
TRADE,09/06/2011 13:20:00,1446.50000,12/06/2011 20:30:00,1465.75000,@W,1,1,962.50,4.7500,975.0000,-537.5000,
TRADE,13/06/2011 00:30:00,1462.75000,16/06/2011 13:00:00,1379.75000,@W,-1,1,4150.00,1.0000,4350.0000,-200.0000,
TRADE,07/07/2011 13:20:00,1300.25000,10/07/2011 20:30:00,1313.00000,@W,1,1,637.50,4.0000,1125.0000,-125.0000,
TRADE,11/07/2011 00:30:00,1313.75000,13/07/2011 10:00:00,1360.50000,@W,-1,1,-2337.50,1.2500,1662.5000,-2150.0000,
TRADE,14/07/2011 13:20:00,1371.00000,17/07/2011 20:30:00,1351.25000,@W,1,1,-987.50,12.2500,537.5000,-1225.0000,
TRADE,28/07/2011 13:20:00,1364.00000,31/07/2011 20:30:00,1345.25000,@W,1,1,-937.50,7.0000,62.5000,-1450.0000,
TRADE,11/08/2011 13:20:00,1366.75000,14/08/2011 20:30:00,1378.00000,@W,1,1,562.50,4.2500,862.5000,-262.5000,
TRADE,15/08/2011 01:00:00,1377.25000,18/08/2011 13:00:00,1377.75000,@W,-1,1,-25.00,1.0000,625.0000,-1362.5000,
TRADE,22/08/2011 00:30:00,1403.00000,25/08/2011 13:00:00,1425.25000,@W,-1,1,-1112.50,0.7500,237.5000,-1312.5000,
TRADE,25/08/2011 13:20:00,1423.25000,28/08/2011 20:30:00,1433.25000,@W,1,1,500.00,3.2500,675.0000,-525.0000,
TRADE,29/08/2011 00:30:00,1432.25000,01/09/2011 13:00:00,1395.25000,@W,-1,1,1850.00,1.0000,1950.0000,-225.0000,
TRADE,29/09/2011 13:20:00,1279.50000,30/09/2011 10:00:00,1237.25000,@W,1,1,-2112.50,4.5000,337.5000,-1675.0000,
TRADE,06/10/2011 13:20:00,1247.75000,09/10/2011 20:30:00,1238.75000,@W,1,1,-450.00,5.7500,100.0000,-850.0000,
TRADE,10/10/2011 00:30:00,1245.75000,13/10/2011 13:00:00,1247.00000,@W,-1,1,-62.50,0.7500,800.0000,-2212.5000,
TRADE,17/10/2011 00:30:00,1249.00000,20/10/2011 13:00:00,1248.75000,@W,-1,1,12.50,1.0000,562.5000,-675.0000,
TRADE,20/10/2011 13:20:00,1252.00000,23/10/2011 20:30:00,1261.00000,@W,1,1,450.00,5.0000,1112.5000,-25.0000,
TRADE,24/10/2011 00:30:00,1265.50000,27/10/2011 13:00:00,1266.75000,@W,-1,1,-62.50,1.0000,1212.5000,-350.0000,
TRADE,27/10/2011 13:20:00,1268.00000,30/10/2011 20:30:00,1270.25000,@W,1,1,112.50,3.7500,475.0000,-350.0000,
TRADE,31/10/2011 00:30:00,1261.25000,03/11/2011 13:00:00,1260.50000,@W,-1,1,37.50,1.2500,1225.0000,-387.5000,
TRADE,03/11/2011 13:20:00,1260.00000,06/11/2011 20:30:00,1259.00000,@W,1,1,-50.00,1.5000,237.5000,-600.0000,
TRADE,07/11/2011 00:30:00,1259.75000,10/11/2011 13:00:00,1248.25000,@W,-1,1,575.00,1.5000,662.5000,-1212.5000,
TRADE,01/12/2011 13:20:00,1217.25000,04/12/2011 20:30:00,1229.25000,@W,1,1,600.00,4.0000,900.0000,-187.5000,
TRADE,05/12/2011 00:30:00,1225.00000,08/12/2011 13:00:00,1204.50000,@W,-1,1,1025.00,1.0000,1550.0000,-500.0000,
TRADE,19/12/2011 00:30:00,1187.00000,21/12/2011 11:00:00,1215.75000,@W,-1,1,-1437.50,1.0000,100.0000,-1400.0000,
TRADE,22/12/2011 13:20:00,1226.75000,28/12/2011 00:30:00,1247.50000,@W,1,1,1037.50,2.5000,1175.0000,-250.0000,
TRADE,29/12/2011 13:20:00,1247.50000,04/01/2012 00:30:00,1256.75000,@W,1,1,462.50,3.2500,1325.0000,-100.0000,
TRADE,19/01/2012 13:20:00,1207.50000,22/01/2012 20:30:00,1220.50000,@W,1,1,650.00,3.7500,650.0000,-362.5000,
TRADE,23/01/2012 00:30:00,1218.25000,25/01/2012 10:00:00,1247.25000,@W,-1,1,-1450.00,0.2500,75.0000,-1212.5000,
TRADE,26/01/2012 13:20:00,1258.00000,29/01/2012 20:30:00,1251.75000,@W,1,1,-312.50,8.0000,87.5000,-487.5000,
TRADE,02/02/2012 13:20:00,1269.50000,05/02/2012 20:30:00,1261.00000,@W,1,1,-425.00,5.5000,237.5000,-650.0000,
TRADE,23/02/2012 13:20:00,1245.00000,26/02/2012 20:30:00,1245.25000,@W,1,1,12.50,3.5000,150.0000,-462.5000,
TRADE,27/02/2012 00:30:00,1243.75000,29/02/2012 05:00:00,1268.50000,@W,-1,1,-1237.50,0.5000,525.0000,-1212.5000,
TRADE,01/03/2012 13:20:00,1260.75000,04/03/2012 20:30:00,1270.50000,@W,1,1,487.50,11.0000,600.0000,-300.0000,
TRADE,05/03/2012 00:30:00,1270.25000,08/03/2012 13:00:00,1232.75000,@W,-1,1,1875.00,0.5000,1975.0000,-237.5000,
TRADE,15/03/2012 13:20:00,1258.25000,18/03/2012 20:30:00,1271.25000,@W,1,1,650.00,2.0000,687.5000,-50.0000,
TRADE,19/03/2012 00:30:00,1269.50000,22/03/2012 13:00:00,1239.75000,@W,-1,1,1487.50,0.5000,2050.0000,-37.5000,
TRADE,26/03/2012 00:30:00,1249.75000,29/03/2012 13:00:00,1215.25000,@W,-1,1,1725.00,0.7500,1812.5000,-900.0000,
TRADE,02/04/2012 00:30:00,1254.25000,05/04/2012 13:00:00,1240.50000,@W,-1,1,687.50,1.0000,1075.0000,-212.5000,
TRADE,12/04/2012 13:20:00,1234.25000,15/04/2012 20:30:00,1214.00000,@W,1,1,-1012.50,3.2500,312.5000,-1075.0000,
TRADE,19/04/2012 13:20:00,1222.50000,22/04/2012 20:30:00,1213.00000,@W,1,1,-475.00,4.0000,125.0000,-550.0000,
TRADE,30/04/2012 00:30:00,1239.75000,03/05/2012 13:00:00,1206.75000,@W,-1,1,1650.00,0.5000,1925.0000,-262.5000,
TRADE,17/05/2012 13:20:00,1244.25000,20/05/2012 20:00:00,1304.50000,@W,1,1,3012.50,5.7500,2975.0000,-112.5000,
TRADE,21/05/2012 00:30:00,1299.25000,24/05/2012 13:00:00,1255.25000,@W,-1,1,2200.00,5.5000,2312.5000,-212.5000,
TRADE,07/06/2012 13:20:00,1230.00000,10/06/2012 20:30:00,1221.00000,@W,1,1,-450.00,5.7500,162.5000,-637.5000,
TRADE,11/06/2012 00:30:00,1223.00000,14/06/2012 13:00:00,1211.25000,@W,-1,1,587.50,0.5000,1012.5000,-437.5000,
TRADE,21/06/2012 13:20:00,1253.75000,24/06/2012 20:30:00,1278.00000,@W,1,1,1212.50,5.2500,1212.5000,-300.0000,
TRADE,25/06/2012 00:30:00,1278.25000,25/06/2012 10:00:00,1310.75000,@W,-1,1,-1625.00,0.2500,112.5000,-1162.5000,
TRADE,02/07/2012 00:30:00,1333.25000,05/07/2012 10:00:00,1384.50000,@W,-1,1,-2562.50,0.5000,375.0000,-2562.5000,
TRADE,05/07/2012 13:20:00,1396.75000,08/07/2012 20:30:00,1388.50000,@W,1,1,-412.50,4.5000,312.5000,-1062.5000,
TRADE,09/07/2012 00:30:00,1394.75000,12/07/2012 13:00:00,1422.75000,@W,-1,1,-1400.00,0.7500,1100.0000,-1637.5000,
TRADE,12/07/2012 13:20:00,1423.75000,15/07/2012 20:30:00,1435.75000,@W,1,1,600.00,3.7500,625.0000,-462.5000,
TRADE,16/07/2012 00:30:00,1437.75000,19/07/2012 03:00:00,1490.75000,@W,-1,1,-2650.00,1.0000,137.5000,-2612.5000,
TRADE,19/07/2012 13:20:00,1490.75000,22/07/2012 20:30:00,1497.25000,@W,1,1,325.00,6.0000,1087.5000,-225.0000,
TRADE,23/07/2012 00:30:00,1493.50000,26/07/2012 13:00:00,1459.50000,@W,-1,1,1700.00,1.2500,3562.5000,-487.5000,
TRADE,30/07/2012 00:30:00,1483.00000,02/08/2012 13:00:00,1444.00000,@W,-1,1,1950.00,1.2500,2875.0000,-312.5000,
TRADE,06/08/2012 00:30:00,1451.75000,09/08/2012 13:00:00,1485.25000,@W,-1,1,-1675.00,0.0000,650.0000,-1750.0000,
TRADE,09/08/2012 13:20:00,1486.00000,12/08/2012 20:30:00,1448.75000,@W,1,1,-1862.50,3.0000,762.5000,-1862.5000,
TRADE,16/08/2012 13:20:00,1435.00000,19/08/2012 20:30:00,1440.75000,@W,1,1,287.50,3.0000,725.0000,-112.5000,
TRADE,20/08/2012 00:30:00,1441.00000,23/08/2012 13:00:00,1443.75000,@W,-1,1,-137.50,1.0000,237.5000,-1600.0000,
TRADE,30/08/2012 13:20:00,1460.50000,04/09/2012 00:30:00,1447.25000,@W,1,1,-662.50,3.5000,25.0000,-1537.5000,
TRADE,06/09/2012 13:20:00,1436.75000,09/09/2012 20:30:00,1454.50000,@W,1,1,887.50,5.5000,1225.0000,-162.5000,
TRADE,10/09/2012 00:30:00,1456.50000,13/09/2012 13:00:00,1446.75000,@W,-1,1,487.50,0.7500,1950.0000,-487.5000,
TRADE,13/09/2012 13:20:00,1445.00000,16/09/2012 20:30:00,1464.25000,@W,1,1,962.50,3.7500,1737.5000,-37.5000,
TRADE,17/09/2012 00:30:00,1458.00000,20/09/2012 13:00:00,1427.75000,@W,-1,1,1512.50,0.7500,2362.5000,-475.0000,
TRADE,20/09/2012 13:20:00,1427.75000,23/09/2012 20:30:00,1449.75000,@W,1,1,1100.00,5.7500,1212.5000,-87.5000,
TRADE,24/09/2012 00:30:00,1443.50000,27/09/2012 13:00:00,1401.75000,@W,-1,1,2087.50,0.7500,2275.0000,-487.5000,
TRADE,01/10/2012 00:30:00,1446.00000,04/10/2012 13:00:00,1424.00000,@W,-1,1,1100.00,1.5000,1962.5000,-162.5000,
TRADE,04/10/2012 13:20:00,1421.75000,07/10/2012 20:30:00,1411.50000,@W,1,1,-512.50,3.0000,162.5000,-750.0000,
TRADE,11/10/2012 13:20:00,1438.00000,14/10/2012 20:30:00,1400.75000,@W,1,1,-1862.50,3.7500,0.0000,-1862.5000,
TRADE,18/10/2012 13:20:00,1420.00000,21/10/2012 20:30:00,1422.00000,@W,1,1,100.00,3.7500,712.5000,-262.5000,
TRADE,22/10/2012 00:30:00,1427.50000,25/10/2012 13:00:00,1424.25000,@W,-1,1,162.50,0.5000,937.5000,-812.5000,
TRADE,01/11/2012 13:20:00,1416.50000,04/11/2012 20:30:00,1417.50000,@W,1,1,50.00,5.0000,300.0000,-450.0000,
TRADE,08/11/2012 13:20:00,1451.00000,11/11/2012 20:30:00,1428.25000,@W,1,1,-1137.50,3.5000,712.5000,-1137.5000,
TRADE,26/11/2012 00:30:00,1397.00000,28/11/2012 10:00:00,1424.50000,@W,-1,1,-1375.00,1.0000,25.0000,-1300.0000,
TRADE,17/12/2012 00:30:00,1348.50000,20/12/2012 13:00:00,1323.00000,@W,-1,1,1275.00,1.2500,1600.0000,-412.5000,
TRADE,14/01/2013 00:30:00,1300.25000,17/01/2013 13:00:00,1316.00000,@W,-1,1,-787.50,1.0000,50.0000,-1237.5000,
TRADE,28/01/2013 00:30:00,1313.75000,31/01/2013 13:00:00,1311.25000,@W,-1,1,125.00,0.5000,462.5000,-562.5000,
TRADE,07/02/2013 13:20:00,1292.50000,10/02/2013 20:30:00,1290.00000,@W,1,1,-125.00,2.5000,612.5000,-275.0000,
TRADE,28/02/2013 13:20:00,1243.75000,04/03/2013 00:30:00,1246.00000,@W,1,1,112.50,1.7500,550.0000,-387.5000,
TRADE,11/03/2013 00:30:00,1230.75000,14/03/2013 13:00:00,1248.50000,@W,-1,1,-887.50,0.2500,387.5000,-1112.5000,
TRADE,14/03/2013 13:20:00,1248.50000,17/03/2013 20:30:00,1243.25000,@W,1,1,-262.50,2.0000,225.0000,-262.5000,
TRADE,21/03/2013 13:20:00,1257.75000,24/03/2013 20:30:00,1256.00000,@W,1,1,-87.50,3.0000,25.0000,-712.5000,
TRADE,04/04/2013 13:20:00,1225.25000,07/04/2013 20:30:00,1234.25000,@W,1,1,450.00,7.2500,525.0000,-412.5000,
TRADE,08/04/2013 00:30:00,1233.50000,11/04/2013 13:00:00,1224.50000,@W,-1,1,450.00,0.5000,875.0000,-525.0000,
TRADE,15/04/2013 00:30:00,1234.00000,18/04/2013 13:00:00,1225.00000,@W,-1,1,450.00,1.2500,875.0000,-475.0000,
TRADE,22/04/2013 00:30:00,1232.50000,25/04/2013 13:00:00,1229.75000,@W,-1,1,137.50,0.5000,800.0000,-62.5000,
TRADE,25/04/2013 13:20:00,1228.25000,28/04/2013 20:30:00,1225.00000,@W,1,1,-162.50,2.5000,100.0000,-650.0000,
TRADE,29/04/2013 00:30:00,1226.25000,30/04/2013 11:00:00,1252.75000,@W,-1,1,-1325.00,0.5000,162.5000,-1312.5000,
TRADE,02/05/2013 13:20:00,1252.00000,05/05/2013 20:30:00,1235.75000,@W,1,1,-812.50,3.7500,425.0000,-1025.0000,
TRADE,09/05/2013 13:20:00,1249.50000,12/05/2013 20:30:00,1230.25000,@W,1,1,-962.50,2.5000,62.5000,-1137.5000,
TRADE,23/05/2013 13:20:00,1230.75000,28/05/2013 00:30:00,1222.75000,@W,1,1,-400.00,4.7500,112.5000,-550.0000,
TRADE,30/05/2013 13:20:00,1224.00000,02/06/2013 20:30:00,1235.00000,@W,1,1,550.00,1.7500,650.0000,-300.0000,
TRADE,03/06/2013 00:30:00,1236.50000,06/06/2013 13:00:00,1220.75000,@W,-1,1,787.50,0.5000,925.0000,-175.0000,
TRADE,20/06/2013 13:20:00,1228.25000,23/06/2013 20:30:00,1218.50000,@W,1,1,-487.50,2.5000,87.5000,-487.5000,
TRADE,11/07/2013 13:20:00,1201.50000,14/07/2013 20:30:00,1191.00000,@W,1,1,-525.00,4.0000,125.0000,-587.5000,
TRADE,05/08/2013 00:30:00,1180.50000,08/08/2013 13:00:00,1156.25000,@W,-1,1,1212.50,0.2500,1262.5000,-62.5000,
TRADE,15/08/2013 13:20:00,1153.75000,18/08/2013 20:30:00,1154.75000,@W,1,1,50.00,3.2500,250.0000,-537.5000,
TRADE,19/08/2013 00:30:00,1155.00000,22/08/2013 13:00:00,1150.00000,@W,-1,1,250.00,0.0000,312.5000,-400.0000,
TRADE,26/08/2013 00:30:00,1163.25000,29/08/2013 13:00:00,1157.25000,@W,-1,1,300.00,0.2500,400.0000,-900.0000,
TRADE,09/09/2013 00:30:00,1149.00000,12/09/2013 13:00:00,1146.75000,@W,-1,1,112.50,0.0000,425.0000,-337.5000,
TRADE,19/09/2013 13:20:00,1158.75000,22/09/2013 20:30:00,1150.00000,@W,1,1,-437.50,3.7500,187.5000,-587.5000,
TRADE,26/09/2013 13:20:00,1181.25000,29/09/2013 20:30:00,1185.25000,@W,1,1,200.00,2.7500,375.0000,-125.0000,
TRADE,30/09/2013 00:30:00,1184.75000,03/10/2013 13:00:00,1199.50000,@W,-1,1,-737.50,0.2500,450.0000,-825.0000,
TRADE,03/10/2013 13:20:00,1194.00000,06/10/2013 20:30:00,1192.25000,@W,1,1,-87.50,6.2500,100.0000,-325.0000,
TRADE,14/10/2013 00:30:00,1199.00000,17/10/2013 13:00:00,1193.00000,@W,-1,1,300.00,0.2500,875.0000,-25.0000,
TRADE,21/10/2013 00:30:00,1213.50000,24/10/2013 13:00:00,1202.25000,@W,-1,1,562.50,0.2500,812.5000,-50.0000,
TRADE,18/11/2013 00:30:00,1152.25000,21/11/2013 13:00:00,1151.00000,@W,-1,1,62.50,0.7500,350.0000,-287.5000,
TRADE,21/11/2013 13:20:00,1152.00000,24/11/2013 20:30:00,1155.00000,@W,1,1,150.00,1.5000,250.0000,-37.5000,
TRADE,25/11/2013 00:30:00,1155.75000,03/12/2013 00:30:00,1156.50000,@W,-1,1,-37.50,0.5000,325.0000,-637.5000,
TRADE,09/12/2013 00:30:00,1149.75000,12/12/2013 13:00:00,1127.50000,@W,-1,1,1112.50,0.5000,1287.5000,-62.5000,
TRADE,23/12/2013 00:30:00,1106.50000,26/12/2013 13:00:00,1098.75000,@W,-1,1,387.50,0.7500,600.0000,-37.5000,
TRADE,30/12/2013 00:30:00,1101.25000,02/01/2014 13:00:00,1091.00000,@W,-1,1,512.50,0.2500,562.5000,-37.5000,
TRADE,06/01/2014 00:30:00,1103.00000,09/01/2014 13:00:00,1079.00000,@W,-1,1,1200.00,0.5000,1537.5000,-175.0000,
TRADE,23/01/2014 13:20:00,1063.00000,26/01/2014 20:30:00,1060.75000,@W,1,1,-112.50,2.2500,212.5000,-337.5000,
TRADE,03/02/2014 00:30:00,1050.50000,04/02/2014 10:00:00,1067.50000,@W,-1,1,-850.00,0.0000,137.5000,-762.5000,
TRADE,06/02/2014 13:20:00,1077.25000,09/02/2014 20:30:00,1066.75000,@W,1,1,-525.00,2.7500,125.0000,-862.5000,
TRADE,13/02/2014 13:20:00,1087.75000,18/02/2014 00:30:00,1096.75000,@W,1,1,450.00,2.5000,462.5000,-12.5000,
TRADE,20/02/2014 13:20:00,1110.50000,23/02/2014 20:30:00,1101.75000,@W,1,1,-437.50,1.7500,37.5000,-637.5000,
TRADE,03/03/2014 00:30:00,1116.50000,06/03/2014 13:00:00,1135.75000,@W,-1,1,-962.50,1.2500,550.0000,-1000.0000,
TRADE,06/03/2014 13:20:00,1138.50000,09/03/2014 20:30:00,1141.25000,@W,1,1,137.50,3.5000,762.5000,-175.0000,
TRADE,10/03/2014 00:30:00,1140.75000,12/03/2014 13:20:00,1175.25000,@W,-1,1,-1725.00,1.0000,650.0000,-1625.0000,
TRADE,13/03/2014 13:20:00,1167.00000,16/03/2014 20:30:00,1182.75000,@W,1,1,787.50,3.5000,862.5000,-325.0000,
TRADE,17/03/2014 00:30:00,1184.75000,20/03/2014 13:00:00,1193.00000,@W,-1,1,-412.50,1.0000,1112.5000,-1475.0000,
TRADE,20/03/2014 13:20:00,1192.25000,23/03/2014 20:30:00,1183.00000,@W,1,1,-462.50,2.5000,287.5000,-725.0000,
TRADE,27/03/2014 13:20:00,1202.25000,30/03/2014 20:30:00,1185.75000,@W,1,1,-825.00,3.0000,37.5000,-900.0000,
TRADE,07/04/2014 00:30:00,1164.25000,10/04/2014 13:00:00,1153.25000,@W,-1,1,550.00,0.5000,862.5000,-725.0000,
TRADE,14/04/2014 00:30:00,1161.75000,16/04/2014 03:30:00,1193.25000,@W,-1,1,-1575.00,0.2500,125.0000,-1587.5000,
TRADE,24/04/2014 13:20:00,1178.75000,27/04/2014 20:30:00,1197.75000,@W,1,1,950.00,3.0000,1050.0000,-12.5000,
TRADE,28/04/2014 00:30:00,1195.75000,01/05/2014 13:00:00,1191.00000,@W,-1,1,237.50,1.2500,787.5000,-587.5000,
TRADE,05/05/2014 00:30:00,1214.75000,08/05/2014 13:00:00,1219.00000,@W,-1,1,-212.50,0.7500,525.0000,-600.0000,
TRADE,08/05/2014 13:20:00,1217.50000,11/05/2014 19:30:00,1185.25000,@W,1,1,-1612.50,3.2500,237.5000,-637.5000,
TRADE,09/06/2014 00:30:00,1106.50000,12/06/2014 13:00:00,1071.00000,@W,-1,1,1775.00,1.5000,1875.0000,-12.5000,
TRADE,19/06/2014 13:20:00,1071.75000,22/06/2014 20:30:00,1071.50000,@W,1,1,-12.50,2.2500,275.0000,-312.5000,
TRADE,23/06/2014 00:30:00,1074.25000,26/06/2014 13:00:00,1063.25000,@W,-1,1,550.00,0.5000,1187.5000,-50.0000,
TRADE,26/06/2014 13:20:00,1061.50000,29/06/2014 20:30:00,1065.75000,@W,1,1,212.50,3.5000,500.0000,-175.0000,
TRADE,30/06/2014 00:30:00,1066.00000,09/07/2014 00:30:00,1031.25000,@W,-1,1,1737.50,0.2500,1825.0000,0.0000,
TRADE,17/07/2014 13:20:00,1024.25000,20/07/2014 20:30:00,1003.00000,@W,1,1,-1062.50,3.2500,275.0000,-1075.0000,
TRADE,24/07/2014 13:20:00,1003.75000,27/07/2014 20:30:00,1015.50000,@W,1,1,587.50,2.2500,587.5000,-162.5000,
TRADE,28/07/2014 00:30:00,1013.75000,31/07/2014 13:00:00,1009.50000,@W,-1,1,212.50,0.5000,1062.5000,-137.5000,
TRADE,31/07/2014 13:20:00,1007.75000,03/08/2014 20:30:00,1014.75000,@W,1,1,350.00,2.7500,512.5000,-225.0000,
TRADE,04/08/2014 00:30:00,1018.25000,06/08/2014 11:00:00,1042.75000,@W,-1,1,-1225.00,1.0000,312.5000,-1212.5000,
TRADE,07/08/2014 13:20:00,1035.00000,10/08/2014 20:30:00,1019.00000,@W,1,1,-800.00,3.5000,75.0000,-850.0000,
TRADE,14/08/2014 13:20:00,1010.75000,17/08/2014 20:30:00,1020.25000,@W,1,1,475.00,2.7500,975.0000,-162.5000,
TRADE,18/08/2014 00:30:00,1018.75000,21/08/2014 13:00:00,1022.25000,@W,-1,1,-175.00,1.0000,525.0000,-562.5000,
TRADE,21/08/2014 13:20:00,1022.25000,25/08/2014 00:30:00,1024.00000,@W,1,1,87.50,1.5000,712.5000,-137.5000,
TRADE,28/08/2014 13:20:00,1034.75000,02/09/2014 00:30:00,1022.00000,@W,1,1,-637.50,3.2500,150.0000,-775.0000,
TRADE,08/09/2014 00:30:00,997.00000,11/09/2014 13:00:00,965.50000,@W,-1,1,1575.00,1.5000,1750.0000,-50.0000,
TRADE,29/09/2014 00:30:00,936.50000,02/10/2014 13:00:00,944.25000,@W,-1,1,-387.50,1.5000,475.0000,-612.5000,
TRADE,02/10/2014 13:20:00,942.25000,05/10/2014 20:30:00,949.25000,@W,1,1,350.00,2.5000,375.0000,-262.5000,
TRADE,06/10/2014 00:30:00,949.50000,09/10/2014 13:00:00,954.75000,@W,-1,1,-262.50,0.5000,125.0000,-1062.5000,
TRADE,13/10/2014 00:30:00,960.25000,16/10/2014 13:00:00,974.00000,@W,-1,1,-687.50,0.5000,287.5000,-775.0000,
TRADE,16/10/2014 13:20:00,973.50000,19/10/2014 20:30:00,971.75000,@W,1,1,-87.50,1.5000,387.5000,-137.5000,
TRADE,23/10/2014 13:20:00,985.50000,26/10/2014 20:30:00,972.25000,@W,1,1,-662.50,2.2500,637.5000,-712.5000,
TRADE,30/10/2014 13:20:00,998.50000,02/11/2014 20:30:00,987.00000,@W,1,1,-575.00,2.5000,0.0000,-825.0000,
TRADE,13/11/2014 13:20:00,1012.50000,16/11/2014 20:30:00,1019.75000,@W,1,1,362.50,2.2500,562.5000,-225.0000,
TRADE,17/11/2014 00:30:00,1020.50000,20/11/2014 13:00:00,1004.50000,@W,-1,1,800.00,1.2500,1475.0000,-87.5000,
TRADE,20/11/2014 13:20:00,1004.25000,23/11/2014 20:30:00,1008.25000,@W,1,1,200.00,2.2500,425.0000,-225.0000,
TRADE,24/11/2014 00:30:00,1006.00000,28/11/2014 09:30:00,1030.00000,@W,-1,1,-1200.00,0.0000,387.5000,-1075.0000,
TRADE,01/12/2014 00:30:00,1027.25000,01/12/2014 12:30:00,1052.00000,@W,-1,1,-1237.50,0.7500,212.5000,-1225.0000,
TRADE,08/12/2014 00:30:00,1043.00000,11/12/2014 13:00:00,1048.25000,@W,-1,1,-262.50,0.2500,875.0000,-775.0000,
TRADE,11/12/2014 13:20:00,1048.50000,14/12/2014 20:30:00,1058.50000,@W,1,1,500.00,4.7500,887.5000,-112.5000,
TRADE,15/12/2014 00:30:00,1057.00000,16/12/2014 10:30:00,1089.00000,@W,-1,1,-1600.00,1.0000,150.0000,-1537.5000,
TRADE,18/12/2014 13:20:00,1108.00000,21/12/2014 20:30:00,1084.75000,@W,1,1,-1162.50,5.7500,87.5000,-1400.0000,
TRADE,05/02/2015 13:20:00,975.50000,08/02/2015 20:30:00,983.75000,@W,1,1,412.50,2.0000,562.5000,-312.5000,
TRADE,09/02/2015 00:30:00,983.50000,12/02/2015 13:00:00,974.00000,@W,-1,1,475.00,0.7500,750.0000,-12.5000,
TRADE,02/03/2015 00:30:00,971.25000,05/03/2015 13:00:00,938.50000,@W,-1,1,1637.50,0.5000,1775.0000,-112.5000,
TRADE,09/03/2015 00:30:00,942.75000,12/03/2015 11:00:00,965.50000,@W,-1,1,-1137.50,0.2500,237.5000,-925.0000,
TRADE,12/03/2015 13:20:00,962.00000,15/03/2015 20:30:00,952.25000,@W,1,1,-487.50,2.0000,312.5000,-712.5000,
TRADE,23/03/2015 00:30:00,989.25000,26/03/2015 13:00:00,957.25000,@W,-1,1,1600.00,0.5000,1625.0000,-300.0000,
TRADE,30/03/2015 00:30:00,967.50000,02/04/2015 10:00:00,992.50000,@W,-1,1,-1250.00,0.5000,337.5000,-1212.5000,
TRADE,02/04/2015 13:20:00,992.25000,05/04/2015 20:30:00,996.75000,@W,1,1,225.00,7.2500,262.5000,-200.0000,
TRADE,06/04/2015 00:30:00,994.75000,09/04/2015 13:00:00,975.75000,@W,-1,1,950.00,1.0000,1312.5000,-187.5000,
TRADE,20/04/2015 00:30:00,950.00000,23/04/2015 13:00:00,954.75000,@W,-1,1,-237.50,0.2500,125.0000,-562.5000,
TRADE,07/05/2015 13:20:00,925.75000,10/05/2015 20:30:00,930.75000,@W,1,1,250.00,2.5000,512.5000,-125.0000,
TRADE,11/05/2015 00:30:00,931.25000,14/05/2015 10:00:00,953.50000,@W,-1,1,-1112.50,0.7500,425.0000,-1062.5000,
TRADE,14/05/2015 13:20:00,964.25000,17/05/2015 20:30:00,964.75000,@W,1,1,25.00,5.7500,362.5000,-325.0000,
TRADE,18/05/2015 00:30:00,965.50000,21/05/2015 13:00:00,976.75000,@W,-1,1,-562.50,0.2500,537.5000,-825.0000,
TRADE,21/05/2015 13:20:00,977.50000,26/05/2015 00:30:00,969.50000,@W,1,1,-400.00,2.0000,162.5000,-737.5000,
TRADE,04/06/2015 13:20:00,974.25000,07/06/2015 20:30:00,972.75000,@W,1,1,-75.00,2.5000,575.0000,-325.0000,
TRADE,08/06/2015 00:30:00,973.00000,11/06/2015 13:00:00,955.50000,@W,-1,1,875.00,0.5000,937.5000,-812.5000,
TRADE,25/06/2015 13:20:00,983.00000,28/06/2015 20:30:00,1021.25000,@W,1,1,1912.50,4.5000,2012.5000,-125.0000,
TRADE,29/06/2015 00:30:00,1017.50000,30/06/2015 12:00:00,1047.25000,@W,-1,1,-1487.50,1.2500,387.5000,-1362.5000,
TRADE,06/08/2015 13:20:00,954.75000,09/08/2015 20:30:00,959.75000,@W,1,1,250.00,3.5000,287.5000,-262.5000,
TRADE,10/08/2015 00:30:00,959.75000,13/08/2015 13:00:00,948.00000,@W,-1,1,587.50,0.7500,1500.0000,-800.0000,
TRADE,17/08/2015 00:30:00,951.25000,20/08/2015 13:00:00,951.25000,@W,-1,1,0.00,0.5000,725.0000,-187.5000,
TRADE,20/08/2015 13:20:00,951.25000,23/08/2015 20:30:00,941.75000,@W,1,1,-475.00,1.5000,112.5000,-487.5000,
TRADE,10/09/2015 13:20:00,919.25000,13/09/2015 20:30:00,930.25000,@W,1,1,550.00,1.7500,562.5000,-475.0000,
TRADE,14/09/2015 00:30:00,929.75000,17/09/2015 13:00:00,924.75000,@W,-1,1,250.00,0.2500,375.0000,-737.5000,
TRADE,28/09/2015 00:30:00,953.50000,01/10/2015 13:00:00,962.25000,@W,-1,1,-437.50,0.2500,700.0000,-575.0000,
TRADE,01/10/2015 13:20:00,960.75000,04/10/2015 20:30:00,956.00000,@W,1,1,-237.50,2.2500,175.0000,-387.5000,
TRADE,05/10/2015 00:30:00,957.75000,08/10/2015 13:00:00,951.75000,@W,-1,1,300.00,0.5000,387.5000,-750.0000,
TRADE,26/10/2015 00:30:00,939.00000,27/10/2015 09:00:00,958.00000,@W,-1,1,-950.00,0.2500,150.0000,-937.5000,
TRADE,29/10/2015 13:20:00,956.50000,01/11/2015 20:30:00,963.00000,@W,1,1,325.00,1.5000,412.5000,-87.5000,
TRADE,02/11/2015 00:30:00,963.50000,05/11/2015 13:00:00,968.75000,@W,-1,1,-262.50,0.2500,825.0000,-425.0000,
TRADE,05/11/2015 13:20:00,968.00000,08/11/2015 20:30:00,960.75000,@W,1,1,-362.50,1.5000,87.5000,-525.0000,
TRADE,12/11/2015 13:20:00,939.00000,15/11/2015 20:30:00,935.25000,@W,1,1,-187.50,1.7500,100.0000,-325.0000,
TRADE,19/11/2015 13:20:00,932.75000,22/11/2015 20:30:00,931.50000,@W,1,1,-62.50,3.0000,162.5000,-325.0000,
TRADE,23/11/2015 00:30:00,930.50000,01/12/2015 00:30:00,910.00000,@W,-1,1,1025.00,0.2500,1175.0000,-400.0000,
TRADE,03/12/2015 13:20:00,913.75000,06/12/2015 20:30:00,921.50000,@W,1,1,387.50,2.0000,562.5000,-150.0000,
TRADE,07/12/2015 00:30:00,922.75000,10/12/2015 13:00:00,929.00000,@W,-1,1,-312.50,0.5000,662.5000,-412.5000,
TRADE,10/12/2015 13:20:00,929.25000,13/12/2015 20:30:00,925.50000,@W,1,1,-187.50,1.7500,87.5000,-437.5000,
TRADE,14/12/2015 00:30:00,925.25000,17/12/2015 13:00:00,914.75000,@W,-1,1,525.00,0.0000,1000.0000,-287.5000,
TRADE,21/12/2015 00:30:00,918.00000,27/12/2015 19:30:00,901.00000,@W,-1,1,850.00,0.5000,887.5000,-300.0000,
TRADE,07/01/2016 13:20:00,900.00000,10/01/2016 20:30:00,910.75000,@W,1,1,537.50,1.5000,725.0000,-12.5000,
TRADE,11/01/2016 00:30:00,910.75000,14/01/2016 13:00:00,904.75000,@W,-1,1,300.00,0.2500,762.5000,-325.0000,
TRADE,21/01/2016 13:20:00,906.50000,24/01/2016 20:30:00,910.25000,@W,1,1,187.50,3.0000,325.0000,-50.0000,
TRADE,25/01/2016 00:30:00,909.00000,28/01/2016 13:00:00,905.25000,@W,-1,1,187.50,0.2500,275.0000,-625.0000,
TRADE,01/02/2016 00:30:00,908.75000,04/02/2016 13:00:00,906.25000,@W,-1,1,125.00,0.5000,225.0000,-362.5000,
TRADE,29/02/2016 00:30:00,879.75000,03/03/2016 13:00:00,883.25000,@W,-1,1,-175.00,0.7500,650.0000,-337.5000,
TRADE,03/03/2016 13:20:00,883.50000,06/03/2016 20:30:00,890.00000,@W,1,1,325.00,1.0000,387.5000,-150.0000,
TRADE,07/03/2016 00:30:00,889.50000,10/03/2016 13:00:00,900.25000,@W,-1,1,-537.50,0.2500,400.0000,-550.0000,
TRADE,10/03/2016 13:20:00,901.00000,13/03/2016 20:30:00,900.25000,@W,1,1,-37.50,1.5000,100.0000,-250.0000,
TRADE,14/03/2016 00:30:00,901.75000,17/03/2016 13:00:00,886.75000,@W,-1,1,750.00,0.2500,850.0000,-112.5000,
TRADE,28/03/2016 00:30:00,889.50000,31/03/2016 13:00:00,889.25000,@W,-1,1,12.50,0.5000,487.5000,-625.0000,
TRADE,04/04/2016 00:30:00,901.50000,07/04/2016 13:00:00,883.75000,@W,-1,1,887.50,0.0000,912.5000,0.0000,
TRADE,14/04/2016 13:20:00,883.25000,17/04/2016 20:30:00,886.00000,@W,1,1,137.50,2.7500,262.5000,-200.0000,
TRADE,18/04/2016 00:30:00,891.25000,19/04/2016 10:30:00,909.00000,@W,-1,1,-887.50,0.7500,250.0000,-862.5000,
TRADE,21/04/2016 13:20:00,924.00000,22/04/2016 10:30:00,902.25000,@W,1,1,-1087.50,2.7500,12.5000,-962.5000,
TRADE,28/04/2016 13:20:00,905.00000,01/05/2016 20:30:00,905.25000,@W,1,1,12.50,3.5000,112.5000,-387.5000,
TRADE,02/05/2016 00:30:00,905.00000,05/05/2016 13:00:00,880.75000,@W,-1,1,1212.50,0.2500,1337.5000,-212.5000,
TRADE,12/05/2016 13:20:00,884.50000,15/05/2016 20:30:00,889.75000,@W,1,1,262.50,3.7500,475.0000,-162.5000,
TRADE,16/05/2016 00:30:00,890.75000,19/05/2016 13:00:00,883.00000,@W,-1,1,387.50,0.2500,587.5000,-525.0000,
TRADE,26/05/2016 13:20:00,895.50000,31/05/2016 00:30:00,897.75000,@W,1,1,112.50,2.5000,287.5000,-25.0000,
TRADE,02/06/2016 13:20:00,899.00000,05/06/2016 20:30:00,918.25000,@W,1,1,962.50,3.5000,962.5000,-62.5000,
TRADE,06/06/2016 00:30:00,917.50000,08/06/2016 10:00:00,939.75000,@W,-1,1,-1112.50,0.2500,150.0000,-1087.5000,
TRADE,20/06/2016 00:30:00,894.00000,23/06/2016 13:00:00,872.50000,@W,-1,1,1075.00,0.2500,1125.0000,-112.5000,
TRADE,27/06/2016 00:30:00,872.50000,30/06/2016 13:00:00,854.75000,@W,-1,1,887.50,0.7500,1575.0000,-200.0000,
TRADE,11/07/2016 00:30:00,841.00000,14/07/2016 13:00:00,838.75000,@W,-1,1,112.50,0.5000,612.5000,-787.5000,
TRADE,25/07/2016 00:30:00,832.75000,28/07/2016 13:00:00,817.25000,@W,-1,1,775.00,0.5000,975.0000,-375.0000,
TRADE,08/08/2016 00:30:00,824.00000,11/08/2016 13:00:00,823.75000,@W,-1,1,12.50,0.2500,375.0000,-425.0000,
TRADE,15/08/2016 00:30:00,829.75000,18/08/2016 13:00:00,832.00000,@W,-1,1,-112.50,0.2500,512.5000,-262.5000,
TRADE,18/08/2016 13:20:00,831.75000,21/08/2016 20:30:00,832.50000,@W,1,1,37.50,1.7500,287.5000,-212.5000,
TRADE,22/08/2016 00:30:00,831.25000,25/08/2016 13:00:00,807.25000,@W,-1,1,1200.00,0.5000,1250.0000,0.0000,
TRADE,08/09/2016 13:20:00,787.25000,11/09/2016 20:30:00,784.75000,@W,1,1,-125.00,1.2500,12.5000,-475.0000,
TRADE,19/09/2016 00:30:00,788.25000,22/09/2016 13:00:00,786.25000,@W,-1,1,100.00,0.2500,375.0000,-225.0000,
TRADE,26/09/2016 00:30:00,787.25000,29/09/2016 13:00:00,782.75000,@W,-1,1,225.00,0.7500,612.5000,-50.0000,
TRADE,03/10/2016 00:30:00,781.75000,06/10/2016 13:00:00,776.50000,@W,-1,1,262.50,0.7500,462.5000,-437.5000,
TRADE,13/10/2016 13:20:00,795.00000,16/10/2016 20:30:00,804.00000,@W,1,1,450.00,1.5000,712.5000,-12.5000,
TRADE,17/10/2016 00:30:00,802.75000,20/10/2016 13:00:00,797.75000,@W,-1,1,250.00,0.5000,437.5000,-200.0000,
TRADE,27/10/2016 13:20:00,796.25000,30/10/2016 20:30:00,791.50000,@W,1,1,-237.50,1.0000,112.5000,-400.0000,
TRADE,07/11/2016 00:30:00,795.50000,10/11/2016 13:00:00,785.25000,@W,-1,1,512.50,0.7500,625.0000,-262.5000,
TRADE,17/11/2016 13:20:00,785.00000,20/11/2016 20:30:00,791.25000,@W,1,1,312.50,1.0000,400.0000,-187.5000,
TRADE,21/11/2016 00:30:00,791.50000,29/11/2016 00:30:00,771.75000,@W,-1,1,987.50,0.7500,1012.5000,-87.5000,
TRADE,05/12/2016 00:30:00,763.50000,08/12/2016 13:00:00,764.00000,@W,-1,1,-25.00,0.2500,337.5000,-337.5000,
TRADE,08/12/2016 13:20:00,764.00000,11/12/2016 20:30:00,772.25000,@W,1,1,412.50,2.0000,512.5000,-150.0000,
TRADE,12/12/2016 00:30:00,770.50000,15/12/2016 13:00:00,770.50000,@W,-1,1,0.00,1.0000,237.5000,-375.0000,
TRADE,29/12/2016 13:20:00,762.50000,03/01/2017 00:30:00,765.25000,@W,1,1,137.50,1.0000,212.5000,-87.5000,
TRADE,05/01/2017 13:20:00,783.75000,08/01/2017 20:30:00,783.50000,@W,1,1,-12.50,1.7500,75.0000,-237.5000,
TRADE,09/01/2017 00:30:00,783.25000,12/01/2017 13:00:00,780.75000,@W,-1,1,125.00,1.0000,700.0000,-200.0000,
TRADE,12/01/2017 13:20:00,781.00000,17/01/2017 00:30:00,783.75000,@W,1,1,137.50,2.0000,187.5000,-225.0000,
TRADE,23/01/2017 00:30:00,786.50000,26/01/2017 13:00:00,781.00000,@W,-1,1,275.00,0.7500,375.0000,-275.0000,
TRADE,02/02/2017 13:20:00,791.50000,05/02/2017 20:30:00,788.75000,@W,1,1,-137.50,2.2500,75.0000,-325.0000,
TRADE,09/02/2017 13:20:00,799.00000,12/02/2017 20:30:00,805.00000,@W,1,1,300.00,3.7500,450.0000,-37.5000,
TRADE,13/02/2017 00:30:00,803.00000,16/02/2017 10:30:00,819.00000,@W,-1,1,-800.00,1.5000,75.0000,-775.0000,
TRADE,02/03/2017 13:20:00,793.50000,05/03/2017 20:30:00,798.75000,@W,1,1,262.50,3.0000,287.5000,-187.5000,
TRADE,06/03/2017 00:30:00,800.75000,09/03/2017 13:00:00,785.00000,@W,-1,1,787.50,1.0000,800.0000,-175.0000,
TRADE,16/03/2017 13:20:00,778.50000,19/03/2017 20:30:00,783.50000,@W,1,1,250.00,1.2500,262.5000,-187.5000,
TRADE,20/03/2017 00:30:00,783.00000,23/03/2017 13:00:00,763.25000,@W,-1,1,987.50,0.2500,1062.5000,-75.0000,
TRADE,27/03/2017 00:30:00,765.00000,30/03/2017 13:00:00,762.00000,@W,-1,1,150.00,0.2500,250.0000,-212.5000,
TRADE,03/04/2017 00:30:00,772.50000,06/04/2017 13:00:00,764.50000,@W,-1,1,400.00,0.7500,450.0000,-162.5000,
TRADE,27/04/2017 13:20:00,754.25000,30/04/2017 20:30:00,763.50000,@W,1,1,462.50,2.0000,612.5000,-62.5000,
TRADE,01/05/2017 00:30:00,765.75000,01/05/2017 21:00:00,782.00000,@W,-1,1,-812.50,1.0000,75.0000,-787.5000,
TRADE,11/05/2017 13:20:00,758.75000,14/05/2017 20:30:00,753.25000,@W,1,1,-275.00,1.2500,125.0000,-312.5000,
TRADE,22/05/2017 00:30:00,761.50000,25/05/2017 13:00:00,755.25000,@W,-1,1,312.50,0.5000,525.0000,-225.0000,
TRADE,05/06/2017 00:30:00,755.50000,07/06/2017 10:30:00,771.50000,@W,-1,1,-800.00,0.5000,325.0000,-787.5000,
TRADE,08/06/2017 13:20:00,774.75000,11/06/2017 20:30:00,766.25000,@W,1,1,-425.00,2.7500,150.0000,-487.5000,
TRADE,15/06/2017 13:20:00,778.75000,18/06/2017 20:30:00,784.75000,@W,1,1,300.00,2.7500,662.5000,-100.0000,
TRADE,19/06/2017 00:30:00,786.00000,22/06/2017 13:00:00,785.00000,@W,-1,1,50.00,0.5000,350.0000,-612.5000,
TRADE,29/06/2017 13:20:00,802.00000,02/07/2017 19:30:00,846.25000,@W,1,1,2212.50,4.7500,2200.0000,-162.5000,
TRADE,03/07/2017 00:30:00,848.25000,05/07/2017 09:00:00,872.75000,@W,-1,1,-1225.00,1.0000,212.5000,-1162.5000,
TRADE,06/07/2017 13:20:00,847.00000,09/07/2017 20:30:00,853.25000,@W,1,1,312.50,4.7500,437.5000,-462.5000,
TRADE,10/07/2017 00:30:00,855.00000,13/07/2017 13:00:00,819.50000,@W,-1,1,1775.00,0.5000,1812.5000,-600.0000,
TRADE,27/07/2017 13:20:00,788.75000,30/07/2017 20:30:00,784.00000,@W,1,1,-237.50,1.5000,412.5000,-400.0000,
TRADE,24/08/2017 13:20:00,717.75000,27/08/2017 20:30:00,717.50000,@W,1,1,-12.50,1.5000,137.5000,-187.5000,
TRADE,28/08/2017 00:30:00,716.25000,31/08/2017 13:00:00,714.00000,@W,-1,1,112.50,1.0000,700.0000,-62.5000,
TRADE,31/08/2017 13:20:00,714.00000,05/09/2017 00:30:00,722.00000,@W,1,1,400.00,1.2500,412.5000,-50.0000,
TRADE,14/09/2017 13:20:00,722.75000,17/09/2017 20:30:00,728.50000,@W,1,1,287.50,3.5000,362.5000,-112.5000,
TRADE,18/09/2017 00:30:00,729.50000,21/09/2017 13:00:00,733.50000,@W,-1,1,-200.00,0.5000,700.0000,-237.5000,
TRADE,21/09/2017 13:20:00,732.50000,24/09/2017 20:30:00,725.25000,@W,1,1,-362.50,1.5000,112.5000,-437.5000,
TRADE,09/10/2017 00:30:00,723.00000,12/10/2017 13:00:00,710.75000,@W,-1,1,612.50,0.2500,762.5000,-25.0000,
TRADE,16/10/2017 00:30:00,718.75000,19/10/2017 13:00:00,713.00000,@W,-1,1,287.50,0.5000,500.0000,-187.5000,
TRADE,02/11/2017 13:20:00,705.50000,05/11/2017 20:30:00,708.75000,@W,1,1,162.50,2.0000,200.0000,-175.0000,
TRADE,06/11/2017 00:30:00,709.00000,09/11/2017 13:00:00,706.50000,@W,-1,1,125.00,0.5000,512.5000,-137.5000,
TRADE,09/11/2017 13:20:00,707.00000,12/11/2017 20:30:00,710.25000,@W,1,1,162.50,2.2500,350.0000,-37.5000,
TRADE,20/11/2017 00:30:00,703.25000,28/11/2017 00:30:00,692.00000,@W,-1,1,562.50,0.7500,737.5000,-262.5000,
TRADE,30/11/2017 13:20:00,697.75000,03/12/2017 20:30:00,702.75000,@W,1,1,250.00,2.7500,262.5000,-275.0000,
TRADE,04/12/2017 00:30:00,702.75000,07/12/2017 13:00:00,682.00000,@W,-1,1,1037.50,0.2500,1112.5000,-62.5000,
TRADE,14/12/2017 13:20:00,679.75000,17/12/2017 20:30:00,682.50000,@W,1,1,137.50,1.0000,175.0000,-187.5000,
TRADE,18/12/2017 00:30:00,682.00000,21/12/2017 13:00:00,687.75000,@W,-1,1,-287.50,0.7500,237.5000,-325.0000,
TRADE,21/12/2017 13:20:00,687.75000,27/12/2017 00:30:00,683.25000,@W,1,1,-225.00,0.5000,112.5000,-300.0000,
TRADE,28/12/2017 13:20:00,689.00000,03/01/2018 00:30:00,696.50000,@W,1,1,375.00,1.5000,412.5000,-200.0000,
TRADE,04/01/2018 13:20:00,696.50000,07/01/2018 20:30:00,690.75000,@W,1,1,-287.50,0.7500,0.0000,-400.0000,
TRADE,11/01/2018 13:20:00,694.75000,12/01/2018 11:30:00,683.00000,@W,1,1,-587.50,0.7500,112.5000,-550.0000,
TRADE,18/01/2018 13:20:00,685.50000,21/01/2018 20:30:00,687.25000,@W,1,1,87.50,0.7500,137.5000,-150.0000,
TRADE,22/01/2018 00:30:00,687.25000,25/01/2018 09:00:00,699.50000,@W,-1,1,-612.50,0.2500,325.0000,-575.0000,
TRADE,25/01/2018 13:20:00,697.00000,28/01/2018 20:30:00,707.75000,@W,1,1,537.50,1.7500,550.0000,-100.0000,
TRADE,29/01/2018 00:30:00,708.00000,01/02/2018 13:00:00,711.00000,@W,-1,1,-150.00,0.5000,187.5000,-587.5000,
TRADE,08/02/2018 13:20:00,715.25000,11/02/2018 20:30:00,715.00000,@W,1,1,-12.50,2.7500,125.0000,-300.0000,
TRADE,12/02/2018 00:30:00,718.00000,15/02/2018 13:00:00,723.50000,@W,-1,1,-275.00,0.5000,237.5000,-512.5000,
TRADE,15/02/2018 13:20:00,724.00000,20/02/2018 00:30:00,720.75000,@W,1,1,-162.50,2.2500,75.0000,-312.5000,
TRADE,22/02/2018 13:20:00,712.25000,25/02/2018 20:30:00,717.00000,@W,1,1,237.50,1.0000,387.5000,-37.5000,
TRADE,26/02/2018 00:30:00,718.00000,28/02/2018 01:00:00,734.25000,@W,-1,1,-812.50,0.5000,25.0000,-787.5000,
TRADE,01/03/2018 13:20:00,756.25000,04/03/2018 20:30:00,750.00000,@W,1,1,-312.50,3.0000,562.5000,-700.0000,
TRADE,22/03/2018 13:20:00,705.00000,25/03/2018 20:30:00,712.50000,@W,1,1,375.00,1.7500,375.0000,-450.0000,
TRADE,26/03/2018 00:30:00,711.50000,29/03/2018 13:00:00,702.25000,@W,-1,1,462.50,0.2500,1050.0000,-37.5000,
TRADE,29/03/2018 13:20:00,700.75000,01/04/2018 20:30:00,705.50000,@W,1,1,237.50,4.0000,262.5000,-125.0000,
TRADE,02/04/2018 00:30:00,704.75000,05/04/2018 13:00:00,710.25000,@W,-1,1,-275.00,0.7500,500.0000,-512.5000,
TRADE,05/04/2018 13:20:00,712.25000,08/04/2018 20:30:00,728.00000,@W,1,1,787.50,3.0000,925.0000,-200.0000,
TRADE,09/04/2018 00:30:00,727.00000,12/04/2018 13:00:00,727.00000,@W,-1,1,0.00,0.7500,162.5000,-800.0000,
TRADE,19/04/2018 13:20:00,726.50000,22/04/2018 20:30:00,716.75000,@W,1,1,-487.50,1.7500,12.5000,-812.5000,
TRADE,26/04/2018 13:20:00,728.00000,29/04/2018 20:30:00,740.25000,@W,1,1,612.50,2.0000,712.5000,-150.0000,
TRADE,30/04/2018 00:30:00,738.00000,01/05/2018 10:00:00,759.50000,@W,-1,1,-1075.00,0.5000,37.5000,-1025.0000,
TRADE,03/05/2018 13:20:00,769.00000,06/05/2018 20:30:00,753.75000,@W,1,1,-762.50,2.0000,287.5000,-812.5000,
TRADE,17/05/2018 13:20:00,737.25000,20/05/2018 20:30:00,760.25000,@W,1,1,1150.00,1.7500,1225.0000,-287.5000,
TRADE,21/05/2018 00:30:00,759.25000,24/05/2018 13:00:00,771.00000,@W,-1,1,-587.50,0.7500,1012.5000,-1112.5000,
TRADE,24/05/2018 13:20:00,768.25000,29/05/2018 00:30:00,786.75000,@W,1,1,925.00,5.2500,1000.0000,-187.5000,
TRADE,07/06/2018 13:20:00,761.25000,10/06/2018 20:30:00,762.50000,@W,1,1,62.50,1.7500,425.0000,-587.5000,
TRADE,21/06/2018 13:20:00,734.25000,24/06/2018 20:30:00,718.00000,@W,1,1,-812.50,3.5000,37.5000,-837.5000,
TRADE,02/07/2018 00:30:00,724.50000,05/07/2018 13:00:00,728.00000,@W,-1,1,-175.00,0.5000,1112.5000,-400.0000,
TRADE,05/07/2018 13:20:00,728.25000,08/07/2018 20:30:00,731.75000,@W,1,1,175.00,2.0000,537.5000,-362.5000,
TRADE,09/07/2018 00:30:00,730.50000,12/07/2018 13:00:00,705.25000,@W,-1,1,1262.50,1.0000,1825.0000,-187.5000,
TRADE,16/07/2018 00:30:00,716.00000,19/07/2018 13:00:00,726.50000,@W,-1,1,-525.00,1.5000,325.0000,-625.0000,
TRADE,19/07/2018 13:20:00,727.25000,22/07/2018 20:30:00,738.00000,@W,1,1,537.50,1.7500,800.0000,-87.5000,
TRADE,23/07/2018 00:30:00,736.50000,25/07/2018 11:30:00,763.00000,@W,-1,1,-1325.00,1.0000,425.0000,-1300.0000,
TRADE,26/07/2018 13:20:00,759.25000,29/07/2018 20:30:00,758.75000,@W,1,1,-25.00,2.0000,275.0000,-562.5000,
TRADE,02/08/2018 13:20:00,787.25000,05/08/2018 20:30:00,775.50000,@W,1,1,-587.50,3.7500,162.5000,-625.0000,
TRADE,16/08/2018 13:20:00,766.50000,19/08/2018 20:30:00,779.75000,@W,1,1,662.50,1.2500,962.5000,-437.5000,
TRADE,20/08/2018 00:30:00,779.25000,23/08/2018 13:00:00,743.50000,@W,-1,1,1787.50,0.5000,2050.0000,-125.0000,
TRADE,17/09/2018 00:30:00,711.25000,20/09/2018 13:00:00,719.75000,@W,-1,1,-425.00,0.5000,400.0000,-612.5000,
TRADE,20/09/2018 13:20:00,721.25000,23/09/2018 20:30:00,719.00000,@W,1,1,-112.50,3.5000,50.0000,-425.0000,
TRADE,24/09/2018 00:30:00,718.25000,27/09/2018 13:00:00,711.50000,@W,-1,1,337.50,0.5000,462.5000,-537.5000,
TRADE,08/10/2018 00:30:00,720.25000,11/10/2018 13:00:00,706.75000,@W,-1,1,675.00,1.5000,775.0000,-37.5000,
TRADE,15/10/2018 00:30:00,712.75000,18/10/2018 13:00:00,710.25000,@W,-1,1,125.00,1.5000,200.0000,-600.0000,
TRADE,29/10/2018 00:30:00,709.00000,01/11/2018 13:00:00,707.25000,@W,-1,1,87.50,2.0000,1062.5000,-50.0000,
TRADE,01/11/2018 13:20:00,704.50000,04/11/2018 20:30:00,709.00000,@W,1,1,225.00,3.5000,275.0000,-200.0000,
TRADE,05/11/2018 00:30:00,708.25000,08/11/2018 13:00:00,707.25000,@W,-1,1,50.00,0.2500,362.5000,-325.0000,
TRADE,08/11/2018 13:20:00,709.75000,11/11/2018 20:30:00,701.25000,@W,1,1,-425.00,3.7500,12.5000,-562.5000,
TRADE,19/11/2018 00:30:00,704.25000,27/11/2018 00:30:00,705.50000,@W,-1,1,-62.50,0.5000,550.0000,-75.0000,
TRADE,03/12/2018 00:30:00,712.25000,06/12/2018 13:00:00,704.50000,@W,-1,1,387.50,1.2500,650.0000,-12.5000,
TRADE,10/12/2018 00:30:00,716.25000,13/12/2018 13:00:00,726.75000,@W,-1,1,-525.00,0.2500,475.0000,-537.5000,
TRADE,13/12/2018 13:20:00,726.00000,16/12/2018 20:30:00,721.75000,@W,1,1,-212.50,2.2500,62.5000,-450.0000,
TRADE,31/12/2018 00:30:00,702.25000,03/01/2019 13:00:00,702.50000,@W,-1,1,-12.50,0.0000,587.5000,-150.0000,
TRADE,03/01/2019 13:20:00,702.50000,06/01/2019 20:30:00,707.00000,@W,1,1,225.00,1.7500,275.0000,-37.5000,
TRADE,07/01/2019 00:30:00,705.50000,10/01/2019 13:00:00,702.00000,@W,-1,1,175.00,0.2500,212.5000,-412.5000,
TRADE,17/01/2019 13:20:00,710.00000,22/01/2019 00:30:00,707.25000,@W,1,1,-137.50,1.5000,100.0000,-275.0000,
TRADE,24/01/2019 13:20:00,713.00000,27/01/2019 20:30:00,712.00000,@W,1,1,-50.00,1.0000,0.0000,-350.0000,
TRADE,04/02/2019 00:30:00,712.00000,07/02/2019 13:00:00,702.50000,@W,-1,1,475.00,0.5000,512.5000,-425.0000,
TRADE,14/03/2019 13:20:00,638.25000,17/03/2019 20:30:00,642.50000,@W,1,1,212.50,2.7500,450.0000,-325.0000,
TRADE,18/03/2019 00:30:00,641.25000,21/03/2019 13:00:00,649.25000,@W,-1,1,-400.00,1.2500,212.5000,-425.0000,
TRADE,21/03/2019 13:20:00,649.75000,24/03/2019 20:30:00,650.25000,@W,1,1,25.00,2.2500,362.5000,-137.5000,
TRADE,04/04/2019 13:20:00,653.50000,07/04/2019 20:30:00,648.25000,@W,1,1,-262.50,2.2500,112.5000,-300.0000,
TRADE,11/04/2019 13:20:00,645.00000,14/04/2019 20:30:00,645.25000,@W,1,1,12.50,1.2500,175.0000,-212.5000,
TRADE,15/04/2019 00:30:00,646.00000,18/04/2019 13:00:00,626.75000,@W,-1,1,962.50,0.5000,1175.0000,-50.0000,
TRADE,25/04/2019 13:20:00,620.25000,28/04/2019 20:30:00,622.00000,@W,1,1,87.50,2.0000,150.0000,-212.5000,
TRADE,29/04/2019 00:30:00,621.75000,02/05/2019 13:00:00,621.00000,@W,-1,1,37.50,0.5000,962.5000,-162.5000,
TRADE,02/05/2019 13:20:00,620.50000,05/05/2019 20:30:00,604.75000,@W,1,1,-787.50,1.2500,200.0000,-800.0000,
TRADE,16/05/2019 13:20:00,640.50000,19/05/2019 20:30:00,648.25000,@W,1,1,387.50,4.0000,462.5000,-75.0000,
TRADE,20/05/2019 00:30:00,647.50000,23/05/2019 13:00:00,650.50000,@W,-1,1,-150.00,1.2500,125.0000,-1087.5000,
TRADE,30/05/2019 13:20:00,688.25000,02/06/2019 20:30:00,684.50000,@W,1,1,-187.50,6.5000,412.5000,-550.0000,
TRADE,03/06/2019 00:30:00,684.25000,06/06/2019 13:00:00,685.75000,@W,-1,1,-75.00,1.2500,1000.0000,-1062.5000,
TRADE,06/06/2019 13:20:00,688.75000,09/06/2019 20:30:00,677.25000,@W,1,1,-575.00,3.7500,37.5000,-737.5000,
TRADE,13/06/2019 13:20:00,710.50000,16/06/2019 20:30:00,718.00000,@W,1,1,375.00,2.7500,500.0000,-162.5000,
TRADE,17/06/2019 00:30:00,719.50000,20/06/2019 13:00:00,704.75000,@W,-1,1,737.50,0.5000,1437.5000,-312.5000,
TRADE,20/06/2019 13:20:00,704.50000,23/06/2019 20:30:00,700.75000,@W,1,1,-187.50,3.0000,87.5000,-275.0000,
TRADE,24/06/2019 00:30:00,701.00000,27/06/2019 03:30:00,728.50000,@W,-1,1,-1375.00,0.7500,112.5000,-1350.0000,
TRADE,08/07/2019 00:30:00,688.50000,11/07/2019 13:00:00,694.50000,@W,-1,1,-300.00,0.2500,912.5000,-337.5000,
TRADE,11/07/2019 13:20:00,692.50000,14/07/2019 20:30:00,695.50000,@W,1,1,150.00,3.0000,275.0000,-175.0000,
TRADE,15/07/2019 00:30:00,700.25000,18/07/2019 13:00:00,666.00000,@W,-1,1,1712.50,0.7500,1737.5000,-175.0000,
TRADE,25/07/2019 13:20:00,671.75000,28/07/2019 20:30:00,670.25000,@W,1,1,-75.00,3.0000,62.5000,-350.0000,
TRADE,29/07/2019 00:30:00,672.75000,01/08/2019 13:00:00,648.25000,@W,-1,1,1225.00,0.7500,1312.5000,-337.5000,
TRADE,08/08/2019 13:20:00,669.75000,11/08/2019 20:30:00,669.75000,@W,1,1,0.00,2.2500,387.5000,-75.0000,
TRADE,12/08/2019 00:30:00,669.50000,15/08/2019 13:00:00,642.00000,@W,-1,1,1375.00,1.0000,1587.5000,-237.5000,
TRADE,22/08/2019 13:20:00,639.50000,25/08/2019 20:30:00,646.25000,@W,1,1,337.50,2.0000,425.0000,-300.0000,
TRADE,26/08/2019 00:30:00,646.00000,29/08/2019 13:00:00,642.75000,@W,-1,1,162.50,1.0000,400.0000,-312.5000,
TRADE,05/09/2019 13:20:00,635.00000,08/09/2019 20:30:00,633.00000,@W,1,1,-100.00,1.5000,87.5000,-275.0000,
TRADE,09/09/2019 00:30:00,633.00000,10/09/2019 13:20:00,652.25000,@W,-1,1,-962.50,0.5000,175.0000,-912.5000,
TRADE,12/09/2019 13:20:00,653.00000,15/09/2019 20:30:00,654.00000,@W,1,1,50.00,1.0000,362.5000,-162.5000,
TRADE,16/09/2019 00:30:00,653.50000,19/09/2019 13:00:00,654.75000,@W,-1,1,-62.50,0.5000,175.0000,-412.5000,
TRADE,26/09/2019 13:20:00,652.25000,29/09/2019 20:30:00,658.25000,@W,1,1,300.00,1.5000,375.0000,-50.0000,
TRADE,30/09/2019 00:30:00,657.25000,03/10/2019 13:00:00,659.75000,@W,-1,1,-125.00,0.5000,237.5000,-650.0000,
TRADE,07/10/2019 00:30:00,662.75000,10/10/2019 13:00:00,659.25000,@W,-1,1,175.00,0.7500,337.5000,-550.0000,
TRADE,14/10/2019 00:30:00,677.75000,17/10/2019 13:00:00,693.50000,@W,-1,1,-787.50,0.7500,212.5000,-925.0000,
TRADE,17/10/2019 13:20:00,694.50000,20/10/2019 20:30:00,696.50000,@W,1,1,100.00,2.5000,375.0000,-212.5000,
TRADE,21/10/2019 00:30:00,697.50000,24/10/2019 13:00:00,686.00000,@W,-1,1,575.00,0.5000,637.5000,-337.5000,
TRADE,04/11/2019 00:30:00,682.00000,07/11/2019 13:00:00,685.00000,@W,-1,1,-150.00,0.5000,237.5000,-450.0000,
TRADE,25/11/2019 00:30:00,687.25000,29/11/2019 09:30:00,703.75000,@W,-1,1,-825.00,0.5000,0.0000,-800.0000,
TRADE,02/12/2019 00:30:00,710.50000,05/12/2019 13:00:00,692.00000,@W,-1,1,925.00,0.5000,987.5000,-100.0000,
TRADE,12/12/2019 13:20:00,700.00000,15/12/2019 20:30:00,705.00000,@W,1,1,250.00,1.7500,312.5000,-287.5000,
TRADE,16/12/2019 00:30:00,705.25000,16/12/2019 12:00:00,723.25000,@W,-1,1,-900.00,1.2500,0.0000,-875.0000,
TRADE,26/12/2019 13:20:00,718.00000,29/12/2019 20:30:00,724.75000,@W,1,1,337.50,0.7500,575.0000,-50.0000,
TRADE,30/12/2019 00:30:00,726.25000,02/01/2020 13:00:00,729.75000,@W,-1,1,-175.00,1.0000,312.5000,-487.5000,
TRADE,02/01/2020 13:20:00,728.75000,05/01/2020 20:30:00,722.00000,@W,1,1,-337.50,2.2500,87.5000,-462.5000,
TRADE,09/01/2020 13:20:00,728.00000,12/01/2020 20:30:00,731.75000,@W,1,1,187.50,1.7500,450.0000,-187.5000,
TRADE,13/01/2020 00:30:00,732.50000,16/01/2020 13:00:00,732.50000,@W,-1,1,0.00,0.5000,275.0000,-737.5000,
TRADE,23/01/2020 13:20:00,749.25000,26/01/2020 20:30:00,730.75000,@W,1,1,-925.00,1.7500,50.0000,-987.5000,
TRADE,19/03/2020 13:20:00,708.00000,22/03/2020 20:30:00,710.00000,@W,1,1,100.00,2.7500,475.0000,-225.0000,
TRADE,23/03/2020 00:30:00,712.50000,25/03/2020 10:00:00,745.25000,@W,-1,1,-1637.50,0.7500,37.5000,-1612.5000,
TRADE,26/03/2020 13:20:00,739.00000,29/03/2020 20:30:00,740.00000,@W,1,1,50.00,3.2500,925.0000,-250.0000,
TRADE,30/03/2020 00:30:00,744.75000,02/04/2020 13:00:00,713.50000,@W,-1,1,1562.50,3.0000,1800.0000,-325.0000,
TRADE,06/04/2020 00:30:00,727.75000,09/04/2020 13:00:00,725.25000,@W,-1,1,125.00,1.0000,612.5000,-225.0000,
TRADE,09/04/2020 13:20:00,724.75000,12/04/2020 20:30:00,733.25000,@W,1,1,425.00,2.5000,512.5000,-50.0000,
TRADE,13/04/2020 00:30:00,734.00000,16/04/2020 13:00:00,702.75000,@W,-1,1,1562.50,0.7500,1687.5000,-37.5000,
TRADE,20/04/2020 00:30:00,709.75000,23/04/2020 13:00:00,714.25000,@W,-1,1,-225.00,1.0000,62.5000,-1137.5000,
TRADE,30/04/2020 13:20:00,687.50000,03/05/2020 20:30:00,675.75000,@W,1,1,-587.50,2.7500,225.0000,-637.5000,
TRADE,07/05/2020 13:20:00,688.75000,10/05/2020 20:30:00,690.75000,@W,1,1,100.00,2.5000,300.0000,-250.0000,
TRADE,11/05/2020 00:30:00,691.50000,14/05/2020 13:00:00,668.50000,@W,-1,1,1150.00,0.7500,1400.0000,-50.0000,
TRADE,21/05/2020 13:20:00,682.50000,26/05/2020 00:30:00,677.25000,@W,1,1,-262.50,4.0000,187.5000,-625.0000,
TRADE,28/05/2020 13:20:00,682.25000,31/05/2020 20:30:00,683.50000,@W,1,1,62.50,3.7500,337.5000,-187.5000,
TRADE,01/06/2020 00:30:00,686.00000,04/06/2020 13:00:00,691.75000,@W,-1,1,-287.50,0.2500,637.5000,-487.5000,
TRADE,04/06/2020 13:20:00,690.75000,07/06/2020 20:30:00,683.75000,@W,1,1,-350.00,1.7500,187.5000,-537.5000,
TRADE,25/06/2020 13:20:00,651.25000,28/06/2020 20:30:00,641.75000,@W,1,1,-475.00,2.7500,150.0000,-750.0000,
TRADE,06/07/2020 00:30:00,661.00000,08/07/2020 13:20:00,681.75000,@W,-1,1,-1037.50,1.2500,400.0000,-1012.5000,
TRADE,09/07/2020 13:20:00,691.25000,12/07/2020 20:30:00,690.75000,@W,1,1,-25.00,5.2500,650.0000,-275.0000,
TRADE,13/07/2020 00:30:00,691.00000,15/07/2020 13:20:00,716.50000,@W,-1,1,-1275.00,0.7500,150.0000,-1200.0000,
TRADE,23/07/2020 13:20:00,695.00000,26/07/2020 20:30:00,701.50000,@W,1,1,325.00,2.2500,712.5000,-87.5000,
TRADE,27/07/2020 00:30:00,701.00000,30/07/2020 13:00:00,695.75000,@W,-1,1,262.50,0.7500,825.0000,-37.5000,
TRADE,30/07/2020 13:20:00,695.50000,02/08/2020 20:30:00,691.00000,@W,1,1,-225.00,1.2500,250.0000,-275.0000,
TRADE,13/08/2020 13:20:00,662.25000,16/08/2020 20:30:00,668.75000,@W,1,1,325.00,1.0000,537.5000,-175.0000,
TRADE,17/08/2020 00:30:00,670.25000,20/08/2020 13:00:00,681.25000,@W,-1,1,-550.00,0.7500,100.0000,-625.0000,
TRADE,20/08/2020 13:20:00,684.00000,23/08/2020 20:30:00,690.75000,@W,1,1,337.50,3.0000,462.5000,-187.5000,
TRADE,24/08/2020 00:30:00,691.00000,27/08/2020 13:00:00,707.75000,@W,-1,1,-837.50,0.7500,462.5000,-937.5000,
TRADE,27/08/2020 13:20:00,706.50000,30/08/2020 20:30:00,710.25000,@W,1,1,187.50,2.0000,325.0000,-87.5000,
TRADE,31/08/2020 00:30:00,709.25000,03/09/2020 13:00:00,710.00000,@W,-1,1,-37.50,1.0000,175.0000,-837.5000,
TRADE,10/09/2020 13:20:00,704.50000,13/09/2020 20:30:00,701.50000,@W,1,1,-150.00,2.0000,262.5000,-362.5000,
TRADE,17/09/2020 13:20:00,712.75000,20/09/2020 20:30:00,731.25000,@W,1,1,925.00,1.7500,1137.5000,-12.5000,
TRADE,21/09/2020 00:30:00,735.00000,24/09/2020 13:00:00,707.50000,@W,-1,1,1375.00,1.0000,1825.0000,0.0000,
TRADE,01/10/2020 13:20:00,727.75000,04/10/2020 20:30:00,731.25000,@W,1,1,175.00,1.7500,312.5000,-450.0000,
TRADE,05/10/2020 00:30:00,733.50000,07/10/2020 09:00:00,761.75000,@W,-1,1,-1412.50,0.5000,25.0000,-1337.5000,
TRADE,15/10/2020 13:20:00,771.00000,18/10/2020 20:30:00,789.50000,@W,1,1,925.00,2.0000,975.0000,0.0000,
TRADE,19/10/2020 00:30:00,789.75000,22/10/2020 13:00:00,781.75000,@W,-1,1,400.00,1.5000,600.0000,-300.0000,
TRADE,26/10/2020 00:30:00,787.75000,29/10/2020 13:00:00,764.50000,@W,-1,1,1162.50,0.5000,1587.5000,-100.0000,
TRADE,23/11/2020 00:30:00,757.00000,01/12/2020 00:30:00,737.75000,@W,-1,1,962.50,0.5000,1075.0000,-850.0000,
TRADE,03/12/2020 13:20:00,736.50000,06/12/2020 20:30:00,724.50000,@W,1,1,-600.00,1.7500,12.5000,-725.0000,
TRADE,10/12/2020 13:20:00,744.75000,13/12/2020 20:30:00,770.00000,@W,1,1,1262.50,2.7500,1425.0000,-162.5000,
TRADE,14/12/2020 00:30:00,768.75000,17/12/2020 13:00:00,756.50000,@W,-1,1,612.50,1.2500,1387.5000,0.0000,
TRADE,17/12/2020 13:20:00,757.75000,20/12/2020 20:30:00,762.00000,@W,1,1,212.50,2.7500,412.5000,-100.0000,
TRADE,21/12/2020 00:30:00,763.50000,27/12/2020 19:30:00,778.25000,@W,-1,1,-737.50,1.5000,787.5000,-1075.0000,
TRADE,28/12/2020 00:30:00,779.75000,31/12/2020 13:00:00,791.00000,@W,-1,1,-562.50,2.7500,1075.0000,-800.0000,
TRADE,31/12/2020 13:20:00,791.00000,03/01/2021 20:30:00,796.75000,@W,1,1,287.50,1.0000,300.0000,-37.5000,
TRADE,04/01/2021 00:30:00,799.25000,07/01/2021 13:00:00,790.50000,@W,-1,1,437.50,1.7500,700.0000,-825.0000,
TRADE,14/01/2021 13:20:00,822.00000,19/01/2021 00:30:00,834.50000,@W,1,1,625.00,2.0000,1112.5000,-312.5000,
TRADE,01/02/2021 00:30:00,819.50000,04/02/2021 13:00:00,786.00000,@W,-1,1,1675.00,1.5000,2125.0000,-137.5000,
TRADE,08/02/2021 00:30:00,795.50000,11/02/2021 13:00:00,785.25000,@W,-1,1,512.50,1.5000,875.0000,-812.5000,
TRADE,18/02/2021 13:20:00,812.75000,21/02/2021 20:30:00,806.00000,@W,1,1,-337.50,2.2500,375.0000,-625.0000,
TRADE,22/02/2021 00:30:00,805.50000,25/02/2021 13:00:00,821.00000,@W,-1,1,-775.00,1.0000,162.5000,-1487.5000,
TRADE,08/03/2021 00:30:00,804.50000,11/03/2021 13:00:00,789.00000,@W,-1,1,775.00,1.0000,937.5000,-62.5000,
TRADE,01/04/2021 13:20:00,757.50000,04/04/2021 20:30:00,759.25000,@W,1,1,87.50,7.2500,100.0000,-187.5000,
TRADE,08/04/2021 13:20:00,775.50000,11/04/2021 20:30:00,782.75000,@W,1,1,362.50,1.2500,887.5000,-75.0000,
TRADE,12/04/2021 00:30:00,780.00000,15/04/2021 13:00:00,800.00000,@W,-1,1,-1000.00,0.2500,512.5000,-1225.0000,
TRADE,15/04/2021 13:20:00,799.50000,18/04/2021 20:30:00,800.25000,@W,1,1,37.50,1.5000,350.0000,-225.0000,
TRADE,19/04/2021 00:30:00,801.50000,22/04/2021 09:30:00,831.00000,@W,-1,1,-1475.00,0.7500,225.0000,-1412.5000,
TRADE,22/04/2021 13:20:00,860.00000,25/04/2021 20:30:00,873.50000,@W,1,1,675.00,2.0000,762.5000,-612.5000,
TRADE,26/04/2021 00:30:00,873.25000,27/04/2021 05:30:00,909.50000,@W,-1,1,-1812.50,2.0000,212.5000,-1600.0000,
TRADE,03/05/2021 00:30:00,892.50000,06/05/2021 13:00:00,899.50000,@W,-1,1,-350.00,2.5000,1575.0000,-500.0000,
TRADE,06/05/2021 13:20:00,897.25000,09/05/2021 20:30:00,901.25000,@W,1,1,200.00,3.5000,900.0000,-212.5000,
TRADE,10/05/2021 00:30:00,901.00000,13/05/2021 13:00:00,851.25000,@W,-1,1,2487.50,0.7500,3125.0000,-112.5000,
TRADE,27/05/2021 13:20:00,823.75000,01/06/2021 00:30:00,829.25000,@W,1,1,275.00,4.7500,350.0000,-737.5000,
TRADE,07/06/2021 00:30:00,843.75000,10/06/2021 13:00:00,829.50000,@W,-1,1,712.50,2.0000,1162.5000,-337.5000,
TRADE,21/06/2021 00:30:00,803.75000,24/06/2021 13:00:00,799.50000,@W,-1,1,212.50,1.0000,700.0000,-875.0000,
TRADE,01/07/2021 13:20:00,814.00000,06/07/2021 09:00:00,771.75000,@W,1,1,-2112.50,2.2500,150.0000,-1600.0000,
TRADE,15/07/2021 13:20:00,815.50000,18/07/2021 20:30:00,848.75000,@W,1,1,1662.50,3.0000,1900.0000,-162.5000,
TRADE,19/07/2021 00:30:00,850.25000,22/07/2021 13:00:00,835.75000,@W,-1,1,725.00,1.2500,1225.0000,-587.5000,
TRADE,29/07/2021 13:20:00,847.75000,01/08/2021 20:30:00,853.25000,@W,1,1,275.00,2.0000,387.5000,-437.5000,
TRADE,02/08/2021 00:30:00,853.25000,05/08/2021 13:00:00,855.25000,@W,-1,1,-100.00,0.7500,62.5000,-1475.0000,
TRADE,09/08/2021 00:30:00,865.00000,12/08/2021 11:30:00,899.50000,@W,-1,1,-1725.00,1.0000,637.5000,-725.0000,
TRADE,12/08/2021 13:20:00,898.25000,15/08/2021 20:30:00,908.50000,@W,1,1,512.50,5.7500,1025.0000,-337.5000,
TRADE,16/08/2021 00:30:00,910.25000,19/08/2021 13:00:00,872.00000,@W,-1,1,1912.50,2.7500,2512.5000,-200.0000,
TRADE,26/08/2021 13:20:00,866.00000,29/08/2021 20:30:00,869.50000,@W,1,1,175.00,1.5000,450.0000,-212.5000,
TRADE,30/08/2021 00:30:00,871.75000,02/09/2021 13:00:00,846.50000,@W,-1,1,1262.50,0.7500,1812.5000,-87.5000,
TRADE,16/09/2021 13:20:00,844.00000,19/09/2021 20:30:00,838.75000,@W,1,1,-262.50,1.5000,100.0000,-375.0000,
TRADE,23/09/2021 13:20:00,847.50000,26/09/2021 20:30:00,854.25000,@W,1,1,337.50,1.7500,412.5000,-300.0000,
TRADE,27/09/2021 00:30:00,856.00000,30/09/2021 13:00:00,851.00000,@W,-1,1,250.00,1.0000,1237.5000,-337.5000,
TRADE,30/09/2021 13:20:00,853.75000,03/10/2021 20:30:00,881.50000,@W,1,1,1387.50,3.2500,1737.5000,-50.0000,
TRADE,04/10/2021 00:30:00,880.00000,07/10/2021 13:00:00,871.50000,@W,-1,1,425.00,1.2500,525.0000,-675.0000,
TRADE,18/10/2021 00:30:00,864.75000,21/10/2021 13:00:00,869.50000,@W,-1,1,-237.50,0.5000,312.5000,-887.5000,
TRADE,25/10/2021 00:30:00,892.25000,28/10/2021 13:00:00,901.50000,@W,-1,1,-462.50,2.2500,862.5000,-887.5000,
TRADE,28/10/2021 13:20:00,900.00000,31/10/2021 20:30:00,905.75000,@W,1,1,287.50,3.0000,500.0000,-325.0000,
TRADE,01/11/2021 00:30:00,906.25000,04/11/2021 13:00:00,905.25000,@W,-1,1,50.00,0.7500,400.0000,-1537.5000,
TRADE,11/11/2021 13:20:00,940.25000,14/11/2021 20:30:00,945.50000,@W,1,1,262.50,2.5000,825.0000,-237.5000,
TRADE,15/11/2021 00:30:00,948.25000,18/11/2021 13:00:00,953.00000,@W,-1,1,-237.50,1.7500,412.5000,-1250.0000,
TRADE,22/11/2021 00:30:00,961.25000,30/11/2021 00:30:00,931.50000,@W,-1,1,1487.50,2.2500,1487.5000,-1600.0000,
TRADE,02/12/2021 13:20:00,933.75000,05/12/2021 20:30:00,928.00000,@W,1,1,-287.50,2.7500,275.0000,-1037.5000,
TRADE,13/12/2021 00:30:00,902.00000,16/12/2021 13:00:00,884.50000,@W,-1,1,875.00,0.7500,1725.0000,-425.0000,
TRADE,20/12/2021 00:30:00,885.00000,22/12/2021 04:00:00,922.00000,@W,-1,1,-1850.00,1.0000,537.5000,-1800.0000,
TRADE,23/12/2021 13:20:00,931.75000,26/12/2021 20:30:00,930.25000,@W,1,1,-75.00,2.2500,112.5000,-187.5000,
TRADE,27/12/2021 00:30:00,928.00000,30/12/2021 13:00:00,895.00000,@W,-1,1,1650.00,2.2500,1875.0000,-625.0000,
TRADE,10/01/2022 00:30:00,872.75000,13/01/2022 13:00:00,860.50000,@W,-1,1,612.50,1.2500,762.5000,-712.5000,
TRADE,20/01/2022 13:20:00,906.00000,23/01/2022 20:30:00,909.50000,@W,1,1,175.00,2.7500,275.0000,-575.0000,
TRADE,24/01/2022 00:30:00,912.50000,27/01/2022 13:00:00,893.75000,@W,-1,1,937.50,1.7500,1100.0000,-1775.0000,
TRADE,31/01/2022 00:30:00,909.50000,03/02/2022 13:00:00,865.25000,@W,-1,1,2212.50,3.7500,2650.0000,-200.0000,
TRADE,07/02/2022 00:30:00,886.75000,10/02/2022 13:00:00,887.75000,@W,-1,1,-50.00,1.2500,812.5000,-1575.0000,
TRADE,14/02/2022 00:30:00,926.50000,17/02/2022 13:00:00,913.50000,@W,-1,1,650.00,2.5000,1850.0000,-50.0000,
TRADE,17/02/2022 13:20:00,912.75000,22/02/2022 00:30:00,930.25000,@W,1,1,875.00,1.7500,1237.5000,-312.5000,
TRADE,24/02/2022 13:20:00,1038.25000,25/02/2022 09:30:00,978.00000,@W,1,1,-3012.50,11.2500,1512.5000,-2950.0000,
TRADE,03/03/2022 13:20:00,1241.75000,06/03/2022 20:30:00,1401.75000,@W,1,1,8000.00,0.0000,8000.0000,0.0000,
TRADE,07/03/2022 01:00:00,1401.75000,10/03/2022 13:00:00,1209.75000,@W,-1,1,9600.00,0.0000,10700.0000,-3475.0000,
TRADE,11/04/2022 00:30:00,1181.75000,14/04/2022 13:00:00,1208.50000,@W,-1,1,-1337.50,3.0000,687.5000,-2675.0000,
TRADE,18/04/2022 00:30:00,1225.50000,21/04/2022 13:00:00,1173.75000,@W,-1,1,2587.50,3.2500,3262.5000,-862.5000,
TRADE,05/05/2022 13:20:00,1203.50000,08/05/2022 20:30:00,1226.25000,@W,1,1,1137.50,5.7500,1225.0000,-987.5000,
TRADE,09/05/2022 00:30:00,1226.00000,12/05/2022 13:00:00,1257.25000,@W,-1,1,-1562.50,5.2500,2350.0000,-1600.0000,
TRADE,12/05/2022 13:20:00,1275.50000,15/05/2022 20:30:00,1336.75000,@W,1,1,3062.50,21.7500,3400.0000,-1050.0000,
TRADE,16/05/2022 00:30:00,1333.50000,19/05/2022 13:00:00,1295.75000,@W,-1,1,1887.50,4.2500,2200.0000,-2325.0000,
TRADE,06/06/2022 00:30:00,1177.25000,09/06/2022 13:00:00,1167.75000,@W,-1,1,475.00,4.0000,1850.0000,-1375.0000,
TRADE,13/06/2022 00:30:00,1182.75000,16/06/2022 13:00:00,1176.50000,@W,-1,1,312.50,2.0000,2512.5000,-12.5000,
TRADE,16/06/2022 13:20:00,1173.75000,21/06/2022 00:30:00,1106.50000,@W,1,1,-3362.50,8.5000,300.0000,-3387.5000,
TRADE,07/07/2022 13:20:00,920.25000,10/07/2022 20:30:00,1003.25000,@W,1,1,4150.00,7.5000,5125.0000,-150.0000,
TRADE,11/07/2022 00:30:00,997.00000,14/07/2022 13:00:00,883.50000,@W,-1,1,5675.00,4.7500,5850.0000,0.0000,
TRADE,28/07/2022 13:20:00,901.25000,31/07/2022 20:30:00,895.00000,@W,1,1,-312.50,6.2500,1350.0000,-887.5000,
TRADE,04/08/2022 13:20:00,869.25000,07/08/2022 20:30:00,855.00000,@W,1,1,-712.50,5.5000,500.0000,-1075.0000,
TRADE,08/08/2022 00:30:00,860.00000,11/08/2022 13:00:00,893.00000,@W,-1,1,-1650.00,1.7500,837.5000,-2162.5000,
TRADE,11/08/2022 13:20:00,891.25000,14/08/2022 20:30:00,885.50000,@W,1,1,-287.50,4.5000,150.0000,-1325.0000,
TRADE,22/08/2022 00:30:00,836.25000,25/08/2022 13:00:00,864.00000,@W,-1,1,-1387.50,7.0000,462.5000,-2487.5000,
TRADE,29/08/2022 00:30:00,874.00000,01/09/2022 13:00:00,859.75000,@W,-1,1,712.50,2.2500,1037.5000,-1850.0000,
TRADE,12/09/2022 00:30:00,921.00000,15/09/2022 13:00:00,909.50000,@W,-1,1,575.00,1.7500,675.0000,-1287.5000,
TRADE,22/09/2022 13:20:00,973.75000,25/09/2022 20:30:00,943.25000,@W,1,1,-1525.00,6.2500,162.5000,-1787.5000,
TRADE,29/09/2022 13:20:00,957.75000,02/10/2022 20:30:00,994.00000,@W,1,1,1812.50,3.2500,2500.0000,-150.0000,
TRADE,03/10/2022 00:30:00,992.50000,06/10/2022 13:00:00,939.50000,@W,-1,1,2650.00,1.2500,2862.5000,-412.5000,
TRADE,10/10/2022 00:30:00,962.00000,13/10/2022 13:00:00,960.50000,@W,-1,1,75.00,2.2500,1850.0000,-2487.5000,
TRADE,20/10/2022 13:20:00,914.00000,23/10/2022 20:30:00,912.75000,@W,1,1,-62.50,2.5000,550.0000,-950.0000,
TRADE,24/10/2022 00:30:00,912.50000,27/10/2022 13:00:00,899.75000,@W,-1,1,637.50,2.0000,1325.0000,-375.0000,
TRADE,31/10/2022 00:30:00,936.25000,03/11/2022 13:00:00,905.00000,@W,-1,1,1562.50,3.0000,2325.0000,-1487.5000,
TRADE,14/11/2022 00:30:00,871.50000,17/11/2022 13:00:00,872.75000,@W,-1,1,-62.50,0.5000,787.5000,-1675.0000,
TRADE,08/12/2022 13:20:00,786.50000,11/12/2022 20:30:00,781.25000,@W,1,1,-262.50,3.7500,325.0000,-762.5000,
TRADE,15/12/2022 13:20:00,797.75000,18/12/2022 20:30:00,795.50000,@W,1,1,-112.50,5.2500,350.0000,-325.0000,
TRADE,22/12/2022 13:20:00,803.25000,28/12/2022 00:30:00,815.50000,@W,1,1,612.50,2.2500,1087.5000,-237.5000,
TRADE,12/01/2023 13:20:00,784.25000,17/01/2023 00:30:00,777.50000,@W,1,1,-337.50,2.2500,237.5000,-412.5000,
TRADE,26/01/2023 13:20:00,794.50000,29/01/2023 20:30:00,796.00000,@W,1,1,75.00,5.5000,200.0000,-487.5000,
TRADE,30/01/2023 00:30:00,794.00000,02/02/2023 13:00:00,802.25000,@W,-1,1,-412.50,0.7500,575.0000,-862.5000,
TRADE,02/02/2023 13:20:00,801.75000,05/02/2023 20:30:00,801.25000,@W,1,1,-25.00,2.2500,762.5000,-525.0000,
TRADE,06/02/2023 00:30:00,801.50000,09/02/2023 13:00:00,799.00000,@W,-1,1,125.00,1.0000,837.5000,-475.0000,
TRADE,09/02/2023 13:20:00,798.50000,12/02/2023 20:30:00,824.75000,@W,1,1,1312.50,3.0000,1637.5000,-162.5000,
TRADE,13/02/2023 00:30:00,826.50000,16/02/2023 13:00:00,804.50000,@W,-1,1,1100.00,2.2500,1187.5000,-575.0000,
TRADE,02/03/2023 13:20:00,741.25000,05/03/2023 20:30:00,733.25000,@W,1,1,-400.00,3.0000,125.0000,-437.5000,
TRADE,13/03/2023 00:30:00,709.50000,16/03/2023 13:00:00,728.25000,@W,-1,1,-937.50,0.5000,700.0000,-1237.5000,
TRADE,16/03/2023 13:20:00,727.75000,19/03/2023 20:30:00,733.25000,@W,1,1,275.00,1.7500,650.0000,-112.5000,
TRADE,27/03/2023 00:30:00,712.75000,29/03/2023 09:00:00,751.50000,@W,-1,1,-1937.50,1.0000,212.5000,-1775.0000,
TRADE,03/04/2023 00:30:00,725.50000,06/04/2023 13:00:00,700.00000,@W,-1,1,1275.00,0.7500,1300.0000,-637.5000,
TRADE,10/04/2023 00:30:00,711.00000,13/04/2023 13:00:00,695.00000,@W,-1,1,800.00,0.5000,912.5000,-162.5000,
TRADE,17/04/2023 00:30:00,705.25000,20/04/2023 13:00:00,696.50000,@W,-1,1,437.50,1.7500,525.0000,-1500.0000,
TRADE,04/05/2023 13:20:00,659.50000,07/05/2023 20:30:00,670.25000,@W,1,1,537.50,2.7500,900.0000,-125.0000,
TRADE,08/05/2023 00:30:00,672.50000,11/05/2023 13:00:00,640.50000,@W,-1,1,1600.00,0.7500,1650.0000,-525.0000,
TRADE,15/05/2023 00:30:00,653.00000,18/05/2023 13:00:00,627.00000,@W,-1,1,1300.00,0.5000,1675.0000,-1262.5000,
TRADE,01/06/2023 13:20:00,624.00000,04/06/2023 20:30:00,640.50000,@W,1,1,825.00,3.5000,900.0000,-387.5000,
TRADE,05/06/2023 00:30:00,641.75000,08/06/2023 13:00:00,642.50000,@W,-1,1,-37.50,1.0000,825.0000,-1012.5000,
TRADE,08/06/2023 13:20:00,641.25000,11/06/2023 20:30:00,641.00000,@W,1,1,-12.50,3.0000,337.5000,-437.5000,
TRADE,12/06/2023 00:30:00,636.75000,15/06/2023 13:00:00,673.50000,@W,-1,1,-1837.50,1.0000,0.0000,-1837.5000,
TRADE,15/06/2023 13:20:00,673.50000,20/06/2023 00:30:00,698.50000,@W,1,1,1250.00,6.7500,1875.0000,-175.0000,
TRADE,22/06/2023 13:20:00,751.50000,25/06/2023 20:30:00,749.00000,@W,1,1,-125.00,3.5000,112.5000,-937.5000,
TRADE,26/06/2023 00:30:00,753.50000,29/06/2023 13:00:00,667.25000,@W,-1,1,4312.50,1.7500,4437.5000,-862.5000,
