TRADE,25/01/2010 04:00:00,8043.00000,27/01/2010 14:00:00,7910.00000,@YM,1,1,-665.00,24.0000,90.0000,-885.0000,
TRADE,01/02/2010 04:00:00,7873.00000,03/02/2010 14:00:00,8050.00000,@YM,1,1,885.00,23.0000,1025.0000,-55.0000,
TRADE,08/02/2010 04:00:00,7801.00000,10/02/2010 14:00:00,7837.00000,@YM,1,1,180.00,46.0000,575.0000,-620.0000,
TRADE,01/03/2010 04:00:00,8183.00000,03/03/2010 14:00:00,8235.00000,@YM,1,1,260.00,17.0000,435.0000,-230.0000,
TRADE,22/03/2010 04:00:00,8523.00000,23/03/2010 19:00:00,8697.00000,@YM,1,1,870.00,16.0000,900.0000,-170.0000,
TRADE,29/03/2010 04:00:00,8717.00000,31/03/2010 14:00:00,8706.00000,@YM,1,1,-55.00,13.0000,170.0000,-370.0000,
TRADE,19/04/2010 04:00:00,8820.00000,20/04/2010 20:00:00,8949.00000,@YM,1,1,645.00,38.0000,720.0000,-150.0000,
TRADE,03/05/2010 04:00:00,8857.00000,04/05/2010 01:00:00,8969.00000,@YM,1,1,560.00,32.0000,730.0000,-85.0000,
TRADE,10/05/2010 04:00:00,8551.00000,12/05/2010 14:00:00,8701.00000,@YM,1,1,750.00,73.0000,945.0000,-320.0000,
TRADE,17/05/2010 04:00:00,8417.00000,19/05/2010 14:00:00,8303.00000,@YM,1,1,-570.00,45.0000,765.0000,-1190.0000,
TRADE,24/05/2010 04:00:00,8018.00000,26/05/2010 14:00:00,7983.00000,@YM,1,1,-175.00,38.0000,160.0000,-1945.0000,
TRADE,07/06/2010 04:00:00,7757.00000,09/06/2010 14:00:00,7891.00000,@YM,1,1,670.00,45.0000,865.0000,-1060.0000,
TRADE,28/06/2010 04:00:00,8029.00000,30/06/2010,7760.00000,@YM,1,1,-1345.00,38.0000,230.0000,-1745.0000,
TRADE,05/07/2010 04:00:00,7523.00000,07/07/2010 14:00:00,7800.00000,@YM,1,1,1385.00,40.0000,1450.0000,-430.0000,
TRADE,19/07/2010 04:00:00,8003.00000,21/07/2010 14:00:00,8113.00000,@YM,1,1,550.00,27.0000,795.0000,-630.0000,
TRADE,02/08/2010 04:00:00,8438.00000,02/08/2010 20:00:00,8544.00000,@YM,1,1,530.00,33.0000,680.0000,-15.0000,
TRADE,09/08/2010 04:00:00,8581.00000,11/08/2010 14:00:00,8301.00000,@YM,1,1,-1400.00,34.0000,160.0000,-1435.0000,
TRADE,16/08/2010 04:00:00,8205.00000,18/08/2010 14:00:00,8375.00000,@YM,1,1,850.00,37.0000,910.0000,-465.0000,
TRADE,23/08/2010 04:00:00,8149.00000,25/08/2010 14:00:00,7936.00000,@YM,1,1,-1065.00,31.0000,340.0000,-1520.0000,
TRADE,30/08/2010 04:00:00,8088.00000,31/08/2010,7902.00000,@YM,1,1,-930.00,21.0000,10.0000,-935.0000,
TRADE,27/09/2010 04:00:00,8807.00000,29/09/2010 14:00:00,8789.00000,@YM,1,1,-90.00,26.0000,100.0000,-730.0000,
TRADE,04/10/2010 04:00:00,8719.00000,05/10/2010 20:00:00,8874.00000,@YM,1,1,775.00,68.0000,900.0000,-420.0000,
TRADE,11/10/2010 04:00:00,8952.00000,13/10/2010 14:00:00,9081.00000,@YM,1,1,645.00,18.0000,710.0000,-510.0000,
TRADE,18/10/2010 04:00:00,8949.00000,20/10/2010 14:00:00,9072.00000,@YM,1,1,615.00,19.0000,755.0000,-455.0000,
TRADE,01/11/2010 04:00:00,9129.00000,03/11/2010 14:00:00,9115.00000,@YM,1,1,-70.00,9.0000,320.0000,-615.0000,
TRADE,15/11/2010 04:00:00,9126.00000,17/11/2010 02:00:00,8972.00000,@YM,1,1,-770.00,35.0000,585.0000,-910.0000,
TRADE,29/11/2010 04:00:00,9098.00000,01/12/2010 14:00:00,9247.00000,@YM,1,1,745.00,24.0000,795.0000,-925.0000,
TRADE,03/01/2011 04:00:00,9641.00000,05/01/2011 14:00:00,9735.00000,@YM,1,1,470.00,18.0000,505.0000,-195.0000,
TRADE,10/01/2011 04:00:00,9632.00000,12/01/2011 14:00:00,9774.00000,@YM,1,1,710.00,33.0000,785.0000,-265.0000,
TRADE,17/01/2011 04:00:00,9762.00000,19/01/2011 01:00:00,9882.00000,@YM,1,1,600.00,18.0000,635.0000,-75.0000,
TRADE,24/01/2011 04:00:00,9883.00000,25/01/2011,9992.00000,@YM,1,1,545.00,46.0000,585.0000,-80.0000,
TRADE,31/01/2011 04:00:00,9794.00000,01/02/2011 21:00:00,10035.00000,@YM,1,1,1205.00,49.0000,1330.0000,-5.0000,
TRADE,14/02/2011 04:00:00,10305.00000,16/02/2011 14:00:00,10326.00000,@YM,1,1,105.00,19.0000,185.0000,-395.0000,
TRADE,28/02/2011 04:00:00,10159.00000,01/03/2011 01:00:00,10303.00000,@YM,1,1,720.00,25.0000,720.0000,-40.0000,
TRADE,14/03/2011 04:00:00,10067.00000,16/03/2011 14:00:00,9714.00000,@YM,1,1,-1765.00,42.0000,175.0000,-1805.0000,
TRADE,11/04/2011 04:00:00,10478.00000,13/04/2011 14:00:00,10312.00000,@YM,1,1,-830.00,17.0000,180.0000,-935.0000,
TRADE,09/05/2011 04:00:00,10778.00000,11/05/2011 14:00:00,10693.00000,@YM,1,1,-425.00,44.0000,425.0000,-565.0000,
TRADE,16/05/2011 04:00:00,10666.00000,18/05/2011 14:00:00,10656.00000,@YM,1,1,-50.00,35.0000,335.0000,-965.0000,
TRADE,23/05/2011 04:00:00,10505.00000,25/05/2011 14:00:00,10485.00000,@YM,1,1,-100.00,42.0000,145.0000,-775.0000,
TRADE,06/06/2011 04:00:00,10236.00000,08/06/2011 14:00:00,10156.00000,@YM,1,1,-400.00,25.0000,260.0000,-540.0000,
TRADE,13/06/2011 04:00:00,10097.00000,15/06/2011 14:00:00,10020.00000,@YM,1,1,-385.00,23.0000,720.0000,-505.0000,
TRADE,20/06/2011 04:00:00,10053.00000,22/06/2011 01:00:00,10275.00000,@YM,1,1,1110.00,24.0000,1440.0000,-20.0000,
TRADE,27/06/2011 04:00:00,10056.00000,28/06/2011 20:00:00,10327.00000,@YM,1,1,1355.00,52.0000,1395.0000,-10.0000,
TRADE,11/07/2011 04:00:00,10730.00000,13/07/2011 14:00:00,10689.00000,@YM,1,1,-205.00,24.0000,80.0000,-1100.0000,
TRADE,18/07/2011 04:00:00,10570.00000,20/07/2011 14:00:00,10730.00000,@YM,1,1,800.00,43.0000,995.0000,-700.0000,
TRADE,01/08/2011 04:00:00,10409.00000,02/08/2011 23:00:00,9992.00000,@YM,1,1,-2085.00,63.0000,275.0000,-2205.0000,
TRADE,08/08/2011 04:00:00,9464.00000,10/08/2011 14:00:00,9127.00000,@YM,1,1,-1685.00,136.0000,5.0000,-4360.0000,
TRADE,22/08/2011 04:00:00,9099.00000,24/08/2011 14:00:00,9394.00000,@YM,1,1,1475.00,143.0000,1820.0000,-520.0000,
TRADE,29/08/2011 04:00:00,9558.00000,29/08/2011 20:00:00,9706.00000,@YM,1,1,740.00,28.0000,800.0000,-70.0000,
TRADE,05/09/2011 04:00:00,9328.00000,07/09/2011 14:00:00,9543.00000,@YM,1,1,1075.00,42.0000,1145.0000,-1095.0000,
TRADE,12/09/2011 04:00:00,9014.00000,14/09/2011 14:00:00,9410.00000,@YM,1,1,1980.00,69.0000,2155.0000,-280.0000,
TRADE,26/09/2011 04:00:00,8915.00000,26/09/2011 20:00:00,9212.00000,@YM,1,1,1485.00,136.0000,1640.0000,-25.0000,
TRADE,03/10/2011 04:00:00,9036.00000,05/10/2011 14:00:00,9090.00000,@YM,1,1,270.00,63.0000,670.0000,-2225.0000,
TRADE,14/11/2011 04:00:00,10435.00000,16/11/2011 14:00:00,10321.00000,@YM,1,1,-570.00,41.0000,30.0000,-1315.0000,
TRADE,21/11/2011 04:00:00,9876.00000,23/11/2011 14:00:00,9535.00000,@YM,1,1,-1705.00,121.0000,120.0000,-1810.0000,
TRADE,28/11/2011 04:00:00,9693.00000,30/11/2011 13:00:00,10226.00000,@YM,1,1,2665.00,91.0000,2790.0000,-115.0000,
TRADE,12/12/2011 04:00:00,10412.00000,14/12/2011 01:00:00,10246.00000,@YM,1,1,-830.00,41.0000,80.0000,-1250.0000,
TRADE,19/12/2011 04:00:00,10114.00000,20/12/2011 23:00:00,10368.00000,@YM,1,1,1270.00,70.0000,1330.0000,-600.0000,
TRADE,09/01/2012 04:00:00,10663.00000,11/01/2012 14:00:00,10699.00000,@YM,1,1,180.00,31.0000,665.0000,-290.0000,
TRADE,16/01/2012 04:00:00,10713.00000,18/01/2012 14:00:00,10819.00000,@YM,1,1,530.00,54.0000,670.0000,-195.0000,
TRADE,30/01/2012 04:00:00,10874.00000,01/02/2012 14:00:00,11041.00000,@YM,1,1,835.00,26.0000,970.0000,-325.0000,
TRADE,13/02/2012 04:00:00,11189.00000,15/02/2012 14:00:00,11118.00000,@YM,1,1,-355.00,45.0000,375.0000,-525.0000,
TRADE,05/03/2012 04:00:00,11241.00000,07/03/2012 03:00:00,11097.00000,@YM,1,1,-720.00,42.0000,325.0000,-935.0000,
TRADE,26/03/2012 04:00:00,11432.00000,26/03/2012 21:00:00,11606.00000,@YM,1,1,870.00,35.0000,920.0000,-45.0000,
TRADE,02/04/2012 04:00:00,11580.00000,04/04/2012 14:00:00,11396.00000,@YM,1,1,-920.00,26.0000,255.0000,-1135.0000,
TRADE,09/04/2012 04:00:00,11263.00000,11/04/2012 03:00:00,11117.00000,@YM,1,1,-730.00,9.0000,275.0000,-1065.0000,
TRADE,23/04/2012 04:00:00,11291.00000,25/04/2012 14:00:00,11418.00000,@YM,1,1,635.00,59.0000,835.0000,-515.0000,
TRADE,07/05/2012 04:00:00,11265.00000,09/05/2012 14:00:00,11256.00000,@YM,1,1,-45.00,30.0000,645.0000,-815.0000,
TRADE,14/05/2012 04:00:00,11122.00000,16/05/2012 14:00:00,11034.00000,@YM,1,1,-440.00,45.0000,195.0000,-875.0000,
TRADE,21/05/2012 04:00:00,10817.00000,23/05/2012 14:00:00,10762.00000,@YM,1,1,-275.00,48.0000,690.0000,-645.0000,
TRADE,04/06/2012 04:00:00,10436.00000,06/06/2012 14:00:00,10735.00000,@YM,1,1,1495.00,31.0000,1610.0000,-50.0000,
TRADE,11/06/2012 04:00:00,11094.00000,12/06/2012 01:00:00,10840.00000,@YM,1,1,-1270.00,36.0000,105.0000,-1655.0000,
TRADE,25/06/2012 04:00:00,10959.00000,27/06/2012 14:00:00,11026.00000,@YM,1,1,335.00,32.0000,425.0000,-520.0000,
TRADE,09/07/2012 04:00:00,11136.00000,11/07/2012 14:00:00,11028.00000,@YM,1,1,-540.00,31.0000,530.0000,-660.0000,
TRADE,16/07/2012 04:00:00,11160.00000,18/07/2012 14:00:00,11314.00000,@YM,1,1,770.00,20.0000,910.0000,-535.0000,
TRADE,23/07/2012 04:00:00,11140.00000,25/07/2012 14:00:00,11144.00000,@YM,1,1,20.00,43.0000,120.0000,-1015.0000,
TRADE,06/08/2012 04:00:00,11515.00000,08/08/2012 14:00:00,11603.00000,@YM,1,1,440.00,23.0000,600.0000,-25.0000,
TRADE,13/08/2012 04:00:00,11612.00000,15/08/2012 14:00:00,11609.00000,@YM,1,1,-15.00,21.0000,270.0000,-320.0000,
TRADE,27/08/2012 04:00:00,11625.00000,29/08/2012 14:00:00,11599.00000,@YM,1,1,-130.00,18.0000,180.0000,-435.0000,
TRADE,03/09/2012 04:00:00,11560.00000,05/09/2012 14:00:00,11499.00000,@YM,1,1,-305.00,53.0000,180.0000,-600.0000,
TRADE,01/10/2012 04:00:00,11952.00000,03/10/2012 14:00:00,11966.00000,@YM,1,1,70.00,66.0000,630.0000,-265.0000,
TRADE,15/10/2012 04:00:00,11841.00000,16/10/2012 01:00:00,11923.00000,@YM,1,1,410.00,42.0000,420.0000,-160.0000,
TRADE,22/10/2012 04:00:00,11836.00000,23/10/2012 23:00:00,11632.00000,@YM,1,1,-1020.00,34.0000,160.0000,-1315.0000,
TRADE,29/10/2012 04:00:00,11559.00000,31/10/2012 14:00:00,11558.00000,@YM,1,1,-5.00,24.0000,585.0000,-405.0000,
TRADE,12/11/2012 04:00:00,11322.00000,14/11/2012 14:00:00,11212.00000,@YM,1,1,-550.00,35.0000,425.0000,-710.0000,
TRADE,19/11/2012 04:00:00,11168.00000,21/11/2012 14:00:00,11362.00000,@YM,1,1,970.00,32.0000,985.0000,-25.0000,
TRADE,26/11/2012 04:00:00,11471.00000,28/11/2012 14:00:00,11483.00000,@YM,1,1,60.00,25.0000,260.0000,-895.0000,
TRADE,17/12/2012 04:00:00,11718.00000,18/12/2012 22:00:00,11900.00000,@YM,1,1,910.00,28.0000,1040.0000,-100.0000,
TRADE,24/12/2012 04:00:00,11693.00000,26/12/2012 14:00:00,11655.00000,@YM,1,1,-190.00,11.0000,200.0000,-315.0000,
TRADE,31/12/2012 04:00:00,11435.00000,02/01/2013 14:00:00,11878.00000,@YM,1,1,2215.00,16.0000,2485.0000,-220.0000,
TRADE,04/02/2013 04:00:00,12555.00000,06/02/2013 14:00:00,12512.00000,@YM,1,1,-215.00,13.0000,110.0000,-650.0000,
TRADE,18/02/2013 04:00:00,12576.00000,20/02/2013 14:00:00,12610.00000,@YM,1,1,170.00,17.0000,390.0000,-120.0000,
TRADE,25/02/2013 04:00:00,12612.00000,26/02/2013 02:00:00,12414.00000,@YM,1,1,-990.00,26.0000,355.0000,-1235.0000,
TRADE,04/03/2013 04:00:00,12649.00000,05/03/2013,12740.00000,@YM,1,1,455.00,22.0000,515.0000,-85.0000,
TRADE,25/03/2013 04:00:00,13166.00000,27/03/2013 14:00:00,13128.00000,@YM,1,1,-190.00,18.0000,145.0000,-840.0000,
TRADE,08/04/2013 04:00:00,13180.00000,10/04/2013 01:00:00,13279.00000,@YM,1,1,495.00,35.0000,745.0000,-350.0000,
TRADE,22/04/2013 04:00:00,13189.00000,24/04/2013 14:00:00,13314.00000,@YM,1,1,625.00,39.0000,910.0000,-585.0000,
TRADE,29/04/2013 04:00:00,13368.00000,01/05/2013 03:00:00,13458.00000,@YM,1,1,450.00,39.0000,480.0000,-150.0000,
TRADE,13/05/2013 04:00:00,13708.00000,14/05/2013 20:00:00,13853.00000,@YM,1,1,725.00,30.0000,770.0000,-85.0000,
TRADE,27/05/2013 04:00:00,13991.00000,29/05/2013 14:00:00,13987.00000,@YM,1,1,-20.00,26.0000,975.0000,-520.0000,
TRADE,03/06/2013 04:00:00,13815.00000,05/06/2013 14:00:00,13665.00000,@YM,1,1,-750.00,42.0000,805.0000,-855.0000,
TRADE,10/06/2013 04:00:00,13927.00000,12/06/2013 14:00:00,13742.00000,@YM,1,1,-925.00,30.0000,220.0000,-1150.0000,
TRADE,17/06/2013 04:00:00,13859.00000,19/06/2013 14:00:00,13990.00000,@YM,1,1,655.00,47.0000,825.0000,-355.0000,
TRADE,24/06/2013 04:00:00,13408.00000,26/06/2013 14:00:00,13573.00000,@YM,1,1,825.00,52.0000,865.0000,-940.0000,
TRADE,01/07/2013 04:00:00,13654.00000,03/07/2013 18:00:00,13666.00000,@YM,1,1,60.00,42.0000,520.0000,-785.0000,
TRADE,08/07/2013 04:00:00,13859.00000,09/07/2013 21:00:00,13994.00000,@YM,1,1,675.00,46.0000,725.0000,-55.0000,
TRADE,29/07/2013 04:00:00,14221.00000,31/07/2013 14:00:00,14221.00000,@YM,1,1,0.00,34.0000,525.0000,-280.0000,
TRADE,12/08/2013 04:00:00,14091.00000,14/08/2013 14:00:00,14053.00000,@YM,1,1,-190.00,34.0000,645.0000,-320.0000,
TRADE,19/08/2013 04:00:00,13795.00000,21/08/2013 14:00:00,13674.00000,@YM,1,1,-605.00,38.0000,145.0000,-770.0000,
TRADE,26/08/2013 04:00:00,13727.00000,27/08/2013 23:00:00,13523.00000,@YM,1,1,-1020.00,30.0000,250.0000,-1185.0000,
TRADE,02/09/2013 04:00:00,13645.00000,04/09/2013 14:00:00,13668.00000,@YM,1,1,115.00,31.0000,220.0000,-690.0000,
TRADE,09/09/2013 04:00:00,13689.00000,10/09/2013 20:00:00,13918.00000,@YM,1,1,1145.00,21.0000,1220.0000,-75.0000,
TRADE,16/09/2013 04:00:00,14287.00000,18/09/2013 14:00:00,14238.00000,@YM,1,1,-245.00,19.0000,125.0000,-340.0000,
TRADE,23/09/2013 04:00:00,14250.00000,24/09/2013,14130.00000,@YM,1,1,-600.00,25.0000,115.0000,-635.0000,
TRADE,30/09/2013 04:00:00,13893.00000,02/10/2013 14:00:00,13865.00000,@YM,1,1,-140.00,27.0000,325.0000,-535.0000,
TRADE,07/10/2013 04:00:00,13684.00000,09/10/2013 14:00:00,13576.00000,@YM,1,1,-540.00,59.0000,360.0000,-1090.0000,
TRADE,04/11/2013 04:00:00,14385.00000,06/11/2013 14:00:00,14492.00000,@YM,1,1,535.00,26.0000,560.0000,-555.0000,
TRADE,11/11/2013 04:00:00,14505.00000,13/11/2013 14:00:00,14550.00000,@YM,1,1,225.00,18.0000,325.0000,-370.0000,
TRADE,02/12/2013 04:00:00,14900.00000,03/12/2013 02:00:00,14798.00000,@YM,1,1,-510.00,37.0000,40.0000,-550.0000,
TRADE,09/12/2013 04:00:00,14848.00000,11/12/2013 14:00:00,14731.00000,@YM,1,1,-585.00,29.0000,120.0000,-885.0000,
TRADE,16/12/2013 04:00:00,14567.00000,18/12/2013,14705.00000,@YM,1,1,690.00,36.0000,930.0000,-5.0000,
TRADE,06/01/2014 04:00:00,15271.00000,08/01/2014 14:00:00,15273.00000,@YM,1,1,10.00,31.0000,495.0000,-305.0000,
TRADE,13/01/2014 04:00:00,15217.00000,14/01/2014 02:00:00,15075.00000,@YM,1,1,-710.00,23.0000,250.0000,-820.0000,
TRADE,27/01/2014 04:00:00,14714.00000,29/01/2014 14:00:00,14610.00000,@YM,1,1,-520.00,50.0000,715.0000,-755.0000,
TRADE,03/02/2014 04:00:00,14523.00000,04/02/2014,14199.00000,@YM,1,1,-1620.00,53.0000,145.0000,-1845.0000,
TRADE,24/02/2014 04:00:00,14976.00000,26/02/2014 14:00:00,15070.00000,@YM,1,1,470.00,33.0000,895.0000,-100.0000,
TRADE,17/03/2014 04:00:00,14957.00000,19/03/2014,15189.00000,@YM,1,1,1160.00,28.0000,1440.0000,-35.0000,
TRADE,31/03/2014 04:00:00,15241.00000,01/04/2014 20:00:00,15403.00000,@YM,1,1,810.00,20.0000,945.0000,-90.0000,
TRADE,07/04/2014 04:00:00,15238.00000,09/04/2014 14:00:00,15201.00000,@YM,1,1,-185.00,32.0000,265.0000,-945.0000,
TRADE,14/04/2014 04:00:00,14913.00000,15/04/2014 20:00:00,15169.00000,@YM,1,1,1280.00,34.0000,1370.0000,-180.0000,
TRADE,28/04/2014 04:00:00,15308.00000,30/04/2014 14:00:00,15423.00000,@YM,1,1,575.00,33.0000,680.0000,-620.0000,
TRADE,05/05/2014 04:00:00,15385.00000,07/05/2014 14:00:00,15360.00000,@YM,1,1,-125.00,15.0000,230.0000,-690.0000,
TRADE,19/05/2014 04:00:00,15382.00000,21/05/2014 14:00:00,15431.00000,@YM,1,1,245.00,24.0000,335.0000,-650.0000,
TRADE,16/06/2014 04:00:00,15683.00000,18/06/2014 14:00:00,15715.00000,@YM,1,1,160.00,24.0000,445.0000,-125.0000,
TRADE,30/06/2014 04:00:00,15773.00000,01/07/2014 21:00:00,15899.00000,@YM,1,1,630.00,20.0000,790.0000,-220.0000,
TRADE,14/07/2014 04:00:00,15922.00000,16/07/2014 14:00:00,16076.00000,@YM,1,1,770.00,19.0000,795.0000,0.0000,
TRADE,21/07/2014 04:00:00,16005.00000,23/07/2014 14:00:00,16044.00000,@YM,1,1,195.00,29.0000,380.0000,-425.0000,
TRADE,28/07/2014 04:00:00,15878.00000,30/07/2014 14:00:00,15799.00000,@YM,1,1,-395.00,41.0000,635.0000,-575.0000,
TRADE,04/08/2014 04:00:00,15474.00000,06/08/2014 14:00:00,15388.00000,@YM,1,1,-430.00,19.0000,330.0000,-950.0000,
TRADE,11/08/2014 04:00:00,15550.00000,13/08/2014 14:00:00,15625.00000,@YM,1,1,375.00,42.0000,460.0000,-365.0000,
TRADE,18/08/2014 04:00:00,15726.00000,18/08/2014 23:00:00,15830.00000,@YM,1,1,520.00,32.0000,530.0000,-95.0000,
TRADE,01/09/2014 04:00:00,16093.00000,03/09/2014 14:00:00,16108.00000,@YM,1,1,75.00,21.0000,365.0000,-400.0000,
TRADE,08/09/2014 04:00:00,16114.00000,10/09/2014 14:00:00,16071.00000,@YM,1,1,-215.00,17.0000,140.0000,-675.0000,
TRADE,15/09/2014 04:00:00,15958.00000,15/09/2014 21:00:00,16045.00000,@YM,1,1,435.00,15.0000,525.0000,-10.0000,
TRADE,29/09/2014 04:00:00,16047.00000,01/10/2014 14:00:00,15804.00000,@YM,1,1,-1215.00,50.0000,555.0000,-1270.0000,
TRADE,06/10/2014 04:00:00,16078.00000,07/10/2014 23:00:00,15762.00000,@YM,1,1,-1580.00,20.0000,185.0000,-1810.0000,
TRADE,13/10/2014 04:00:00,15504.00000,15/10/2014 14:00:00,14922.00000,@YM,1,1,-2910.00,36.0000,585.0000,-3200.0000,
TRADE,20/10/2014 04:00:00,15443.00000,21/10/2014 23:00:00,15627.00000,@YM,1,1,920.00,56.0000,1060.0000,-925.0000,
TRADE,01/12/2014 04:00:00,16817.00000,02/12/2014 22:00:00,16969.00000,@YM,1,1,760.00,44.0000,820.0000,-105.0000,
TRADE,15/12/2014 04:00:00,16468.00000,17/12/2014 14:00:00,16347.00000,@YM,1,1,-605.00,54.0000,315.0000,-1650.0000,
TRADE,05/01/2015 04:00:00,16904.00000,06/01/2015,16606.00000,@YM,1,1,-1490.00,58.0000,5.0000,-1740.0000,
TRADE,19/01/2015 04:00:00,16549.00000,21/01/2015 14:00:00,16594.00000,@YM,1,1,225.00,54.0000,755.0000,-570.0000,
TRADE,02/02/2015 04:00:00,16296.00000,03/02/2015 20:00:00,16755.00000,@YM,1,1,2295.00,42.0000,2340.0000,-850.0000,
TRADE,23/02/2015 04:00:00,17244.00000,25/02/2015,17344.00000,@YM,1,1,500.00,24.0000,635.0000,-230.0000,
TRADE,02/03/2015 04:00:00,17325.00000,04/03/2015 14:00:00,17230.00000,@YM,1,1,-475.00,38.0000,545.0000,-740.0000,
TRADE,09/03/2015 04:00:00,17004.00000,11/03/2015 14:00:00,16818.00000,@YM,1,1,-930.00,13.0000,900.0000,-1035.0000,
TRADE,16/03/2015 04:00:00,16917.00000,18/03/2015,17025.00000,@YM,1,1,540.00,13.0000,1180.0000,-35.0000,
TRADE,30/03/2015 04:00:00,16997.00000,01/04/2015 14:00:00,16865.00000,@YM,1,1,-660.00,101.0000,830.0000,-1410.0000,
TRADE,06/04/2015 04:00:00,16770.00000,06/04/2015 20:00:00,17033.00000,@YM,1,1,1315.00,11.0000,1640.0000,-5.0000,
TRADE,20/04/2015 04:00:00,17110.00000,22/04/2015 14:00:00,17186.00000,@YM,1,1,380.00,63.0000,1010.0000,-480.0000,
TRADE,04/05/2015 04:00:00,17171.00000,06/05/2015 14:00:00,16977.00000,@YM,1,1,-970.00,35.0000,630.0000,-1090.0000,
TRADE,25/05/2015 04:00:00,17457.00000,27/05/2015,17275.00000,@YM,1,1,-910.00,20.0000,185.0000,-1265.0000,
TRADE,01/06/2015 04:00:00,17319.00000,03/06/2015 14:00:00,17319.00000,@YM,1,1,0.00,38.0000,420.0000,-870.0000,
TRADE,08/06/2015 04:00:00,17086.00000,10/06/2015 14:00:00,17243.00000,@YM,1,1,785.00,42.0000,960.0000,-765.0000,
TRADE,15/06/2015 04:00:00,17072.00000,17/06/2015 14:00:00,17114.00000,@YM,1,1,210.00,33.0000,710.0000,-745.0000,
TRADE,29/06/2015 04:00:00,17007.00000,01/07/2015 14:00:00,16932.00000,@YM,1,1,-375.00,70.0000,350.0000,-1060.0000,
TRADE,06/07/2015 04:00:00,16831.00000,08/07/2015 14:00:00,16839.00000,@YM,1,1,40.00,47.0000,1075.0000,-700.0000,
TRADE,20/07/2015 04:00:00,17343.00000,22/07/2015,17117.00000,@YM,1,1,-1130.00,15.0000,175.0000,-1185.0000,
TRADE,27/07/2015 04:00:00,16791.00000,29/07/2015 14:00:00,16959.00000,@YM,1,1,840.00,59.0000,980.0000,-760.0000,
TRADE,10/08/2015 04:00:00,16652.00000,10/08/2015 20:00:00,16865.00000,@YM,1,1,1065.00,53.0000,1205.0000,-95.0000,
TRADE,24/08/2015 04:00:00,15446.00000,26/08/2015 14:00:00,15302.00000,@YM,1,1,-720.00,96.0000,1075.0000,-4205.0000,
TRADE,07/09/2015 04:00:00,15553.00000,09/09/2015 14:00:00,15700.00000,@YM,1,1,735.00,57.0000,2275.0000,-410.0000,
TRADE,14/09/2015 04:00:00,15771.00000,16/09/2015 14:00:00,16020.00000,@YM,1,1,1245.00,99.0000,1300.0000,-775.0000,
TRADE,21/09/2015 04:00:00,15697.00000,23/09/2015 14:00:00,15591.00000,@YM,1,1,-530.00,60.0000,950.0000,-1105.0000,
TRADE,28/09/2015 04:00:00,15635.00000,30/09/2015 14:00:00,15535.00000,@YM,1,1,-500.00,70.0000,160.0000,-2125.0000,
TRADE,05/10/2015 04:00:00,15831.00000,07/10/2015 14:00:00,16187.00000,@YM,1,1,1780.00,95.0000,2235.0000,-170.0000,
TRADE,02/11/2015 04:00:00,16981.00000,02/11/2015 22:00:00,17149.00000,@YM,1,1,840.00,43.0000,970.0000,-60.0000,
TRADE,09/11/2015 04:00:00,17209.00000,11/11/2015 14:00:00,17100.00000,@YM,1,1,-545.00,46.0000,105.0000,-950.0000,
TRADE,16/11/2015 04:00:00,16621.00000,17/11/2015,16861.00000,@YM,1,1,1200.00,62.0000,1270.0000,-295.0000,
TRADE,30/11/2015 04:00:00,17183.00000,02/12/2015 14:00:00,17228.00000,@YM,1,1,225.00,41.0000,665.0000,-360.0000,
TRADE,07/12/2015 04:00:00,17253.00000,09/12/2015 02:00:00,17003.00000,@YM,1,1,-1250.00,69.0000,135.0000,-1835.0000,
TRADE,14/12/2015 04:00:00,16730.00000,16/12/2015 14:00:00,17023.00000,@YM,1,1,1465.00,85.0000,1880.0000,-925.0000,
TRADE,21/12/2015 04:00:00,16656.00000,23/12/2015 01:00:00,16845.00000,@YM,1,1,945.00,106.0000,1110.0000,-705.0000,
TRADE,04/01/2016 04:00:00,16567.00000,06/01/2016 14:00:00,16303.00000,@YM,1,1,-1320.00,116.0000,390.0000,-1610.0000,
TRADE,11/01/2016 04:00:00,15831.00000,13/01/2016 14:00:00,15663.00000,@YM,1,1,-840.00,139.0000,970.0000,-1000.0000,
TRADE,18/01/2016 04:00:00,15511.00000,20/01/2016 14:00:00,15045.00000,@YM,1,1,-2330.00,154.0000,845.0000,-3270.0000,
TRADE,25/01/2016 04:00:00,15422.00000,27/01/2016 14:00:00,15594.00000,@YM,1,1,860.00,87.0000,1105.0000,-1450.0000,
TRADE,08/02/2016 04:00:00,15627.00000,10/02/2016 14:00:00,15471.00000,@YM,1,1,-780.00,75.0000,95.0000,-2030.0000,
TRADE,15/02/2016 04:00:00,15582.00000,17/02/2016 14:00:00,15883.00000,@YM,1,1,1505.00,86.0000,1645.0000,-515.0000,
TRADE,22/02/2016 04:00:00,16002.00000,24/02/2016 14:00:00,15774.00000,@YM,1,1,-1140.00,52.0000,620.0000,-1895.0000,
TRADE,28/03/2016 04:00:00,17110.00000,30/03/2016 14:00:00,17201.00000,@YM,1,1,455.00,45.0000,850.0000,-955.0000,
TRADE,04/04/2016 04:00:00,17302.00000,06/04/2016 14:00:00,17171.00000,@YM,1,1,-655.00,55.0000,185.0000,-1320.0000,
TRADE,11/04/2016 04:00:00,17138.00000,13/04/2016 14:00:00,17388.00000,@YM,1,1,1250.00,158.0000,1285.0000,-575.0000,
TRADE,25/04/2016 04:00:00,17429.00000,27/04/2016 14:00:00,17506.00000,@YM,1,1,385.00,82.0000,635.0000,-350.0000,
TRADE,02/05/2016 04:00:00,17291.00000,04/05/2016 14:00:00,17132.00000,@YM,1,1,-795.00,48.0000,635.0000,-840.0000,
TRADE,09/05/2016 04:00:00,17249.00000,10/05/2016 20:00:00,17429.00000,@YM,1,1,900.00,48.0000,1005.0000,-340.0000,
TRADE,16/05/2016 04:00:00,17094.00000,18/05/2016 14:00:00,17159.00000,@YM,1,1,325.00,27.0000,1060.0000,-480.0000,
TRADE,23/05/2016 04:00:00,17045.00000,24/05/2016 23:00:00,17309.00000,@YM,1,1,1320.00,59.0000,1345.0000,-115.0000,
TRADE,06/06/2016 04:00:00,17421.00000,08/06/2016 14:00:00,17555.00000,@YM,1,1,670.00,58.0000,885.0000,-135.0000,
TRADE,13/06/2016 04:00:00,17409.00000,15/06/2016 14:00:00,17326.00000,@YM,1,1,-415.00,37.0000,385.0000,-1130.0000,
TRADE,20/06/2016 04:00:00,17427.00000,22/06/2016 14:00:00,17402.00000,@YM,1,1,-125.00,32.0000,550.0000,-340.0000,
TRADE,27/06/2016 04:00:00,16923.00000,29/06/2016 14:00:00,17229.00000,@YM,1,1,1530.00,53.0000,1580.0000,-1395.0000,
TRADE,25/07/2016 04:00:00,18152.00000,27/07/2016 14:00:00,18082.00000,@YM,1,1,-350.00,31.0000,180.0000,-790.0000,
TRADE,01/08/2016 04:00:00,18107.00000,02/08/2016 23:00:00,17911.00000,@YM,1,1,-980.00,21.0000,10.0000,-1270.0000,
TRADE,22/08/2016 04:00:00,18218.00000,24/08/2016 14:00:00,18183.00000,@YM,1,1,-175.00,51.0000,400.0000,-465.0000,
TRADE,29/08/2016 04:00:00,18038.00000,29/08/2016 20:00:00,18178.00000,@YM,1,1,700.00,32.0000,740.0000,-15.0000,
TRADE,05/09/2016 04:00:00,18185.00000,07/09/2016 14:00:00,18177.00000,@YM,1,1,-40.00,22.0000,215.0000,-325.0000,
TRADE,12/09/2016 04:00:00,17618.00000,12/09/2016 21:00:00,17968.00000,@YM,1,1,1750.00,68.0000,2120.0000,-85.0000,
TRADE,26/09/2016 04:00:00,17848.00000,28/09/2016 14:00:00,17917.00000,@YM,1,1,345.00,91.0000,545.0000,-625.0000,
TRADE,03/10/2016 04:00:00,17993.00000,05/10/2016 14:00:00,17975.00000,@YM,1,1,-90.00,30.0000,75.0000,-1035.0000,
TRADE,10/10/2016 04:00:00,17947.00000,12/10/2016 14:00:00,17847.00000,@YM,1,1,-500.00,28.0000,685.0000,-1075.0000,
TRADE,17/10/2016 04:00:00,17778.00000,19/10/2016 14:00:00,17917.00000,@YM,1,1,695.00,44.0000,775.0000,-205.0000,
TRADE,24/10/2016 04:00:00,17921.00000,26/10/2016 14:00:00,17842.00000,@YM,1,1,-395.00,51.0000,200.0000,-910.0000,
TRADE,31/10/2016 04:00:00,17884.00000,02/11/2016 14:00:00,17671.00000,@YM,1,1,-1065.00,19.0000,105.0000,-1320.0000,
TRADE,07/11/2016 04:00:00,17803.00000,09/11/2016 14:00:00,18239.00000,@YM,1,1,2180.00,20.0000,2280.0000,-3105.0000,
TRADE,09/01/2017 04:00:00,19721.00000,11/01/2017 14:00:00,19657.00000,@YM,1,1,-320.00,21.0000,55.0000,-680.0000,
TRADE,23/01/2017 04:00:00,19539.00000,25/01/2017 14:00:00,19835.00000,@YM,1,1,1480.00,25.0000,1525.0000,-225.0000,
TRADE,20/02/2017 04:00:00,20465.00000,22/02/2017 14:00:00,20578.00000,@YM,1,1,565.00,27.0000,600.0000,-175.0000,
TRADE,27/02/2017 04:00:00,20627.00000,01/03/2017 14:00:00,20942.00000,@YM,1,1,1575.00,27.0000,1815.0000,-205.0000,
TRADE,06/03/2017 04:00:00,20745.00000,08/03/2017 14:00:00,20743.00000,@YM,1,1,-10.00,26.0000,290.0000,-265.0000,
TRADE,13/03/2017 04:00:00,20728.00000,15/03/2017 14:00:00,20705.00000,@YM,1,1,-115.00,17.0000,135.0000,-550.0000,
TRADE,27/03/2017 04:00:00,20283.00000,28/03/2017 20:00:00,20517.00000,@YM,1,1,1170.00,33.0000,1340.0000,-270.0000,
TRADE,10/04/2017 04:00:00,20489.00000,12/04/2017 14:00:00,20436.00000,@YM,1,1,-265.00,18.0000,375.0000,-840.0000,
TRADE,17/04/2017 04:00:00,20272.00000,17/04/2017 20:00:00,20452.00000,@YM,1,1,900.00,11.0000,910.0000,-55.0000,
TRADE,01/05/2017 04:00:00,20771.00000,03/05/2017 14:00:00,20736.00000,@YM,1,1,-175.00,13.0000,125.0000,-465.0000,
TRADE,08/05/2017 04:00:00,20791.00000,10/05/2017 14:00:00,20772.00000,@YM,1,1,-95.00,24.0000,345.0000,-340.0000,
TRADE,15/05/2017 04:00:00,20778.00000,17/05/2017 14:00:00,20545.00000,@YM,1,1,-1165.00,22.0000,450.0000,-1210.0000,
TRADE,22/05/2017 04:00:00,20677.00000,24/05/2017 01:00:00,20777.00000,@YM,1,1,500.00,39.0000,685.0000,-190.0000,
TRADE,12/06/2017 04:00:00,21104.00000,14/06/2017 14:00:00,21214.00000,@YM,1,1,550.00,20.0000,735.0000,-230.0000,
TRADE,26/06/2017 04:00:00,21316.00000,28/06/2017 14:00:00,21331.00000,@YM,1,1,75.00,33.0000,285.0000,-720.0000,
TRADE,03/07/2017 04:00:00,21277.00000,05/07/2017 14:00:00,21334.00000,@YM,1,1,285.00,33.0000,750.0000,-50.0000,
TRADE,10/07/2017 04:00:00,21301.00000,12/07/2017 14:00:00,21412.00000,@YM,1,1,555.00,18.0000,745.0000,-780.0000,
TRADE,24/07/2017 04:00:00,21410.00000,26/07/2017 01:00:00,21473.00000,@YM,1,1,315.00,25.0000,745.0000,-235.0000,
TRADE,14/08/2017 04:00:00,21868.00000,16/08/2017 14:00:00,21930.00000,@YM,1,1,310.00,42.0000,590.0000,-110.0000,
TRADE,21/08/2017 04:00:00,21562.00000,23/08/2017 03:00:00,21787.00000,@YM,1,1,1125.00,31.0000,1285.0000,-320.0000,
TRADE,28/08/2017 04:00:00,21681.00000,30/08/2017 02:00:00,21834.00000,@YM,1,1,765.00,17.0000,655.0000,-590.0000,
TRADE,11/09/2017 04:00:00,21842.00000,12/09/2017 01:00:00,21990.00000,@YM,1,1,740.00,20.0000,820.0000,-25.0000,
TRADE,25/09/2017 04:00:00,22242.00000,27/09/2017 14:00:00,22221.00000,@YM,1,1,-105.00,20.0000,200.0000,-560.0000,
TRADE,13/11/2017 04:00:00,23342.00000,15/11/2017 14:00:00,23204.00000,@YM,1,1,-690.00,25.0000,190.0000,-905.0000,
TRADE,22/01/2018 04:00:00,25935.00000,24/01/2018 01:00:00,26161.00000,@YM,1,1,1130.00,20.0000,1615.0000,-135.0000,
TRADE,05/02/2018 04:00:00,25250.00000,07/02/2018 14:00:00,24953.00000,@YM,1,1,-1485.00,61.0000,850.0000,-11095.0000,
TRADE,12/02/2018 04:00:00,24393.00000,14/02/2018 14:00:00,24717.00000,@YM,1,1,1620.00,202.0000,1810.0000,-1130.0000,
TRADE,05/03/2018 04:00:00,24424.00000,07/03/2018 14:00:00,24580.00000,@YM,1,1,780.00,196.0000,2830.0000,-620.0000,
TRADE,19/03/2018 04:00:00,24825.00000,21/03/2018 14:00:00,24781.00000,@YM,1,1,-220.00,29.0000,65.0000,-2245.0000,
TRADE,26/03/2018 04:00:00,23740.00000,28/03/2018 14:00:00,23855.00000,@YM,1,1,575.00,68.0000,3050.0000,-670.0000,
TRADE,09/04/2018 04:00:00,24024.00000,11/04/2018 14:00:00,24175.00000,@YM,1,1,755.00,95.0000,1865.0000,-990.0000,
TRADE,23/04/2018 04:00:00,24315.00000,25/04/2018 14:00:00,23933.00000,@YM,1,1,-1910.00,79.0000,1000.0000,-3090.0000,
TRADE,07/05/2018 04:00:00,24173.00000,09/05/2018 14:00:00,24436.00000,@YM,1,1,1315.00,40.0000,1375.0000,-615.0000,
TRADE,28/05/2018 04:00:00,24735.00000,30/05/2018 14:00:00,24595.00000,@YM,1,1,-700.00,22.0000,15.0000,-2965.0000,
TRADE,11/06/2018 04:00:00,25275.00000,13/06/2018 14:00:00,25226.00000,@YM,1,1,-245.00,69.0000,210.0000,-590.0000,
TRADE,18/06/2018 04:00:00,24853.00000,20/06/2018 14:00:00,24615.00000,@YM,1,1,-1190.00,57.0000,330.0000,-1925.0000,
TRADE,25/06/2018 04:00:00,24347.00000,27/06/2018 14:00:00,24150.00000,@YM,1,1,-985.00,46.0000,580.0000,-1855.0000,
TRADE,02/07/2018 04:00:00,23986.00000,04/07/2018 22:00:00,24082.00000,@YM,1,1,480.00,87.0000,1790.0000,-170.0000,
TRADE,23/07/2018 04:00:00,24903.00000,25/07/2018 14:00:00,25098.00000,@YM,1,1,975.00,43.0000,1320.0000,-200.0000,
TRADE,30/07/2018 04:00:00,25292.00000,01/08/2018 14:00:00,25193.00000,@YM,1,1,-495.00,30.0000,465.0000,-645.0000,
TRADE,06/08/2018 04:00:00,25314.00000,08/08/2018 14:00:00,25466.00000,@YM,1,1,760.00,41.0000,1230.0000,-345.0000,
TRADE,13/08/2018 04:00:00,25102.00000,15/08/2018 14:00:00,24944.00000,@YM,1,1,-790.00,54.0000,840.0000,-1240.0000,
TRADE,27/08/2018 04:00:00,25754.00000,27/08/2018 23:00:00,26013.00000,@YM,1,1,1295.00,20.0000,1400.0000,-10.0000,
TRADE,03/09/2018 04:00:00,25897.00000,05/09/2018 14:00:00,25888.00000,@YM,1,1,-45.00,30.0000,410.0000,-905.0000,
TRADE,10/09/2018 04:00:00,25915.00000,12/09/2018 14:00:00,25879.00000,@YM,1,1,-180.00,64.0000,740.0000,-1260.0000,
TRADE,01/10/2018 04:00:00,26554.00000,03/10/2018 14:00:00,26812.00000,@YM,1,1,1290.00,52.0000,1445.0000,-625.0000,
TRADE,08/10/2018 04:00:00,26285.00000,10/10/2018 14:00:00,25907.00000,@YM,1,1,-1890.00,53.0000,770.0000,-2030.0000,
TRADE,15/10/2018 04:00:00,25079.00000,16/10/2018 21:00:00,25654.00000,@YM,1,1,2875.00,73.0000,3015.0000,-455.0000,
TRADE,22/10/2018 04:00:00,25381.00000,24/10/2018 14:00:00,24826.00000,@YM,1,1,-2775.00,46.0000,310.0000,-3770.0000,
TRADE,29/10/2018 04:00:00,24602.00000,31/10/2018 14:00:00,25094.00000,@YM,1,1,2460.00,65.0000,2575.0000,-3195.0000,
TRADE,05/11/2018 04:00:00,25037.00000,07/11/2018 14:00:00,25827.00000,@YM,1,1,3950.00,34.0000,4190.0000,-130.0000,
TRADE,12/11/2018 04:00:00,25830.00000,14/11/2018 02:00:00,25174.00000,@YM,1,1,-3280.00,93.0000,130.0000,-3860.0000,
TRADE,19/11/2018 04:00:00,25338.00000,20/11/2018 03:00:00,24798.00000,@YM,1,1,-2700.00,77.0000,25.0000,-2855.0000,
TRADE,26/11/2018 04:00:00,24419.00000,28/11/2018 14:00:00,25167.00000,@YM,1,1,3740.00,116.0000,3805.0000,-690.0000,
TRADE,10/12/2018 04:00:00,24186.00000,12/12/2018 14:00:00,24660.00000,@YM,1,1,2370.00,93.0000,2675.0000,-2075.0000,
TRADE,17/12/2018 04:00:00,24014.00000,19/12/2018 14:00:00,23920.00000,@YM,1,1,-470.00,64.0000,125.0000,-3380.0000,
TRADE,24/12/2018 04:00:00,22364.00000,26/12/2018 14:00:00,22272.00000,@YM,1,1,-460.00,79.0000,95.0000,-5250.0000,
TRADE,07/01/2019 04:00:00,23288.00000,09/01/2019 14:00:00,23756.00000,@YM,1,1,2340.00,79.0000,2680.0000,-735.0000,
TRADE,11/02/2019 04:00:00,25018.00000,13/02/2019 01:00:00,25369.00000,@YM,1,1,1755.00,120.0000,1795.0000,-875.0000,
TRADE,18/02/2019 04:00:00,25734.00000,20/02/2019 14:00:00,25803.00000,@YM,1,1,345.00,50.0000,435.0000,-415.0000,
TRADE,25/02/2019 04:00:00,25967.00000,27/02/2019 14:00:00,25865.00000,@YM,1,1,-510.00,45.0000,665.0000,-1165.0000,
TRADE,04/03/2019 04:00:00,25989.00000,06/03/2019 01:00:00,25623.00000,@YM,1,1,-1830.00,36.0000,155.0000,-2610.0000,
TRADE,11/03/2019 04:00:00,25264.00000,12/03/2019 01:00:00,25600.00000,@YM,1,1,1680.00,31.0000,1785.0000,-930.0000,
TRADE,25/03/2019 04:00:00,25279.00000,27/03/2019 14:00:00,25441.00000,@YM,1,1,810.00,65.0000,1850.0000,-285.0000,
TRADE,22/04/2019 04:00:00,26346.00000,24/04/2019 14:00:00,26420.00000,@YM,1,1,370.00,22.0000,875.0000,-355.0000,
TRADE,29/04/2019 04:00:00,26382.00000,01/05/2019 14:00:00,26430.00000,@YM,1,1,240.00,28.0000,680.0000,-785.0000,
TRADE,06/05/2019 04:00:00,25849.00000,08/05/2019 14:00:00,25842.00000,@YM,1,1,-35.00,100.0000,2125.0000,-1355.0000,
TRADE,13/05/2019 04:00:00,25450.00000,15/05/2019 14:00:00,25493.00000,@YM,1,1,215.00,89.0000,355.0000,-2040.0000,
TRADE,27/05/2019 04:00:00,25498.00000,29/05/2019 14:00:00,24899.00000,@YM,1,1,-2995.00,44.0000,230.0000,-3670.0000,
TRADE,03/06/2019 04:00:00,24464.00000,04/06/2019 21:00:00,25226.00000,@YM,1,1,3810.00,87.0000,3935.0000,-5.0000,
TRADE,17/06/2019 04:00:00,25973.00000,19/06/2019 01:00:00,26340.00000,@YM,1,1,1835.00,38.0000,2015.0000,-415.0000,
TRADE,01/07/2019 04:00:00,26690.00000,03/07/2019 18:00:00,26799.00000,@YM,1,1,545.00,36.0000,590.0000,-1275.0000,
TRADE,08/07/2019 04:00:00,26670.00000,10/07/2019 14:00:00,26726.00000,@YM,1,1,280.00,47.0000,695.0000,-935.0000,
TRADE,22/07/2019 04:00:00,26981.00000,24/07/2019 14:00:00,27036.00000,@YM,1,1,275.00,34.0000,1015.0000,-385.0000,
TRADE,29/07/2019 04:00:00,26982.00000,31/07/2019 14:00:00,27006.00000,@YM,1,1,120.00,42.0000,510.0000,-570.0000,
TRADE,05/08/2019 04:00:00,25979.00000,07/08/2019 14:00:00,25679.00000,@YM,1,1,-1500.00,75.0000,195.0000,-5605.0000,
TRADE,19/08/2019 04:00:00,25947.00000,21/08/2019 14:00:00,26043.00000,@YM,1,1,480.00,61.0000,720.0000,-1245.0000,
TRADE,26/08/2019 04:00:00,25614.00000,28/08/2019 14:00:00,25799.00000,@YM,1,1,925.00,201.0000,1405.0000,-840.0000,
TRADE,23/09/2019 04:00:00,26741.00000,25/09/2019 14:00:00,26789.00000,@YM,1,1,240.00,139.0000,1070.0000,-1060.0000,
TRADE,30/09/2019 04:00:00,26723.00000,02/10/2019 03:00:00,26371.00000,@YM,1,1,-1760.00,37.0000,800.0000,-1825.0000,
TRADE,07/10/2019 04:00:00,26252.00000,09/10/2019 14:00:00,26161.00000,@YM,1,1,-455.00,73.0000,1030.0000,-1615.0000,
TRADE,21/10/2019 04:00:00,26658.00000,23/10/2019 14:00:00,26597.00000,@YM,1,1,-305.00,73.0000,445.0000,-1135.0000,
TRADE,28/10/2019 04:00:00,26808.00000,30/10/2019 14:00:00,26834.00000,@YM,1,1,130.00,36.0000,775.0000,-125.0000,
TRADE,04/11/2019 04:00:00,27194.00000,06/11/2019 14:00:00,27272.00000,@YM,1,1,390.00,55.0000,710.0000,-70.0000,
TRADE,25/11/2019 04:00:00,27781.00000,27/11/2019 14:00:00,27983.00000,@YM,1,1,1010.00,20.0000,1175.0000,-100.0000,
TRADE,02/12/2019 04:00:00,28029.00000,03/12/2019 02:00:00,27670.00000,@YM,1,1,-1795.00,64.0000,35.0000,-2230.0000,
TRADE,06/01/2020 04:00:00,28204.00000,06/01/2020 23:00:00,28555.00000,@YM,1,1,1755.00,148.0000,1720.0000,-25.0000,
TRADE,27/01/2020 04:00:00,28493.00000,29/01/2020 14:00:00,28651.00000,@YM,1,1,790.00,81.0000,1215.0000,-1200.0000,
TRADE,03/02/2020 04:00:00,28178.00000,05/02/2020 14:00:00,28993.00000,@YM,1,1,4075.00,112.0000,4180.0000,-390.0000,
TRADE,10/02/2020 04:00:00,28851.00000,12/02/2020 14:00:00,29295.00000,@YM,1,1,2220.00,103.0000,2435.0000,-360.0000,
TRADE,24/02/2020 04:00:00,28229.00000,26/02/2020 14:00:00,26751.00000,@YM,1,1,-7390.00,176.0000,65.0000,-8445.0000,
TRADE,02/03/2020 04:00:00,25653.00000,04/03/2020 14:00:00,26574.00000,@YM,1,1,4605.00,227.0000,6270.0000,-3990.0000,
TRADE,09/03/2020 04:00:00,24382.00000,09/03/2020 05:00:00,24382.00000,@YM,1,1,0.00,0.0000,0.0000,0.0000,
TRADE,23/03/2020 04:00:00,18304.00000,25/03/2020 14:00:00,21675.00000,@YM,1,1,16855.00,338.0000,17850.0000,-1105.0000,
TRADE,06/04/2020 04:00:00,21788.00000,08/04/2020 14:00:00,22939.00000,@YM,1,1,5755.00,132.0000,8355.0000,-860.0000,
TRADE,27/04/2020 04:00:00,23873.00000,29/04/2020 14:00:00,24535.00000,@YM,1,1,3310.00,125.0000,3795.0000,-830.0000,
TRADE,04/05/2020 04:00:00,23412.00000,06/05/2020 14:00:00,23754.00000,@YM,1,1,1710.00,143.0000,3135.0000,-910.0000,
TRADE,18/05/2020 04:00:00,23854.00000,20/05/2020 14:00:00,24429.00000,@YM,1,1,2875.00,66.0000,4465.0000,-200.0000,
TRADE,25/05/2020 04:00:00,24508.00000,27/05/2020 14:00:00,25182.00000,@YM,1,1,3370.00,62.0000,4335.0000,-120.0000,
TRADE,01/06/2020 04:00:00,25458.00000,03/06/2020 14:00:00,26101.00000,@YM,1,1,3215.00,52.0000,3555.0000,-1425.0000,
TRADE,15/06/2020 04:00:00,24771.00000,16/06/2020 01:00:00,26254.00000,@YM,1,1,7415.00,197.0000,7790.0000,-295.0000,
TRADE,22/06/2020 04:00:00,25846.00000,24/06/2020 14:00:00,25408.00000,@YM,1,1,-2190.00,197.0000,2795.0000,-2880.0000,
TRADE,29/06/2020 04:00:00,25110.00000,01/07/2020 14:00:00,25785.00000,@YM,1,1,3375.00,117.0000,4470.0000,-455.0000,
TRADE,06/07/2020 04:00:00,26276.00000,08/07/2020 14:00:00,25854.00000,@YM,1,1,-2110.00,109.0000,575.0000,-2520.0000,
TRADE,13/07/2020 04:00:00,26205.00000,15/07/2020 14:00:00,26803.00000,@YM,1,1,2990.00,78.0000,4845.0000,-1100.0000,
TRADE,20/07/2020 04:00:00,26506.00000,22/07/2020 14:00:00,26828.00000,@YM,1,1,1610.00,74.0000,2650.0000,-115.0000,
TRADE,27/07/2020 04:00:00,26507.00000,29/07/2020 14:00:00,26474.00000,@YM,1,1,-165.00,98.0000,1015.0000,-1045.0000,
TRADE,03/08/2020 04:00:00,26378.00000,05/08/2020 14:00:00,27117.00000,@YM,1,1,3695.00,82.0000,4100.0000,-220.0000,
TRADE,17/08/2020 04:00:00,27997.00000,19/08/2020 14:00:00,27887.00000,@YM,1,1,-550.00,113.0000,205.0000,-1450.0000,
TRADE,24/08/2020 04:00:00,28140.00000,26/08/2020 14:00:00,28335.00000,@YM,1,1,975.00,55.0000,2255.0000,-205.0000,
TRADE,07/09/2020 04:00:00,28179.00000,09/09/2020 14:00:00,28238.00000,@YM,1,1,295.00,109.0000,1680.0000,-4415.0000,
TRADE,14/09/2020 04:00:00,28046.00000,16/09/2020 14:00:00,28316.00000,@YM,1,1,1350.00,59.0000,1570.0000,-630.0000,
TRADE,21/09/2020 04:00:00,27475.00000,23/09/2020 14:00:00,27189.00000,@YM,1,1,-1430.00,325.0000,745.0000,-3295.0000,
TRADE,28/09/2020 04:00:00,27508.00000,30/09/2020 14:00:00,28078.00000,@YM,1,1,2850.00,105.0000,2905.0000,-1185.0000,
TRADE,05/10/2020 04:00:00,27930.00000,07/10/2020 14:00:00,28364.00000,@YM,1,1,2170.00,118.0000,2670.0000,-835.0000,
TRADE,19/10/2020 04:00:00,28842.00000,21/10/2020 14:00:00,28378.00000,@YM,1,1,-2320.00,89.0000,185.0000,-2925.0000,
TRADE,26/10/2020 04:00:00,28109.00000,28/10/2020,27439.00000,@YM,1,1,-3350.00,146.0000,415.0000,-3505.0000,
TRADE,02/11/2020 04:00:00,26797.00000,04/11/2020 14:00:00,28238.00000,@YM,1,1,7205.00,178.0000,8145.0000,-80.0000,
TRADE,16/11/2020 04:00:00,29860.00000,18/11/2020 14:00:00,29911.00000,@YM,1,1,255.00,107.0000,1850.0000,-895.0000,
TRADE,23/11/2020 04:00:00,29668.00000,25/11/2020 14:00:00,30091.00000,@YM,1,1,2115.00,109.0000,3645.0000,-850.0000,
TRADE,30/11/2020 04:00:00,29928.00000,02/12/2020 14:00:00,29995.00000,@YM,1,1,335.00,137.0000,1805.0000,-1340.0000,
TRADE,14/12/2020 04:00:00,30458.00000,16/12/2020 14:00:00,30370.00000,@YM,1,1,-440.00,57.0000,525.0000,-1920.0000,
TRADE,21/12/2020 04:00:00,30320.00000,23/12/2020 14:00:00,30481.00000,@YM,1,1,805.00,102.0000,1005.0000,-3395.0000,
TRADE,11/01/2021 04:00:00,31143.00000,13/01/2021 14:00:00,31334.00000,@YM,1,1,955.00,120.0000,1200.0000,-910.0000,
TRADE,18/01/2021 04:00:00,30975.00000,20/01/2021 14:00:00,31384.00000,@YM,1,1,2045.00,54.0000,2210.0000,-115.0000,
TRADE,25/01/2021 04:00:00,31259.00000,27/01/2021 14:00:00,30758.00000,@YM,1,1,-2505.00,82.0000,405.0000,-3385.0000,
TRADE,01/02/2021 04:00:00,30404.00000,03/02/2021 14:00:00,30952.00000,@YM,1,1,2740.00,156.0000,3285.0000,-870.0000,
TRADE,22/02/2021 04:00:00,31547.00000,24/02/2021 14:00:00,32265.00000,@YM,1,1,3590.00,120.0000,3600.0000,-605.0000,
TRADE,01/03/2021 04:00:00,31551.00000,03/03/2021 14:00:00,31752.00000,@YM,1,1,1005.00,97.0000,2045.0000,-295.0000,
TRADE,08/03/2021 04:00:00,31753.00000,10/03/2021 14:00:00,32600.00000,@YM,1,1,4235.00,103.0000,4325.0000,-715.0000,
TRADE,22/03/2021 04:00:00,32791.00000,24/03/2021 14:00:00,33019.00000,@YM,1,1,1140.00,88.0000,1670.0000,-615.0000,
TRADE,26/04/2021 04:00:00,34415.00000,28/04/2021 14:00:00,34157.00000,@YM,1,1,-1290.00,30.0000,330.0000,-1395.0000,
TRADE,03/05/2021 04:00:00,34398.00000,05/05/2021 14:00:00,34615.00000,@YM,1,1,1085.00,92.0000,1110.0000,-1540.0000,
TRADE,17/05/2021 04:00:00,34627.00000,19/05/2021 14:00:00,34166.00000,@YM,1,1,-2305.00,153.0000,1160.0000,-3945.0000,
TRADE,07/06/2021 04:00:00,35151.00000,09/06/2021 14:00:00,34965.00000,@YM,1,1,-930.00,75.0000,550.0000,-1430.0000,
TRADE,14/06/2021 04:00:00,34940.00000,16/06/2021 14:00:00,34566.00000,@YM,1,1,-1870.00,79.0000,0.0000,-2075.0000,
TRADE,21/06/2021 04:00:00,33809.00000,22/06/2021 20:00:00,34405.00000,@YM,1,1,2980.00,226.0000,3300.0000,-245.0000,
TRADE,12/07/2021 04:00:00,35137.00000,13/07/2021 01:00:00,35408.00000,@YM,1,1,1355.00,158.0000,1605.0000,-230.0000,
TRADE,19/07/2021 04:00:00,34846.00000,21/07/2021 14:00:00,35193.00000,@YM,1,1,1735.00,174.0000,1905.0000,-3400.0000,
TRADE,02/08/2021 04:00:00,35554.00000,04/08/2021 14:00:00,35275.00000,@YM,1,1,-1395.00,71.0000,355.0000,-2045.0000,
TRADE,23/08/2021 04:00:00,35696.00000,24/08/2021 01:00:00,35891.00000,@YM,1,1,975.00,80.0000,1100.0000,-165.0000,
TRADE,30/08/2021 04:00:00,35966.00000,01/09/2021 14:00:00,35897.00000,@YM,1,1,-345.00,27.0000,355.0000,-825.0000,
TRADE,06/09/2021 04:00:00,35953.00000,08/09/2021 14:00:00,35517.00000,@YM,1,1,-2180.00,53.0000,330.0000,-2625.0000,
TRADE,13/09/2021 04:00:00,35310.00000,15/09/2021 14:00:00,35360.00000,@YM,1,1,250.00,53.0000,1280.0000,-1360.0000,
TRADE,20/09/2021 04:00:00,34656.00000,22/09/2021 14:00:00,34814.00000,@YM,1,1,790.00,90.0000,1515.0000,-2595.0000,
TRADE,04/10/2021 04:00:00,34715.00000,06/10/2021 14:00:00,34754.00000,@YM,1,1,195.00,127.0000,1540.0000,-1875.0000,
TRADE,01/11/2021 04:00:00,36430.00000,03/11/2021 14:00:00,36453.00000,@YM,1,1,115.00,23.0000,1000.0000,-440.0000,
TRADE,15/11/2021 04:00:00,36709.00000,17/11/2021 14:00:00,36569.00000,@YM,1,1,-700.00,68.0000,940.0000,-970.0000,
TRADE,22/11/2021 04:00:00,36337.00000,24/11/2021 14:00:00,36355.00000,@YM,1,1,90.00,53.0000,1010.0000,-1540.0000,
TRADE,29/11/2021 04:00:00,35663.00000,01/12/2021 14:00:00,35233.00000,@YM,1,1,-2150.00,164.0000,1210.0000,-3100.0000,
TRADE,06/12/2021 04:00:00,35421.00000,07/12/2021 08:00:00,36227.00000,@YM,1,1,4030.00,109.0000,4330.0000,-665.0000,
TRADE,20/12/2021 04:00:00,35468.00000,22/12/2021,36124.00000,@YM,1,1,3280.00,162.0000,3550.0000,-875.0000,
TRADE,03/01/2022 04:00:00,37099.00000,05/01/2022 14:00:00,37503.00000,@YM,1,1,2020.00,43.0000,2395.0000,-1165.0000,
TRADE,10/01/2022 04:00:00,36847.00000,12/01/2022 14:00:00,36857.00000,@YM,1,1,50.00,134.0000,1155.0000,-2900.0000,
TRADE,17/01/2022 04:00:00,36575.00000,19/01/2022 14:00:00,35942.00000,@YM,1,1,-3165.00,80.0000,280.0000,-4065.0000,
TRADE,24/01/2022 04:00:00,34980.00000,26/01/2022 14:00:00,35213.00000,@YM,1,1,1165.00,148.0000,2325.0000,-6015.0000,
TRADE,31/01/2022 04:00:00,35366.00000,01/02/2022 23:00:00,36004.00000,@YM,1,1,3190.00,117.0000,3480.0000,-1535.0000,
TRADE,07/02/2022 04:00:00,35661.00000,09/02/2022 14:00:00,36366.00000,@YM,1,1,3525.00,189.0000,3915.0000,-495.0000,
TRADE,14/02/2022 04:00:00,35099.00000,15/02/2022 21:00:00,35594.00000,@YM,1,1,2475.00,381.0000,3075.0000,-740.0000,
TRADE,21/02/2022 04:00:00,34939.00000,23/02/2022 14:00:00,34079.00000,@YM,1,1,-4300.00,142.0000,20.0000,-4675.0000,
TRADE,28/02/2022 04:00:00,34265.00000,02/03/2022 14:00:00,34684.00000,@YM,1,1,2095.00,194.0000,2730.0000,-2275.0000,
TRADE,07/03/2022 04:00:00,33841.00000,09/03/2022 14:00:00,33988.00000,@YM,1,1,735.00,295.0000,2235.0000,-3950.0000,
TRADE,04/04/2022 04:00:00,35520.00000,06/04/2022 14:00:00,35186.00000,@YM,1,1,-1670.00,113.0000,1715.0000,-2245.0000,
TRADE,11/04/2022 04:00:00,35412.00000,13/04/2022 14:00:00,35229.00000,@YM,1,1,-915.00,209.0000,280.0000,-2810.0000,
TRADE,25/04/2022 04:00:00,34299.00000,26/04/2022 01:00:00,34876.00000,@YM,1,1,2885.00,225.0000,2925.0000,-1105.0000,
TRADE,02/05/2022 04:00:00,33774.00000,04/05/2022 14:00:00,34007.00000,@YM,1,1,1165.00,264.0000,1640.0000,-2840.0000,
TRADE,09/05/2022 04:00:00,33321.00000,11/05/2022 14:00:00,32626.00000,@YM,1,1,-3475.00,165.0000,950.0000,-3590.0000,
TRADE,16/05/2022 04:00:00,32850.00000,18/05/2022 14:00:00,32367.00000,@YM,1,1,-2415.00,143.0000,3450.0000,-2570.0000,
TRADE,23/05/2022 04:00:00,32341.00000,25/05/2022 14:00:00,32690.00000,@YM,1,1,1745.00,119.0000,3075.0000,-935.0000,
TRADE,13/06/2022 04:00:00,31705.00000,15/06/2022 14:00:00,31460.00000,@YM,1,1,-1225.00,171.0000,280.0000,-3570.0000,
TRADE,20/06/2022 04:00:00,30845.00000,22/06/2022 14:00:00,31530.00000,@YM,1,1,3425.00,96.0000,3550.0000,-105.0000,
TRADE,04/07/2022 04:00:00,31745.00000,06/07/2022 14:00:00,31761.00000,@YM,1,1,80.00,111.0000,1740.0000,-2705.0000,
TRADE,18/07/2022 04:00:00,32331.00000,20/07/2022 14:00:00,32521.00000,@YM,1,1,950.00,116.0000,2610.0000,-2555.0000,
TRADE,08/08/2022 04:00:00,33726.00000,10/08/2022 14:00:00,34105.00000,@YM,1,1,1895.00,65.0000,2390.0000,-955.0000,
TRADE,22/08/2022 04:00:00,34290.00000,23/08/2022 21:00:00,33668.00000,@YM,1,1,-3110.00,184.0000,135.0000,-3025.0000,
TRADE,29/08/2022 04:00:00,32977.00000,31/08/2022 14:00:00,32521.00000,@YM,1,1,-2280.00,148.0000,1215.0000,-2520.0000,
TRADE,05/09/2022 04:00:00,32240.00000,07/09/2022 14:00:00,32417.00000,@YM,1,1,885.00,140.0000,1125.0000,-1960.0000,
TRADE,19/09/2022 04:00:00,31493.00000,20/09/2022,31958.00000,@YM,1,1,2325.00,110.0000,2635.0000,-615.0000,
TRADE,26/09/2022 04:00:00,30384.00000,28/09/2022 14:00:00,30415.00000,@YM,1,1,155.00,288.0000,675.0000,-3590.0000,
TRADE,03/10/2022 04:00:00,29639.00000,04/10/2022 09:00:00,30998.00000,@YM,1,1,6795.00,140.0000,6620.0000,-435.0000,
TRADE,10/10/2022 04:00:00,30026.00000,12/10/2022 14:00:00,30114.00000,@YM,1,1,440.00,129.0000,2065.0000,-1500.0000,
TRADE,24/10/2022 04:00:00,31829.00000,26/10/2022,32586.00000,@YM,1,1,3785.00,245.0000,4340.0000,-635.0000,
TRADE,07/11/2022 04:00:00,33271.00000,09/11/2022 14:00:00,33461.00000,@YM,1,1,950.00,227.0000,4375.0000,-310.0000,
TRADE,21/11/2022 04:00:00,34440.00000,22/11/2022 19:00:00,34920.00000,@YM,1,1,2400.00,60.0000,2420.0000,-375.0000,
TRADE,28/11/2022 04:00:00,35016.00000,30/11/2022 01:00:00,34663.00000,@YM,1,1,-1765.00,68.0000,385.0000,-2840.0000,
TRADE,05/12/2022 04:00:00,35155.00000,06/12/2022 23:00:00,34479.00000,@YM,1,1,-3380.00,63.0000,15.0000,-4615.0000,
TRADE,19/12/2022 04:00:00,33765.00000,21/12/2022 14:00:00,34096.00000,@YM,1,1,1655.00,104.0000,2100.0000,-2695.0000,
TRADE,09/01/2023 04:00:00,34333.00000,11/01/2023 14:00:00,34538.00000,@YM,1,1,1025.00,44.0000,1435.0000,-1520.0000,
TRADE,23/01/2023 04:00:00,34013.00000,24/01/2023,34277.00000,@YM,1,1,1320.00,77.0000,2060.0000,-355.0000,
TRADE,06/02/2023 04:00:00,34362.00000,08/02/2023 14:00:00,34605.00000,@YM,1,1,1215.00,67.0000,2305.0000,-805.0000,
TRADE,13/02/2023 04:00:00,34414.00000,13/02/2023 19:00:00,34809.00000,@YM,1,1,1975.00,53.0000,2075.0000,-195.0000,
TRADE,20/02/2023 04:00:00,34375.00000,21/02/2023 22:00:00,33767.00000,@YM,1,1,-3040.00,53.0000,105.0000,-3470.0000,
TRADE,27/02/2023 04:00:00,33460.00000,01/03/2023 14:00:00,33197.00000,@YM,1,1,-1315.00,94.0000,1455.0000,-1965.0000,
TRADE,13/03/2023 04:00:00,32788.00000,15/03/2023 14:00:00,32176.00000,@YM,1,1,-3060.00,111.0000,285.0000,-4275.0000,
TRADE,20/03/2023 04:00:00,32088.00000,20/03/2023 19:00:00,32769.00000,@YM,1,1,3405.00,140.0000,3575.0000,-690.0000,
TRADE,27/03/2023 04:00:00,32753.00000,28/03/2023 01:00:00,32974.00000,@YM,1,1,1105.00,228.0000,1550.0000,-30.0000,
TRADE,24/04/2023 04:00:00,34116.00000,26/04/2023 14:00:00,33778.00000,@YM,1,1,-1690.00,53.0000,1005.0000,-1865.0000,
TRADE,08/05/2023 04:00:00,34059.00000,10/05/2023 14:00:00,33668.00000,@YM,1,1,-1955.00,56.0000,440.0000,-2345.0000,
TRADE,15/05/2023 04:00:00,33757.00000,17/05/2023,33395.00000,@YM,1,1,-1810.00,44.0000,210.0000,-2160.0000,
TRADE,29/05/2023 04:00:00,33505.00000,31/05/2023 14:00:00,33250.00000,@YM,1,1,-1275.00,60.0000,195.0000,-2095.0000,
TRADE,26/06/2023 04:00:00,33941.00000,28/06/2023 14:00:00,34054.00000,@YM,1,1,565.00,155.0000,1455.0000,-430.0000,
