TRADE,10/01/2011 18:00:00,9644.00000,11/01/2011 03:00:00,9660.00000,@YM,1,1,80.00,13.0000,130.0000,-50.0000,
TRADE,18/01/2011 18:00:00,9869.00000,19/01/2011 11:00:00,9846.00000,@YM,-1,1,115.00,47.0000,205.0000,-130.0000,
TRADE,31/01/2011 18:00:00,9893.00000,01/02/2011 03:00:00,9927.00000,@YM,1,1,170.00,17.0000,265.0000,-10.0000,
TRADE,03/02/2011 18:00:00,10076.00000,04/02/2011 11:00:00,10053.00000,@YM,-1,1,115.00,18.0000,170.0000,-180.0000,
TRADE,09/02/2011 18:00:00,10256.00000,10/02/2011 11:00:00,10222.00000,@YM,-1,1,170.00,21.0000,380.0000,-90.0000,
TRADE,15/02/2011 18:00:00,10258.00000,16/02/2011 11:00:00,10340.00000,@YM,-1,1,-410.00,11.0000,15.0000,-420.0000,
TRADE,27/02/2011 18:00:00,10171.00000,28/02/2011 03:00:00,10165.00000,@YM,1,1,-30.00,12.0000,70.0000,-225.0000,
TRADE,13/03/2011 18:00:00,10107.00000,14/03/2011 11:00:00,10013.00000,@YM,-1,1,470.00,29.0000,520.0000,-50.0000,
TRADE,17/03/2011 18:00:00,9832.00000,18/03/2011 03:00:00,9914.00000,@YM,1,1,410.00,34.0000,595.0000,-265.0000,
TRADE,29/03/2011 18:00:00,10352.00000,30/03/2011 11:00:00,10419.00000,@YM,-1,1,-335.00,32.0000,85.0000,-340.0000,
TRADE,11/04/2011 18:00:00,10424.00000,12/04/2011 03:00:00,10385.00000,@YM,1,1,-195.00,26.0000,50.0000,-350.0000,
TRADE,18/04/2011 18:00:00,10253.00000,19/04/2011 11:00:00,10282.00000,@YM,-1,1,-145.00,30.0000,200.0000,-310.0000,
TRADE,20/04/2011 18:00:00,10577.00000,21/04/2011 11:00:00,10539.00000,@YM,-1,1,190.00,55.0000,325.0000,-70.0000,
TRADE,09/05/2011 18:00:00,10760.00000,10/05/2011 03:00:00,10743.00000,@YM,1,1,-85.00,17.0000,55.0000,-180.0000,
TRADE,16/05/2011 18:00:00,10605.00000,17/05/2011 03:00:00,10648.00000,@YM,1,1,215.00,47.0000,230.0000,-30.0000,
TRADE,18/05/2011 18:00:00,10663.00000,19/05/2011 03:00:00,10664.00000,@YM,1,1,5.00,22.0000,50.0000,-120.0000,
TRADE,19/05/2011 18:00:00,10713.00000,20/05/2011 11:00:00,10603.00000,@YM,-1,1,550.00,12.0000,620.0000,-65.0000,
TRADE,24/05/2011 18:00:00,10442.00000,25/05/2011 03:00:00,10388.00000,@YM,1,1,-270.00,31.0000,55.0000,-460.0000,
TRADE,31/05/2011 18:00:00,10678.00000,01/06/2011 11:00:00,10537.00000,@YM,-1,1,705.00,20.0000,825.0000,-180.0000,
TRADE,05/06/2011 18:00:00,10256.00000,06/06/2011 03:00:00,10243.00000,@YM,1,1,-65.00,22.0000,45.0000,-115.0000,
TRADE,09/06/2011 18:00:00,10236.00000,10/06/2011 03:00:00,10214.00000,@YM,1,1,-110.00,15.0000,65.0000,-220.0000,
TRADE,23/06/2011 18:00:00,10180.00000,24/06/2011 11:00:00,10072.00000,@YM,-1,1,540.00,32.0000,650.0000,-345.0000,
TRADE,26/06/2011 18:00:00,10073.00000,27/06/2011 03:00:00,10053.00000,@YM,1,1,-100.00,31.0000,110.0000,-320.0000,
TRADE,29/06/2011 18:00:00,10401.00000,30/06/2011 11:00:00,10520.00000,@YM,-1,1,-595.00,22.0000,60.0000,-665.0000,
TRADE,05/07/2011 18:00:00,10713.00000,06/07/2011 11:00:00,10712.00000,@YM,-1,1,5.00,38.0000,220.0000,-215.0000,
TRADE,13/07/2011 18:00:00,10542.00000,14/07/2011 03:00:00,10605.00000,@YM,1,1,315.00,85.0000,335.0000,0.0000,
TRADE,17/07/2011 18:00:00,10644.00000,18/07/2011 03:00:00,10567.00000,@YM,1,1,-385.00,34.0000,0.0000,-505.0000,
TRADE,21/07/2011 18:00:00,10890.00000,22/07/2011 11:00:00,10813.00000,@YM,-1,1,385.00,35.0000,535.0000,-250.0000,
TRADE,10/08/2011 18:00:00,8906.00000,11/08/2011 03:00:00,9121.00000,@YM,1,1,1075.00,107.0000,1115.0000,-260.0000,
TRADE,18/08/2011 18:00:00,9190.00000,19/08/2011 11:00:00,9176.00000,@YM,-1,1,70.00,52.0000,1035.0000,-330.0000,
TRADE,22/08/2011 18:00:00,9040.00000,23/08/2011 03:00:00,9172.00000,@YM,1,1,660.00,34.0000,675.0000,-205.0000,
TRADE,23/08/2011 18:00:00,9337.00000,24/08/2011 11:00:00,9348.00000,@YM,-1,1,-55.00,23.0000,740.0000,-630.0000,
TRADE,04/09/2011 18:00:00,9378.00000,05/09/2011 03:00:00,9315.00000,@YM,1,1,-315.00,35.0000,50.0000,-375.0000,
TRADE,06/09/2011 18:00:00,9331.00000,07/09/2011 11:00:00,9474.00000,@YM,-1,1,-715.00,30.0000,30.0000,-870.0000,
TRADE,08/09/2011 18:00:00,9489.00000,09/09/2011 03:00:00,9510.00000,@YM,1,1,105.00,27.0000,370.0000,-290.0000,
TRADE,11/09/2011 18:00:00,9109.00000,12/09/2011 11:00:00,9052.00000,@YM,-1,1,285.00,44.0000,755.0000,-345.0000,
TRADE,25/09/2011 18:00:00,8903.00000,26/09/2011 03:00:00,8847.00000,@YM,1,1,-280.00,44.0000,915.0000,-445.0000,
TRADE,02/10/2011 18:00:00,9087.00000,03/10/2011 03:00:00,9010.00000,@YM,1,1,-385.00,51.0000,185.0000,-560.0000,
TRADE,05/10/2011 18:00:00,9108.00000,06/10/2011 03:00:00,9125.00000,@YM,1,1,85.00,45.0000,165.0000,-185.0000,
TRADE,13/10/2011 18:00:00,9672.00000,14/10/2011 11:00:00,9773.00000,@YM,-1,1,-505.00,43.0000,250.0000,-695.0000,
TRADE,02/11/2011 18:00:00,10049.00000,03/11/2011 03:00:00,9885.00000,@YM,1,1,-820.00,20.0000,75.0000,-875.0000,
TRADE,20/11/2011 18:00:00,9984.00000,21/11/2011 03:00:00,9970.00000,@YM,1,1,-70.00,18.0000,20.0000,-515.0000,
TRADE,21/11/2011 18:00:00,9769.00000,22/11/2011 11:00:00,9707.00000,@YM,-1,1,310.00,51.0000,375.0000,-385.0000,
TRADE,22/11/2011 18:00:00,9711.00000,23/11/2011 03:00:00,9605.00000,@YM,1,1,-530.00,48.0000,95.0000,-705.0000,
TRADE,27/11/2011 19:00:00,9586.00000,28/11/2011 12:00:00,9780.00000,@YM,-1,1,-970.00,191.0000,30.0000,-1095.0000,
TRADE,08/12/2011 18:00:00,10258.00000,09/12/2011 03:00:00,10244.00000,@YM,1,1,-70.00,32.0000,400.0000,-175.0000,
TRADE,11/12/2011 18:00:00,10462.00000,12/12/2011 11:00:00,10282.00000,@YM,-1,1,900.00,43.0000,980.0000,-120.0000,
TRADE,15/12/2011 18:00:00,10157.00000,16/12/2011 03:00:00,10215.00000,@YM,1,1,290.00,30.0000,425.0000,-50.0000,
TRADE,07/02/2012 18:00:00,11158.00000,08/02/2012 11:00:00,11159.00000,@YM,-1,1,-5.00,20.0000,40.0000,-225.0000,
TRADE,04/03/2012 18:00:00,11293.00000,05/03/2012 03:00:00,11265.00000,@YM,1,1,-140.00,16.0000,75.0000,-155.0000,
TRADE,05/03/2012 18:00:00,11286.00000,06/03/2012 11:00:00,11109.00000,@YM,-1,1,885.00,20.0000,925.0000,-100.0000,
TRADE,07/03/2012 18:00:00,11166.00000,08/03/2012 03:00:00,11201.00000,@YM,1,1,175.00,17.0000,180.0000,-55.0000,
TRADE,25/03/2012 18:00:00,11432.00000,26/03/2012 03:00:00,11457.00000,@YM,1,1,125.00,18.0000,180.0000,0.0000,
TRADE,05/04/2012 18:00:00,11383.00000,06/04/2012 03:00:00,11400.00000,@YM,1,1,85.00,25.0000,135.0000,-25.0000,
TRADE,23/04/2012 18:00:00,11286.00000,24/04/2012 11:00:00,11385.00000,@YM,-1,1,-495.00,21.0000,65.0000,-525.0000,
TRADE,02/05/2012 18:00:00,11604.00000,03/05/2012 11:00:00,11602.00000,@YM,-1,1,10.00,13.0000,225.0000,-230.0000,
TRADE,07/05/2012 18:00:00,11364.00000,08/05/2012 03:00:00,11334.00000,@YM,1,1,-150.00,28.0000,65.0000,-185.0000,
TRADE,10/05/2012 18:00:00,11149.00000,11/05/2012 03:00:00,11170.00000,@YM,1,1,105.00,75.0000,170.0000,-50.0000,
TRADE,20/05/2012 18:00:00,10737.00000,21/05/2012 03:00:00,10794.00000,@YM,1,1,285.00,23.0000,355.0000,-150.0000,
TRADE,27/05/2012 18:00:00,10868.00000,28/05/2012 07:00:00,10906.00000,@YM,1,1,190.00,23.0000,280.0000,0.0000,
TRADE,29/05/2012 18:00:00,10972.00000,30/05/2012 11:00:00,10806.00000,@YM,-1,1,830.00,27.0000,845.0000,-5.0000,
TRADE,04/06/2012 18:00:00,10464.00000,05/06/2012 03:00:00,10502.00000,@YM,1,1,190.00,41.0000,310.0000,0.0000,
TRADE,10/06/2012 18:00:00,11080.00000,11/06/2012 11:00:00,10912.00000,@YM,-1,1,840.00,41.0000,900.0000,-550.0000,
TRADE,24/06/2012 18:00:00,11041.00000,25/06/2012 03:00:00,10988.00000,@YM,1,1,-265.00,30.0000,0.0000,-300.0000,
TRADE,28/06/2012 18:00:00,10990.00000,29/06/2012 11:00:00,11224.00000,@YM,-1,1,-1170.00,36.0000,180.0000,-1235.0000,
TRADE,25/07/2012 18:00:00,11120.00000,26/07/2012 03:00:00,11125.00000,@YM,1,1,25.00,37.0000,45.0000,-185.0000,
TRADE,02/08/2012 18:00:00,11301.00000,03/08/2012 11:00:00,11517.00000,@YM,-1,1,-1080.00,24.0000,65.0000,-1170.0000,
TRADE,26/08/2012 18:00:00,11634.00000,27/08/2012 03:00:00,11616.00000,@YM,1,1,-90.00,19.0000,110.0000,-105.0000,
TRADE,29/08/2012 18:00:00,11560.00000,30/08/2012 03:00:00,11525.00000,@YM,1,1,-175.00,21.0000,15.0000,-250.0000,
TRADE,04/09/2012 18:00:00,11507.00000,05/09/2012 11:00:00,11510.00000,@YM,-1,1,-15.00,32.0000,250.0000,-270.0000,
TRADE,16/09/2012 18:00:00,12062.00000,17/09/2012 11:00:00,12052.00000,@YM,-1,1,50.00,18.0000,165.0000,-45.0000,
TRADE,23/09/2012 18:00:00,12042.00000,24/09/2012 03:00:00,12026.00000,@YM,1,1,-80.00,22.0000,110.0000,-135.0000,
TRADE,14/10/2012 18:00:00,11807.00000,15/10/2012 03:00:00,11811.00000,@YM,1,1,20.00,24.0000,70.0000,-235.0000,
TRADE,22/10/2012 18:00:00,11856.00000,23/10/2012 03:00:00,11816.00000,@YM,1,1,-200.00,34.0000,60.0000,-230.0000,
TRADE,24/10/2012 18:00:00,11585.00000,25/10/2012 03:00:00,11596.00000,@YM,1,1,55.00,28.0000,195.0000,-105.0000,
TRADE,05/11/2012 18:00:00,11593.00000,06/11/2012 03:00:00,11610.00000,@YM,1,1,85.00,18.0000,170.0000,-25.0000,
TRADE,12/11/2012 18:00:00,11336.00000,13/11/2012 03:00:00,11265.00000,@YM,1,1,-355.00,25.0000,10.0000,-430.0000,
TRADE,25/11/2012 19:00:00,11488.00000,26/11/2012 12:00:00,11448.00000,@YM,-1,1,200.00,31.0000,330.0000,-40.0000,
TRADE,09/12/2012 18:00:00,11699.00000,10/12/2012 11:00:00,11743.00000,@YM,-1,1,-220.00,17.0000,220.0000,-235.0000,
TRADE,11/12/2012 18:00:00,11827.00000,12/12/2012 11:00:00,11814.00000,@YM,-1,1,65.00,43.0000,105.0000,-150.0000,
TRADE,13/12/2012 18:00:00,11710.00000,14/12/2012 03:00:00,11761.00000,@YM,1,1,255.00,31.0000,270.0000,-15.0000,
TRADE,16/12/2012 18:00:00,11751.00000,17/12/2012 11:00:00,11738.00000,@YM,-1,1,65.00,26.0000,265.0000,-100.0000,
TRADE,26/12/2012 07:00:00,11705.00000,26/12/2012 16:00:00,11669.00000,@YM,1,1,-180.00,44.0000,125.0000,-375.0000,
TRADE,27/12/2012 18:00:00,11641.00000,28/12/2012 11:00:00,11592.00000,@YM,-1,1,245.00,35.0000,525.0000,-150.0000,
TRADE,10/01/2013 18:00:00,12044.00000,11/01/2013 11:00:00,12018.00000,@YM,-1,1,130.00,17.0000,240.0000,-50.0000,
TRADE,14/01/2013 18:00:00,12057.00000,15/01/2013 11:00:00,12041.00000,@YM,-1,1,80.00,18.0000,300.0000,-25.0000,
TRADE,22/01/2013 18:00:00,12325.00000,23/01/2013 11:00:00,12321.00000,@YM,-1,1,20.00,79.0000,165.0000,-90.0000,
TRADE,14/02/2013 21:00:00,12564.00000,15/02/2013 14:00:00,12576.00000,@YM,-1,1,-60.00,9.0000,135.0000,-160.0000,
TRADE,19/02/2013 18:00:00,12626.00000,20/02/2013 11:00:00,12625.00000,@YM,-1,1,5.00,14.0000,60.0000,-140.0000,
TRADE,10/03/2013 18:00:00,12991.00000,11/03/2013 11:00:00,13011.00000,@YM,-1,1,-100.00,16.0000,105.0000,-125.0000,
TRADE,02/04/2013 18:00:00,13270.00000,03/04/2013 11:00:00,13214.00000,@YM,-1,1,280.00,17.0000,295.0000,-70.0000,
TRADE,18/04/2013 18:00:00,13102.00000,19/04/2013 03:00:00,13161.00000,@YM,1,1,295.00,88.0000,320.0000,-65.0000,
TRADE,22/04/2013 18:00:00,13190.00000,23/04/2013 11:00:00,13314.00000,@YM,-1,1,-620.00,25.0000,340.0000,-685.0000,
TRADE,30/04/2013 18:00:00,13461.00000,01/05/2013 11:00:00,13409.00000,@YM,-1,1,260.00,17.0000,410.0000,-50.0000,
TRADE,07/05/2013 18:00:00,13661.00000,08/05/2013 11:00:00,13686.00000,@YM,-1,1,-125.00,17.0000,115.0000,-175.0000,
TRADE,25/06/2013 18:00:00,13430.00000,26/06/2013 03:00:00,13423.00000,@YM,1,1,-35.00,16.0000,20.0000,-315.0000,
TRADE,07/07/2013 18:00:00,13826.00000,08/07/2013 11:00:00,13918.00000,@YM,-1,1,-460.00,34.0000,85.0000,-600.0000,
TRADE,23/07/2013 18:00:00,14261.00000,24/07/2013 11:00:00,14223.00000,@YM,-1,1,190.00,17.0000,335.0000,-245.0000,
TRADE,29/07/2013 18:00:00,14227.00000,30/07/2013 03:00:00,14250.00000,@YM,1,1,115.00,19.0000,150.0000,-30.0000,
TRADE,06/08/2013 18:00:00,14208.00000,07/08/2013 11:00:00,14150.00000,@YM,-1,1,290.00,18.0000,435.0000,-20.0000,
TRADE,12/08/2013 18:00:00,14144.00000,13/08/2013 03:00:00,14160.00000,@YM,1,1,80.00,18.0000,100.0000,-65.0000,
TRADE,18/08/2013 18:00:00,13786.00000,19/08/2013 03:00:00,13810.00000,@YM,1,1,120.00,24.0000,155.0000,-45.0000,
TRADE,22/08/2013 18:00:00,13689.00000,23/08/2013 03:00:00,13684.00000,@YM,1,1,-25.00,19.0000,90.0000,-60.0000,
TRADE,28/08/2013 18:00:00,13541.00000,29/08/2013 03:00:00,13582.00000,@YM,1,1,205.00,38.0000,225.0000,-65.0000,
TRADE,01/09/2013 18:00:00,13596.00000,02/09/2013 11:00:00,13655.00000,@YM,-1,1,-295.00,30.0000,5.0000,-355.0000,
TRADE,03/09/2013 18:00:00,13564.00000,04/09/2013 11:00:00,13634.00000,@YM,-1,1,-350.00,20.0000,180.0000,-370.0000,
TRADE,15/09/2013 18:00:00,14188.00000,16/09/2013 11:00:00,14280.00000,@YM,-1,1,-460.00,28.0000,0.0000,-705.0000,
TRADE,26/09/2013 18:00:00,14114.00000,27/09/2013 03:00:00,14091.00000,@YM,1,1,-115.00,37.0000,15.0000,-160.0000,
TRADE,06/10/2013 18:00:00,13758.00000,07/10/2013 03:00:00,13733.00000,@YM,1,1,-125.00,26.0000,55.0000,-160.0000,
TRADE,22/10/2013 18:00:00,14223.00000,23/10/2013 11:00:00,14151.00000,@YM,-1,1,360.00,19.0000,510.0000,0.0000,
TRADE,12/11/2013 18:00:00,14520.00000,13/11/2013 11:00:00,14480.00000,@YM,-1,1,200.00,17.0000,445.0000,-50.0000,
TRADE,05/12/2013 18:00:00,14637.00000,06/12/2013 03:00:00,14681.00000,@YM,1,1,220.00,10.0000,240.0000,0.0000,
TRADE,12/12/2013 18:00:00,14548.00000,13/12/2013 03:00:00,14588.00000,@YM,1,1,200.00,15.0000,245.0000,-25.0000,
TRADE,29/12/2013 18:00:00,15291.00000,30/12/2013 11:00:00,15295.00000,@YM,-1,1,-20.00,12.0000,55.0000,-140.0000,
TRADE,02/01/2014 18:00:00,15265.00000,03/01/2014 11:00:00,15311.00000,@YM,-1,1,-230.00,16.0000,275.0000,-290.0000,
TRADE,14/01/2014 18:00:00,15176.00000,15/01/2014 03:00:00,15180.00000,@YM,1,1,20.00,12.0000,60.0000,-60.0000,
TRADE,28/01/2014 18:00:00,14808.00000,29/01/2014 03:00:00,14813.00000,@YM,1,1,25.00,63.0000,245.0000,-35.0000,
TRADE,30/01/2014 18:00:00,14615.00000,31/01/2014 03:00:00,14601.00000,@YM,1,1,-70.00,58.0000,60.0000,-250.0000,
TRADE,04/02/2014 18:00:00,14216.00000,05/02/2014 03:00:00,14198.00000,@YM,1,1,-90.00,43.0000,85.0000,-240.0000,
TRADE,09/02/2014 18:00:00,14622.00000,10/02/2014 11:00:00,14567.00000,@YM,-1,1,275.00,20.0000,350.0000,-50.0000,
TRADE,11/02/2014 18:00:00,14799.00000,12/02/2014 11:00:00,14805.00000,@YM,-1,1,-30.00,17.0000,60.0000,-415.0000,
TRADE,13/02/2014 18:00:00,14854.00000,14/02/2014 11:00:00,14928.00000,@YM,-1,1,-370.00,23.0000,345.0000,-435.0000,
TRADE,09/03/2014 18:00:00,15311.00000,10/03/2014 11:00:00,15209.00000,@YM,-1,1,510.00,17.0000,535.0000,-110.0000,
TRADE,12/03/2014 18:00:00,15218.00000,13/03/2014 11:00:00,15174.00000,@YM,-1,1,220.00,24.0000,240.0000,-330.0000,
TRADE,13/03/2014 18:00:00,14991.00000,14/03/2014 03:00:00,14973.00000,@YM,1,1,-90.00,24.0000,105.0000,-140.0000,
TRADE,30/03/2014 18:00:00,15218.00000,31/03/2014 03:00:00,15242.00000,@YM,1,1,120.00,10.0000,170.0000,0.0000,
TRADE,15/05/2014 18:00:00,15358.00000,16/05/2014 11:00:00,15352.00000,@YM,-1,1,30.00,18.0000,195.0000,-120.0000,
TRADE,18/05/2014 18:00:00,15408.00000,19/05/2014 03:00:00,15379.00000,@YM,1,1,-145.00,9.0000,110.0000,-160.0000,
TRADE,27/05/2014 18:00:00,15598.00000,28/05/2014 11:00:00,15571.00000,@YM,-1,1,135.00,9.0000,275.0000,-175.0000,
TRADE,11/06/2014 18:00:00,15791.00000,12/06/2014 11:00:00,15721.00000,@YM,-1,1,350.00,17.0000,380.0000,-155.0000,
TRADE,12/06/2014 18:00:00,15695.00000,13/06/2014 03:00:00,15714.00000,@YM,1,1,95.00,26.0000,110.0000,-145.0000,
TRADE,15/06/2014 18:00:00,15711.00000,16/06/2014 11:00:00,15725.00000,@YM,-1,1,-70.00,9.0000,375.0000,-130.0000,
TRADE,29/06/2014 18:00:00,15765.00000,30/06/2014 03:00:00,15767.00000,@YM,1,1,10.00,31.0000,85.0000,-20.0000,
TRADE,07/07/2014 18:00:00,15956.00000,08/07/2014 11:00:00,15858.00000,@YM,-1,1,490.00,11.0000,660.0000,-40.0000,
TRADE,13/07/2014 18:00:00,15890.00000,14/07/2014 03:00:00,15909.00000,@YM,1,1,95.00,16.0000,165.0000,-5.0000,
TRADE,27/07/2014 18:00:00,15905.00000,28/07/2014 11:00:00,15853.00000,@YM,-1,1,260.00,10.0000,425.0000,-90.0000,
TRADE,04/08/2014 18:00:00,15500.00000,05/08/2014 03:00:00,15493.00000,@YM,1,1,-35.00,18.0000,10.0000,-155.0000,
TRADE,06/08/2014 18:00:00,15405.00000,07/08/2014 03:00:00,15426.00000,@YM,1,1,105.00,15.0000,205.0000,-60.0000,
TRADE,17/08/2014 18:00:00,15678.00000,18/08/2014 11:00:00,15802.00000,@YM,-1,1,-620.00,17.0000,45.0000,-640.0000,
TRADE,24/08/2014 22:00:00,16016.00000,25/08/2014 15:00:00,16075.00000,@YM,-1,1,-295.00,20.0000,20.0000,-495.0000,
TRADE,28/08/2014 18:00:00,16108.00000,29/08/2014 11:00:00,16061.00000,@YM,-1,1,235.00,24.0000,370.0000,-190.0000,
TRADE,02/09/2014 18:00:00,16065.00000,03/09/2014 11:00:00,16130.00000,@YM,-1,1,-325.00,11.0000,30.0000,-505.0000,
TRADE,10/09/2014 18:00:00,16068.00000,11/09/2014 03:00:00,16059.00000,@YM,1,1,-45.00,10.0000,0.0000,-95.0000,
TRADE,14/09/2014 18:00:00,15971.00000,15/09/2014 11:00:00,16015.00000,@YM,-1,1,-220.00,14.0000,185.0000,-240.0000,
TRADE,28/09/2014 18:00:00,16134.00000,29/09/2014 03:00:00,16074.00000,@YM,1,1,-300.00,14.0000,0.0000,-345.0000,
TRADE,30/09/2014 18:00:00,16032.00000,01/10/2014 03:00:00,16051.00000,@YM,1,1,95.00,33.0000,130.0000,-100.0000,
TRADE,14/10/2014 18:00:00,15382.00000,15/10/2014 03:00:00,15395.00000,@YM,1,1,65.00,38.0000,210.0000,-275.0000,
TRADE,29/10/2014 18:00:00,16007.00000,30/10/2014 11:00:00,16116.00000,@YM,-1,1,-545.00,56.0000,405.0000,-555.0000,
TRADE,04/11/2014 18:00:00,16406.00000,05/11/2014 11:00:00,16475.00000,@YM,-1,1,-345.00,28.0000,110.0000,-575.0000,
TRADE,12/11/2014 18:00:00,16660.00000,13/11/2014 11:00:00,16745.00000,@YM,-1,1,-425.00,19.0000,50.0000,-480.0000,
TRADE,11/12/2014 18:00:00,16656.00000,12/12/2014 03:00:00,16649.00000,@YM,1,1,-35.00,92.0000,75.0000,-310.0000,
TRADE,30/12/2014 18:00:00,17101.00000,31/12/2014 11:00:00,17134.00000,@YM,-1,1,-165.00,31.0000,35.0000,-235.0000,
TRADE,18/01/2015 18:00:00,16606.00000,19/01/2015 03:00:00,16570.00000,@YM,1,1,-180.00,26.0000,410.0000,-325.0000,
TRADE,20/01/2015 18:00:00,16582.00000,21/01/2015 11:00:00,16677.00000,@YM,-1,1,-475.00,65.0000,465.0000,-505.0000,
TRADE,17/02/2015 18:00:00,17173.00000,18/02/2015 11:00:00,17143.00000,@YM,-1,1,150.00,20.0000,280.0000,-95.0000,
TRADE,02/03/2015 18:00:00,17412.00000,03/03/2015 11:00:00,17348.00000,@YM,-1,1,320.00,23.0000,355.0000,-35.0000,
TRADE,05/03/2015 18:00:00,17284.00000,06/03/2015 03:00:00,17278.00000,@YM,1,1,-30.00,12.0000,30.0000,-90.0000,
TRADE,09/03/2015 18:00:00,17136.00000,10/03/2015 03:00:00,17094.00000,@YM,1,1,-210.00,18.0000,15.0000,-225.0000,
TRADE,11/03/2015 18:00:00,16897.00000,12/03/2015 03:00:00,16868.00000,@YM,1,1,-145.00,44.0000,45.0000,-480.0000,
TRADE,15/03/2015 18:00:00,16894.00000,16/03/2015 11:00:00,17086.00000,@YM,-1,1,-960.00,34.0000,215.0000,-1045.0000,
TRADE,29/03/2015 18:00:00,16864.00000,30/03/2015 03:00:00,16913.00000,@YM,1,1,245.00,17.0000,405.0000,-195.0000,
TRADE,20/04/2015 18:00:00,17164.00000,21/04/2015 03:00:00,17264.00000,@YM,1,1,500.00,48.0000,520.0000,-55.0000,
TRADE,03/05/2015 18:00:00,17178.00000,04/05/2015 03:00:00,17160.00000,@YM,1,1,-90.00,22.0000,20.0000,-145.0000,
TRADE,12/05/2015 18:00:00,17282.00000,13/05/2015 11:00:00,17257.00000,@YM,-1,1,125.00,40.0000,175.0000,-385.0000,
TRADE,26/05/2015 18:00:00,17292.00000,27/05/2015 11:00:00,17366.00000,@YM,-1,1,-370.00,37.0000,130.0000,-440.0000,
TRADE,08/06/2015 18:00:00,17018.00000,09/06/2015 03:00:00,17018.00000,@YM,1,1,0.00,26.0000,120.0000,-60.0000,
TRADE,14/06/2015 18:00:00,17074.00000,15/06/2015 11:00:00,16978.00000,@YM,-1,1,480.00,22.0000,730.0000,-160.0000,
TRADE,01/07/2015 18:00:00,16997.00000,02/07/2015 03:00:00,17002.00000,@YM,1,1,25.00,28.0000,40.0000,-135.0000,
TRADE,06/07/2015 18:00:00,16979.00000,07/07/2015 11:00:00,16756.00000,@YM,-1,1,1115.00,62.0000,1305.0000,-335.0000,
TRADE,09/07/2015 18:00:00,16799.00000,10/07/2015 03:00:00,16959.00000,@YM,1,1,800.00,61.0000,830.0000,0.0000,
TRADE,02/08/2015 18:00:00,16940.00000,03/08/2015 11:00:00,16853.00000,@YM,-1,1,435.00,41.0000,595.0000,-190.0000,
TRADE,04/08/2015 18:00:00,16716.00000,05/08/2015 03:00:00,16777.00000,@YM,1,1,305.00,45.0000,345.0000,0.0000,
TRADE,13/08/2015 18:00:00,16676.00000,14/08/2015 03:00:00,16697.00000,@YM,1,1,105.00,19.0000,125.0000,-40.0000,
TRADE,26/08/2015 18:00:00,15592.00000,27/08/2015 03:00:00,15642.00000,@YM,1,1,250.00,65.0000,385.0000,-270.0000,
TRADE,08/09/2015 18:00:00,15785.00000,09/09/2015 11:00:00,15813.00000,@YM,-1,1,-140.00,42.0000,105.0000,-1115.0000,
TRADE,10/09/2015 18:00:00,15620.00000,11/09/2015 03:00:00,15654.00000,@YM,1,1,170.00,47.0000,375.0000,-110.0000,
TRADE,13/09/2015 18:00:00,15760.00000,14/09/2015 11:00:00,15704.00000,@YM,-1,1,280.00,28.0000,620.0000,-415.0000,
TRADE,23/09/2015 18:00:00,15622.00000,24/09/2015 03:00:00,15564.00000,@YM,1,1,-290.00,41.0000,125.0000,-585.0000,
TRADE,07/10/2015 18:00:00,16221.00000,08/10/2015 11:00:00,16218.00000,@YM,-1,1,15.00,21.0000,650.0000,-65.0000,
TRADE,28/10/2015 18:00:00,17089.00000,29/10/2015 11:00:00,17025.00000,@YM,-1,1,320.00,31.0000,370.0000,-5.0000,
TRADE,04/11/2015 18:00:00,17210.00000,05/11/2015 11:00:00,17139.00000,@YM,-1,1,355.00,21.0000,445.0000,-335.0000,
TRADE,10/11/2015 18:00:00,17120.00000,11/11/2015 03:00:00,17124.00000,@YM,1,1,20.00,20.0000,140.0000,-65.0000,
TRADE,17/11/2015 18:00:00,16878.00000,18/11/2015 03:00:00,16844.00000,@YM,1,1,-170.00,38.0000,10.0000,-210.0000,
TRADE,10/12/2015 18:00:00,16995.00000,11/12/2015 03:00:00,17000.00000,@YM,1,1,25.00,29.0000,190.0000,-50.0000,
TRADE,21/12/2015 18:00:00,16691.00000,22/12/2015 03:00:00,16724.00000,@YM,1,1,165.00,69.0000,245.0000,-145.0000,
TRADE,29/12/2015 18:00:00,17128.00000,30/12/2015 11:00:00,17080.00000,@YM,-1,1,240.00,25.0000,360.0000,-100.0000,
TRADE,12/01/2016 18:00:00,15842.00000,13/01/2016 03:00:00,15970.00000,@YM,1,1,640.00,86.0000,830.0000,-30.0000,
TRADE,18/01/2016 19:00:00,15414.00000,19/01/2016 04:00:00,15609.00000,@YM,1,1,975.00,65.0000,1260.0000,-65.0000,
TRADE,02/02/2016 18:00:00,15567.00000,03/02/2016 11:00:00,15509.00000,@YM,-1,1,290.00,31.0000,1000.0000,-565.0000,
TRADE,07/02/2016 18:00:00,15639.00000,08/02/2016 03:00:00,15667.00000,@YM,1,1,140.00,37.0000,250.0000,-130.0000,
TRADE,10/02/2016 18:00:00,15322.00000,11/02/2016 03:00:00,15291.00000,@YM,1,1,-155.00,55.0000,165.0000,-440.0000,
TRADE,14/02/2016 18:00:00,15446.00000,15/02/2016 03:00:00,15585.00000,@YM,1,1,695.00,31.0000,710.0000,0.0000,
TRADE,16/02/2016 18:00:00,15622.00000,17/02/2016 11:00:00,15866.00000,@YM,-1,1,-1220.00,34.0000,275.0000,-1295.0000,
TRADE,29/02/2016 18:00:00,15986.00000,01/03/2016 03:00:00,16052.00000,@YM,1,1,330.00,40.0000,345.0000,-310.0000,
TRADE,28/03/2016 18:00:00,17028.00000,29/03/2016 03:00:00,17033.00000,@YM,1,1,25.00,23.0000,210.0000,-25.0000,
TRADE,29/03/2016 18:00:00,17129.00000,30/03/2016 11:00:00,17253.00000,@YM,-1,1,-620.00,21.0000,35.0000,-755.0000,
TRADE,11/04/2016 18:00:00,17043.00000,12/04/2016 03:00:00,17094.00000,@YM,1,1,255.00,24.0000,275.0000,-100.0000,
TRADE,02/05/2016 18:00:00,17392.00000,03/05/2016 03:00:00,17375.00000,@YM,1,1,-85.00,21.0000,40.0000,-140.0000,
TRADE,03/05/2016 18:00:00,17264.00000,04/05/2016 11:00:00,17185.00000,@YM,-1,1,395.00,26.0000,705.0000,-110.0000,
TRADE,05/05/2016 18:00:00,17155.00000,06/05/2016 03:00:00,17138.00000,@YM,1,1,-85.00,20.0000,110.0000,-150.0000,
TRADE,08/05/2016 18:00:00,17259.00000,09/05/2016 11:00:00,17228.00000,@YM,-1,1,155.00,23.0000,220.0000,-270.0000,
TRADE,09/05/2016 18:00:00,17232.00000,10/05/2016 03:00:00,17292.00000,@YM,1,1,300.00,18.0000,355.0000,-205.0000,
TRADE,16/05/2016 18:00:00,17245.00000,17/05/2016 03:00:00,17284.00000,@YM,1,1,195.00,16.0000,210.0000,-85.0000,
TRADE,22/05/2016 18:00:00,17090.00000,23/05/2016 03:00:00,17075.00000,@YM,1,1,-75.00,20.0000,65.0000,-305.0000,
TRADE,31/05/2016 18:00:00,17359.00000,01/06/2016 11:00:00,17307.00000,@YM,-1,1,260.00,37.0000,625.0000,-195.0000,
TRADE,12/06/2016 18:00:00,17406.00000,13/06/2016 11:00:00,17462.00000,@YM,-1,1,-280.00,18.0000,195.0000,-400.0000,
TRADE,19/06/2016 18:00:00,17322.00000,20/06/2016 03:00:00,17426.00000,@YM,1,1,520.00,33.0000,630.0000,0.0000,
TRADE,23/06/2016 18:00:00,17669.00000,24/06/2016 11:00:00,17178.00000,@YM,-1,1,2455.00,72.0000,4020.0000,-195.0000,
TRADE,28/06/2016 18:00:00,16985.00000,29/06/2016 03:00:00,17040.00000,@YM,1,1,275.00,21.0000,355.0000,-235.0000,
TRADE,05/07/2016 18:00:00,17455.00000,06/07/2016 11:00:00,17378.00000,@YM,-1,1,385.00,35.0000,770.0000,-35.0000,
TRADE,25/07/2016 18:00:00,18108.00000,26/07/2016 11:00:00,18000.00000,@YM,-1,1,540.00,18.0000,540.0000,-110.0000,
TRADE,01/08/2016 18:00:00,18026.00000,02/08/2016 03:00:00,18027.00000,@YM,1,1,5.00,18.0000,160.0000,-80.0000,
TRADE,03/08/2016 18:00:00,17957.00000,04/08/2016 03:00:00,17960.00000,@YM,1,1,15.00,20.0000,150.0000,-45.0000,
TRADE,16/08/2016 18:00:00,18216.00000,17/08/2016 11:00:00,18158.00000,@YM,-1,1,290.00,29.0000,385.0000,-125.0000,
TRADE,23/08/2016 18:00:00,18220.00000,24/08/2016 03:00:00,18184.00000,@YM,1,1,-180.00,12.0000,35.0000,-205.0000,
TRADE,31/08/2016 18:00:00,18076.00000,01/09/2016 11:00:00,17994.00000,@YM,-1,1,410.00,17.0000,470.0000,-345.0000,
TRADE,06/09/2016 18:00:00,18218.00000,07/09/2016 11:00:00,18181.00000,@YM,-1,1,185.00,19.0000,230.0000,-25.0000,
TRADE,14/09/2016 18:00:00,17698.00000,15/09/2016 03:00:00,17690.00000,@YM,1,1,-40.00,46.0000,140.0000,-260.0000,
TRADE,21/09/2016 18:00:00,17979.00000,22/09/2016 11:00:00,18105.00000,@YM,-1,1,-630.00,21.0000,110.0000,-755.0000,
TRADE,04/10/2016 18:00:00,17849.00000,05/10/2016 11:00:00,17949.00000,@YM,-1,1,-500.00,30.0000,155.0000,-620.0000,
TRADE,09/10/2016 18:00:00,17946.00000,10/10/2016 11:00:00,18071.00000,@YM,-1,1,-625.00,12.0000,55.0000,-690.0000,
TRADE,11/10/2016 18:00:00,17820.00000,12/10/2016 11:00:00,17794.00000,@YM,-1,1,130.00,26.0000,325.0000,-325.0000,
TRADE,17/10/2016 18:00:00,17754.00000,18/10/2016 03:00:00,17824.00000,@YM,1,1,350.00,50.0000,425.0000,-70.0000,
TRADE,31/10/2016 18:00:00,17844.00000,01/11/2016 03:00:00,17877.00000,@YM,1,1,165.00,29.0000,215.0000,-90.0000,
TRADE,03/11/2016 18:00:00,17608.00000,04/11/2016 03:00:00,17627.00000,@YM,1,1,95.00,23.0000,135.0000,-10.0000,
TRADE,09/11/2016 18:00:00,18297.00000,10/11/2016 11:00:00,18367.00000,@YM,-1,1,-350.00,24.0000,205.0000,-905.0000,
TRADE,11/12/2016 18:00:00,19536.00000,12/12/2016 11:00:00,19560.00000,@YM,-1,1,-120.00,31.0000,110.0000,-505.0000,
TRADE,26/12/2016 18:00:00,19691.00000,27/12/2016 03:00:00,19698.00000,@YM,1,1,35.00,18.0000,65.0000,-15.0000,
TRADE,15/01/2017 18:00:00,19656.00000,16/01/2017 03:00:00,19609.00000,@YM,1,1,-235.00,36.0000,10.0000,-265.0000,
TRADE,30/01/2017 18:00:00,19711.00000,31/01/2017 11:00:00,19574.00000,@YM,-1,1,685.00,14.0000,735.0000,-40.0000,
TRADE,02/02/2017 18:00:00,19646.00000,03/02/2017 03:00:00,19661.00000,@YM,1,1,75.00,20.0000,75.0000,-175.0000,
TRADE,14/02/2017 18:00:00,20310.00000,15/02/2017 11:00:00,20377.00000,@YM,-1,1,-335.00,35.0000,70.0000,-350.0000,
TRADE,09/03/2017 18:00:00,20705.00000,10/03/2017 03:00:00,20753.00000,@YM,1,1,240.00,28.0000,295.0000,-25.0000,
TRADE,12/03/2017 18:00:00,20725.00000,13/03/2017 11:00:00,20703.00000,@YM,-1,1,110.00,21.0000,185.0000,-150.0000,
TRADE,26/03/2017 18:00:00,20400.00000,27/03/2017 03:00:00,20276.00000,@YM,1,1,-620.00,33.0000,5.0000,-705.0000,
TRADE,03/04/2017 18:00:00,20453.00000,04/04/2017 11:00:00,20462.00000,@YM,-1,1,-45.00,25.0000,340.0000,-105.0000,
TRADE,12/04/2017 18:00:00,20371.00000,13/04/2017 03:00:00,20400.00000,@YM,1,1,145.00,40.0000,200.0000,-190.0000,
TRADE,03/05/2017 18:00:00,20745.00000,04/05/2017 11:00:00,20732.00000,@YM,-1,1,65.00,26.0000,145.0000,-370.0000,
TRADE,14/05/2017 18:00:00,20729.00000,15/05/2017 03:00:00,20775.00000,@YM,1,1,230.00,21.0000,245.0000,-50.0000,
TRADE,21/05/2017 18:00:00,20661.00000,22/05/2017 03:00:00,20698.00000,@YM,1,1,185.00,22.0000,220.0000,0.0000,
TRADE,11/06/2017 18:00:00,21131.00000,12/06/2017 11:00:00,21109.00000,@YM,-1,1,110.00,18.0000,365.0000,-70.0000,
TRADE,22/06/2017 18:00:00,21269.00000,23/06/2017 03:00:00,21284.00000,@YM,1,1,75.00,15.0000,115.0000,-10.0000,
TRADE,02/07/2017 18:00:00,21225.00000,03/07/2017 03:00:00,21260.00000,@YM,1,1,175.00,42.0000,220.0000,0.0000,
TRADE,05/07/2017 18:00:00,21339.00000,06/07/2017 11:00:00,21242.00000,@YM,-1,1,485.00,19.0000,650.0000,-105.0000,
TRADE,10/07/2017 18:00:00,21271.00000,11/07/2017 03:00:00,21299.00000,@YM,1,1,140.00,14.0000,185.0000,-20.0000,
TRADE,18/07/2017 18:00:00,21437.00000,19/07/2017 11:00:00,21467.00000,@YM,-1,1,-150.00,23.0000,75.0000,-205.0000,
TRADE,20/07/2017 18:00:00,21498.00000,21/07/2017 11:00:00,21389.00000,@YM,-1,1,545.00,22.0000,640.0000,-55.0000,
TRADE,24/07/2017 18:00:00,21414.00000,25/07/2017 03:00:00,21406.00000,@YM,1,1,-40.00,19.0000,25.0000,-65.0000,
TRADE,13/08/2017 18:00:00,21770.00000,14/08/2017 03:00:00,21837.00000,@YM,1,1,335.00,20.0000,370.0000,0.0000,
TRADE,21/08/2017 18:00:00,21618.00000,22/08/2017 03:00:00,21683.00000,@YM,1,1,325.00,21.0000,330.0000,-25.0000,
TRADE,29/08/2017 18:00:00,21791.00000,30/08/2017 11:00:00,21791.00000,@YM,-1,1,0.00,22.0000,200.0000,-435.0000,
TRADE,05/09/2017 18:00:00,21700.00000,06/09/2017 11:00:00,21734.00000,@YM,-1,1,-170.00,19.0000,205.0000,-315.0000,
TRADE,07/09/2017 18:00:00,21725.00000,08/09/2017 03:00:00,21658.00000,@YM,1,1,-335.00,20.0000,20.0000,-375.0000,
TRADE,10/09/2017 18:00:00,21791.00000,11/09/2017 11:00:00,21938.00000,@YM,-1,1,-735.00,28.0000,90.0000,-760.0000,
TRADE,20/09/2017 18:00:00,22328.00000,21/09/2017 11:00:00,22313.00000,@YM,-1,1,75.00,21.0000,205.0000,-75.0000,
TRADE,26/09/2017 18:00:00,22206.00000,27/09/2017 03:00:00,22226.00000,@YM,1,1,100.00,21.0000,100.0000,-60.0000,
TRADE,02/10/2017 18:00:00,22468.00000,03/10/2017 11:00:00,22525.00000,@YM,-1,1,-285.00,27.0000,60.0000,-315.0000,
TRADE,10/10/2017 18:00:00,22736.00000,11/10/2017 11:00:00,22742.00000,@YM,-1,1,-30.00,17.0000,110.0000,-130.0000,
TRADE,07/11/2017 18:00:00,23417.00000,08/11/2017 11:00:00,23424.00000,@YM,-1,1,-35.00,20.0000,135.0000,-190.0000,
TRADE,12/11/2017 18:00:00,23353.00000,13/11/2017 03:00:00,23349.00000,@YM,1,1,-20.00,23.0000,160.0000,-90.0000,
TRADE,14/11/2017 18:00:00,23322.00000,15/11/2017 11:00:00,23241.00000,@YM,-1,1,405.00,25.0000,805.0000,0.0000,
TRADE,27/11/2017 18:00:00,23519.00000,28/11/2017 11:00:00,23599.00000,@YM,-1,1,-400.00,15.0000,205.0000,-430.0000,
TRADE,27/12/2017 18:00:00,24734.00000,28/12/2017 11:00:00,24758.00000,@YM,-1,1,-120.00,19.0000,10.0000,-245.0000,
TRADE,07/02/2018 18:00:00,24659.00000,08/02/2018 03:00:00,24707.00000,@YM,1,1,240.00,171.0000,540.0000,-1050.0000,
TRADE,14/02/2018 18:00:00,24802.00000,15/02/2018 11:00:00,24804.00000,@YM,-1,1,-10.00,48.0000,165.0000,-1490.0000,
TRADE,05/03/2018 18:00:00,24828.00000,06/03/2018 03:00:00,24896.00000,@YM,1,1,340.00,34.0000,400.0000,-125.0000,
TRADE,11/03/2018 18:00:00,25279.00000,12/03/2018 11:00:00,25199.00000,@YM,-1,1,400.00,28.0000,415.0000,-855.0000,
TRADE,18/03/2018 18:00:00,24891.00000,19/03/2018 03:00:00,24819.00000,@YM,1,1,-360.00,43.0000,40.0000,-595.0000,
TRADE,20/03/2018 18:00:00,24684.00000,21/03/2018 03:00:00,24697.00000,@YM,1,1,65.00,40.0000,185.0000,-100.0000,
TRADE,26/03/2018 18:00:00,24116.00000,27/03/2018 03:00:00,24295.00000,@YM,1,1,895.00,43.0000,955.0000,-100.0000,
TRADE,09/04/2018 18:00:00,23919.00000,10/04/2018 03:00:00,24250.00000,@YM,1,1,1655.00,116.0000,1845.0000,-285.0000,
TRADE,19/04/2018 18:00:00,24548.00000,20/04/2018 11:00:00,24410.00000,@YM,-1,1,690.00,32.0000,755.0000,-160.0000,
TRADE,26/04/2018 18:00:00,24226.00000,27/04/2018 03:00:00,24202.00000,@YM,1,1,-120.00,78.0000,30.0000,-445.0000,
TRADE,01/05/2018 18:00:00,24007.00000,02/05/2018 11:00:00,23897.00000,@YM,-1,1,550.00,87.0000,730.0000,-135.0000,
TRADE,08/05/2018 18:00:00,24208.00000,09/05/2018 11:00:00,24206.00000,@YM,-1,1,10.00,34.0000,130.0000,-825.0000,
TRADE,15/05/2018 18:00:00,24591.00000,16/05/2018 11:00:00,24621.00000,@YM,-1,1,-150.00,46.0000,310.0000,-300.0000,
TRADE,20/05/2018 18:00:00,24769.00000,21/05/2018 03:00:00,24845.00000,@YM,1,1,380.00,21.0000,560.0000,0.0000,
TRADE,23/05/2018 18:00:00,24764.00000,24/05/2018 11:00:00,24522.00000,@YM,-1,1,1210.00,48.0000,1290.0000,-95.0000,
TRADE,28/05/2018 19:00:00,24686.00000,29/05/2018 04:00:00,24522.00000,@YM,1,1,-820.00,34.0000,25.0000,-915.0000,
TRADE,29/05/2018 18:00:00,24313.00000,30/05/2018 11:00:00,24483.00000,@YM,-1,1,-850.00,60.0000,365.0000,-900.0000,
TRADE,10/06/2018 18:00:00,25199.00000,11/06/2018 11:00:00,25221.00000,@YM,-1,1,-110.00,26.0000,215.0000,-485.0000,
TRADE,18/06/2018 18:00:00,24900.00000,19/06/2018 03:00:00,24548.00000,@YM,1,1,-1760.00,26.0000,80.0000,-1860.0000,
TRADE,20/06/2018 18:00:00,24572.00000,21/06/2018 03:00:00,24575.00000,@YM,1,1,15.00,19.0000,610.0000,-75.0000,
TRADE,24/06/2018 18:00:00,24498.00000,25/06/2018 03:00:00,24323.00000,@YM,1,1,-875.00,42.0000,80.0000,-910.0000,
TRADE,25/06/2018 18:00:00,24182.00000,26/06/2018 11:00:00,24172.00000,@YM,-1,1,50.00,86.0000,335.0000,-365.0000,
TRADE,26/06/2018 18:00:00,24178.00000,27/06/2018 03:00:00,24092.00000,@YM,1,1,-430.00,47.0000,250.0000,-535.0000,
TRADE,01/07/2018 18:00:00,24173.00000,02/07/2018 03:00:00,23979.00000,@YM,1,1,-970.00,53.0000,250.0000,-1125.0000,
TRADE,05/07/2018 18:00:00,24218.00000,06/07/2018 11:00:00,24282.00000,@YM,-1,1,-320.00,24.0000,390.0000,-525.0000,
TRADE,17/07/2018 18:00:00,25017.00000,18/07/2018 11:00:00,25036.00000,@YM,-1,1,-95.00,37.0000,185.0000,-185.0000,
TRADE,23/07/2018 18:00:00,24926.00000,24/07/2018 03:00:00,24982.00000,@YM,1,1,280.00,38.0000,555.0000,-25.0000,
TRADE,12/08/2018 18:00:00,25232.00000,13/08/2018 11:00:00,25210.00000,@YM,-1,1,110.00,46.0000,850.0000,-190.0000,
TRADE,14/08/2018 18:00:00,25217.00000,15/08/2018 03:00:00,25175.00000,@YM,1,1,-210.00,44.0000,0.0000,-445.0000,
TRADE,23/08/2018 18:00:00,25581.00000,24/08/2018 11:00:00,25688.00000,@YM,-1,1,-535.00,24.0000,145.0000,-650.0000,
TRADE,03/09/2018 19:00:00,25925.00000,04/09/2018 04:00:00,25941.00000,@YM,1,1,80.00,18.0000,215.0000,-305.0000,
TRADE,04/09/2018 18:00:00,25899.00000,05/09/2018 11:00:00,25861.00000,@YM,-1,1,190.00,30.0000,795.0000,-40.0000,
TRADE,10/09/2018 18:00:00,25796.00000,11/09/2018 03:00:00,25829.00000,@YM,1,1,165.00,31.0000,210.0000,-40.0000,
TRADE,16/09/2018 18:00:00,26066.00000,17/09/2018 11:00:00,26032.00000,@YM,-1,1,170.00,33.0000,335.0000,-165.0000,
TRADE,09/10/2018 18:00:00,26346.00000,10/10/2018 03:00:00,26368.00000,@YM,1,1,110.00,44.0000,265.0000,-235.0000,
TRADE,15/10/2018 18:00:00,25043.00000,16/10/2018 03:00:00,25141.00000,@YM,1,1,490.00,95.0000,705.0000,0.0000,
TRADE,21/10/2018 18:00:00,25246.00000,22/10/2018 03:00:00,25380.00000,@YM,1,1,670.00,53.0000,735.0000,-460.0000,
TRADE,23/10/2018 18:00:00,25117.00000,24/10/2018 11:00:00,24910.00000,@YM,-1,1,1035.00,96.0000,1135.0000,-490.0000,
TRADE,04/11/2018 18:00:00,25097.00000,05/11/2018 11:00:00,25262.00000,@YM,-1,1,-825.00,39.0000,445.0000,-865.0000,
TRADE,07/11/2018 18:00:00,26058.00000,08/11/2018 11:00:00,26069.00000,@YM,-1,1,-55.00,61.0000,530.0000,-125.0000,
TRADE,11/11/2018 18:00:00,25852.00000,12/11/2018 11:00:00,25536.00000,@YM,-1,1,1580.00,45.0000,1610.0000,-605.0000,
TRADE,18/11/2018 18:00:00,25262.00000,19/11/2018 03:00:00,25292.00000,@YM,1,1,150.00,61.0000,195.0000,-210.0000,
TRADE,21/11/2018 18:00:00,24355.00000,22/11/2018 03:00:00,24352.00000,@YM,1,1,-15.00,38.0000,315.0000,-170.0000,
TRADE,05/12/2018 19:00:00,24731.00000,06/12/2018 04:00:00,24607.00000,@YM,1,1,-620.00,594.0000,140.0000,-1030.0000,
TRADE,06/12/2018 18:00:00,24801.00000,07/12/2018 11:00:00,24642.00000,@YM,-1,1,795.00,84.0000,1165.0000,-950.0000,
TRADE,11/12/2018 18:00:00,24229.00000,12/12/2018 03:00:00,24347.00000,@YM,1,1,590.00,136.0000,1285.0000,-80.0000,
TRADE,25/12/2018 19:00:00,21581.00000,26/12/2018 04:00:00,21620.00000,@YM,1,1,195.00,321.0000,410.0000,-905.0000,
TRADE,22/01/2019 18:00:00,24252.00000,23/01/2019 11:00:00,24342.00000,@YM,-1,1,-450.00,40.0000,195.0000,-1415.0000,
TRADE,07/02/2019 18:00:00,24980.00000,08/02/2019 11:00:00,24771.00000,@YM,-1,1,1045.00,40.0000,1105.0000,-30.0000,
TRADE,11/02/2019 18:00:00,24874.00000,12/02/2019 03:00:00,25035.00000,@YM,1,1,805.00,29.0000,825.0000,-50.0000,
TRADE,04/03/2019 18:00:00,25664.00000,05/03/2019 11:00:00,25623.00000,@YM,-1,1,205.00,24.0000,405.0000,-440.0000,
TRADE,05/03/2019 18:00:00,25652.00000,06/03/2019 03:00:00,25634.00000,@YM,1,1,-90.00,34.0000,40.0000,-260.0000,
TRADE,10/03/2019 18:00:00,25303.00000,11/03/2019 11:00:00,25380.00000,@YM,-1,1,-385.00,76.0000,1125.0000,-430.0000,
TRADE,25/03/2019 18:00:00,25423.00000,26/03/2019 03:00:00,25474.00000,@YM,1,1,255.00,54.0000,440.0000,-175.0000,
TRADE,03/04/2019 18:00:00,26119.00000,04/04/2019 11:00:00,26214.00000,@YM,-1,1,-475.00,39.0000,480.0000,-540.0000,
TRADE,10/04/2019 18:00:00,26016.00000,11/04/2019 03:00:00,25985.00000,@YM,1,1,-155.00,20.0000,120.0000,-255.0000,
TRADE,11/04/2019 18:00:00,25980.00000,12/04/2019 11:00:00,26167.00000,@YM,-1,1,-935.00,43.0000,60.0000,-1440.0000,
TRADE,30/04/2019 18:00:00,26473.00000,01/05/2019 11:00:00,26452.00000,@YM,-1,1,105.00,96.0000,260.0000,-225.0000,
TRADE,14/05/2019 18:00:00,25396.00000,15/05/2019 03:00:00,25455.00000,@YM,1,1,295.00,59.0000,395.0000,-270.0000,
TRADE,23/05/2019 18:00:00,25321.00000,24/05/2019 11:00:00,25327.00000,@YM,-1,1,-30.00,46.0000,185.0000,-850.0000,
TRADE,26/05/2019 18:00:00,25436.00000,27/05/2019 03:00:00,25487.00000,@YM,1,1,255.00,32.0000,270.0000,-130.0000,
TRADE,16/06/2019 18:00:00,25955.00000,17/06/2019 11:00:00,25996.00000,@YM,-1,1,-205.00,32.0000,325.0000,-445.0000,
TRADE,30/06/2019 18:00:00,26642.00000,01/07/2019 03:00:00,26694.00000,@YM,1,1,260.00,91.0000,315.0000,-345.0000,
TRADE,18/07/2019 18:00:00,27131.00000,19/07/2019 11:00:00,27101.00000,@YM,-1,1,150.00,108.0000,370.0000,-185.0000,
TRADE,22/07/2019 18:00:00,27000.00000,23/07/2019 03:00:00,27036.00000,@YM,1,1,180.00,37.0000,280.0000,-75.0000,
TRADE,24/07/2019 18:00:00,27076.00000,25/07/2019 11:00:00,27000.00000,@YM,-1,1,380.00,42.0000,780.0000,-495.0000,
TRADE,28/07/2019 18:00:00,26969.00000,29/07/2019 03:00:00,26950.00000,@YM,1,1,-95.00,31.0000,100.0000,-155.0000,
TRADE,30/07/2019 18:00:00,27034.00000,31/07/2019 11:00:00,26996.00000,@YM,-1,1,190.00,59.0000,295.0000,-250.0000,
TRADE,06/08/2019 18:00:00,25723.00000,07/08/2019 03:00:00,25723.00000,@YM,1,1,0.00,88.0000,120.0000,-790.0000,
TRADE,13/08/2019 18:00:00,26128.00000,14/08/2019 11:00:00,25565.00000,@YM,-1,1,2815.00,78.0000,2830.0000,-250.0000,
TRADE,18/08/2019 18:00:00,25738.00000,19/08/2019 03:00:00,25968.00000,@YM,1,1,1150.00,61.0000,1160.0000,0.0000,
TRADE,27/08/2019 18:00:00,25582.00000,28/08/2019 03:00:00,25645.00000,@YM,1,1,315.00,51.0000,495.0000,-40.0000,
TRADE,03/09/2019 18:00:00,25928.00000,04/09/2019 11:00:00,26128.00000,@YM,-1,1,-1000.00,38.0000,95.0000,-1370.0000,
TRADE,26/09/2019 18:00:00,26739.00000,27/09/2019 03:00:00,26764.00000,@YM,1,1,125.00,28.0000,185.0000,-440.0000,
TRADE,06/10/2019 18:00:00,26215.00000,07/10/2019 03:00:00,26253.00000,@YM,1,1,190.00,30.0000,460.0000,-165.0000,
TRADE,21/10/2019 18:00:00,26641.00000,22/10/2019 03:00:00,26659.00000,@YM,1,1,90.00,19.0000,295.0000,-95.0000,
TRADE,24/11/2019 18:00:00,27770.00000,25/11/2019 03:00:00,27776.00000,@YM,1,1,30.00,22.0000,140.0000,-115.0000,
TRADE,26/11/2019 18:00:00,27965.00000,27/11/2019 11:00:00,27935.00000,@YM,-1,1,150.00,44.0000,320.0000,-255.0000,
TRADE,01/12/2019 19:00:00,27952.00000,02/12/2019 12:00:00,27681.00000,@YM,-1,1,1355.00,46.0000,1610.0000,-440.0000,
TRADE,05/12/2019 18:00:00,27531.00000,06/12/2019 03:00:00,27577.00000,@YM,1,1,230.00,16.0000,400.0000,-65.0000,
TRADE,15/12/2019 18:00:00,28036.00000,16/12/2019 11:00:00,28171.00000,@YM,-1,1,-675.00,29.0000,170.0000,-810.0000,
TRADE,07/01/2020 18:00:00,28350.00000,08/01/2020 03:00:00,28266.00000,@YM,1,1,-420.00,100.0000,60.0000,-2090.0000,
TRADE,28/01/2020 18:00:00,28584.00000,29/01/2020 03:00:00,28605.00000,@YM,1,1,105.00,89.0000,385.0000,-365.0000,
TRADE,03/02/2020 18:00:00,28214.00000,04/02/2020 03:00:00,28411.00000,@YM,1,1,985.00,57.0000,1135.0000,-395.0000,
TRADE,05/02/2020 18:00:00,29096.00000,06/02/2020 11:00:00,29118.00000,@YM,-1,1,-110.00,75.0000,310.0000,-1135.0000,
TRADE,18/02/2020 18:00:00,29088.00000,19/02/2020 11:00:00,29161.00000,@YM,-1,1,-365.00,36.0000,40.0000,-445.0000,
TRADE,02/03/2020 18:00:00,26410.00000,03/03/2020 03:00:00,26425.00000,@YM,1,1,75.00,282.0000,925.0000,-1295.0000,
TRADE,09/03/2020 18:00:00,23575.00000,10/03/2020 03:00:00,24551.00000,@YM,1,1,4880.00,272.0000,5185.0000,-1515.0000,
TRADE,10/03/2020 18:00:00,24686.00000,11/03/2020 11:00:00,23919.00000,@YM,-1,1,3835.00,212.0000,4465.0000,-260.0000,
TRADE,12/03/2020 18:00:00,20660.00000,13/03/2020 03:00:00,21342.00000,@YM,1,1,3410.00,387.0000,5315.0000,-2240.0000,
TRADE,15/03/2020 18:00:00,22687.00000,16/03/2020 14:00:00,20825.00000,@YM,-1,1,9310.00,474.0000,12620.0000,-15.0000,
TRADE,05/04/2020 18:00:00,20926.00000,06/04/2020 03:00:00,21717.00000,@YM,1,1,3955.00,101.0000,4475.0000,0.0000,
TRADE,06/04/2020 18:00:00,22478.00000,07/04/2020 03:00:00,22978.00000,@YM,-1,1,-2500.00,107.0000,980.0000,-2455.0000,
TRADE,22/04/2020 18:00:00,23357.00000,23/04/2020 03:00:00,23434.00000,@YM,1,1,385.00,59.0000,600.0000,-720.0000,
TRADE,03/05/2020 18:00:00,23346.00000,04/05/2020 03:00:00,23470.00000,@YM,1,1,620.00,68.0000,805.0000,-780.0000,
TRADE,11/06/2020 18:00:00,25174.00000,12/06/2020 03:00:00,25285.00000,@YM,1,1,555.00,138.0000,1955.0000,-390.0000,
TRADE,14/06/2020 18:00:00,25153.00000,15/06/2020 11:00:00,25197.00000,@YM,-1,1,-220.00,127.0000,3165.0000,-635.0000,
TRADE,24/06/2020 18:00:00,25490.00000,25/06/2020 11:00:00,25422.00000,@YM,-1,1,340.00,76.0000,1880.0000,-450.0000,
TRADE,29/06/2020 18:00:00,25590.00000,30/06/2020 03:00:00,25534.00000,@YM,1,1,-280.00,83.0000,640.0000,-515.0000,
TRADE,06/07/2020 18:00:00,26278.00000,07/07/2020 11:00:00,26109.00000,@YM,-1,1,845.00,57.0000,1630.0000,-565.0000,
TRADE,27/07/2020 18:00:00,26623.00000,28/07/2020 03:00:00,26580.00000,@YM,1,1,-215.00,47.0000,435.0000,-245.0000,
TRADE,30/07/2020 18:00:00,26525.00000,31/07/2020 11:00:00,26172.00000,@YM,-1,1,1765.00,226.0000,2035.0000,-215.0000,
TRADE,06/08/2020 18:00:00,27403.00000,07/08/2020 11:00:00,27354.00000,@YM,-1,1,245.00,28.0000,935.0000,-130.0000,
TRADE,07/09/2020 19:00:00,28446.00000,08/09/2020 04:00:00,28394.00000,@YM,1,1,-260.00,81.0000,345.0000,-580.0000,
TRADE,10/09/2020 18:00:00,27700.00000,11/09/2020 03:00:00,27808.00000,@YM,1,1,540.00,92.0000,830.0000,-80.0000,
TRADE,13/09/2020 18:00:00,27808.00000,14/09/2020 11:00:00,28110.00000,@YM,-1,1,-1510.00,96.0000,0.0000,-1855.0000,
TRADE,22/09/2020 18:00:00,27451.00000,23/09/2020 03:00:00,27512.00000,@YM,1,1,305.00,81.0000,500.0000,-300.0000,
TRADE,27/09/2020 18:00:00,27292.00000,28/09/2020 03:00:00,27473.00000,@YM,1,1,905.00,61.0000,1165.0000,0.0000,
TRADE,18/10/2020 18:00:00,28728.00000,19/10/2020 03:00:00,28815.00000,@YM,1,1,435.00,97.0000,560.0000,-150.0000,
TRADE,22/10/2020 18:00:00,28545.00000,23/10/2020 03:00:00,28447.00000,@YM,1,1,-490.00,49.0000,125.0000,-635.0000,
TRADE,26/10/2020 18:00:00,27813.00000,27/10/2020 11:00:00,27702.00000,@YM,-1,1,555.00,63.0000,850.0000,-660.0000,
TRADE,02/11/2020 18:00:00,27084.00000,03/11/2020 03:00:00,27230.00000,@YM,1,1,730.00,73.0000,985.0000,-225.0000,
TRADE,22/11/2020 18:00:00,29365.00000,23/11/2020 03:00:00,29605.00000,@YM,1,1,1200.00,92.0000,1395.0000,-85.0000,
TRADE,29/11/2020 19:00:00,30126.00000,30/11/2020 12:00:00,29727.00000,@YM,-1,1,1995.00,99.0000,2330.0000,-5.0000,
TRADE,10/12/2020 18:00:00,30284.00000,11/12/2020 03:00:00,30251.00000,@YM,1,1,-165.00,56.0000,145.0000,-530.0000,
TRADE,13/12/2020 18:00:00,30375.00000,14/12/2020 11:00:00,30397.00000,@YM,-1,1,-110.00,63.0000,30.0000,-940.0000,
TRADE,22/12/2020 18:00:00,30226.00000,23/12/2020 03:00:00,30249.00000,@YM,1,1,115.00,56.0000,410.0000,-840.0000,
TRADE,28/12/2020 18:00:00,30641.00000,29/12/2020 11:00:00,30651.00000,@YM,-1,1,-50.00,41.0000,90.0000,-920.0000,
TRADE,04/01/2021 18:00:00,30431.00000,05/01/2021 11:00:00,30404.00000,@YM,-1,1,135.00,92.0000,670.0000,-875.0000,
TRADE,18/01/2021 19:00:00,31101.00000,19/01/2021 04:00:00,31186.00000,@YM,1,1,425.00,48.0000,750.0000,-5.0000,
TRADE,26/01/2021 18:00:00,31171.00000,27/01/2021 03:00:00,31108.00000,@YM,1,1,-315.00,46.0000,180.0000,-565.0000,
TRADE,01/02/2021 18:00:00,30445.00000,02/02/2021 03:00:00,30574.00000,@YM,1,1,645.00,56.0000,920.0000,-260.0000,
TRADE,10/02/2021 18:00:00,31693.00000,11/02/2021 11:00:00,31704.00000,@YM,-1,1,-55.00,44.0000,480.0000,-475.0000,
TRADE,16/02/2021 18:00:00,31793.00000,17/02/2021 11:00:00,31778.00000,@YM,-1,1,75.00,46.0000,1005.0000,-135.0000,
TRADE,21/02/2021 18:00:00,31783.00000,22/02/2021 03:00:00,31621.00000,@YM,1,1,-810.00,45.0000,290.0000,-965.0000,
TRADE,14/03/2021 18:00:00,33152.00000,15/03/2021 11:00:00,33112.00000,@YM,-1,1,200.00,53.0000,460.0000,-530.0000,
TRADE,22/03/2021 18:00:00,33080.00000,23/03/2021 03:00:00,32989.00000,@YM,1,1,-455.00,45.0000,225.0000,-580.0000,
TRADE,05/04/2021 18:00:00,33853.00000,06/04/2021 11:00:00,33825.00000,@YM,-1,1,140.00,45.0000,615.0000,-185.0000,
TRADE,19/04/2021 18:00:00,34432.00000,20/04/2021 11:00:00,34162.00000,@YM,-1,1,1350.00,55.0000,1690.0000,-350.0000,
TRADE,29/04/2021 18:00:00,34351.00000,30/04/2021 11:00:00,34179.00000,@YM,-1,1,860.00,59.0000,990.0000,-130.0000,
TRADE,19/05/2021 18:00:00,34217.00000,20/05/2021 11:00:00,34418.00000,@YM,-1,1,-1005.00,82.0000,980.0000,-1075.0000,
TRADE,27/05/2021 18:00:00,34992.00000,28/05/2021 11:00:00,34983.00000,@YM,-1,1,45.00,166.0000,305.0000,-415.0000,
TRADE,09/06/2021 18:00:00,34917.00000,10/06/2021 03:00:00,34901.00000,@YM,1,1,-80.00,35.0000,55.0000,-160.0000,
TRADE,13/06/2021 18:00:00,34891.00000,14/06/2021 11:00:00,34753.00000,@YM,-1,1,690.00,36.0000,770.0000,-525.0000,
TRADE,30/06/2021 18:00:00,34991.00000,01/07/2021 11:00:00,34986.00000,@YM,-1,1,25.00,76.0000,355.0000,-515.0000,
TRADE,06/07/2021 18:00:00,34937.00000,07/07/2021 11:00:00,34945.00000,@YM,-1,1,-40.00,88.0000,365.0000,-955.0000,
TRADE,01/08/2021 18:00:00,35415.00000,02/08/2021 11:00:00,35483.00000,@YM,-1,1,-340.00,42.0000,0.0000,-1050.0000,
TRADE,04/08/2021 18:00:00,35259.00000,05/08/2021 03:00:00,35224.00000,@YM,1,1,-175.00,43.0000,320.0000,-245.0000,
TRADE,11/08/2021 18:00:00,35924.00000,12/08/2021 11:00:00,35840.00000,@YM,-1,1,420.00,22.0000,560.0000,-235.0000,
TRADE,16/08/2021 18:00:00,36051.00000,17/08/2021 11:00:00,35777.00000,@YM,-1,1,1370.00,48.0000,1690.0000,-40.0000,
TRADE,22/08/2021 18:00:00,35574.00000,23/08/2021 03:00:00,35740.00000,@YM,1,1,830.00,44.0000,940.0000,-75.0000,
TRADE,31/08/2021 18:00:00,35925.00000,01/09/2021 11:00:00,35866.00000,@YM,-1,1,295.00,62.0000,525.0000,-560.0000,
TRADE,09/09/2021 18:00:00,35410.00000,10/09/2021 03:00:00,35554.00000,@YM,1,1,720.00,61.0000,720.0000,-95.0000,
TRADE,16/09/2021 18:00:00,35269.00000,17/09/2021 03:00:00,35334.00000,@YM,1,1,325.00,36.0000,390.0000,-295.0000,
TRADE,22/09/2021 18:00:00,34812.00000,23/09/2021 03:00:00,34972.00000,@YM,1,1,800.00,70.0000,875.0000,-25.0000,
TRADE,28/09/2021 18:00:00,34898.00000,29/09/2021 11:00:00,35054.00000,@YM,-1,1,-780.00,81.0000,355.0000,-870.0000,
TRADE,03/10/2021 18:00:00,34889.00000,04/10/2021 03:00:00,34724.00000,@YM,1,1,-825.00,55.0000,315.0000,-1170.0000,
TRADE,09/11/2021 18:00:00,36825.00000,10/11/2021 11:00:00,36840.00000,@YM,-1,1,-75.00,44.0000,470.0000,-445.0000,
TRADE,11/11/2021 18:00:00,36529.00000,12/11/2021 03:00:00,36515.00000,@YM,1,1,-70.00,44.0000,355.0000,-140.0000,
TRADE,28/11/2021 19:00:00,35679.00000,29/11/2021 12:00:00,35711.00000,@YM,-1,1,-160.00,456.0000,915.0000,-1130.0000,
TRADE,05/12/2021 18:00:00,35249.00000,06/12/2021 03:00:00,35443.00000,@YM,1,1,970.00,109.0000,1235.0000,-45.0000,
TRADE,12/12/2021 18:00:00,36633.00000,13/12/2021 11:00:00,36316.00000,@YM,-1,1,1585.00,37.0000,1830.0000,-715.0000,
TRADE,21/12/2021 18:00:00,36151.00000,22/12/2021 03:00:00,36099.00000,@YM,1,1,-260.00,64.0000,135.0000,-315.0000,
TRADE,03/01/2022 18:00:00,37178.00000,04/01/2022 11:00:00,37498.00000,@YM,-1,1,-1600.00,45.0000,115.0000,-1860.0000,
TRADE,11/01/2022 18:00:00,36877.00000,12/01/2022 03:00:00,36919.00000,@YM,1,1,210.00,33.0000,435.0000,-155.0000,
TRADE,17/01/2022 19:00:00,36572.00000,18/01/2022 04:00:00,36332.00000,@YM,1,1,-1200.00,82.0000,195.0000,-1440.0000,
TRADE,18/01/2022 18:00:00,36047.00000,19/01/2022 11:00:00,35973.00000,@YM,-1,1,370.00,65.0000,1425.0000,-645.0000,
TRADE,25/01/2022 18:00:00,34715.00000,26/01/2022 03:00:00,34972.00000,@YM,1,1,1285.00,349.0000,1670.0000,-80.0000,
TRADE,03/02/2022 18:00:00,35859.00000,04/02/2022 11:00:00,35458.00000,@YM,-1,1,2005.00,196.0000,2175.0000,-485.0000,
TRADE,07/02/2022 18:00:00,35747.00000,08/02/2022 03:00:00,35705.00000,@YM,1,1,-210.00,71.0000,185.0000,-350.0000,
TRADE,15/02/2022 18:00:00,35632.00000,16/02/2022 03:00:00,35634.00000,@YM,1,1,10.00,89.0000,165.0000,-360.0000,
TRADE,16/02/2022 18:00:00,35588.00000,17/02/2022 11:00:00,35185.00000,@YM,-1,1,2015.00,52.0000,2445.0000,-340.0000,
TRADE,21/02/2022 19:00:00,34304.00000,22/02/2022 04:00:00,34445.00000,@YM,1,1,705.00,293.0000,750.0000,-570.0000,
TRADE,22/02/2022 18:00:00,34331.00000,23/02/2022 11:00:00,34208.00000,@YM,-1,1,615.00,127.0000,965.0000,-1195.0000,
TRADE,06/03/2022 18:00:00,34197.00000,07/03/2022 11:00:00,33874.00000,@YM,-1,1,1615.00,61.0000,2645.0000,-455.0000,
TRADE,09/03/2022 18:00:00,33998.00000,10/03/2022 03:00:00,33944.00000,@YM,1,1,-270.00,91.0000,150.0000,-455.0000,
TRADE,28/03/2022 18:00:00,35696.00000,29/03/2022 11:00:00,35953.00000,@YM,-1,1,-1285.00,37.0000,110.0000,-2165.0000,
TRADE,04/04/2022 18:00:00,35650.00000,05/04/2022 03:00:00,35639.00000,@YM,1,1,-55.00,43.0000,100.0000,-155.0000,
TRADE,19/04/2022 18:00:00,35633.00000,20/04/2022 11:00:00,36013.00000,@YM,-1,1,-1900.00,112.0000,285.0000,-1980.0000,
TRADE,26/04/2022 18:00:00,34011.00000,27/04/2022 03:00:00,34267.00000,@YM,1,1,1280.00,145.0000,1360.0000,-210.0000,
TRADE,28/04/2022 18:00:00,34583.00000,29/04/2022 03:00:00,34689.00000,@YM,1,1,530.00,166.0000,840.0000,-315.0000,
TRADE,02/05/2022 18:00:00,33808.00000,03/05/2022 11:00:00,33812.00000,@YM,-1,1,-20.00,103.0000,770.0000,-940.0000,
TRADE,03/05/2022 18:00:00,33889.00000,04/05/2022 03:00:00,33922.00000,@YM,1,1,165.00,102.0000,445.0000,-85.0000,
TRADE,04/05/2022 18:00:00,34774.00000,05/05/2022 11:00:00,34006.00000,@YM,-1,1,3840.00,85.0000,4425.0000,-470.0000,
TRADE,10/05/2022 18:00:00,32896.00000,11/05/2022 03:00:00,32998.00000,@YM,1,1,510.00,89.0000,785.0000,-175.0000,
TRADE,15/05/2022 18:00:00,32996.00000,16/05/2022 03:00:00,32809.00000,@YM,1,1,-935.00,73.0000,555.0000,-1325.0000,
TRADE,24/05/2022 18:00:00,32791.00000,25/05/2022 11:00:00,32868.00000,@YM,-1,1,-385.00,86.0000,1300.0000,-825.0000,
TRADE,05/06/2022 18:00:00,33815.00000,06/06/2022 03:00:00,33897.00000,@YM,1,1,410.00,72.0000,470.0000,-440.0000,
TRADE,08/06/2022 18:00:00,33752.00000,09/06/2022 03:00:00,33735.00000,@YM,1,1,-85.00,56.0000,215.0000,-465.0000,
TRADE,20/06/2022 19:00:00,31018.00000,21/06/2022 04:00:00,31236.00000,@YM,1,1,1090.00,37.0000,1185.0000,-165.0000,
TRADE,05/07/2022 18:00:00,31831.00000,06/07/2022 11:00:00,31791.00000,@YM,-1,1,200.00,60.0000,1095.0000,-570.0000,
TRADE,20/07/2022 18:00:00,32664.00000,21/07/2022 11:00:00,32542.00000,@YM,-1,1,610.00,92.0000,1435.0000,-770.0000,
TRADE,26/07/2022 18:00:00,32635.00000,27/07/2022 11:00:00,32746.00000,@YM,-1,1,-555.00,150.0000,5.0000,-870.0000,
TRADE,07/08/2022 18:00:00,33623.00000,08/08/2022 11:00:00,33883.00000,@YM,-1,1,-1300.00,44.0000,425.0000,-1575.0000,
TRADE,10/08/2022 18:00:00,34172.00000,11/08/2022 11:00:00,34431.00000,@YM,-1,1,-1295.00,70.0000,195.0000,-1630.0000,
TRADE,17/08/2022 18:00:00,34867.00000,18/08/2022 11:00:00,34760.00000,@YM,-1,1,535.00,52.0000,845.0000,-310.0000,
TRADE,24/08/2022 18:00:00,33828.00000,25/08/2022 03:00:00,34065.00000,@YM,1,1,1185.00,86.0000,1420.0000,-175.0000,
TRADE,05/09/2022 19:00:00,32342.00000,06/09/2022 04:00:00,32396.00000,@YM,1,1,270.00,73.0000,530.0000,-405.0000,
TRADE,19/09/2022 18:00:00,31925.00000,20/09/2022 03:00:00,31952.00000,@YM,1,1,135.00,73.0000,475.0000,-60.0000,
TRADE,26/09/2022 18:00:00,30119.00000,27/09/2022 03:00:00,30353.00000,@YM,1,1,1170.00,88.0000,1485.0000,-150.0000,
TRADE,29/09/2022 18:00:00,30044.00000,30/09/2022 03:00:00,30096.00000,@YM,1,1,260.00,66.0000,595.0000,-595.0000,
TRADE,10/10/2022 18:00:00,30042.00000,11/10/2022 11:00:00,30062.00000,@YM,-1,1,-100.00,38.0000,1580.0000,-440.0000,
TRADE,12/10/2022 18:00:00,30092.00000,13/10/2022 03:00:00,30038.00000,@YM,1,1,-270.00,61.0000,290.0000,-410.0000,
TRADE,18/10/2022 18:00:00,31491.00000,19/10/2022 11:00:00,31372.00000,@YM,-1,1,595.00,213.0000,1710.0000,-535.0000,
TRADE,03/11/2022 18:00:00,32775.00000,04/11/2022 03:00:00,32899.00000,@YM,1,1,620.00,76.0000,800.0000,-300.0000,
TRADE,18/12/2022 18:00:00,33645.00000,19/12/2022 03:00:00,33725.00000,@YM,1,1,400.00,78.0000,460.0000,-80.0000,
TRADE,02/01/2023 18:00:00,34025.00000,03/01/2023 11:00:00,33827.00000,@YM,-1,1,990.00,53.0000,1725.0000,-790.0000,
TRADE,22/01/2023 18:00:00,34011.00000,23/01/2023 03:00:00,34027.00000,@YM,1,1,80.00,28.0000,180.0000,-300.0000,
TRADE,01/02/2023 18:00:00,34666.00000,02/02/2023 11:00:00,34624.00000,@YM,-1,1,210.00,77.0000,1345.0000,-440.0000,
TRADE,06/02/2023 18:00:00,34460.00000,07/02/2023 03:00:00,34466.00000,@YM,1,1,30.00,33.0000,400.0000,-20.0000,
TRADE,14/02/2023 18:00:00,34626.00000,15/02/2023 11:00:00,34512.00000,@YM,-1,1,570.00,61.0000,1075.0000,-90.0000,
TRADE,19/02/2023 18:00:00,34384.00000,20/02/2023 03:00:00,34406.00000,@YM,1,1,110.00,23.0000,155.0000,-200.0000,
TRADE,27/02/2023 18:00:00,33480.00000,28/02/2023 03:00:00,33378.00000,@YM,1,1,-510.00,31.0000,150.0000,-515.0000,
TRADE,14/03/2023 18:00:00,32668.00000,15/03/2023 03:00:00,32707.00000,@YM,1,1,195.00,78.0000,340.0000,-220.0000,
TRADE,04/04/2023 18:00:00,33919.00000,05/04/2023 11:00:00,33870.00000,@YM,-1,1,245.00,50.0000,615.0000,-470.0000,
TRADE,10/04/2023 18:00:00,34059.00000,11/04/2023 11:00:00,34108.00000,@YM,-1,1,-245.00,40.0000,180.0000,-410.0000,
TRADE,02/05/2023 18:00:00,34045.00000,03/05/2023 11:00:00,34016.00000,@YM,-1,1,145.00,39.0000,370.0000,-525.0000,
TRADE,07/05/2023 18:00:00,34046.00000,08/05/2023 03:00:00,34034.00000,@YM,1,1,-60.00,31.0000,115.0000,-280.0000,
TRADE,10/05/2023 18:00:00,33887.00000,11/05/2023 11:00:00,33608.00000,@YM,-1,1,1395.00,47.0000,2070.0000,-445.0000,
TRADE,15/05/2023 18:00:00,33678.00000,16/05/2023 03:00:00,33593.00000,@YM,1,1,-425.00,31.0000,60.0000,-505.0000,
TRADE,22/05/2023 18:00:00,33689.00000,23/05/2023 03:00:00,33659.00000,@YM,1,1,-150.00,28.0000,415.0000,-195.0000,
TRADE,28/05/2023 18:00:00,33572.00000,29/05/2023 03:00:00,33532.00000,@YM,1,1,-200.00,46.0000,255.0000,-590.0000,
TRADE,30/05/2023 18:00:00,33357.00000,31/05/2023 11:00:00,33117.00000,@YM,-1,1,1200.00,31.0000,1355.0000,-60.0000,
TRADE,26/06/2023 18:00:00,34002.00000,27/06/2023 03:00:00,34047.00000,@YM,1,1,225.00,27.0000,340.0000,-85.0000,
